{"nodes":[{"SEQID":"EPI_ISL_12936286","GNODEID":"G-2.5","TAGID":"AY-29-1-0001","cat_id":"staff","type":"CD","date":44397,"category":"staff","association":"KS","highlight":{},"emphasize":"Y","dint":1626739200000,"age":"","index":0,"edges":[],"neighbors":[],"degree":0,"dstr":"2021-07-20","sex":""},{"SEQID":"EPI_ISL_3875591","GNODEID":"G-2.4.9.1","TAGID":"AY-29-1-0012","cat_id":"staff","type":"CD","date":44401,"category":"staff","association":"TO","highlight":{},"emphasize":"N","dint":1627084800000,"age":"","index":1,"edges":[],"neighbors":[],"degree":0,"dstr":"2021-07-24","sex":""},{"SEQID":"EPI_ISL_3887359","GNODEID":"G-2.4.5","TAGID":"AY-29-1-0031","cat_id":"staff","type":"CD","date":44400,"category":"staff","association":"KS","highlight":{},"emphasize":"Y","dint":1626998400000,"age":"","index":2,"edges":[],"neighbors":[],"degree":0,"dstr":"2021-07-23","sex":""},{"SEQID":"EPI_ISL_3887488","GNODEID":"G-2.4.12","TAGID":"AY-29-1-0032","cat_id":"staff","type":"CD","date":44400,"category":"staff","association":"KS","highlight":{},"emphasize":"N","dint":1626998400000,"age":"","index":3,"edges":[],"neighbors":[],"degree":0,"dstr":"2021-07-23","sex":""},{"SEQID":"EPI_ISL_3888721","GNODEID":"G-2.2","TAGID":"AY-29-1-0037","cat_id":"client","type":"CD","date":44399,"category":"client","association":"KS","highlight":{},"emphasize":"Y","dint":1626912000000,"age":"","index":4,"edges":[],"neighbors":[],"degree":0,"dstr":"2021-07-22","sex":""},{"SEQID":"EPI_ISL_3893885","GNODEID":"G-2.1","TAGID":"AY-29-1-0043","cat_id":"client","type":"CD","date":44400,"category":"client","association":"KS","highlight":{},"emphasize":"Y","dint":1626998400000,"age":"","index":5,"edges":[],"neighbors":[],"degree":0,"dstr":"2021-07-23","sex":""},{"SEQID":"EPI_ISL_3896750","GNODEID":"G-2.4.17","TAGID":"AY-29-1-0048","cat_id":"client","type":"CD","date":44402,"category":"client","association":"KS","highlight":{},"emphasize":"Y","dint":1627171200000,"age":"","index":6,"edges":[],"neighbors":[],"degree":0,"dstr":"2021-07-25","sex":""},{"SEQID":"EPI_ISL_3900661","GNODEID":"G-2.4.30.1","TAGID":"AY-29-1-0053","cat_id":"staff","type":"CD","date":44398,"category":"staff","association":"なし","highlight":{},"emphasize":"Y","dint":1626825600000,"age":"","index":7,"edges":[],"neighbors":[],"degree":0,"dstr":"2021-07-21","sex":""},{"SEQID":"EPI_ISL_3900745","GNODEID":"G-2.4.18.2","TAGID":"AY-29-1-0055","cat_id":"staff","type":"CD","date":44398,"category":"staff","association":"なし","highlight":{},"emphasize":"N","dint":1626825600000,"age":"","index":8,"edges":[],"neighbors":[],"degree":0,"dstr":"2021-07-21","sex":""},{"SEQID":"EPI_ISL_3900794","GNODEID":"G-2.4.7","TAGID":"AY-29-1-0057","cat_id":"staff","type":"CD","date":44398,"category":"staff","association":"なし","highlight":{},"emphasize":"Y","dint":1626825600000,"age":"","index":9,"edges":[],"neighbors":[],"degree":0,"dstr":"2021-07-21","sex":""},{"SEQID":"EPI_ISL_3900808","GNODEID":"G-2.4.20","TAGID":"AY-29-1-0059","cat_id":"client","type":"CD","date":44398,"category":"client","association":"なし","highlight":{},"emphasize":"Y","dint":1626825600000,"age":"","index":10,"edges":[],"neighbors":[],"degree":0,"dstr":"2021-07-21","sex":""},{"SEQID":"EPI_ISL_3900838","GNODEID":"G-2.6","TAGID":"AY-29-1-0061","cat_id":"staff","type":"CD","date":44397,"category":"staff","association":"なし","highlight":{},"emphasize":"N","dint":1626739200000,"age":"","index":11,"edges":[],"neighbors":[],"degree":0,"dstr":"2021-07-20","sex":""},{"SEQID":"EPI_ISL_3900841","GNODEID":"G-2.4.21","TAGID":"AY-29-1-0062","cat_id":"staff","type":"CD","date":44397,"category":"staff","association":"なし","highlight":{},"emphasize":"Y","dint":1626739200000,"age":"","index":12,"edges":[],"neighbors":[],"degree":0,"dstr":"2021-07-20","sex":""},{"SEQID":"EPI_ISL_3902058","GNODEID":"G-2.4.31","TAGID":"AY-29-1-0067","cat_id":"staff","type":"CD","date":44396,"category":"staff","association":"KS","highlight":{},"emphasize":"Y","dint":1626652800000,"age":"","index":13,"edges":[],"neighbors":[],"degree":0,"dstr":"2021-07-19","sex":""},{"SEQID":"EPI_ISL_3902080","GNODEID":"G-2.4.27.1","TAGID":"AY-29-1-0068","cat_id":"staff","type":"CD","date":44396,"category":"staff","association":"KS","highlight":{},"emphasize":"Y","dint":1626652800000,"age":"","index":14,"edges":[],"neighbors":[],"degree":0,"dstr":"2021-07-19","sex":""},{"SEQID":"EPI_ISL_3908502","GNODEID":"G-0","TAGID":"AY-29-1-0069","cat_id":"staff","type":"CD","date":44401,"category":"staff","association":"KS","highlight":{},"emphasize":"N","dint":1627084800000,"age":"","index":15,"edges":[],"neighbors":[],"degree":0,"dstr":"2021-07-24","sex":""},{"SEQID":"EPI_ISL_3900702","GNODEID":"G-2.4.6","TAGID":"AY-29-1-0073","cat_id":"client","type":"CD","date":44398,"category":"client","association":"なし","highlight":{},"emphasize":"Y","dint":1626825600000,"age":"","index":16,"edges":[],"neighbors":[],"degree":0,"dstr":"2021-07-21","sex":""},{"SEQID":"EPI_ISL_4691475","GNODEID":"G-2.4.15","TAGID":"AY-29-1-0077","cat_id":"staff","type":"CD","date":44399,"category":"staff","association":"KS","highlight":{},"emphasize":"Y","dint":1626912000000,"age":"","index":17,"edges":[],"neighbors":[],"degree":0,"dstr":"2021-07-22","sex":""},{"SEQID":"EPI_ISL_4693133","GNODEID":"G-2.4.18.3","TAGID":"AY-29-1-0081","cat_id":"client","type":"CD","date":44397,"category":"client","association":"KS","highlight":{},"emphasize":"N","dint":1626739200000,"age":"","index":18,"edges":[],"neighbors":[],"degree":0,"dstr":"2021-07-20","sex":""},{"SEQID":"EPI_ISL_4693445","GNODEID":"G-2.4.8.1","TAGID":"AY-29-1-0082","cat_id":"staff","type":"CD","date":44396,"category":"staff","association":"KS","highlight":{},"emphasize":"Y","dint":1626652800000,"age":"","index":19,"edges":[],"neighbors":[],"degree":0,"dstr":"2021-07-19","sex":""},{"SEQID":"EPI_ISL_4694662","GNODEID":"G-2.4.28","TAGID":"AY-29-1-0083","cat_id":"client","type":"CD","date":44398,"category":"client","association":"KS","highlight":{},"emphasize":"N","dint":1626825600000,"age":"","index":20,"edges":[],"neighbors":[],"degree":0,"dstr":"2021-07-21","sex":""},{"SEQID":"EPI_ISL_4723864","GNODEID":"G-2.4.9","TAGID":"AY-29-1-0102","cat_id":"staff","type":"CD","date":44379,"category":"staff","association":"KS","highlight":{},"emphasize":"Y","dint":1625184000000,"age":"","index":21,"edges":[],"neighbors":[],"degree":0,"dstr":"2021-07-02","sex":""},{"SEQID":"EPI_ISL_4759521","GNODEID":"G-2.4.29.1","TAGID":"AY-29-1-0110","cat_id":"staff","type":"CD","date":44401,"category":"staff","association":"KS","highlight":{},"emphasize":"Y","dint":1627084800000,"age":"","index":22,"edges":[],"neighbors":[],"degree":0,"dstr":"2021-07-24","sex":""},{"SEQID":"EPI_ISL_4759575","GNODEID":"G-2.4.28.1","TAGID":"AY-29-1-0113","cat_id":"staff","type":"CD","date":44399,"category":"staff","association":"KS","highlight":{},"emphasize":"Y","dint":1626912000000,"age":"","index":23,"edges":[],"neighbors":[],"degree":0,"dstr":"2021-07-22","sex":""},{"SEQID":"EPI_ISL_4759634","GNODEID":"G-2.6.2","TAGID":"AY-29-1-0114","cat_id":"staff","type":"CD","date":44401,"category":"staff","association":"KS","highlight":{},"emphasize":"Y","dint":1627084800000,"age":"","index":24,"edges":[],"neighbors":[],"degree":0,"dstr":"2021-07-24","sex":""},{"SEQID":"EPI_ISL_4759763","GNODEID":"G-2.4.10","TAGID":"AY-29-1-0117","cat_id":"staff","type":"CD","date":44400,"category":"staff","association":"KS","highlight":{},"emphasize":"Y","dint":1626998400000,"age":"","index":25,"edges":[],"neighbors":[],"degree":0,"dstr":"2021-07-23","sex":""},{"SEQID":"EPI_ISL_4759943","GNODEID":"G-2.3","TAGID":"AY-29-1-0122","cat_id":"staff","type":"CD","date":44401,"category":"staff","association":"KS","highlight":{},"emphasize":"N","dint":1627084800000,"age":"","index":26,"edges":[],"neighbors":[],"degree":0,"dstr":"2021-07-24","sex":""},{"SEQID":"EPI_ISL_4759992","GNODEID":"G-2.4.18.1","TAGID":"AY-29-1-0124","cat_id":"staff","type":"CD","date":44400,"category":"staff","association":"KS","highlight":{},"emphasize":"N","dint":1626998400000,"age":"","index":27,"edges":[],"neighbors":[],"degree":0,"dstr":"2021-07-23","sex":""},{"SEQID":"EPI_ISL_3887154","GNODEID":"G-2.4.11","TAGID":"AY-29-1-0126","cat_id":"client","type":"CD","date":44401,"category":"client","association":"KS","highlight":{},"emphasize":"Y","dint":1627084800000,"age":"","index":28,"edges":[],"neighbors":[],"degree":0,"dstr":"2021-07-24","sex":""},{"SEQID":"EPI_ISL_3887683","GNODEID":"G-2.4.22","TAGID":"AY-29-1-0129","cat_id":"staff","type":"CD","date":44402,"category":"staff","association":"KS","highlight":{},"emphasize":"Y","dint":1627171200000,"age":"","index":29,"edges":[],"neighbors":[],"degree":0,"dstr":"2021-07-25","sex":""},{"SEQID":"EPI_ISL_3887487","GNODEID":"G-2.4.12.1","TAGID":"AY-29-1-0132","cat_id":"staff","type":"CD","date":44400,"category":"staff","association":"KS","highlight":{},"emphasize":"N","dint":1626998400000,"age":"","index":30,"edges":[],"neighbors":[],"degree":0,"dstr":"2021-07-23","sex":""},{"SEQID":"EPI_ISL_4663987","GNODEID":"G-2.4.27","TAGID":"AY-29-1-0136","cat_id":"staff","type":"CD","date":44394,"category":"staff","association":"KS","highlight":{},"emphasize":"N","dint":1626480000000,"age":"","index":31,"edges":[],"neighbors":[],"degree":0,"dstr":"2021-07-17","sex":""},{"SEQID":"EPI_ISL_3898182","GNODEID":"G-2.4.29","TAGID":"AY-29-1-0138","cat_id":"staff","type":"CD","date":44389,"category":"staff","association":"KS","highlight":{},"emphasize":"N","dint":1626048000000,"age":"","index":32,"edges":[],"neighbors":[],"degree":0,"dstr":"2021-07-12","sex":""},{"SEQID":"EPI_ISL_3891456","GNODEID":"G-2.4.23","TAGID":"AY-29-1-0144","cat_id":"client","type":"CD","date":44401,"category":"client","association":"KS","highlight":{},"emphasize":"Y","dint":1627084800000,"age":"","index":33,"edges":[],"neighbors":[],"degree":0,"dstr":"2021-07-24","sex":""},{"SEQID":"EPI_ISL_4692303","GNODEID":"G-2.4.19","TAGID":"AY-29-1-0149","cat_id":"client","type":"CD","date":44398,"category":"client","association":"KS","highlight":{},"emphasize":"Y","dint":1626825600000,"age":"","index":34,"edges":[],"neighbors":[],"degree":0,"dstr":"2021-07-21","sex":""},{"SEQID":"EPI_ISL_4694428","GNODEID":"G-2.4.16","TAGID":"AY-29-1-0150","cat_id":"staff","type":"CD","date":44397,"category":"staff","association":"KS","highlight":{},"emphasize":"Y","dint":1626739200000,"age":"","index":35,"edges":[],"neighbors":[],"degree":0,"dstr":"2021-07-20","sex":""},{"SEQID":"EPI_ISL_4691663","GNODEID":"G-2.4.30.2","TAGID":"AY-29-1-0154","cat_id":"staff","type":"CD","date":44399,"category":"staff","association":"KS","highlight":{},"emphasize":"Y","dint":1626912000000,"age":"","index":36,"edges":[],"neighbors":[],"degree":0,"dstr":"2021-07-22","sex":""},{"SEQID":"EPI_ISL_4693915","GNODEID":"G-2.4.26","TAGID":"AY-29-1-0156","cat_id":"client","type":"CD","date":44397,"category":"client","association":"KS","highlight":{},"emphasize":"Y","dint":1626739200000,"age":"","index":37,"edges":[],"neighbors":[],"degree":0,"dstr":"2021-07-20","sex":""},{"SEQID":"EPI_ISL_4696795","GNODEID":"G-2.4.1","TAGID":"AY-29-1-0160","cat_id":"client","type":"CD","date":44401,"category":"client","association":"なし","highlight":{},"emphasize":"Y","dint":1627084800000,"age":"","index":38,"edges":[],"neighbors":[],"degree":0,"dstr":"2021-07-24","sex":""},{"SEQID":"EPI_ISL_4702868","GNODEID":"G-2.4.32","TAGID":"AY-29-1-0169","cat_id":"staff","type":"CD","date":44401,"category":"staff","association":"KS","highlight":{},"emphasize":"N","dint":1627084800000,"age":"","index":39,"edges":[],"neighbors":[],"degree":0,"dstr":"2021-07-24","sex":""},{"SEQID":"EPI_ISL_4703367","GNODEID":"G-2.4.8.2","TAGID":"AY-29-1-0172","cat_id":"client","type":"CD","date":44398,"category":"client","association":"KS","highlight":{},"emphasize":"Y","dint":1626825600000,"age":"","index":40,"edges":[],"neighbors":[],"degree":0,"dstr":"2021-07-21","sex":""},{"SEQID":"EPI_ISL_3887807","GNODEID":"G-2.4.2","TAGID":"AY-29-1-0175","cat_id":"staff","type":"CD","date":44402,"category":"staff","association":"KS","highlight":{},"emphasize":"N","dint":1627171200000,"age":"","index":41,"edges":[],"neighbors":[],"degree":0,"dstr":"2021-07-25","sex":""},{"SEQID":"EPI_ISL_3891161","GNODEID":"G-2","TAGID":"AY-29-1-0187","cat_id":"client","type":"CD","date":44400,"category":"client","association":"KS","highlight":{},"emphasize":"Y","dint":1626998400000,"age":"","index":42,"edges":[],"neighbors":[],"degree":0,"dstr":"2021-07-23","sex":""},{"SEQID":"EPI_ISL_3881705","GNODEID":"G-2.4.14","TAGID":"AY-29-1-0191","cat_id":"staff","type":"CD","date":44395,"category":"staff","association":"KS","highlight":{},"emphasize":"Y","dint":1626566400000,"age":"","index":43,"edges":[],"neighbors":[],"degree":0,"dstr":"2021-07-18","sex":""},{"SEQID":"EPI_ISL_3881523","GNODEID":"G-2.4.13","TAGID":"AY-29-1-0192","cat_id":"staff","type":"CD","date":44393,"category":"staff","association":"KS","highlight":{},"emphasize":"N","dint":1626393600000,"age":"","index":44,"edges":[],"neighbors":[],"degree":0,"dstr":"2021-07-16","sex":""},{"SEQID":"EPI_ISL_3881462","GNODEID":"G-2.4.18","TAGID":"AY-29-1-0193","cat_id":"staff","type":"CD","date":44392,"category":"staff","association":"KS","highlight":{},"emphasize":"N","dint":1626307200000,"age":"","index":45,"edges":[],"neighbors":[],"degree":0,"dstr":"2021-07-15","sex":""},{"SEQID":"EPI_ISL_3881979","GNODEID":"G-2.4.25","TAGID":"AY-29-1-0197","cat_id":"client","type":"CD","date":44397,"category":"client","association":"KS","highlight":{},"emphasize":"N","dint":1626739200000,"age":"","index":46,"edges":[],"neighbors":[],"degree":0,"dstr":"2021-07-20","sex":""},{"SEQID":"EPI_ISL_3882651","GNODEID":"G-2.4.4","TAGID":"AY-29-1-0199","cat_id":"client","type":"CD","date":44399,"category":"client","association":"KS","highlight":{},"emphasize":"N","dint":1626912000000,"age":"","index":47,"edges":[],"neighbors":[],"degree":0,"dstr":"2021-07-22","sex":""},{"SEQID":"EPI_ISL_3882426","GNODEID":"G-2.6.1","TAGID":"AY-29-1-0202","cat_id":"staff","type":"CD","date":44399,"category":"staff","association":"KS","highlight":{},"emphasize":"Y","dint":1626912000000,"age":"","index":48,"edges":[],"neighbors":[],"degree":0,"dstr":"2021-07-22","sex":""},{"SEQID":"EPI_ISL_3878981","GNODEID":"G-2.4","TAGID":"AY-29-1-0208","cat_id":"staff","type":"CD","date":44391,"category":"staff","association":"KS","highlight":{},"emphasize":"Y","dint":1626220800000,"age":"","index":49,"edges":[],"neighbors":[],"degree":0,"dstr":"2021-07-14","sex":""},{"SEQID":"EPI_ISL_3872217","GNODEID":"G-2.4.18","TAGID":"AY-29-1-0209","cat_id":"client","type":"CD","date":44392,"category":"client","association":"TO","highlight":{},"emphasize":"N","dint":1626307200000,"age":"","index":50,"edges":[],"neighbors":[],"degree":0,"dstr":"2021-07-15","sex":""},{"SEQID":"EPI_ISL_3875556","GNODEID":"G-2.4.24","TAGID":"AY-29-1-0210","cat_id":"client","type":"CD","date":44402,"category":"client","association":"TO","highlight":{},"emphasize":"Y","dint":1627171200000,"age":"","index":51,"edges":[],"neighbors":[],"degree":0,"dstr":"2021-07-25","sex":""},{"SEQID":"EPI_ISL_12936330","GNODEID":"G-2.4.3","TAGID":"AY-29-1-0216","cat_id":"staff","type":"CD","date":44397,"category":"staff","association":"KS","highlight":{},"emphasize":"N","dint":1626739200000,"age":"","index":52,"edges":[],"neighbors":[],"degree":0,"dstr":"2021-07-20","sex":""},{"SEQID":"EPI_ISL_12936630","GNODEID":"G-2.4.13.1","TAGID":"AY-29-1-0217","cat_id":"client","type":"CD","date":44401,"category":"client","association":"KS","highlight":{},"emphasize":"N","dint":1627084800000,"age":"","index":53,"edges":[],"neighbors":[],"degree":0,"dstr":"2021-07-24","sex":""}],"edges":[{"LINKID":"L-1","TAG_from":"EPI_ISL_12936286","TAG_to":"EPI_ISL_12936786","label":"家族","src":-1,"dst":-1},{"LINKID":"L-2","label":"家族","src":-1,"dst":-1,"TAG_from":0,"TAG_to":0},{"LINKID":"L-3","label":"家族","src":-1,"dst":-1,"TAG_from":0,"TAG_to":0},{"LINKID":"L-4","label":"家族","src":-1,"dst":-1,"TAG_from":0,"TAG_to":0},{"LINKID":"L-5","label":"家族","src":-1,"dst":-1,"TAG_from":0,"TAG_to":0},{"LINKID":"L-6","label":"家族","src":-1,"dst":-1,"TAG_from":0,"TAG_to":0},{"LINKID":"L-7","label":"家族","src":-1,"dst":-1,"TAG_from":0,"TAG_to":0},{"LINKID":"L-8","label":"家族","src":-1,"dst":-1,"TAG_from":0,"TAG_to":0},{"LINKID":"L-9","label":"家族","src":-1,"dst":-1,"TAG_from":0,"TAG_to":0},{"LINKID":"L-10","label":"家族","src":-1,"dst":-1,"TAG_from":0,"TAG_to":0},{"LINKID":"L-11","label":"家族","src":-1,"dst":-1,"TAG_from":0,"TAG_to":0},{"LINKID":"L-12","label":"家族","src":-1,"dst":-1,"TAG_from":0,"TAG_to":0},{"LINKID":"L-13","label":"家族","src":-1,"dst":-1,"TAG_from":0,"TAG_to":0},{"LINKID":"L-14","label":"家族","src":-1,"dst":-1,"TAG_from":0,"TAG_to":0},{"LINKID":"L-15","label":"家族","src":-1,"dst":-1,"TAG_from":0,"TAG_to":0},{"LINKID":"L-16","label":"家族","src":-1,"dst":-1,"TAG_from":0,"TAG_to":0},{"LINKID":"L-17","label":"家族","src":-1,"dst":-1,"TAG_from":0,"TAG_to":0},{"LINKID":"L-18","label":"家族","src":-1,"dst":-1,"TAG_from":0,"TAG_to":0},{"LINKID":"L-19","label":"家族","src":-1,"dst":-1,"TAG_from":0,"TAG_to":0},{"LINKID":"L-20","label":"家族","src":-1,"dst":-1,"TAG_from":0,"TAG_to":0},{"LINKID":"L-21","label":"家族","src":-1,"dst":-1,"TAG_from":0,"TAG_to":0},{"LINKID":"L-22","label":"家族","src":-1,"dst":-1,"TAG_from":0,"TAG_to":0},{"LINKID":"L-23","label":"家族","src":-1,"dst":-1,"TAG_from":0,"TAG_to":0},{"LINKID":"L-24","label":"家族","src":-1,"dst":-1,"TAG_from":0,"TAG_to":0},{"LINKID":"L-25","label":"家族","src":-1,"dst":-1,"TAG_from":0,"TAG_to":0},{"LINKID":"L-26","label":"家族","src":-1,"dst":-1,"TAG_from":0,"TAG_to":0},{"LINKID":"L-27","label":"家族","src":-1,"dst":-1,"TAG_from":0,"TAG_to":0},{"LINKID":"L-28","label":"家族","src":-1,"dst":-1,"TAG_from":0,"TAG_to":0},{"LINKID":"L-29","label":"家族","src":-1,"dst":-1,"TAG_from":0,"TAG_to":0},{"LINKID":"L-30","label":"家族","src":-1,"dst":-1,"TAG_from":0,"TAG_to":0},{"LINKID":"L-31","label":"家族","src":-1,"dst":-1,"TAG_from":0,"TAG_to":0},{"LINKID":"L-32","label":"家族","src":-1,"dst":-1,"TAG_from":0,"TAG_to":0},{"LINKID":"L-33","label":"家族","src":-1,"dst":-1,"TAG_from":0,"TAG_to":0},{"LINKID":"L-34","label":"家族","src":-1,"dst":-1,"TAG_from":0,"TAG_to":0},{"LINKID":"L-35","label":"家族","src":-1,"dst":-1,"TAG_from":0,"TAG_to":0},{"LINKID":"L-36","label":"家族","src":-1,"dst":-1,"TAG_from":0,"TAG_to":0},{"LINKID":"L-37","label":"家族","src":-1,"dst":-1,"TAG_from":0,"TAG_to":0},{"LINKID":"L-38","label":"家族","src":-1,"dst":-1,"TAG_from":0,"TAG_to":0},{"LINKID":"L-39","label":"家族","src":-1,"dst":-1,"TAG_from":0,"TAG_to":0},{"LINKID":"L-40","label":"家族","src":-1,"dst":-1,"TAG_from":0,"TAG_to":0},{"LINKID":"L-41","label":"家族","src":-1,"dst":-1,"TAG_from":0,"TAG_to":0},{"LINKID":"L-42","label":"家族","src":-1,"dst":-1,"TAG_from":0,"TAG_to":0},{"LINKID":"L-43","label":"家族","src":-1,"dst":-1,"TAG_from":0,"TAG_to":0},{"LINKID":"L-44","label":"家族","src":-1,"dst":-1,"TAG_from":0,"TAG_to":0},{"LINKID":"L-45","label":"家族","src":-1,"dst":-1,"TAG_from":0,"TAG_to":0},{"LINKID":"L-46","label":"家族","src":-1,"dst":-1,"TAG_from":0,"TAG_to":0},{"LINKID":"L-47","label":"家族","src":-1,"dst":-1,"TAG_from":0,"TAG_to":0},{"LINKID":"L-48","label":"家族","src":-1,"dst":-1,"TAG_from":0,"TAG_to":0},{"LINKID":"L-49","label":"家族","src":-1,"dst":-1,"TAG_from":0,"TAG_to":0},{"LINKID":"L-50","label":"家族","src":-1,"dst":-1,"TAG_from":0,"TAG_to":0},{"LINKID":"L-51","label":"家族","src":-1,"dst":-1,"TAG_from":0,"TAG_to":0},{"LINKID":"L-52","label":"家族","src":-1,"dst":-1,"TAG_from":0,"TAG_to":0},{"LINKID":"L-53","label":"家族","src":-1,"dst":-1,"TAG_from":0,"TAG_to":0},{"LINKID":"L-54","label":"家族","src":-1,"dst":-1,"TAG_from":0,"TAG_to":0},{"LINKID":"L-55","label":"家族","src":-1,"dst":-1,"TAG_from":0,"TAG_to":0},{"LINKID":"L-56","label":"家族","src":-1,"dst":-1,"TAG_from":0,"TAG_to":0},{"LINKID":"L-57","label":"家族","src":-1,"dst":-1,"TAG_from":0,"TAG_to":0},{"LINKID":"L-58","label":"家族","src":-1,"dst":-1,"TAG_from":0,"TAG_to":0},{"LINKID":"L-59","label":"家族","src":-1,"dst":-1,"TAG_from":0,"TAG_to":0},{"LINKID":"L-60","label":"家族","src":-1,"dst":-1,"TAG_from":0,"TAG_to":0},{"LINKID":"L-61","label":"家族","src":-1,"dst":-1,"TAG_from":0,"TAG_to":0},{"LINKID":"L-62","label":"家族","src":-1,"dst":-1,"TAG_from":0,"TAG_to":0},{"LINKID":"L-63","label":"家族","src":-1,"dst":-1,"TAG_from":0,"TAG_to":0},{"LINKID":"L-64","label":"家族","src":-1,"dst":-1,"TAG_from":0,"TAG_to":0},{"LINKID":"L-65","label":"家族","src":-1,"dst":-1,"TAG_from":0,"TAG_to":0},{"LINKID":"L-66","label":"家族","src":-1,"dst":-1,"TAG_from":0,"TAG_to":0},{"LINKID":"L-67","label":"家族","src":-1,"dst":-1,"TAG_from":0,"TAG_to":0},{"LINKID":"L-68","label":"家族","src":-1,"dst":-1,"TAG_from":0,"TAG_to":0},{"LINKID":"L-69","label":"家族","src":-1,"dst":-1,"TAG_from":0,"TAG_to":0},{"LINKID":"L-70","label":"家族","src":-1,"dst":-1,"TAG_from":0,"TAG_to":0},{"LINKID":"L-71","label":"家族","src":-1,"dst":-1,"TAG_from":0,"TAG_to":0},{"LINKID":"L-72","label":"家族","src":-1,"dst":-1,"TAG_from":0,"TAG_to":0},{"LINKID":"L-73","label":"家族","src":-1,"dst":-1,"TAG_from":0,"TAG_to":0},{"LINKID":"L-74","label":"家族","src":-1,"dst":-1,"TAG_from":0,"TAG_to":0},{"LINKID":"L-75","label":"家族","src":-1,"dst":-1,"TAG_from":0,"TAG_to":0},{"LINKID":"L-76","label":"家族","src":-1,"dst":-1,"TAG_from":0,"TAG_to":0},{"LINKID":"L-77","label":"家族","src":-1,"dst":-1,"TAG_from":0,"TAG_to":0},{"LINKID":"L-78","label":"家族","src":-1,"dst":-1,"TAG_from":0,"TAG_to":0},{"LINKID":"L-79","label":"家族","src":-1,"dst":-1,"TAG_from":0,"TAG_to":0},{"LINKID":"L-80","label":"家族","src":-1,"dst":-1,"TAG_from":0,"TAG_to":0},{"LINKID":"L-81","label":"家族","src":-1,"dst":-1,"TAG_from":0,"TAG_to":0},{"LINKID":"L-82","label":"家族","src":-1,"dst":-1,"TAG_from":0,"TAG_to":0},{"LINKID":"L-83","label":"家族","src":-1,"dst":-1,"TAG_from":0,"TAG_to":0},{"LINKID":"L-84","label":"家族","src":-1,"dst":-1,"TAG_from":0,"TAG_to":0},{"LINKID":"L-85","label":"家族","src":-1,"dst":-1,"TAG_from":0,"TAG_to":0},{"LINKID":"L-86","label":"家族","src":-1,"dst":-1,"TAG_from":0,"TAG_to":0},{"LINKID":"L-87","label":"家族","src":-1,"dst":-1,"TAG_from":0,"TAG_to":0},{"LINKID":"L-88","label":"家族","src":-1,"dst":-1,"TAG_from":0,"TAG_to":0},{"LINKID":"L-89","label":"家族","src":-1,"dst":-1,"TAG_from":0,"TAG_to":0},{"LINKID":"L-90","label":"家族","src":-1,"dst":-1,"TAG_from":0,"TAG_to":0},{"LINKID":"L-91","label":"家族","src":-1,"dst":-1,"TAG_from":0,"TAG_to":0},{"LINKID":"L-92","label":"家族","src":-1,"dst":-1,"TAG_from":0,"TAG_to":0},{"LINKID":"L-93","label":"家族","src":-1,"dst":-1,"TAG_from":0,"TAG_to":0},{"LINKID":"L-94","label":"家族","src":-1,"dst":-1,"TAG_from":0,"TAG_to":0},{"LINKID":"L-95","label":"家族","src":-1,"dst":-1,"TAG_from":0,"TAG_to":0},{"LINKID":"L-96","label":"家族","src":-1,"dst":-1,"TAG_from":0,"TAG_to":0},{"LINKID":"L-97","label":"家族","src":-1,"dst":-1,"TAG_from":0,"TAG_to":0},{"LINKID":"L-98","label":"家族","src":-1,"dst":-1,"TAG_from":0,"TAG_to":0},{"LINKID":"L-99","label":"家族","src":-1,"dst":-1,"TAG_from":0,"TAG_to":0},{"LINKID":"L-100","label":"家族","src":-1,"dst":-1,"TAG_from":0,"TAG_to":0},{"LINKID":"L-101","label":"家族","src":-1,"dst":-1,"TAG_from":0,"TAG_to":0},{"LINKID":"L-102","label":"家族","src":-1,"dst":-1,"TAG_from":0,"TAG_to":0},{"LINKID":"L-103","label":"家族","src":-1,"dst":-1,"TAG_from":0,"TAG_to":0},{"LINKID":"L-104","label":"家族","src":-1,"dst":-1,"TAG_from":0,"TAG_to":0},{"LINKID":"L-105","label":"家族","src":-1,"dst":-1,"TAG_from":0,"TAG_to":0},{"LINKID":"L-106","label":"家族","src":-1,"dst":-1,"TAG_from":0,"TAG_to":0},{"LINKID":"L-107","label":"家族","src":-1,"dst":-1,"TAG_from":0,"TAG_to":0},{"LINKID":"L-108","label":"家族","src":-1,"dst":-1,"TAG_from":0,"TAG_to":0},{"LINKID":"L-109","label":"家族","src":-1,"dst":-1,"TAG_from":0,"TAG_to":0},{"LINKID":"L-110","label":"家族","src":-1,"dst":-1,"TAG_from":0,"TAG_to":0},{"LINKID":"L-111","label":"家族","src":-1,"dst":-1,"TAG_from":0,"TAG_to":0},{"LINKID":"L-112","label":"家族","src":-1,"dst":-1,"TAG_from":0,"TAG_to":0},{"LINKID":"L-113","label":"家族","src":-1,"dst":-1,"TAG_from":0,"TAG_to":0},{"LINKID":"L-114","label":"家族","src":-1,"dst":-1,"TAG_from":0,"TAG_to":0},{"LINKID":"L-115","label":"家族","src":-1,"dst":-1,"TAG_from":0,"TAG_to":0}],"epi":[{"SEQID":"EPI_ISL_3908502","GNODEID":"G-0"},{"SEQID":"REF","GNODEID":"G-1"},{"SEQID":"EPI_ISL_3891161","GNODEID":"G-2"},{"SEQID":"EPI_ISL_3893885","GNODEID":"G-2.1"},{"SEQID":"EPI_ISL_3888721","GNODEID":"G-2.2"},{"SEQID":"EPI_ISL_3374509","GNODEID":"G-2.3"},{"SEQID":"EPI_ISL_4759943","GNODEID":"G-2.3"},{"SEQID":"EPI_ISL_3374512","GNODEID":"G-2.3.1"},{"SEQID":"EPI_ISL_3374489","GNODEID":"G-2.4"},{"SEQID":"EPI_ISL_3878981","GNODEID":"G-2.4"},{"SEQID":"EPI_ISL_4696795","GNODEID":"G-2.4.1"},{"SEQID":"EPI_ISL_3887807","GNODEID":"G-2.4.2"},{"SEQID":"EPI_ISL_12936330","GNODEID":"G-2.4.3"},{"SEQID":"EPI_ISL_3882651","GNODEID":"G-2.4.4"},{"SEQID":"EPI_ISL_3887359","GNODEID":"G-2.4.5"},{"SEQID":"EPI_ISL_3900702","GNODEID":"G-2.4.6"},{"SEQID":"EPI_ISL_3900794","GNODEID":"G-2.4.7"},{"SEQID":"EPI_ISL_4693445","GNODEID":"G-2.4.8.1"},{"SEQID":"EPI_ISL_4703367","GNODEID":"G-2.4.8.2"},{"SEQID":"EPI_ISL_4723864","GNODEID":"G-2.4.9"},{"SEQID":"EPI_ISL_3875591","GNODEID":"G-2.4.9.1"},{"SEQID":"EPI_ISL_4759763","GNODEID":"G-2.4.10"},{"SEQID":"EPI_ISL_3887154","GNODEID":"G-2.4.11"},{"SEQID":"EPI_ISL_3887488","GNODEID":"G-2.4.12"},{"SEQID":"EPI_ISL_3887487","GNODEID":"G-2.4.12.1"},{"SEQID":"EPI_ISL_3881523","GNODEID":"G-2.4.13"},{"SEQID":"EPI_ISL_12936630","GNODEID":"G-2.4.13.1"},{"SEQID":"EPI_ISL_3881705","GNODEID":"G-2.4.14"},{"SEQID":"EPI_ISL_4691475","GNODEID":"G-2.4.15"},{"SEQID":"EPI_ISL_4694428","GNODEID":"G-2.4.16"},{"SEQID":"EPI_ISL_3896750","GNODEID":"G-2.4.17"},{"SEQID":"EPI_ISL_3872217","GNODEID":"G-2.4.18"},{"SEQID":"EPI_ISL_3881462","GNODEID":"G-2.4.18"},{"SEQID":"EPI_ISL_4759992","GNODEID":"G-2.4.18.1"},{"SEQID":"EPI_ISL_3900745","GNODEID":"G-2.4.18.2"},{"SEQID":"EPI_ISL_4693133","GNODEID":"G-2.4.18.3"},{"SEQID":"EPI_ISL_4692303","GNODEID":"G-2.4.19"},{"SEQID":"EPI_ISL_3900808","GNODEID":"G-2.4.20"},{"SEQID":"EPI_ISL_3900841","GNODEID":"G-2.4.21"},{"SEQID":"EPI_ISL_3887683","GNODEID":"G-2.4.22"},{"SEQID":"EPI_ISL_3891456","GNODEID":"G-2.4.23"},{"SEQID":"EPI_ISL_3875556","GNODEID":"G-2.4.24"},{"SEQID":"EPI_ISL_3881979","GNODEID":"G-2.4.25"},{"SEQID":"EPI_ISL_4693915","GNODEID":"G-2.4.26"},{"SEQID":"EPI_ISL_4663987","GNODEID":"G-2.4.27"},{"SEQID":"EPI_ISL_3902080","GNODEID":"G-2.4.27.1"},{"SEQID":"EPI_ISL_4694662","GNODEID":"G-2.4.28"},{"SEQID":"EPI_ISL_4759575","GNODEID":"G-2.4.28.1"},{"SEQID":"EPI_ISL_3898182","GNODEID":"G-2.4.29"},{"SEQID":"EPI_ISL_4759521","GNODEID":"G-2.4.29.1"},{"SEQID":"EPI_ISL_3900661","GNODEID":"G-2.4.30.1"},{"SEQID":"EPI_ISL_4691663","GNODEID":"G-2.4.30.2"},{"SEQID":"EPI_ISL_3902058","GNODEID":"G-2.4.31"},{"SEQID":"EPI_ISL_4702868","GNODEID":"G-2.4.32"},{"SEQID":"EPI_ISL_12936286","GNODEID":"G-2.5"},{"SEQID":"EPI_ISL_3900838","GNODEID":"G-2.6"},{"SEQID":"EPI_ISL_3882426","GNODEID":"G-2.6.1"},{"SEQID":"EPI_ISL_4759634","GNODEID":"G-2.6.2"}],"tree":[{"label":"G-0","length":0,"edges":["G-1","G-2"],"subs":0},{"label":"G-1","length":0.0426745442,"edges":[],"subs":26},{"label":"G-2","length":0.0033160938,"edges":["G-2.1","G-2.2","G-2.3","G-2.4","G-2.5","G-2.6"],"subs":2},{"label":"G-2.1","length":0.0016439953,"edges":[],"subs":1},{"label":"G-2.2","length":0.0016453299,"edges":[],"subs":1},{"label":"G-2.3","length":0.0016467972999999999,"edges":["G-2.3.1"],"subs":1},{"label":"G-2.3.1","length":0.0033052462,"edges":[],"subs":2},{"label":"G-2.4","length":0.0016495866,"edges":["G-2.4.1","G-2.4.2","G-2.4.3","G-2.4.4","G-2.4.5","G-2.4.6","G-2.4.7","G-2.4.8","G-2.4.9","G-2.4.10","G-2.4.11","G-2.4.12","G-2.4.13","G-2.4.14","G-2.4.15","G-2.4.16","G-2.4.17","G-2.4.18","G-2.4.19","G-2.4.20","G-2.4.21","G-2.4.22","G-2.4.23","G-2.4.24","G-2.4.25","G-2.4.26","G-2.4.27","G-2.4.28","G-2.4.29","G-2.4.30","G-2.4.31","G-2.4.32"],"subs":1},{"label":"G-2.4.1","length":0.001642838,"edges":[],"subs":1},{"label":"G-2.4.2","length":0.0016519791,"edges":[],"subs":1},{"label":"G-2.4.3","length":0.0033351205,"edges":[],"subs":2},{"label":"G-2.4.4","length":0.0016572785999999999,"edges":[],"subs":1},{"label":"G-2.4.5","length":0.008481592400000001,"edges":[],"subs":5},{"label":"G-2.4.6","length":0.0050354906,"edges":[],"subs":3},{"label":"G-2.4.7","length":0.0050432297,"edges":[],"subs":3},{"label":"G-2.4.8","length":0.0016670716,"edges":["G-2.4.8.1","G-2.4.8.2"],"subs":1},{"label":"G-2.4.8.1","length":0.0016545084,"edges":[],"subs":1},{"label":"G-2.4.8.2","length":0.0033295233,"edges":[],"subs":2},{"label":"G-2.4.9","length":0.0033312233999999996,"edges":["G-2.4.9.1"],"subs":2},{"label":"G-2.4.9.1","length":0.0033220346,"edges":[],"subs":2},{"label":"G-2.4.10","length":0.0033320781999999997,"edges":[],"subs":2},{"label":"G-2.4.11","length":0.0016552801,"edges":[],"subs":1},{"label":"G-2.4.12","length":0.0016554296,"edges":["G-2.4.12.1"],"subs":1},{"label":"G-2.4.12.1","length":0.0016493421,"edges":[],"subs":1},{"label":"G-2.4.13","length":0.0016473342000000001,"edges":["G-2.4.13.1"],"subs":1},{"label":"G-2.4.13.1","length":0.0065989469,"edges":[],"subs":4},{"label":"G-2.4.14","length":0.0016471595,"edges":[],"subs":1},{"label":"G-2.4.15","length":0.0033271699,"edges":[],"subs":2},{"label":"G-2.4.16","length":0.0033308511999999998,"edges":[],"subs":2},{"label":"G-2.4.17","length":0.0016497153999999999,"edges":[],"subs":1},{"label":"G-2.4.18","length":0.004987953,"edges":["G-2.4.18.1","G-2.4.18.2","G-2.4.18.3"],"subs":3},{"label":"G-2.4.18.1","length":0.0016381056000000001,"edges":[],"subs":1},{"label":"G-2.4.18.2","length":0.0016394919000000002,"edges":[],"subs":1},{"label":"G-2.4.18.3","length":0.0016388026000000002,"edges":[],"subs":1},{"label":"G-2.4.19","length":0.0016540194,"edges":[],"subs":1},{"label":"G-2.4.20","length":0.0016523343999999998,"edges":[],"subs":1},{"label":"G-2.4.21","length":0.0016524897999999999,"edges":[],"subs":1},{"label":"G-2.4.22","length":0.0016501557999999998,"edges":[],"subs":1},{"label":"G-2.4.23","length":0.0016503108999999998,"edges":[],"subs":1},{"label":"G-2.4.24","length":0.00164876,"edges":[],"subs":1},{"label":"G-2.4.25","length":0.0016503815999999998,"edges":[],"subs":1},{"label":"G-2.4.26","length":0.001648867,"edges":[],"subs":1},{"label":"G-2.4.27","length":0.0016501839,"edges":["G-2.4.27.1"],"subs":1},{"label":"G-2.4.27.1","length":0.0016184706,"edges":[],"subs":1},{"label":"G-2.4.28","length":0.0016516954,"edges":["G-2.4.28.1"],"subs":1},{"label":"G-2.4.28.1","length":0.0016185233,"edges":[],"subs":1},{"label":"G-2.4.29","length":0.0016309367000000002,"edges":["G-2.4.29.1"],"subs":1},{"label":"G-2.4.29.1","length":0.0015732365,"edges":[],"subs":1},{"label":"G-2.4.30","length":0.0017670646,"edges":["G-2.4.30.1","G-2.4.30.2"],"subs":1},{"label":"G-2.4.30.1","length":0.0017587525,"edges":[],"subs":1},{"label":"G-2.4.30.2","length":0.0015036838,"edges":[],"subs":1},{"label":"G-2.4.31","length":0.0016479419,"edges":[],"subs":1},{"label":"G-2.4.32","length":0.0016480958,"edges":[],"subs":1},{"label":"G-2.5","length":0.0016301787,"edges":[],"subs":1},{"label":"G-2.6","length":0.0016513471,"edges":["G-2.6.1","G-2.6.2"],"subs":1},{"label":"G-2.6.1","length":0.0016443370999999999,"edges":[],"subs":1},{"label":"G-2.6.2","length":0.0016234514999999999,"edges":[],"subs":1}],"dist":{"period":14.506049313980908,"phase":11.506049313980908,"interval":0.00010982743052837573}}