{"nodes":[{"SEQID":"EPI_ISL_3193160","GNODEID":"G-2.9","TAGID":"AY-75-3-0002","cat_id":"staff","type":"CD","date":44378,"category":"staff","association":"Chiba","highlight":{},"emphasize":"N","dint":1625097600000,"age":"","index":0,"edges":[],"neighbors":[],"degree":0,"dstr":"2021-07-01","sex":""},{"SEQID":"EPI_ISL_3871719","GNODEID":"G-2.14","TAGID":"AY-75-3-0006","cat_id":"client","type":"CD","date":44404,"category":"client","association":"Gunma","highlight":{},"emphasize":"Y","dint":1627344000000,"age":"","index":1,"edges":[],"neighbors":[],"degree":0,"dstr":"2021-07-27","sex":""},{"SEQID":"EPI_ISL_3872019","GNODEID":"G-2.12","TAGID":"AY-75-3-0007","cat_id":"staff","type":"CD","date":44398,"category":"staff","association":"Saitama","highlight":{},"emphasize":"Y","dint":1626825600000,"age":"","index":2,"edges":[],"neighbors":[],"degree":0,"dstr":"2021-07-21","sex":""},{"SEQID":"EPI_ISL_3876387","GNODEID":"G-3","TAGID":"AY-75-3-0012","cat_id":"client","type":"CD","date":44385,"category":"client","association":"Chiba","highlight":{},"emphasize":"N","dint":1625702400000,"age":"","index":3,"edges":[],"neighbors":[],"degree":0,"dstr":"2021-07-08","sex":""},{"SEQID":"EPI_ISL_3876388","GNODEID":"G-2.3","TAGID":"AY-75-3-0013","cat_id":"client","type":"CD","date":44385,"category":"client","association":"Chiba","highlight":{},"emphasize":"N","dint":1625702400000,"age":"","index":4,"edges":[],"neighbors":[],"degree":0,"dstr":"2021-07-08","sex":""},{"SEQID":"EPI_ISL_3876389","GNODEID":"G-2.7","TAGID":"AY-75-3-0014","cat_id":"staff","type":"CD","date":44385,"category":"staff","association":"Chiba","highlight":{},"emphasize":"N","dint":1625702400000,"age":"","index":5,"edges":[],"neighbors":[],"degree":0,"dstr":"2021-07-08","sex":""},{"SEQID":"EPI_ISL_3880863","GNODEID":"G-3.1","TAGID":"AY-75-3-0018","cat_id":"staff","type":"CD","date":44384,"category":"staff","association":"Tokyo","highlight":{},"emphasize":"Y","dint":1625616000000,"age":"","index":6,"edges":[],"neighbors":[],"degree":0,"dstr":"2021-07-07","sex":""},{"SEQID":"EPI_ISL_3886463","GNODEID":"G-2.4.1","TAGID":"AY-75-3-0020","cat_id":"client","type":"CD","date":44390,"category":"client","association":"Chiba","highlight":{},"emphasize":"N","dint":1626134400000,"age":"","index":7,"edges":[],"neighbors":[],"degree":0,"dstr":"2021-07-13","sex":""},{"SEQID":"EPI_ISL_3900208","GNODEID":"G-2.1","TAGID":"AY-75-3-0028","cat_id":"client","type":"CD","date":44382,"category":"client","association":"Chiba","highlight":{},"emphasize":"Y","dint":1625443200000,"age":"","index":8,"edges":[],"neighbors":[],"degree":0,"dstr":"2021-07-05","sex":""},{"SEQID":"EPI_ISL_4641762","GNODEID":"G-2.15.1","TAGID":"AY-75-3-0036","cat_id":"staff","type":"CD","date":44403,"category":"staff","association":"Gunma","highlight":{},"emphasize":"Y","dint":1627257600000,"age":"","index":9,"edges":[],"neighbors":[],"degree":0,"dstr":"2021-07-26","sex":""},{"SEQID":"EPI_ISL_4702975","GNODEID":"G-2.5.1","TAGID":"AY-75-3-0041","cat_id":"client","type":"CD","date":44400,"category":"client","association":"Gunma","highlight":{},"emphasize":"N","dint":1626998400000,"age":"","index":10,"edges":[],"neighbors":[],"degree":0,"dstr":"2021-07-23","sex":""},{"SEQID":"EPI_ISL_4710699","GNODEID":"G-2.17","TAGID":"AY-75-3-0042","cat_id":"staff","type":"CD","date":44387,"category":"staff","association":"Chiba","highlight":{},"emphasize":"Y","dint":1625875200000,"age":"","index":11,"edges":[],"neighbors":[],"degree":0,"dstr":"2021-07-10","sex":""},{"SEQID":"EPI_ISL_3898344","GNODEID":"G-2.10","TAGID":"AY-75-3-0048","cat_id":"staff","type":"CD","date":44390,"category":"staff","association":"Tokyo","highlight":{},"emphasize":"Y","dint":1626134400000,"age":"","index":12,"edges":[],"neighbors":[],"degree":0,"dstr":"2021-07-13","sex":""},{"SEQID":"EPI_ISL_3891422","GNODEID":"G-2.8","TAGID":"AY-75-3-0050","cat_id":"staff","type":"CD","date":44399,"category":"staff","association":"Chiba","highlight":{},"emphasize":"Y","dint":1626912000000,"age":"","index":13,"edges":[],"neighbors":[],"degree":0,"dstr":"2021-07-22","sex":""},{"SEQID":"EPI_ISL_4702992","GNODEID":"G-2.5.2","TAGID":"AY-75-3-0057","cat_id":"client","type":"CD","date":44400,"category":"client","association":"Gunma","highlight":{},"emphasize":"N","dint":1626998400000,"age":"","index":14,"edges":[],"neighbors":[],"degree":0,"dstr":"2021-07-23","sex":""},{"SEQID":"EPI_ISL_3195779","GNODEID":"G-2.8.1","TAGID":"AY-75-3-0058","cat_id":"client","type":"CD","date":44379,"category":"client","association":"Chiba","highlight":{},"emphasize":"N","dint":1625184000000,"age":"","index":15,"edges":[],"neighbors":[],"degree":0,"dstr":"2021-07-02","sex":""},{"SEQID":"EPI_ISL_8652191","GNODEID":"G-2.2.1","TAGID":"AY-75-3-0060","cat_id":"staff","type":"CD","date":44404,"category":"staff","association":"Shizuoka","highlight":{},"emphasize":"N","dint":1627344000000,"age":"","index":16,"edges":[],"neighbors":[],"degree":0,"dstr":"2021-07-27","sex":""},{"SEQID":"EPI_ISL_3873617","GNODEID":"G-2.7.1","TAGID":"AY-75-3-0064","cat_id":"staff","type":"CD","date":44390,"category":"staff","association":"Chiba","highlight":{},"emphasize":"N","dint":1626134400000,"age":"","index":17,"edges":[],"neighbors":[],"degree":0,"dstr":"2021-07-13","sex":""},{"SEQID":"EPI_ISL_3873655","GNODEID":"G-2.6","TAGID":"AY-75-3-0067","cat_id":"client","type":"CD","date":44397,"category":"client","association":"Chiba","highlight":{},"emphasize":"Y","dint":1626739200000,"age":"","index":18,"edges":[],"neighbors":[],"degree":0,"dstr":"2021-07-20","sex":""},{"SEQID":"EPI_ISL_3873566","GNODEID":"G-2","TAGID":"AY-75-3-0069","cat_id":"client","type":"CD","date":44389,"category":"client","association":"Chiba","highlight":{},"emphasize":"Y","dint":1626048000000,"age":"","index":19,"edges":[],"neighbors":[],"degree":0,"dstr":"2021-07-12","sex":""},{"SEQID":"EPI_ISL_3873691","GNODEID":"G-2.16","TAGID":"AY-75-3-0070","cat_id":"client","type":"CD","date":44394,"category":"client","association":"Chiba","highlight":{},"emphasize":"Y","dint":1626480000000,"age":"","index":20,"edges":[],"neighbors":[],"degree":0,"dstr":"2021-07-17","sex":""},{"SEQID":"EPI_ISL_3873597","GNODEID":"G-2.6.1","TAGID":"AY-75-3-0071","cat_id":"staff","type":"CD","date":44390,"category":"staff","association":"Chiba","highlight":{},"emphasize":"N","dint":1626134400000,"age":"","index":21,"edges":[],"neighbors":[],"degree":0,"dstr":"2021-07-13","sex":""},{"SEQID":"EPI_ISL_3882866","GNODEID":"G-2.2","TAGID":"AY-75-3-0075","cat_id":"staff","type":"CD","date":44394,"category":"staff","association":"Chiba","highlight":{},"emphasize":"Y","dint":1626480000000,"age":"","index":22,"edges":[],"neighbors":[],"degree":0,"dstr":"2021-07-17","sex":""},{"SEQID":"EPI_ISL_3883129","GNODEID":"G-2.2.1","TAGID":"AY-75-3-0078","cat_id":"client","type":"CD","date":44396,"category":"client","association":"Chiba","highlight":{},"emphasize":"Y","dint":1626652800000,"age":"","index":23,"edges":[],"neighbors":[],"degree":0,"dstr":"2021-07-19","sex":""},{"SEQID":"EPI_ISL_3876826","GNODEID":"G-2.13","TAGID":"AY-75-3-0084","cat_id":"client","type":"CD","date":44391,"category":"client","association":"Chiba","highlight":{},"emphasize":"N","dint":1626220800000,"age":"","index":24,"edges":[],"neighbors":[],"degree":0,"dstr":"2021-07-14","sex":""},{"SEQID":"EPI_ISL_3889085","GNODEID":"G-2.15","TAGID":"AY-75-3-0085","cat_id":"staff","type":"CD","date":44403,"category":"staff","association":"Nagano","highlight":{},"emphasize":"Y","dint":1627257600000,"age":"","index":25,"edges":[],"neighbors":[],"degree":0,"dstr":"2021-07-26","sex":""}],"edges":[{"LINKID":"L-1","TAG_from":"EPI_ISL_3191759","TAG_to":"EPI_ISL_3193160","label":"家族","src":-1,"dst":-1}],"epi":[{"SEQID":"REF","GNODEID":"G-1"},{"SEQID":"EPI_ISL_3873566","GNODEID":"G-2"},{"SEQID":"EPI_ISL_3900208","GNODEID":"G-2.1"},{"SEQID":"EPI_ISL_3882866","GNODEID":"G-2.2"},{"SEQID":"EPI_ISL_3883129","GNODEID":"G-2.2.1"},{"SEQID":"EPI_ISL_8652191","GNODEID":"G-2.2.1"},{"SEQID":"EPI_ISL_3876388","GNODEID":"G-2.3"},{"SEQID":"EPI_ISL_3886463","GNODEID":"G-2.4.1"},{"SEQID":"EPI_ISL_3897832","GNODEID":"G-2.4.2"},{"SEQID":"EPI_ISL_4702975","GNODEID":"G-2.5.1"},{"SEQID":"EPI_ISL_4702992","GNODEID":"G-2.5.2"},{"SEQID":"EPI_ISL_3873655","GNODEID":"G-2.6"},{"SEQID":"EPI_ISL_3873597","GNODEID":"G-2.6.1"},{"SEQID":"EPI_ISL_3901592","GNODEID":"G-2.6.2"},{"SEQID":"EPI_ISL_3896834","GNODEID":"G-2.6.3"},{"SEQID":"EPI_ISL_3876389","GNODEID":"G-2.7"},{"SEQID":"EPI_ISL_3873617","GNODEID":"G-2.7.1"},{"SEQID":"EPI_ISL_3891422","GNODEID":"G-2.8"},{"SEQID":"EPI_ISL_3195779","GNODEID":"G-2.8.1"},{"SEQID":"EPI_ISL_3193160","GNODEID":"G-2.9"},{"SEQID":"EPI_ISL_3898344","GNODEID":"G-2.10"},{"SEQID":"EPI_ISL_8652203","GNODEID":"G-2.11"},{"SEQID":"EPI_ISL_3872019","GNODEID":"G-2.12"},{"SEQID":"EPI_ISL_3876826","GNODEID":"G-2.13"},{"SEQID":"EPI_ISL_3871719","GNODEID":"G-2.14"},{"SEQID":"EPI_ISL_4710360","GNODEID":"G-2.14.1"},{"SEQID":"EPI_ISL_3889085","GNODEID":"G-2.15"},{"SEQID":"EPI_ISL_4641762","GNODEID":"G-2.15.1"},{"SEQID":"EPI_ISL_4710527","GNODEID":"G-2.15.2"},{"SEQID":"EPI_ISL_3873691","GNODEID":"G-2.16"},{"SEQID":"EPI_ISL_4710699","GNODEID":"G-2.17"},{"SEQID":"EPI_ISL_3876387","GNODEID":"G-3"},{"SEQID":"EPI_ISL_3880863","GNODEID":"G-3.1"}],"tree":[{"label":"G-0","length":0,"edges":["G-1","G-2","G-3"],"subs":0},{"label":"G-1","length":0.0195031954,"edges":[],"subs":28},{"label":"G-2","length":0.0007243551,"edges":["G-2.1","G-2.2","G-2.3","G-2.4","G-2.5","G-2.6","G-2.7","G-2.8","G-2.9","G-2.10","G-2.11","G-2.12","G-2.13","G-2.14","G-2.15","G-2.16","G-2.17"],"subs":1},{"label":"G-2.1","length":0.000705846,"edges":[],"subs":1},{"label":"G-2.2","length":0.0007150837000000001,"edges":["G-2.2.1"],"subs":1},{"label":"G-2.2.1","length":0.0007126228,"edges":[],"subs":1},{"label":"G-2.3","length":0.0014375915,"edges":[],"subs":2},{"label":"G-2.4","length":0.002174218,"edges":["G-2.4.1","G-2.4.2"],"subs":3},{"label":"G-2.4.1","length":0.0007170749,"edges":[],"subs":1},{"label":"G-2.4.2","length":0.0007154974,"edges":[],"subs":1},{"label":"G-2.5","length":0.0015103374,"edges":["G-2.5.1","G-2.5.2"],"subs":2},{"label":"G-2.5.1","length":0.0007842005,"edges":[],"subs":1},{"label":"G-2.5.2","length":0.0006350289,"edges":[],"subs":1},{"label":"G-2.6","length":0.0007178341999999999,"edges":["G-2.6.1","G-2.6.2","G-2.6.3"],"subs":1},{"label":"G-2.6.1","length":0.002165008,"edges":[],"subs":3},{"label":"G-2.6.2","length":0.003606158,"edges":[],"subs":5},{"label":"G-2.6.3","length":0.0007135364999999999,"edges":[],"subs":1},{"label":"G-2.7","length":0.0007185487999999999,"edges":["G-2.7.1"],"subs":1},{"label":"G-2.7.1","length":0.0007121289,"edges":[],"subs":1},{"label":"G-2.8","length":0.0007191921999999999,"edges":["G-2.8.1"],"subs":1},{"label":"G-2.8.1","length":0.0007113957,"edges":[],"subs":1},{"label":"G-2.9","length":0.0007224997999999997,"edges":[],"subs":1},{"label":"G-2.10","length":0.0007222898999999997,"edges":[],"subs":1},{"label":"G-2.11","length":0.0007224514999999998,"edges":[],"subs":1},{"label":"G-2.12","length":0.0014444010999999997,"edges":[],"subs":2},{"label":"G-2.13","length":0.0007238288999999998,"edges":[],"subs":1},{"label":"G-2.14","length":0.0007214985999999999,"edges":["G-2.14.1"],"subs":1},{"label":"G-2.14.1","length":0.0014162527,"edges":[],"subs":2},{"label":"G-2.15","length":0.0007215981999999998,"edges":["G-2.15.1","G-2.15.2"],"subs":1},{"label":"G-2.15.1","length":0.000712166,"edges":[],"subs":1},{"label":"G-2.15.2","length":0.0007054187,"edges":[],"subs":1},{"label":"G-2.16","length":0.0007210522999999999,"edges":[],"subs":1},{"label":"G-2.17","length":0.0007209342999999999,"edges":[],"subs":1},{"label":"G-3","length":0.0021929063,"edges":["G-3.1"],"subs":3},{"label":"G-3.1","length":0.0014079671,"edges":[],"subs":2}],"dist":{"period":14.499356454528716,"phase":12.499356454528716,"interval":0.000048046071819960854}}