{"nodes":[{"SEQID":"EPI_ISL_10343168","GNODEID":"G-3","TAGID":"B-1-0001","cat_id":"client","type":"CD","date":43919,"category":"client","association":"KN","highlight":{},"emphasize":"Y","dint":1585440000000,"age":"","index":0,"edges":[],"neighbors":[],"degree":0,"dstr":"2020-03-29"},{"SEQID":"EPI_ISL_419296","GNODEID":"G-18","TAGID":"B-1-0004","cat_id":"client","type":"CD","date":43898,"category":"client","highlight":{},"emphasize":"Y","dint":1583625600000,"age":"","index":1,"edges":[],"neighbors":[],"degree":0,"association":0,"dstr":"2020-03-08"},{"SEQID":"EPI_ISL_419297","GNODEID":"G-18","TAGID":"B-1-0005","cat_id":"staff","type":"CD","date":43900,"category":"staff","association":"KS","highlight":{},"emphasize":"Y","dint":1583798400000,"age":"","index":2,"edges":[],"neighbors":[],"degree":0,"dstr":"2020-03-10"},{"SEQID":"EPI_ISL_419299","GNODEID":"G-18","TAGID":"B-1-0006","cat_id":"staff","type":"CD","date":43899,"category":"staff","association":"TH","highlight":{},"emphasize":"N","dint":1583712000000,"age":"","index":3,"edges":[],"neighbors":[],"degree":0,"dstr":"2020-03-09"},{"SEQID":"EPI_ISL_419300","GNODEID":"G-18","TAGID":"B-1-0007","cat_id":"client","type":"CD","date":43910,"category":"client","association":"TH","highlight":{},"emphasize":"N","dint":1584662400000,"age":"","index":4,"edges":[],"neighbors":[],"degree":0,"dstr":"2020-03-20"},{"SEQID":"EPI_ISL_416524","GNODEID":"G-12","TAGID":"B-1-0008","cat_id":"staff","type":"CD","date":43901,"category":"staff","association":"KS","highlight":{},"emphasize":"N","dint":1583884800000,"age":"","index":5,"edges":[],"neighbors":[],"degree":0,"dstr":"2020-03-11"},{"SEQID":"EPI_ISL_416525","GNODEID":"G-10","TAGID":"B-1-0009","cat_id":"staff","type":"CD","date":43901,"category":"staff","association":"KS","highlight":{},"emphasize":"Y","dint":1583884800000,"age":"","index":6,"edges":[],"neighbors":[],"degree":0,"dstr":"2020-03-11"},{"SEQID":"EPI_ISL_591348","GNODEID":"G-7","TAGID":"B-1-0011","cat_id":"client","type":"CD","date":43909,"category":"client","highlight":{},"emphasize":"Y","dint":1584576000000,"age":"","index":7,"edges":[],"neighbors":[],"degree":0,"association":0,"dstr":"2020-03-19"},{"SEQID":"EPI_ISL_591355","GNODEID":"G-5","TAGID":"B-1-0012","cat_id":"staff","type":"CD","date":43909,"category":"staff","highlight":{},"emphasize":"N","dint":1584576000000,"age":"","index":8,"edges":[],"neighbors":[],"degree":0,"association":0,"dstr":"2020-03-19"},{"SEQID":"EPI_ISL_591376","GNODEID":"G-18.2.1.2","TAGID":"B-1-0013","cat_id":"staff","type":"CD","date":43919,"category":"staff","highlight":{},"emphasize":"Y","dint":1585440000000,"age":"","index":9,"edges":[],"neighbors":[],"degree":0,"association":0,"dstr":"2020-03-29"},{"SEQID":"EPI_ISL_684149","GNODEID":"G-0","TAGID":"B-1-0016","cat_id":"client","type":"CD","date":43907,"category":"client","association":"KS","highlight":{},"emphasize":"N","dint":1584403200000,"age":"","index":10,"edges":[],"neighbors":[],"degree":0,"dstr":"2020-03-17"},{"SEQID":"EPI_ISL_684219","GNODEID":"G-8","TAGID":"B-1-0017","cat_id":"staff","type":"CD","date":43919,"category":"staff","association":"KN","highlight":{},"emphasize":"Y","dint":1585440000000,"age":"","index":11,"edges":[],"neighbors":[],"degree":0,"dstr":"2020-03-29"},{"SEQID":"EPI_ISL_684371","GNODEID":"G-18.2.2","TAGID":"B-1-0018","cat_id":"client","type":"CD","date":43910,"category":"client","association":"KS","highlight":{},"emphasize":"Y","dint":1584662400000,"age":"","index":12,"edges":[],"neighbors":[],"degree":0,"dstr":"2020-03-20"},{"SEQID":"EPI_ISL_684372","GNODEID":"G-18.2","TAGID":"B-1-0019","cat_id":"client","type":"CD","date":43911,"category":"client","association":"KS","highlight":{},"emphasize":"N","dint":1584748800000,"age":"","index":13,"edges":[],"neighbors":[],"degree":0,"dstr":"2020-03-21"},{"SEQID":"EPI_ISL_684375","GNODEID":"G-18.3.6","TAGID":"B-1-0020","cat_id":"client","type":"CD","date":43914,"category":"client","association":"KS","highlight":{},"emphasize":"N","dint":1585008000000,"age":"","index":14,"edges":[],"neighbors":[],"degree":0,"dstr":"2020-03-24"},{"SEQID":"EPI_ISL_684376","GNODEID":"G-18.3.6","TAGID":"B-1-0021","cat_id":"staff","type":"CD","date":43916,"category":"staff","association":"KS","highlight":{},"emphasize":"Y","dint":1585180800000,"age":"","index":15,"edges":[],"neighbors":[],"degree":0,"dstr":"2020-03-26"},{"SEQID":"EPI_ISL_684694","GNODEID":"G-9","TAGID":"B-1-0026","cat_id":"staff","type":"CD","date":43906,"category":"staff","association":"KY","highlight":{},"emphasize":"Y","dint":1584316800000,"age":"","index":16,"edges":[],"neighbors":[],"degree":0,"dstr":"2020-03-16"},{"SEQID":"EPI_ISL_684884","GNODEID":"G-15","TAGID":"B-1-0027","cat_id":"staff","type":"CD","date":43913,"category":"staff","association":"KS","highlight":{},"emphasize":"Y","dint":1584921600000,"age":"","index":17,"edges":[],"neighbors":[],"degree":0,"dstr":"2020-03-23"},{"SEQID":"EPI_ISL_684885","GNODEID":"G-15","TAGID":"B-1-0028","cat_id":"staff","type":"CD","date":43913,"category":"staff","association":"KS","highlight":{},"emphasize":"N","dint":1584921600000,"age":"","index":18,"edges":[],"neighbors":[],"degree":0,"dstr":"2020-03-23"},{"SEQID":"EPI_ISL_684894","GNODEID":"G-18.5","TAGID":"B-1-0029","cat_id":"client","type":"CD","date":43916,"category":"client","association":"KS","highlight":{},"emphasize":"Y","dint":1585180800000,"age":"","index":19,"edges":[],"neighbors":[],"degree":0,"dstr":"2020-03-26"},{"SEQID":"EPI_ISL_685241","GNODEID":"G-18.3","TAGID":"B-1-0030","cat_id":"client","type":"CD","date":43918,"category":"client","association":"HO","highlight":{},"emphasize":"Y","dint":1585353600000,"age":"","index":20,"edges":[],"neighbors":[],"degree":0,"dstr":"2020-03-28"},{"SEQID":"EPI_ISL_685242","GNODEID":"G-0","TAGID":"B-1-0031","cat_id":"client","type":"CD","date":43918,"category":"client","association":"HO","highlight":{},"emphasize":"Y","dint":1585353600000,"age":"","index":21,"edges":[],"neighbors":[],"degree":0,"dstr":"2020-03-28"},{"SEQID":"EPI_ISL_685784","GNODEID":"G-18.3.4","TAGID":"B-1-0033","cat_id":"client","type":"CD","date":43918,"category":"client","association":"OK","highlight":{},"emphasize":"N","dint":1585353600000,"age":"","index":22,"edges":[],"neighbors":[],"degree":0,"dstr":"2020-03-28"},{"SEQID":"EPI_ISL_685989","GNODEID":"G-10","TAGID":"B-1-0035","cat_id":"client","type":"CD","date":43899,"category":"client","association":"KS","highlight":{},"emphasize":"N","dint":1583712000000,"age":"","index":23,"edges":[],"neighbors":[],"degree":0,"dstr":"2020-03-09"},{"SEQID":"EPI_ISL_686040","GNODEID":"G-0","TAGID":"B-1-0038","cat_id":"staff","type":"CD","date":43915,"category":"staff","association":"CS","highlight":{},"emphasize":"N","dint":1585094400000,"age":"","index":24,"edges":[],"neighbors":[],"degree":0,"dstr":"2020-03-25"},{"SEQID":"EPI_ISL_688761","GNODEID":"G-0","TAGID":"B-1-0039","cat_id":"staff","type":"CD","date":43920,"category":"staff","association":"KN","highlight":{},"emphasize":"N","dint":1585526400000,"age":"","index":25,"edges":[],"neighbors":[],"degree":0,"dstr":"2020-03-30"},{"SEQID":"EPI_ISL_690820","GNODEID":"G-19.1","TAGID":"B-1-0040","cat_id":"staff","type":"CD","date":43913,"category":"staff","association":"KS","highlight":{},"emphasize":"N","dint":1584921600000,"age":"","index":26,"edges":[],"neighbors":[],"degree":0,"dstr":"2020-03-23"},{"SEQID":"EPI_ISL_691018","GNODEID":"G-18.2","TAGID":"B-1-0041","cat_id":"staff","type":"CD","date":43911,"category":"staff","association":"KS","highlight":{},"emphasize":"Y","dint":1584748800000,"age":"","index":27,"edges":[],"neighbors":[],"degree":0,"dstr":"2020-03-21"},{"SEQID":"EPI_ISL_691019","GNODEID":"G-18.3","TAGID":"B-1-0042","cat_id":"client","type":"CD","date":43914,"category":"client","association":"KS","highlight":{},"emphasize":"N","dint":1585008000000,"age":"","index":28,"edges":[],"neighbors":[],"degree":0,"dstr":"2020-03-24"},{"SEQID":"EPI_ISL_691022","GNODEID":"G-18.3","TAGID":"B-1-0043","cat_id":"client","type":"CD","date":43916,"category":"client","association":"KS","highlight":{},"emphasize":"N","dint":1585180800000,"age":"","index":29,"edges":[],"neighbors":[],"degree":0,"dstr":"2020-03-26"},{"SEQID":"EPI_ISL_691029","GNODEID":"G-19.1","TAGID":"B-1-0044","cat_id":"staff","type":"CD","date":43920,"category":"staff","association":"KS","highlight":{},"emphasize":"Y","dint":1585526400000,"age":"","index":30,"edges":[],"neighbors":[],"degree":0,"dstr":"2020-03-30"},{"SEQID":"EPI_ISL_445183","GNODEID":"G-13","TAGID":"B-1-0046","cat_id":"client","type":"CD","date":43913,"category":"client","highlight":{},"emphasize":"N","dint":1584921600000,"age":"","index":31,"edges":[],"neighbors":[],"degree":0,"association":0,"dstr":"2020-03-23"},{"SEQID":"EPI_ISL_479853","GNODEID":"G-18.4","TAGID":"B-1-0047","cat_id":"staff","type":"CD","date":43901,"category":"staff","highlight":{},"emphasize":"Y","dint":1583884800000,"age":"","index":32,"edges":[],"neighbors":[],"degree":0,"association":0,"dstr":"2020-03-11"},{"SEQID":"EPI_ISL_479854","GNODEID":"G-18.4","TAGID":"B-1-0048","cat_id":"staff","type":"CD","date":43901,"category":"staff","highlight":{},"emphasize":"N","dint":1583884800000,"age":"","index":33,"edges":[],"neighbors":[],"degree":0,"association":0,"dstr":"2020-03-11"},{"SEQID":"EPI_ISL_479883","GNODEID":"G-18.3.5","TAGID":"B-1-0049","cat_id":"client","type":"CD","date":43908,"category":"client","association":"HO","highlight":{},"emphasize":"N","dint":1584489600000,"age":"","index":34,"edges":[],"neighbors":[],"degree":0,"dstr":"2020-03-18"},{"SEQID":"EPI_ISL_479884","GNODEID":"G-18.3.5","TAGID":"B-1-0050","cat_id":"client","type":"CD","date":43908,"category":"client","association":"HO","highlight":{},"emphasize":"N","dint":1584489600000,"age":"","index":35,"edges":[],"neighbors":[],"degree":0,"dstr":"2020-03-18"},{"SEQID":"EPI_ISL_479896","GNODEID":"G-18.4.1","TAGID":"B-1-0052","cat_id":"client","type":"CD","date":43903,"category":"client","highlight":{},"emphasize":"N","dint":1584057600000,"age":"","index":36,"edges":[],"neighbors":[],"degree":0,"association":0,"dstr":"2020-03-13"},{"SEQID":"EPI_ISL_479897","GNODEID":"G-18.4.1","TAGID":"B-1-0053","cat_id":"client","type":"CD","date":43903,"category":"client","highlight":{},"emphasize":"N","dint":1584057600000,"age":"","index":37,"edges":[],"neighbors":[],"degree":0,"association":0,"dstr":"2020-03-13"},{"SEQID":"EPI_ISL_479898","GNODEID":"G-18.4.1.1","TAGID":"B-1-0054","cat_id":"client","type":"CD","date":43906,"category":"client","highlight":{},"emphasize":"Y","dint":1584316800000,"age":"","index":38,"edges":[],"neighbors":[],"degree":0,"association":0,"dstr":"2020-03-16"},{"SEQID":"EPI_ISL_479899","GNODEID":"G-18.4.1.2","TAGID":"B-1-0055","cat_id":"staff","type":"CD","date":43906,"category":"staff","highlight":{},"emphasize":"Y","dint":1584316800000,"age":"","index":39,"edges":[],"neighbors":[],"degree":0,"association":0,"dstr":"2020-03-16"},{"SEQID":"EPI_ISL_479900","GNODEID":"G-18.4.1","TAGID":"B-1-0056","cat_id":"staff","type":"CD","date":43906,"category":"staff","highlight":{},"emphasize":"N","dint":1584316800000,"age":"","index":40,"edges":[],"neighbors":[],"degree":0,"association":0,"dstr":"2020-03-16"},{"SEQID":"EPI_ISL_479901","GNODEID":"G-18.4","TAGID":"B-1-0057","cat_id":"staff","type":"CD","date":43909,"category":"staff","highlight":{},"emphasize":"N","dint":1584576000000,"age":"","index":41,"edges":[],"neighbors":[],"degree":0,"association":0,"dstr":"2020-03-19"},{"SEQID":"EPI_ISL_479911","GNODEID":"G-0","TAGID":"B-1-0058","cat_id":"staff","type":"CD","date":43910,"category":"staff","highlight":{},"emphasize":"N","dint":1584662400000,"age":"","index":42,"edges":[],"neighbors":[],"degree":0,"association":0,"dstr":"2020-03-20"},{"SEQID":"EPI_ISL_479928","GNODEID":"G-17","TAGID":"B-1-0059","cat_id":"client","type":"CD","date":43899,"category":"client","highlight":{},"emphasize":"Y","dint":1583712000000,"age":"","index":43,"edges":[],"neighbors":[],"degree":0,"association":0,"dstr":"2020-03-09"},{"SEQID":"EPI_ISL_479930","GNODEID":"G-17","TAGID":"B-1-0061","cat_id":"client","type":"CD","date":43899,"category":"client","highlight":{},"emphasize":"N","dint":1583712000000,"age":"","index":44,"edges":[],"neighbors":[],"degree":0,"association":0,"dstr":"2020-03-09"},{"SEQID":"EPI_ISL_479936","GNODEID":"G-18.2","TAGID":"B-1-0063","cat_id":"client","type":"CD","date":43913,"category":"client","highlight":{},"emphasize":"N","dint":1584921600000,"age":"","index":45,"edges":[],"neighbors":[],"degree":0,"association":0,"dstr":"2020-03-23"},{"SEQID":"EPI_ISL_479937","GNODEID":"G-0","TAGID":"B-1-0064","cat_id":"client","type":"CD","date":43906,"category":"client","highlight":{},"emphasize":"Y","dint":1584316800000,"age":"","index":46,"edges":[],"neighbors":[],"degree":0,"association":0,"dstr":"2020-03-16"},{"SEQID":"EPI_ISL_479938","GNODEID":"G-18.1","TAGID":"B-1-0065","cat_id":"client","type":"CD","date":43907,"category":"client","highlight":{},"emphasize":"N","dint":1584403200000,"age":"","index":47,"edges":[],"neighbors":[],"degree":0,"association":0,"dstr":"2020-03-17"},{"SEQID":"EPI_ISL_479991","GNODEID":"G-18.3.1","TAGID":"B-1-0066","cat_id":"client","type":"CD","date":43915,"category":"client","highlight":{},"emphasize":"N","dint":1585094400000,"age":"","index":48,"edges":[],"neighbors":[],"degree":0,"association":0,"dstr":"2020-03-25"},{"SEQID":"EPI_ISL_479993","GNODEID":"G-18.3.1","TAGID":"B-1-0068","cat_id":"client","type":"CD","date":43917,"category":"client","highlight":{},"emphasize":"N","dint":1585267200000,"age":"","index":49,"edges":[],"neighbors":[],"degree":0,"association":0,"dstr":"2020-03-27"},{"SEQID":"EPI_ISL_479999","GNODEID":"G-2","TAGID":"B-1-0070","cat_id":"client","type":"CD","date":43902,"category":"client","highlight":{},"emphasize":"Y","dint":1583971200000,"age":"","index":50,"edges":[],"neighbors":[],"degree":0,"association":0,"dstr":"2020-03-12"},{"SEQID":"EPI_ISL_480000","GNODEID":"G-19.1.1","TAGID":"B-1-0071","cat_id":"client","type":"CD","date":43913,"category":"client","highlight":{},"emphasize":"Y","dint":1584921600000,"age":"","index":51,"edges":[],"neighbors":[],"degree":0,"association":0,"dstr":"2020-03-23"},{"SEQID":"EPI_ISL_480003","GNODEID":"G-4","TAGID":"B-1-0072","cat_id":"client","type":"CD","date":43914,"category":"client","highlight":{},"emphasize":"N","dint":1585008000000,"age":"","index":52,"edges":[],"neighbors":[],"degree":0,"association":0,"dstr":"2020-03-24"},{"SEQID":"EPI_ISL_480023","GNODEID":"G-19.1.2","TAGID":"B-1-0073","cat_id":"staff","type":"CD","date":43917,"category":"staff","highlight":{},"emphasize":"Y","dint":1585267200000,"age":"","index":53,"edges":[],"neighbors":[],"degree":0,"association":0,"dstr":"2020-03-27"},{"SEQID":"EPI_ISL_480035","GNODEID":"G-19.2","TAGID":"B-1-0074","cat_id":"staff","type":"CD","date":43910,"category":"staff","highlight":{},"emphasize":"N","dint":1584662400000,"age":"","index":54,"edges":[],"neighbors":[],"degree":0,"association":0,"dstr":"2020-03-20"},{"SEQID":"EPI_ISL_480106","GNODEID":"G-18.3.2","TAGID":"B-1-0075","cat_id":"staff","type":"CD","date":43909,"category":"staff","highlight":{},"emphasize":"Y","dint":1584576000000,"age":"","index":55,"edges":[],"neighbors":[],"degree":0,"association":0,"dstr":"2020-03-19"},{"SEQID":"EPI_ISL_480107","GNODEID":"G-18.3.2","TAGID":"B-1-0076","cat_id":"client","type":"CD","date":43909,"category":"client","highlight":{},"emphasize":"N","dint":1584576000000,"age":"","index":56,"edges":[],"neighbors":[],"degree":0,"association":0,"dstr":"2020-03-19"},{"SEQID":"EPI_ISL_480180","GNODEID":"G-19.1.2","TAGID":"B-1-0077","cat_id":"staff","type":"CD","date":43917,"category":"staff","highlight":{},"emphasize":"Y","dint":1585267200000,"age":"","index":57,"edges":[],"neighbors":[],"degree":0,"association":0,"dstr":"2020-03-27"},{"SEQID":"EPI_ISL_480181","GNODEID":"G-19.1","TAGID":"B-1-0078","cat_id":"staff","type":"CD","date":43917,"category":"staff","highlight":{},"emphasize":"N","dint":1585267200000,"age":"","index":58,"edges":[],"neighbors":[],"degree":0,"association":0,"dstr":"2020-03-27"},{"SEQID":"EPI_ISL_480196","GNODEID":"G-14","TAGID":"B-1-0079","cat_id":"staff","type":"CD","date":43920,"category":"staff","highlight":{},"emphasize":"N","dint":1585526400000,"age":"","index":59,"edges":[],"neighbors":[],"degree":0,"association":0,"dstr":"2020-03-30"},{"SEQID":"EPI_ISL_480198","GNODEID":"G-0","TAGID":"B-1-0080","cat_id":"client","type":"CD","date":43920,"category":"client","highlight":{},"emphasize":"Y","dint":1585526400000,"age":"","index":60,"edges":[],"neighbors":[],"degree":0,"association":0,"dstr":"2020-03-30"},{"SEQID":"EPI_ISL_529135","GNODEID":"G-18.2.1.1","TAGID":"B-1-0081","cat_id":"client","type":"CD","date":43919,"category":"client","highlight":{},"emphasize":"N","dint":1585440000000,"age":"","index":61,"edges":[],"neighbors":[],"degree":0,"association":0,"dstr":"2020-03-29"},{"SEQID":"EPI_ISL_690708","GNODEID":"G-0","TAGID":"B-1-0082","cat_id":"client","type":"CD","date":43903,"category":"client","highlight":{},"emphasize":"Y","dint":1584057600000,"age":"","index":62,"edges":[],"neighbors":[],"degree":0,"association":0,"dstr":"2020-03-13"},{"SEQID":"EPI_ISL_690849","GNODEID":"G-18","TAGID":"B-1-0084","cat_id":"staff","type":"CD","date":43906,"category":"staff","highlight":{},"emphasize":"N","dint":1584316800000,"age":"","index":63,"edges":[],"neighbors":[],"degree":0,"association":0,"dstr":"2020-03-16"},{"SEQID":"EPI_ISL_690854","GNODEID":"G-18.3.3","TAGID":"B-1-0085","cat_id":"client","type":"CD","date":43913,"category":"client","highlight":{},"emphasize":"Y","dint":1584921600000,"age":"","index":64,"edges":[],"neighbors":[],"degree":0,"association":0,"dstr":"2020-03-23"},{"SEQID":"EPI_ISL_690857","GNODEID":"G-18.3.3","TAGID":"B-1-0087","cat_id":"client","type":"CD","date":43915,"category":"client","highlight":{},"emphasize":"Y","dint":1585094400000,"age":"","index":65,"edges":[],"neighbors":[],"degree":0,"association":0,"dstr":"2020-03-25"},{"SEQID":"EPI_ISL_690859","GNODEID":"G-18.3.7","TAGID":"B-1-0089","cat_id":"staff","type":"CD","date":43917,"category":"staff","highlight":{},"emphasize":"N","dint":1585267200000,"age":"","index":66,"edges":[],"neighbors":[],"degree":0,"association":0,"dstr":"2020-03-27"},{"SEQID":"EPI_ISL_690860","GNODEID":"G-0","TAGID":"B-1-0090","cat_id":"staff","type":"CD","date":43919,"category":"staff","highlight":{},"emphasize":"Y","dint":1585440000000,"age":"","index":67,"edges":[],"neighbors":[],"degree":0,"association":0,"dstr":"2020-03-29"},{"SEQID":"EPI_ISL_690861","GNODEID":"G-0","TAGID":"B-1-0091","cat_id":"staff","type":"CD","date":43919,"category":"staff","highlight":{},"emphasize":"Y","dint":1585440000000,"age":"","index":68,"edges":[],"neighbors":[],"degree":0,"association":0,"dstr":"2020-03-29"},{"SEQID":"EPI_ISL_690862","GNODEID":"G-0","TAGID":"B-1-0092","cat_id":"staff","type":"CD","date":43919,"category":"staff","highlight":{},"emphasize":"N","dint":1585440000000,"age":"","index":69,"edges":[],"neighbors":[],"degree":0,"association":0,"dstr":"2020-03-29"},{"SEQID":"EPI_ISL_690863","GNODEID":"G-11","TAGID":"B-1-0093","cat_id":"staff","type":"CD","date":43919,"category":"staff","highlight":{},"emphasize":"Y","dint":1585440000000,"age":"","index":70,"edges":[],"neighbors":[],"degree":0,"association":0,"dstr":"2020-03-29"},{"SEQID":"EPI_ISL_690864","GNODEID":"G-18.3.3","TAGID":"B-1-0094","cat_id":"client","type":"CD","date":43915,"category":"client","highlight":{},"emphasize":"N","dint":1585094400000,"age":"","index":71,"edges":[],"neighbors":[],"degree":0,"association":0,"dstr":"2020-03-25"},{"SEQID":"EPI_ISL_690867","GNODEID":"G-0","TAGID":"B-1-0097","cat_id":"client","type":"CD","date":43920,"category":"client","highlight":{},"emphasize":"N","dint":1585526400000,"age":"","index":72,"edges":[],"neighbors":[],"degree":0,"association":0,"dstr":"2020-03-30"},{"SEQID":"EPI_ISL_690868","GNODEID":"G-11","TAGID":"B-1-0098","cat_id":"client","type":"CD","date":43920,"category":"client","highlight":{},"emphasize":"Y","dint":1585526400000,"age":"","index":73,"edges":[],"neighbors":[],"degree":0,"association":0,"dstr":"2020-03-30"},{"SEQID":"EPI_ISL_690870","GNODEID":"G-0","TAGID":"B-1-0099","cat_id":"client","type":"CD","date":43920,"category":"client","highlight":{},"emphasize":"N","dint":1585526400000,"age":"","index":74,"edges":[],"neighbors":[],"degree":0,"association":0,"dstr":"2020-03-30"},{"SEQID":"EPI_ISL_684857","GNODEID":"G-18.3","TAGID":"B-1-0100","cat_id":"staff","type":"CD","date":43916,"category":"staff","association":"KS","highlight":{},"emphasize":"N","dint":1585180800000,"age":"","index":75,"edges":[],"neighbors":[],"degree":0,"dstr":"2020-03-26"},{"SEQID":"EPI_ISL_2544698","GNODEID":"G-13","TAGID":"B-1-0101","cat_id":"staff","type":"CD","date":43907,"category":"staff","highlight":{},"emphasize":"N","dint":1584403200000,"age":"","index":76,"edges":[],"neighbors":[],"degree":0,"association":0,"dstr":"2020-03-17"},{"SEQID":"EPI_ISL_2307338","GNODEID":"G-17.1","TAGID":"B-1-0102","cat_id":"staff","type":"CD","date":43920,"category":"staff","association":"KS","highlight":{},"emphasize":"Y","dint":1585526400000,"age":"","index":77,"edges":[],"neighbors":[],"degree":0,"dstr":"2020-03-30"},{"SEQID":"EPI_ISL_2307339","GNODEID":"G-17.1","TAGID":"B-1-0103","cat_id":"client","type":"CD","date":43920,"category":"client","association":"KS","highlight":{},"emphasize":"Y","dint":1585526400000,"age":"","index":78,"edges":[],"neighbors":[],"degree":0,"dstr":"2020-03-30"},{"SEQID":"EPI_ISL_2897356","GNODEID":"G-18","TAGID":"B-1-0104","cat_id":"client","type":"CD","date":43901,"category":"client","association":"KN","highlight":{},"emphasize":"N","dint":1583884800000,"age":"","index":79,"edges":[],"neighbors":[],"degree":0,"dstr":"2020-03-11"},{"SEQID":"EPI_ISL_2897358","GNODEID":"G-0","TAGID":"B-1-0105","cat_id":"client","type":"CD","date":43916,"category":"client","association":"KN","highlight":{},"emphasize":"N","dint":1585180800000,"age":"","index":80,"edges":[],"neighbors":[],"degree":0,"dstr":"2020-03-26"}],"edges":[{"LINKID":"L-1","TAG_from":"EPI_ISL_10343168","TAG_to":"EPI_ISL_419296","label":"家族","src":-1,"dst":-1}],"epi":[{"SEQID":"EPI_ISL_2897358","GNODEID":"G-0"},{"SEQID":"EPI_ISL_690867","GNODEID":"G-0"},{"SEQID":"EPI_ISL_479937","GNODEID":"G-0"},{"SEQID":"EPI_ISL_688761","GNODEID":"G-0"},{"SEQID":"EPI_ISL_690860","GNODEID":"G-0"},{"SEQID":"EPI_ISL_684149","GNODEID":"G-0"},{"SEQID":"EPI_ISL_480198","GNODEID":"G-0"},{"SEQID":"EPI_ISL_690862","GNODEID":"G-0"},{"SEQID":"EPI_ISL_685242","GNODEID":"G-0"},{"SEQID":"EPI_ISL_686040","GNODEID":"G-0"},{"SEQID":"EPI_ISL_690870","GNODEID":"G-0"},{"SEQID":"EPI_ISL_690708","GNODEID":"G-0"},{"SEQID":"EPI_ISL_690861","GNODEID":"G-0"},{"SEQID":"EPI_ISL_479911","GNODEID":"G-0"},{"SEQID":"REF","GNODEID":"G-1"},{"SEQID":"EPI_ISL_479999","GNODEID":"G-2"},{"SEQID":"EPI_ISL_10343168","GNODEID":"G-3"},{"SEQID":"EPI_ISL_480003","GNODEID":"G-4"},{"SEQID":"EPI_ISL_591355","GNODEID":"G-5"},{"SEQID":"EPI_ISL_688624","GNODEID":"G-6"},{"SEQID":"EPI_ISL_591348","GNODEID":"G-7"},{"SEQID":"EPI_ISL_684219","GNODEID":"G-8"},{"SEQID":"EPI_ISL_684694","GNODEID":"G-9"},{"SEQID":"EPI_ISL_416525","GNODEID":"G-10"},{"SEQID":"EPI_ISL_685989","GNODEID":"G-10"},{"SEQID":"EPI_ISL_690863","GNODEID":"G-11"},{"SEQID":"EPI_ISL_690868","GNODEID":"G-11"},{"SEQID":"EPI_ISL_416524","GNODEID":"G-12"},{"SEQID":"EPI_ISL_2544698","GNODEID":"G-13"},{"SEQID":"EPI_ISL_445183","GNODEID":"G-13"},{"SEQID":"EPI_ISL_480196","GNODEID":"G-14"},{"SEQID":"EPI_ISL_684884","GNODEID":"G-15"},{"SEQID":"EPI_ISL_684885","GNODEID":"G-15"},{"SEQID":"EPI_ISL_462446","GNODEID":"G-16"},{"SEQID":"EPI_ISL_479928","GNODEID":"G-17"},{"SEQID":"EPI_ISL_479930","GNODEID":"G-17"},{"SEQID":"EPI_ISL_2307338","GNODEID":"G-17.1"},{"SEQID":"EPI_ISL_2307339","GNODEID":"G-17.1"},{"SEQID":"EPI_ISL_2897356","GNODEID":"G-18"},{"SEQID":"EPI_ISL_419297","GNODEID":"G-18"},{"SEQID":"EPI_ISL_690849","GNODEID":"G-18"},{"SEQID":"EPI_ISL_419300","GNODEID":"G-18"},{"SEQID":"EPI_ISL_419299","GNODEID":"G-18"},{"SEQID":"EPI_ISL_419296","GNODEID":"G-18"},{"SEQID":"EPI_ISL_479938","GNODEID":"G-18.1"},{"SEQID":"EPI_ISL_479936","GNODEID":"G-18.2"},{"SEQID":"EPI_ISL_691018","GNODEID":"G-18.2"},{"SEQID":"EPI_ISL_684372","GNODEID":"G-18.2"},{"SEQID":"EPI_ISL_529135","GNODEID":"G-18.2.1.1"},{"SEQID":"EPI_ISL_591376","GNODEID":"G-18.2.1.2"},{"SEQID":"EPI_ISL_684371","GNODEID":"G-18.2.2"},{"SEQID":"EPI_ISL_684857","GNODEID":"G-18.3"},{"SEQID":"EPI_ISL_691019","GNODEID":"G-18.3"},{"SEQID":"EPI_ISL_691022","GNODEID":"G-18.3"},{"SEQID":"EPI_ISL_685241","GNODEID":"G-18.3"},{"SEQID":"EPI_ISL_479991","GNODEID":"G-18.3.1"},{"SEQID":"EPI_ISL_479993","GNODEID":"G-18.3.1"},{"SEQID":"EPI_ISL_480106","GNODEID":"G-18.3.2"},{"SEQID":"EPI_ISL_480107","GNODEID":"G-18.3.2"},{"SEQID":"EPI_ISL_690854","GNODEID":"G-18.3.3"},{"SEQID":"EPI_ISL_690864","GNODEID":"G-18.3.3"},{"SEQID":"EPI_ISL_690857","GNODEID":"G-18.3.3"},{"SEQID":"EPI_ISL_685784","GNODEID":"G-18.3.4"},{"SEQID":"EPI_ISL_479883","GNODEID":"G-18.3.5"},{"SEQID":"EPI_ISL_479884","GNODEID":"G-18.3.5"},{"SEQID":"EPI_ISL_684375","GNODEID":"G-18.3.6"},{"SEQID":"EPI_ISL_684376","GNODEID":"G-18.3.6"},{"SEQID":"EPI_ISL_690859","GNODEID":"G-18.3.7"},{"SEQID":"EPI_ISL_479853","GNODEID":"G-18.4"},{"SEQID":"EPI_ISL_479901","GNODEID":"G-18.4"},{"SEQID":"EPI_ISL_479854","GNODEID":"G-18.4"},{"SEQID":"EPI_ISL_479896","GNODEID":"G-18.4.1"},{"SEQID":"EPI_ISL_479900","GNODEID":"G-18.4.1"},{"SEQID":"EPI_ISL_479897","GNODEID":"G-18.4.1"},{"SEQID":"EPI_ISL_479898","GNODEID":"G-18.4.1.1"},{"SEQID":"EPI_ISL_479899","GNODEID":"G-18.4.1.2"},{"SEQID":"EPI_ISL_684894","GNODEID":"G-18.5"},{"SEQID":"EPI_ISL_690820","GNODEID":"G-19.1"},{"SEQID":"EPI_ISL_480181","GNODEID":"G-19.1"},{"SEQID":"EPI_ISL_691029","GNODEID":"G-19.1"},{"SEQID":"EPI_ISL_480000","GNODEID":"G-19.1.1"},{"SEQID":"EPI_ISL_480023","GNODEID":"G-19.1.2"},{"SEQID":"EPI_ISL_480180","GNODEID":"G-19.1.2"},{"SEQID":"EPI_ISL_480035","GNODEID":"G-19.2"}],"tree":[{"label":"G-0","length":0,"edges":["G-1","G-2","G-3","G-4","G-5","G-6","G-7","G-8","G-9","G-10","G-11","G-12","G-13","G-14","G-15","G-16","G-17","G-17.1","G-18","G-18.1","G-18.2","G-18.2.1","G-18.2.1.1","G-18.2.1.2","G-18.2.2","G-18.3","G-18.3.1","G-18.3.2","G-18.3.3","G-18.3.4","G-18.3.5","G-18.3.6","G-18.3.7","G-18.4","G-18.4.1","G-18.4.1.1","G-18.4.1.2","G-18.5","G-19","G-19.1","G-19.1.1","G-19.1.2","G-19.2"],"subs":0},{"label":"G-1","length":0.0003206963,"edges":[],"subs":1},{"label":"G-2","length":0.00032058200000000003,"edges":[],"subs":1},{"label":"G-3","length":0.00016025099999999998,"edges":[],"subs":0},{"label":"G-4","length":0.00016029279999999995,"edges":[],"subs":0},{"label":"G-5","length":0.00016031499999999993,"edges":[],"subs":0},{"label":"G-6","length":0.0003205905000000001,"edges":[],"subs":1},{"label":"G-7","length":0.0003203601000000001,"edges":[],"subs":1},{"label":"G-8","length":0.00016026719999999992,"edges":[],"subs":0},{"label":"G-9","length":0.00032033550000000016,"edges":[],"subs":1},{"label":"G-10","length":0.00016022519999999988,"edges":[],"subs":0},{"label":"G-11","length":0.0003201423000000002,"edges":[],"subs":1},{"label":"G-12","length":0.00016027349999999987,"edges":[],"subs":0},{"label":"G-13","length":0.00016023789999999985,"edges":[],"subs":0},{"label":"G-14","length":0.00016024699999999984,"edges":[],"subs":0},{"label":"G-15","length":0.00032085,"edges":[],"subs":1},{"label":"G-16","length":0.00048192440000000003,"edges":[],"subs":1},{"label":"G-17","length":0.00016065619999999997,"edges":["G-17.1"],"subs":0},{"label":"G-17.1","length":0.0001605012,"edges":[],"subs":0},{"label":"G-18","length":0.00016096229999999995,"edges":["G-18.1","G-18.2","G-18.3","G-18.4","G-18.5"],"subs":0},{"label":"G-18.1","length":0.0009670501,"edges":[],"subs":3},{"label":"G-18.2","length":0.00016134209999999998,"edges":["G-18.2.1","G-18.2.2"],"subs":0},{"label":"G-18.2.1","length":0.00016116849999999998,"edges":["G-18.2.1.1","G-18.2.1.2"],"subs":0},{"label":"G-18.2.1.1","length":0.0003223776,"edges":[],"subs":1},{"label":"G-18.2.1.2","length":0.0003222222,"edges":[],"subs":1},{"label":"G-18.2.2","length":0.0003221173,"edges":[],"subs":1},{"label":"G-18.3","length":0.0001615871,"edges":["G-18.3.1","G-18.3.2","G-18.3.3","G-18.3.4","G-18.3.5","G-18.3.6","G-18.3.7"],"subs":0},{"label":"G-18.3.1","length":0.0006466617,"edges":[],"subs":2},{"label":"G-18.3.2","length":0.0004851596,"edges":[],"subs":1},{"label":"G-18.3.3","length":0.00016179049999999996,"edges":[],"subs":0},{"label":"G-18.3.4","length":0.00016186109999999997,"edges":[],"subs":0},{"label":"G-18.3.5","length":0.00016193319999999994,"edges":[],"subs":0},{"label":"G-18.3.6","length":0.00016207819999999992,"edges":[],"subs":0},{"label":"G-18.3.7","length":0.00016204379999999993,"edges":[],"subs":0},{"label":"G-18.4","length":0.00016154769999999997,"edges":["G-18.4.1"],"subs":0},{"label":"G-18.4.1","length":0.00016133079999999998,"edges":["G-18.4.1.1","G-18.4.1.2"],"subs":0},{"label":"G-18.4.1.1","length":0.0001612774,"edges":[],"subs":0},{"label":"G-18.4.1.2","length":0.0001612828,"edges":[],"subs":0},{"label":"G-18.5","length":0.00016160009999999998,"edges":[],"subs":0},{"label":"G-19","length":0.00016097139999999996,"edges":["G-19.1","G-19.2"],"subs":0},{"label":"G-19.1","length":0.0003215394,"edges":["G-19.1.1","G-19.1.2"],"subs":1},{"label":"G-19.1.1","length":0.0001605919,"edges":[],"subs":0},{"label":"G-19.1.2","length":0.00016062139999999998,"edges":[],"subs":0},{"label":"G-19.2","length":0.0003217053,"edges":[],"subs":1}],"dist":{"period":92.44751050270943,"phase":91.44751050270943,"interval":0.00000347416614481409}}