{"nodes":[{"SEQID":"EPI_ISL_4221827","GNODEID":"G-2.3.4","TAGID":"B-1-617-2-0001","cat_id":"client","type":"CD","date":44431,"category":"client","association":"なし","highlight":{},"emphasize":"N","dint":1629676800000,"age":"","index":0,"edges":[],"neighbors":[],"degree":0,"dstr":"2021-08-23"},{"SEQID":"EPI_ISL_4221829","GNODEID":"G-2.1.12","TAGID":"B-1-617-2-0002","cat_id":"client","type":"CD","date":44431,"category":"client","association":"なし","highlight":{},"emphasize":"N","dint":1629676800000,"age":"","index":1,"edges":[],"neighbors":[],"degree":0,"dstr":"2021-08-23"},{"SEQID":"EPI_ISL_4221830","GNODEID":"G-2","TAGID":"B-1-617-2-0003","cat_id":"client","type":"CD","date":44435,"category":"client","association":"なし","highlight":{},"emphasize":"Y","dint":1630022400000,"age":"","index":2,"edges":[],"neighbors":[],"degree":0,"dstr":"2021-08-27"},{"SEQID":"EPI_ISL_4221838","GNODEID":"G-2.1.2.1","TAGID":"B-1-617-2-0004","cat_id":"staff","type":"CD","date":44436,"category":"staff","association":"なし","highlight":{},"emphasize":"Y","dint":1630108800000,"age":"","index":3,"edges":[],"neighbors":[],"degree":0,"dstr":"2021-08-28"},{"SEQID":"EPI_ISL_4221839","GNODEID":"G-2.14","TAGID":"B-1-617-2-0005","cat_id":"client","type":"CD","date":44432,"category":"client","association":"なし","highlight":{},"emphasize":"N","dint":1629763200000,"age":"","index":4,"edges":[],"neighbors":[],"degree":0,"dstr":"2021-08-24"},{"SEQID":"EPI_ISL_4221841","GNODEID":"G-2.1.7","TAGID":"B-1-617-2-0006","cat_id":"client","type":"CD","date":44433,"category":"client","association":"なし","highlight":{},"emphasize":"Y","dint":1629849600000,"age":"","index":5,"edges":[],"neighbors":[],"degree":0,"dstr":"2021-08-25"},{"SEQID":"EPI_ISL_6518231","GNODEID":"G-2.1","TAGID":"B-1-617-2-0007","cat_id":"client","type":"CD","date":44426,"category":"client","association":"KN","highlight":{},"emphasize":"N","dint":1629244800000,"age":"","index":6,"edges":[],"neighbors":[],"degree":0,"dstr":"2021-08-18"},{"SEQID":"EPI_ISL_6584443","GNODEID":"G-2.1.25.4","TAGID":"B-1-617-2-0012","cat_id":"client","type":"CD","date":44429,"category":"client","association":"KN","highlight":{},"emphasize":"Y","dint":1629504000000,"age":"","index":7,"edges":[],"neighbors":[],"degree":0,"dstr":"2021-08-21"},{"SEQID":"EPI_ISL_8109744","GNODEID":"G-2.1.25.7","TAGID":"B-1-617-2-0014","cat_id":"client","type":"CD","date":44433,"category":"client","association":"TH","highlight":{},"emphasize":"N","dint":1629849600000,"age":"","index":8,"edges":[],"neighbors":[],"degree":0,"dstr":"2021-08-25"},{"SEQID":"EPI_ISL_6228340","GNODEID":"G-2.1.10","TAGID":"B-1-617-2-0016","cat_id":"staff","type":"CD","date":44422,"category":"staff","highlight":{},"emphasize":"N","dint":1628899200000,"age":"","index":9,"edges":[],"neighbors":[],"degree":0,"association":0,"dstr":"2021-08-14"},{"SEQID":"EPI_ISL_3983436","GNODEID":"G-2.1.11","TAGID":"B-1-617-2-0017","cat_id":"client","type":"CD","date":44427,"category":"client","highlight":{},"emphasize":"Y","dint":1629331200000,"age":"","index":10,"edges":[],"neighbors":[],"degree":0,"association":0,"dstr":"2021-08-19"},{"SEQID":"EPI_ISL_3983444","GNODEID":"G-2.3.2","TAGID":"B-1-617-2-0019","cat_id":"client","type":"CD","date":44428,"category":"client","highlight":{},"emphasize":"N","dint":1629417600000,"age":"","index":11,"edges":[],"neighbors":[],"degree":0,"association":0,"dstr":"2021-08-20"},{"SEQID":"EPI_ISL_3983446","GNODEID":"G-2","TAGID":"B-1-617-2-0020","cat_id":"client","type":"CD","date":44426,"category":"client","highlight":{},"emphasize":"Y","dint":1629244800000,"age":"","index":12,"edges":[],"neighbors":[],"degree":0,"association":0,"dstr":"2021-08-18"},{"SEQID":"EPI_ISL_3983459","GNODEID":"G-2.1.5","TAGID":"B-1-617-2-0021","cat_id":"staff","type":"CD","date":44430,"category":"staff","highlight":{},"emphasize":"Y","dint":1629590400000,"age":"","index":13,"edges":[],"neighbors":[],"degree":0,"association":0,"dstr":"2021-08-22"},{"SEQID":"EPI_ISL_3983461","GNODEID":"G-2.18","TAGID":"B-1-617-2-0022","cat_id":"client","type":"CD","date":44430,"category":"client","highlight":{},"emphasize":"N","dint":1629590400000,"age":"","index":14,"edges":[],"neighbors":[],"degree":0,"association":0,"dstr":"2021-08-22"},{"SEQID":"EPI_ISL_3983471","GNODEID":"G-2.4.1","TAGID":"B-1-617-2-0024","cat_id":"staff","type":"CD","date":44428,"category":"staff","highlight":{},"emphasize":"Y","dint":1629417600000,"age":"","index":15,"edges":[],"neighbors":[],"degree":0,"association":0,"dstr":"2021-08-20"},{"SEQID":"EPI_ISL_3983484","GNODEID":"G-2.20","TAGID":"B-1-617-2-0025","cat_id":"staff","type":"CD","date":44427,"category":"staff","highlight":{},"emphasize":"N","dint":1629331200000,"age":"","index":16,"edges":[],"neighbors":[],"degree":0,"association":0,"dstr":"2021-08-19"},{"SEQID":"EPI_ISL_3983489","GNODEID":"G-2.1.27","TAGID":"B-1-617-2-0026","cat_id":"staff","type":"CD","date":44430,"category":"staff","highlight":{},"emphasize":"N","dint":1629590400000,"age":"","index":17,"edges":[],"neighbors":[],"degree":0,"association":0,"dstr":"2021-08-22"},{"SEQID":"EPI_ISL_4549197","GNODEID":"G-2.16","TAGID":"B-1-617-2-0035","cat_id":"staff","type":"CD","date":44448,"category":"staff","highlight":{},"emphasize":"N","dint":1631145600000,"age":"","index":18,"edges":[],"neighbors":[],"degree":0,"association":0,"dstr":"2021-09-09"},{"SEQID":"EPI_ISL_4549198","GNODEID":"G-2.16","TAGID":"B-1-617-2-0036","cat_id":"client","type":"CD","date":44448,"category":"client","highlight":{},"emphasize":"N","dint":1631145600000,"age":"","index":19,"edges":[],"neighbors":[],"degree":0,"association":0,"dstr":"2021-09-09"},{"SEQID":"EPI_ISL_4549202","GNODEID":"G-2.11","TAGID":"B-1-617-2-0040","cat_id":"staff","type":"CD","date":44445,"category":"staff","highlight":{},"emphasize":"Y","dint":1630886400000,"age":"","index":20,"edges":[],"neighbors":[],"degree":0,"association":0,"dstr":"2021-09-06"},{"SEQID":"EPI_ISL_4549203","GNODEID":"G-2.23","TAGID":"B-1-617-2-0041","cat_id":"staff","type":"CD","date":44449,"category":"staff","highlight":{},"emphasize":"Y","dint":1631232000000,"age":"","index":21,"edges":[],"neighbors":[],"degree":0,"association":0,"dstr":"2021-09-10"},{"SEQID":"EPI_ISL_4549204","GNODEID":"G-2.4.2","TAGID":"B-1-617-2-0042","cat_id":"staff","type":"CD","date":44449,"category":"staff","highlight":{},"emphasize":"N","dint":1631232000000,"age":"","index":22,"edges":[],"neighbors":[],"degree":0,"association":0,"dstr":"2021-09-10"},{"SEQID":"EPI_ISL_4549206","GNODEID":"G-2.1.4","TAGID":"B-1-617-2-0043","cat_id":"staff","type":"CD","date":44447,"category":"staff","highlight":{},"emphasize":"Y","dint":1631059200000,"age":"","index":23,"edges":[],"neighbors":[],"degree":0,"association":0,"dstr":"2021-09-08"},{"SEQID":"EPI_ISL_4549212","GNODEID":"G-2","TAGID":"B-1-617-2-0044","cat_id":"client","type":"CD","date":44448,"category":"client","highlight":{},"emphasize":"N","dint":1631145600000,"age":"","index":24,"edges":[],"neighbors":[],"degree":0,"association":0,"dstr":"2021-09-09"},{"SEQID":"EPI_ISL_4549218","GNODEID":"G-2.19","TAGID":"B-1-617-2-0046","cat_id":"staff","type":"CD","date":44451,"category":"staff","highlight":{},"emphasize":"Y","dint":1631404800000,"age":"","index":25,"edges":[],"neighbors":[],"degree":0,"association":0,"dstr":"2021-09-12"},{"SEQID":"EPI_ISL_4549219","GNODEID":"G-2.10","TAGID":"B-1-617-2-0047","cat_id":"client","type":"CD","date":44447,"category":"client","highlight":{},"emphasize":"Y","dint":1631059200000,"age":"","index":26,"edges":[],"neighbors":[],"degree":0,"association":0,"dstr":"2021-09-08"},{"SEQID":"EPI_ISL_4641428","GNODEID":"G-2.1.15","TAGID":"B-1-617-2-0048","cat_id":"staff","type":"CD","date":44432,"category":"staff","association":"KY","highlight":{},"emphasize":"Y","dint":1629763200000,"age":"","index":27,"edges":[],"neighbors":[],"degree":0,"dstr":"2021-08-24"},{"SEQID":"EPI_ISL_4641957","GNODEID":"G-2.1.19.3.3","TAGID":"B-1-617-2-0049","cat_id":"client","type":"CD","date":44427,"category":"client","association":"KS","highlight":{},"emphasize":"Y","dint":1629331200000,"age":"","index":28,"edges":[],"neighbors":[],"degree":0,"dstr":"2021-08-19"},{"SEQID":"EPI_ISL_4645008","GNODEID":"G-2.1.19.8.1","TAGID":"B-1-617-2-0050","cat_id":"client","type":"CD","date":44435,"category":"client","association":"KY","highlight":{},"emphasize":"Y","dint":1630022400000,"age":"","index":29,"edges":[],"neighbors":[],"degree":0,"dstr":"2021-08-27"},{"SEQID":"EPI_ISL_4720511","GNODEID":"G-2.1.19.3.3","TAGID":"B-1-617-2-0052","cat_id":"client","type":"CD","date":44428,"category":"client","association":"KS","highlight":{},"emphasize":"N","dint":1629417600000,"age":"","index":30,"edges":[],"neighbors":[],"degree":0,"dstr":"2021-08-20"},{"SEQID":"EPI_ISL_4721652","GNODEID":"G-2.1.19.3.3.1","TAGID":"B-1-617-2-0053","cat_id":"client","type":"CD","date":44428,"category":"client","association":"KS","highlight":{},"emphasize":"N","dint":1629417600000,"age":"","index":31,"edges":[],"neighbors":[],"degree":0,"dstr":"2021-08-20"},{"SEQID":"EPI_ISL_4721739","GNODEID":"G-2.1.23","TAGID":"B-1-617-2-0055","cat_id":"staff","type":"CD","date":44428,"category":"staff","association":"KS","highlight":{},"emphasize":"N","dint":1629417600000,"age":"","index":32,"edges":[],"neighbors":[],"degree":0,"dstr":"2021-08-20"},{"SEQID":"EPI_ISL_4723251","GNODEID":"G-2.1.19.3","TAGID":"B-1-617-2-0058","cat_id":"client","type":"CD","date":44432,"category":"client","association":"KS","highlight":{},"emphasize":"Y","dint":1629763200000,"age":"","index":33,"edges":[],"neighbors":[],"degree":0,"dstr":"2021-08-24"},{"SEQID":"EPI_ISL_4723537","GNODEID":"G-2.24","TAGID":"B-1-617-2-0060","cat_id":"staff","type":"CD","date":44432,"category":"staff","association":"KS","highlight":{},"emphasize":"Y","dint":1629763200000,"age":"","index":34,"edges":[],"neighbors":[],"degree":0,"dstr":"2021-08-24"},{"SEQID":"EPI_ISL_4723617","GNODEID":"G-2.1.19.3.3.6","TAGID":"B-1-617-2-0061","cat_id":"staff","type":"CD","date":44432,"category":"staff","association":"KS","highlight":{},"emphasize":"Y","dint":1629763200000,"age":"","index":35,"edges":[],"neighbors":[],"degree":0,"dstr":"2021-08-24"},{"SEQID":"EPI_ISL_4725765","GNODEID":"G-2.1.19.3.3.9","TAGID":"B-1-617-2-0062","cat_id":"client","type":"CD","date":44421,"category":"client","association":"KS","highlight":{},"emphasize":"Y","dint":1628812800000,"age":"","index":36,"edges":[],"neighbors":[],"degree":0,"dstr":"2021-08-13"},{"SEQID":"EPI_ISL_4726238","GNODEID":"G-2.1.19.3.3.10","TAGID":"B-1-617-2-0064","cat_id":"staff","type":"CD","date":44421,"category":"staff","association":"KS","highlight":{},"emphasize":"N","dint":1628812800000,"age":"","index":37,"edges":[],"neighbors":[],"degree":0,"dstr":"2021-08-13"},{"SEQID":"EPI_ISL_4756678","GNODEID":"G-2.1.19.3.3","TAGID":"B-1-617-2-0066","cat_id":"staff","type":"CD","date":44419,"category":"staff","association":"KS","highlight":{},"emphasize":"N","dint":1628640000000,"age":"","index":38,"edges":[],"neighbors":[],"degree":0,"dstr":"2021-08-11"},{"SEQID":"EPI_ISL_4757242","GNODEID":"G-2.1.9","TAGID":"B-1-617-2-0067","cat_id":"client","type":"CD","date":44419,"category":"client","association":"KS","highlight":{},"emphasize":"Y","dint":1628640000000,"age":"","index":39,"edges":[],"neighbors":[],"degree":0,"dstr":"2021-08-11"},{"SEQID":"EPI_ISL_4848670","GNODEID":"G-2.1.19","TAGID":"B-1-617-2-0068","cat_id":"client","type":"CD","date":44418,"category":"client","association":"KN","highlight":{},"emphasize":"N","dint":1628553600000,"age":"","index":40,"edges":[],"neighbors":[],"degree":0,"dstr":"2021-08-10"},{"SEQID":"EPI_ISL_4849567","GNODEID":"G-2.4.1","TAGID":"B-1-617-2-0070","cat_id":"client","type":"CD","date":44451,"category":"client","association":"なし","highlight":{},"emphasize":"Y","dint":1631404800000,"age":"","index":41,"edges":[],"neighbors":[],"degree":0,"dstr":"2021-09-12"},{"SEQID":"EPI_ISL_4849573","GNODEID":"G-2.17","TAGID":"B-1-617-2-0075","cat_id":"staff","type":"CD","date":44452,"category":"staff","association":"なし","highlight":{},"emphasize":"Y","dint":1631491200000,"age":"","index":42,"edges":[],"neighbors":[],"degree":0,"dstr":"2021-09-13"},{"SEQID":"EPI_ISL_4849575","GNODEID":"G-2.15","TAGID":"B-1-617-2-0077","cat_id":"staff","type":"CD","date":44453,"category":"staff","association":"なし","highlight":{},"emphasize":"N","dint":1631577600000,"age":"","index":43,"edges":[],"neighbors":[],"degree":0,"dstr":"2021-09-14"},{"SEQID":"EPI_ISL_4849581","GNODEID":"G-2.13","TAGID":"B-1-617-2-0078","cat_id":"client","type":"CD","date":44452,"category":"client","association":"なし","highlight":{},"emphasize":"N","dint":1631491200000,"age":"","index":44,"edges":[],"neighbors":[],"degree":0,"dstr":"2021-09-13"},{"SEQID":"EPI_ISL_4849583","GNODEID":"G-2.22.1","TAGID":"B-1-617-2-0079","cat_id":"client","type":"CD","date":44458,"category":"client","association":"なし","highlight":{},"emphasize":"N","dint":1632009600000,"age":"","index":45,"edges":[],"neighbors":[],"degree":0,"dstr":"2021-09-19"},{"SEQID":"EPI_ISL_4849595","GNODEID":"G-2.3.3","TAGID":"B-1-617-2-0082","cat_id":"staff","type":"CD","date":44453,"category":"staff","association":"なし","highlight":{},"emphasize":"N","dint":1631577600000,"age":"","index":46,"edges":[],"neighbors":[],"degree":0,"dstr":"2021-09-14"},{"SEQID":"EPI_ISL_4849599","GNODEID":"G-2.22","TAGID":"B-1-617-2-0083","cat_id":"client","type":"CD","date":44455,"category":"client","association":"なし","highlight":{},"emphasize":"N","dint":1631750400000,"age":"","index":47,"edges":[],"neighbors":[],"degree":0,"dstr":"2021-09-16"},{"SEQID":"EPI_ISL_4849604","GNODEID":"G-2.7","TAGID":"B-1-617-2-0084","cat_id":"client","type":"CD","date":44458,"category":"client","association":"なし","highlight":{},"emphasize":"Y","dint":1632009600000,"age":"","index":48,"edges":[],"neighbors":[],"degree":0,"dstr":"2021-09-19"},{"SEQID":"EPI_ISL_4849605","GNODEID":"G-2.1.6","TAGID":"B-1-617-2-0085","cat_id":"staff","type":"CD","date":44453,"category":"staff","association":"なし","highlight":{},"emphasize":"N","dint":1631577600000,"age":"","index":49,"edges":[],"neighbors":[],"degree":0,"dstr":"2021-09-14"},{"SEQID":"EPI_ISL_4849608","GNODEID":"G-2.3.5","TAGID":"B-1-617-2-0087","cat_id":"client","type":"CD","date":44454,"category":"client","association":"なし","highlight":{},"emphasize":"Y","dint":1631664000000,"age":"","index":50,"edges":[],"neighbors":[],"degree":0,"dstr":"2021-09-15"},{"SEQID":"EPI_ISL_4849609","GNODEID":"G-2.2.3.2","TAGID":"B-1-617-2-0088","cat_id":"client","type":"CD","date":44454,"category":"client","association":"なし","highlight":{},"emphasize":"Y","dint":1631664000000,"age":"","index":51,"edges":[],"neighbors":[],"degree":0,"dstr":"2021-09-15"},{"SEQID":"EPI_ISL_5698400","GNODEID":"G-2.1","TAGID":"B-1-617-2-0090","cat_id":"client","type":"CD","date":44426,"category":"client","association":"KS","highlight":{},"emphasize":"Y","dint":1629244800000,"age":"","index":52,"edges":[],"neighbors":[],"degree":0,"dstr":"2021-08-18"},{"SEQID":"EPI_ISL_5698447","GNODEID":"G-2.1.19.3.3","TAGID":"B-1-617-2-0091","cat_id":"client","type":"CD","date":44426,"category":"client","association":"KS","highlight":{},"emphasize":"N","dint":1629244800000,"age":"","index":53,"edges":[],"neighbors":[],"degree":0,"dstr":"2021-08-18"},{"SEQID":"EPI_ISL_5699451","GNODEID":"G-2.1.25.5","TAGID":"B-1-617-2-0092","cat_id":"client","type":"CD","date":44434,"category":"client","association":"KN","highlight":{},"emphasize":"Y","dint":1629936000000,"age":"","index":54,"edges":[],"neighbors":[],"degree":0,"dstr":"2021-08-26"},{"SEQID":"EPI_ISL_5699464","GNODEID":"G-2.1.19","TAGID":"B-1-617-2-0093","cat_id":"client","type":"CD","date":44434,"category":"client","association":"KN","highlight":{},"emphasize":"Y","dint":1629936000000,"age":"","index":55,"edges":[],"neighbors":[],"degree":0,"dstr":"2021-08-26"},{"SEQID":"EPI_ISL_5701109","GNODEID":"G-2.1.19.1","TAGID":"B-1-617-2-0095","cat_id":"client","type":"CD","date":44427,"category":"client","association":"KS","highlight":{},"emphasize":"Y","dint":1629331200000,"age":"","index":56,"edges":[],"neighbors":[],"degree":0,"dstr":"2021-08-19"},{"SEQID":"EPI_ISL_5701159","GNODEID":"G-2.1.19.3.3.4","TAGID":"B-1-617-2-0096","cat_id":"client","type":"CD","date":44426,"category":"client","association":"TH","highlight":{},"emphasize":"N","dint":1629244800000,"age":"","index":57,"edges":[],"neighbors":[],"degree":0,"dstr":"2021-08-18"},{"SEQID":"EPI_ISL_5704224","GNODEID":"G-2.1.19.3.3.8","TAGID":"B-1-617-2-0099","cat_id":"client","type":"CD","date":44435,"category":"client","association":"KS","highlight":{},"emphasize":"Y","dint":1630022400000,"age":"","index":58,"edges":[],"neighbors":[],"degree":0,"dstr":"2021-08-27"},{"SEQID":"EPI_ISL_5708615","GNODEID":"G-2.1.19","TAGID":"B-1-617-2-0101","cat_id":"client","type":"CD","date":44425,"category":"client","association":"KS","highlight":{},"emphasize":"N","dint":1629158400000,"age":"","index":59,"edges":[],"neighbors":[],"degree":0,"dstr":"2021-08-17"},{"SEQID":"EPI_ISL_5709739","GNODEID":"G-2.1.19.3.3.3.1","TAGID":"B-1-617-2-0104","cat_id":"client","type":"CD","date":44425,"category":"client","association":"KS","highlight":{},"emphasize":"N","dint":1629158400000,"age":"","index":60,"edges":[],"neighbors":[],"degree":0,"dstr":"2021-08-17"},{"SEQID":"EPI_ISL_5710648","GNODEID":"G-2.1.19.4","TAGID":"B-1-617-2-0105","cat_id":"client","type":"CD","date":44435,"category":"client","association":"KS","highlight":{},"emphasize":"N","dint":1630022400000,"age":"","index":61,"edges":[],"neighbors":[],"degree":0,"dstr":"2021-08-27"},{"SEQID":"EPI_ISL_5714213","GNODEID":"G-2.1.18","TAGID":"B-1-617-2-0107","cat_id":"staff","type":"CD","date":44432,"category":"staff","association":"KN","highlight":{},"emphasize":"N","dint":1629763200000,"age":"","index":62,"edges":[],"neighbors":[],"degree":0,"dstr":"2021-08-24"},{"SEQID":"EPI_ISL_5715497","GNODEID":"G-2.1.19.3.3.8","TAGID":"B-1-617-2-0108","cat_id":"staff","type":"CD","date":44443,"category":"staff","association":"KS","highlight":{},"emphasize":"Y","dint":1630713600000,"age":"","index":63,"edges":[],"neighbors":[],"degree":0,"dstr":"2021-09-04"},{"SEQID":"EPI_ISL_5715918","GNODEID":"G-2.1.19.3.3.8","TAGID":"B-1-617-2-0114","cat_id":"staff","type":"CD","date":44443,"category":"staff","association":"KS","highlight":{},"emphasize":"N","dint":1630713600000,"age":"","index":64,"edges":[],"neighbors":[],"degree":0,"dstr":"2021-09-04"},{"SEQID":"EPI_ISL_5715932","GNODEID":"G-2.1.19.3.3.8.1","TAGID":"B-1-617-2-0115","cat_id":"staff","type":"CD","date":44443,"category":"staff","association":"KS","highlight":{},"emphasize":"Y","dint":1630713600000,"age":"","index":65,"edges":[],"neighbors":[],"degree":0,"dstr":"2021-09-04"},{"SEQID":"EPI_ISL_5716214","GNODEID":"G-2.1.19.3.3.8","TAGID":"B-1-617-2-0116","cat_id":"staff","type":"CD","date":44441,"category":"staff","association":"KS","highlight":{},"emphasize":"Y","dint":1630540800000,"age":"","index":66,"edges":[],"neighbors":[],"degree":0,"dstr":"2021-09-02"},{"SEQID":"EPI_ISL_5719067","GNODEID":"G-2.1.25.1.1","TAGID":"B-1-617-2-0120","cat_id":"client","type":"CD","date":44442,"category":"client","association":"TH","highlight":{},"emphasize":"N","dint":1630627200000,"age":"","index":67,"edges":[],"neighbors":[],"degree":0,"dstr":"2021-09-03"},{"SEQID":"EPI_ISL_5719802","GNODEID":"G-2.1.19.3.3.7","TAGID":"B-1-617-2-0122","cat_id":"staff","type":"CD","date":44445,"category":"staff","association":"KS","highlight":{},"emphasize":"Y","dint":1630886400000,"age":"","index":68,"edges":[],"neighbors":[],"degree":0,"dstr":"2021-09-06"},{"SEQID":"EPI_ISL_5723071","GNODEID":"G-2.1.16","TAGID":"B-1-617-2-0128","cat_id":"client","type":"CD","date":44447,"category":"client","association":"KS","highlight":{},"emphasize":"Y","dint":1631059200000,"age":"","index":69,"edges":[],"neighbors":[],"degree":0,"dstr":"2021-09-08"},{"SEQID":"EPI_ISL_5723586","GNODEID":"G-2.1.25.6","TAGID":"B-1-617-2-0130","cat_id":"client","type":"CD","date":44440,"category":"client","association":"KS","highlight":{},"emphasize":"N","dint":1630454400000,"age":"","index":70,"edges":[],"neighbors":[],"degree":0,"dstr":"2021-09-01"},{"SEQID":"EPI_ISL_5725727","GNODEID":"G-2.1.19.3","TAGID":"B-1-617-2-0134","cat_id":"staff","type":"CD","date":44439,"category":"staff","association":"TH","highlight":{},"emphasize":"N","dint":1630368000000,"age":"","index":71,"edges":[],"neighbors":[],"degree":0,"dstr":"2021-08-31"},{"SEQID":"EPI_ISL_5731584","GNODEID":"G-2.1.19.3.4","TAGID":"B-1-617-2-0136","cat_id":"client","type":"CD","date":44429,"category":"client","association":"KS","highlight":{},"emphasize":"Y","dint":1629504000000,"age":"","index":72,"edges":[],"neighbors":[],"degree":0,"dstr":"2021-08-21"},{"SEQID":"EPI_ISL_5738009","GNODEID":"G-2.1.19.6","TAGID":"B-1-617-2-0137","cat_id":"staff","type":"CD","date":44450,"category":"staff","association":"KS","highlight":{},"emphasize":"Y","dint":1631318400000,"age":"","index":73,"edges":[],"neighbors":[],"degree":0,"dstr":"2021-09-11"},{"SEQID":"EPI_ISL_5746087","GNODEID":"G-2.1.17","TAGID":"B-1-617-2-0142","cat_id":"client","type":"CD","date":44453,"category":"client","association":"KN","highlight":{},"emphasize":"N","dint":1631577600000,"age":"","index":74,"edges":[],"neighbors":[],"degree":0,"dstr":"2021-09-14"},{"SEQID":"EPI_ISL_5751333","GNODEID":"G-2.1.19.7","TAGID":"B-1-617-2-0143","cat_id":"client","type":"CD","date":44452,"category":"client","association":"KS","highlight":{},"emphasize":"N","dint":1631491200000,"age":"","index":75,"edges":[],"neighbors":[],"degree":0,"dstr":"2021-09-13"},{"SEQID":"EPI_ISL_5766750","GNODEID":"G-2.1.17","TAGID":"B-1-617-2-0145","cat_id":"client","type":"CD","date":44454,"category":"client","association":"KS","highlight":{},"emphasize":"Y","dint":1631664000000,"age":"","index":76,"edges":[],"neighbors":[],"degree":0,"dstr":"2021-09-15"},{"SEQID":"EPI_ISL_5769590","GNODEID":"G-2.1","TAGID":"B-1-617-2-0147","cat_id":"staff","type":"CD","date":44443,"category":"staff","association":"CS","highlight":{},"emphasize":"Y","dint":1630713600000,"age":"","index":77,"edges":[],"neighbors":[],"degree":0,"dstr":"2021-09-04"},{"SEQID":"EPI_ISL_5771124","GNODEID":"G-2.1.25","TAGID":"B-1-617-2-0149","cat_id":"client","type":"CD","date":44455,"category":"client","association":"なし","highlight":{},"emphasize":"Y","dint":1631750400000,"age":"","index":78,"edges":[],"neighbors":[],"degree":0,"dstr":"2021-09-16"},{"SEQID":"EPI_ISL_5799464","GNODEID":"G-2.1.19.3.3.8.2","TAGID":"B-1-617-2-0152","cat_id":"client","type":"CD","date":44452,"category":"client","association":"KS","highlight":{},"emphasize":"N","dint":1631491200000,"age":"","index":79,"edges":[],"neighbors":[],"degree":0,"dstr":"2021-09-13"},{"SEQID":"EPI_ISL_5799567","GNODEID":"G-2.1.19.3.1","TAGID":"B-1-617-2-0153","cat_id":"staff","type":"CD","date":44452,"category":"staff","association":"KS","highlight":{},"emphasize":"N","dint":1631491200000,"age":"","index":80,"edges":[],"neighbors":[],"degree":0,"dstr":"2021-09-13"},{"SEQID":"EPI_ISL_5725920","GNODEID":"G-2.1.25.3","TAGID":"B-1-617-2-0154","cat_id":"staff","type":"CD","date":44455,"category":"staff","association":"TH","highlight":{},"emphasize":"N","dint":1631750400000,"age":"","index":81,"edges":[],"neighbors":[],"degree":0,"dstr":"2021-09-16"},{"SEQID":"EPI_ISL_7090470","GNODEID":"G-2.6","TAGID":"B-1-617-2-0156","cat_id":"staff","type":"CD","date":44455,"category":"staff","association":"KS","highlight":{},"emphasize":"Y","dint":1631750400000,"age":"","index":82,"edges":[],"neighbors":[],"degree":0,"dstr":"2021-09-16"},{"SEQID":"EPI_ISL_4701729","GNODEID":"G-2.1.25","TAGID":"B-1-617-2-0157","cat_id":"staff","type":"CD","date":44434,"category":"staff","association":"KS","highlight":{},"emphasize":"N","dint":1629936000000,"age":"","index":83,"edges":[],"neighbors":[],"degree":0,"dstr":"2021-08-26"},{"SEQID":"EPI_ISL_4707076","GNODEID":"G-2.1.25.2","TAGID":"B-1-617-2-0158","cat_id":"client","type":"CD","date":44420,"category":"client","association":"KS","highlight":{},"emphasize":"N","dint":1628726400000,"age":"","index":84,"edges":[],"neighbors":[],"degree":0,"dstr":"2021-08-12"},{"SEQID":"EPI_ISL_7042904","GNODEID":"G-2.1.26","TAGID":"B-1-617-2-0160","cat_id":"staff","type":"CD","date":44431,"category":"staff","association":"なし","highlight":{},"emphasize":"N","dint":1629676800000,"age":"","index":85,"edges":[],"neighbors":[],"degree":0,"dstr":"2021-08-23"},{"SEQID":"EPI_ISL_7049319","GNODEID":"G-2.1.19.3.5","TAGID":"B-1-617-2-0161","cat_id":"staff","type":"CD","date":44428,"category":"staff","association":"TH","highlight":{},"emphasize":"N","dint":1629417600000,"age":"","index":86,"edges":[],"neighbors":[],"degree":0,"dstr":"2021-08-20"},{"SEQID":"EPI_ISL_7051782","GNODEID":"G-2","TAGID":"B-1-617-2-0163","cat_id":"client","type":"CD","date":44431,"category":"client","association":"KS","highlight":{},"emphasize":"N","dint":1629676800000,"age":"","index":87,"edges":[],"neighbors":[],"degree":0,"dstr":"2021-08-23"},{"SEQID":"EPI_ISL_4641641","GNODEID":"G-2.1.19.3","TAGID":"B-1-617-2-0166","cat_id":"client","type":"CD","date":44435,"category":"client","association":"TH","highlight":{},"emphasize":"Y","dint":1630022400000,"age":"","index":88,"edges":[],"neighbors":[],"degree":0,"dstr":"2021-08-27"},{"SEQID":"EPI_ISL_7055208","GNODEID":"G-2.1.19.3.3.9","TAGID":"B-1-617-2-0167","cat_id":"staff","type":"CD","date":44424,"category":"staff","association":"KS","highlight":{},"emphasize":"Y","dint":1629072000000,"age":"","index":89,"edges":[],"neighbors":[],"degree":0,"dstr":"2021-08-16"},{"SEQID":"EPI_ISL_7055322","GNODEID":"G-2.1.19","TAGID":"B-1-617-2-0168","cat_id":"staff","type":"CD","date":44424,"category":"staff","association":"KS","highlight":{},"emphasize":"N","dint":1629072000000,"age":"","index":90,"edges":[],"neighbors":[],"degree":0,"dstr":"2021-08-16"},{"SEQID":"EPI_ISL_7055680","GNODEID":"G-2.1.19.9","TAGID":"B-1-617-2-0170","cat_id":"staff","type":"CD","date":44424,"category":"staff","association":"KS","highlight":{},"emphasize":"Y","dint":1629072000000,"age":"","index":91,"edges":[],"neighbors":[],"degree":0,"dstr":"2021-08-16"},{"SEQID":"EPI_ISL_7055700","GNODEID":"G-2.1.19","TAGID":"B-1-617-2-0171","cat_id":"client","type":"CD","date":44424,"category":"client","association":"KS","highlight":{},"emphasize":"Y","dint":1629072000000,"age":"","index":92,"edges":[],"neighbors":[],"degree":0,"dstr":"2021-08-16"},{"SEQID":"EPI_ISL_4221831","GNODEID":"G-2.9.1","TAGID":"B-1-617-2-0172","cat_id":"staff","type":"CD","date":44434,"category":"staff","association":"なし","highlight":{},"emphasize":"Y","dint":1629936000000,"age":"","index":93,"edges":[],"neighbors":[],"degree":0,"dstr":"2021-08-26"},{"SEQID":"EPI_ISL_4221833","GNODEID":"G-2.1.28","TAGID":"B-1-617-2-0173","cat_id":"client","type":"CD","date":44432,"category":"client","association":"なし","highlight":{},"emphasize":"Y","dint":1629763200000,"age":"","index":94,"edges":[],"neighbors":[],"degree":0,"dstr":"2021-08-24"},{"SEQID":"EPI_ISL_4221835","GNODEID":"G-2.2.1","TAGID":"B-1-617-2-0174","cat_id":"client","type":"CD","date":44434,"category":"client","association":"なし","highlight":{},"emphasize":"Y","dint":1629936000000,"age":"","index":95,"edges":[],"neighbors":[],"degree":0,"dstr":"2021-08-26"},{"SEQID":"EPI_ISL_4221843","GNODEID":"G-2.1.2.2","TAGID":"B-1-617-2-0177","cat_id":"staff","type":"CD","date":44433,"category":"staff","association":"なし","highlight":{},"emphasize":"Y","dint":1629849600000,"age":"","index":96,"edges":[],"neighbors":[],"degree":0,"dstr":"2021-08-25"},{"SEQID":"EPI_ISL_4221845","GNODEID":"G-2.1.2","TAGID":"B-1-617-2-0178","cat_id":"staff","type":"CD","date":44434,"category":"staff","association":"なし","highlight":{},"emphasize":"Y","dint":1629936000000,"age":"","index":97,"edges":[],"neighbors":[],"degree":0,"dstr":"2021-08-26"},{"SEQID":"EPI_ISL_5701637","GNODEID":"G-2.1.19.3.2","TAGID":"B-1-617-2-0179","cat_id":"client","type":"CD","date":44426,"category":"client","association":"KS","highlight":{},"emphasize":"Y","dint":1629244800000,"age":"","index":98,"edges":[],"neighbors":[],"degree":0,"dstr":"2021-08-18"},{"SEQID":"EPI_ISL_5700931","GNODEID":"G-2","TAGID":"B-1-617-2-0181","cat_id":"staff","type":"CD","date":44427,"category":"staff","association":"KS","highlight":{},"emphasize":"Y","dint":1629331200000,"age":"","index":99,"edges":[],"neighbors":[],"degree":0,"dstr":"2021-08-19"},{"SEQID":"EPI_ISL_4849615","GNODEID":"G-2.9.2","TAGID":"B-1-617-2-0182","cat_id":"client","type":"CD","date":44454,"category":"client","association":"なし","highlight":{},"emphasize":"Y","dint":1631664000000,"age":"","index":100,"edges":[],"neighbors":[],"degree":0,"dstr":"2021-09-15"},{"SEQID":"EPI_ISL_8988291","GNODEID":"G-2.1.19.3","TAGID":"B-1-617-2-0183","cat_id":"client","type":"CD","date":44454,"category":"client","association":"TH","highlight":{},"emphasize":"N","dint":1631664000000,"age":"","index":101,"edges":[],"neighbors":[],"degree":0,"dstr":"2021-09-15"},{"SEQID":"EPI_ISL_8988410","GNODEID":"G-2.1.19.3","TAGID":"B-1-617-2-0184","cat_id":"staff","type":"CD","date":44452,"category":"staff","association":"TH","highlight":{},"emphasize":"N","dint":1631491200000,"age":"","index":102,"edges":[],"neighbors":[],"degree":0,"dstr":"2021-09-13"},{"SEQID":"EPI_ISL_8988412","GNODEID":"G-2.1.19.3","TAGID":"B-1-617-2-0185","cat_id":"staff","type":"CD","date":44454,"category":"staff","association":"TH","highlight":{},"emphasize":"Y","dint":1631664000000,"age":"","index":103,"edges":[],"neighbors":[],"degree":0,"dstr":"2021-09-15"},{"SEQID":"EPI_ISL_8995047","GNODEID":"G-2.1.24","TAGID":"B-1-617-2-0186","cat_id":"client","type":"CD","date":44438,"category":"client","association":"TH","highlight":{},"emphasize":"Y","dint":1630281600000,"age":"","index":104,"edges":[],"neighbors":[],"degree":0,"dstr":"2021-08-30"},{"SEQID":"EPI_ISL_7047309","GNODEID":"G-2.1.19.3.3.6","TAGID":"B-1-617-2-0187","cat_id":"client","type":"CD","date":44431,"category":"client","association":"KS","highlight":{},"emphasize":"Y","dint":1629676800000,"age":"","index":105,"edges":[],"neighbors":[],"degree":0,"dstr":"2021-08-23"},{"SEQID":"EPI_ISL_4717497","GNODEID":"G-2.1.19.3.3.5","TAGID":"B-1-617-2-0190","cat_id":"client","type":"CD","date":44423,"category":"client","association":"KS","highlight":{},"emphasize":"N","dint":1628985600000,"age":"","index":106,"edges":[],"neighbors":[],"degree":0,"dstr":"2021-08-15"},{"SEQID":"EPI_ISL_4718254","GNODEID":"G-2.1","TAGID":"B-1-617-2-0191","cat_id":"client","type":"CD","date":44426,"category":"client","association":"KS","highlight":{},"emphasize":"N","dint":1629244800000,"age":"","index":107,"edges":[],"neighbors":[],"degree":0,"dstr":"2021-08-18"},{"SEQID":"EPI_ISL_4718760","GNODEID":"G-2.1.19.5","TAGID":"B-1-617-2-0192","cat_id":"staff","type":"CD","date":44425,"category":"staff","association":"KY","highlight":{},"emphasize":"Y","dint":1629158400000,"age":"","index":108,"edges":[],"neighbors":[],"degree":0,"dstr":"2021-08-17"},{"SEQID":"EPI_ISL_4723412","GNODEID":"G-2.24","TAGID":"B-1-617-2-0193","cat_id":"client","type":"CD","date":44432,"category":"client","association":"KS","highlight":{},"emphasize":"N","dint":1629763200000,"age":"","index":109,"edges":[],"neighbors":[],"degree":0,"dstr":"2021-08-24"},{"SEQID":"EPI_ISL_5419541","GNODEID":"G-2.1","TAGID":"B-1-617-2-0194","cat_id":"staff","type":"CD","date":44425,"category":"staff","association":"KN","highlight":{},"emphasize":"N","dint":1629158400000,"age":"","index":110,"edges":[],"neighbors":[],"degree":0,"dstr":"2021-08-17"},{"SEQID":"EPI_ISL_4720484","GNODEID":"G-2.1.19.3.3.9","TAGID":"B-1-617-2-0197","cat_id":"client","type":"CD","date":44427,"category":"client","association":"KS","highlight":{},"emphasize":"N","dint":1629331200000,"age":"","index":111,"edges":[],"neighbors":[],"degree":0,"dstr":"2021-08-19"},{"SEQID":"EPI_ISL_4721331","GNODEID":"G-2.1.19.3.3.3","TAGID":"B-1-617-2-0198","cat_id":"client","type":"CD","date":44429,"category":"client","association":"KS","highlight":{},"emphasize":"N","dint":1629504000000,"age":"","index":112,"edges":[],"neighbors":[],"degree":0,"dstr":"2021-08-21"},{"SEQID":"EPI_ISL_6228368","GNODEID":"G-3","TAGID":"B-1-617-2-0199","cat_id":"client","type":"CD","date":44421,"category":"client","association":"なし","highlight":{},"emphasize":"Y","dint":1628812800000,"age":"","index":113,"edges":[],"neighbors":[],"degree":0,"dstr":"2021-08-13"},{"SEQID":"EPI_ISL_4647201","GNODEID":"G-2.1.25.4","TAGID":"B-1-617-2-0200","cat_id":"client","type":"CD","date":44428,"category":"client","association":"なし","highlight":{},"emphasize":"Y","dint":1629417600000,"age":"","index":114,"edges":[],"neighbors":[],"degree":0,"dstr":"2021-08-20"},{"SEQID":"EPI_ISL_5711600","GNODEID":"G-2.1.19.5","TAGID":"B-1-617-2-0204","cat_id":"client","type":"CD","date":44430,"category":"client","association":"KY","highlight":{},"emphasize":"N","dint":1629590400000,"age":"","index":115,"edges":[],"neighbors":[],"degree":0,"dstr":"2021-08-22"},{"SEQID":"EPI_ISL_7999862","GNODEID":"G-2.1.22","TAGID":"B-1-617-2-0211","cat_id":"client","type":"CD","date":44440,"category":"client","association":"なし","highlight":{},"emphasize":"Y","dint":1630454400000,"age":"","index":116,"edges":[],"neighbors":[],"degree":0,"dstr":"2021-09-01"},{"SEQID":"EPI_ISL_7031520","GNODEID":"G-2.1.19.3","TAGID":"B-1-617-2-0212","cat_id":"client","type":"CD","date":44439,"category":"client","association":"KN","highlight":{},"emphasize":"N","dint":1630368000000,"age":"","index":117,"edges":[],"neighbors":[],"degree":0,"dstr":"2021-08-31"},{"SEQID":"EPI_ISL_7034476","GNODEID":"G-2.1.19.3","TAGID":"B-1-617-2-0213","cat_id":"client","type":"CD","date":44438,"category":"client","association":"KN","highlight":{},"emphasize":"N","dint":1630281600000,"age":"","index":118,"edges":[],"neighbors":[],"degree":0,"dstr":"2021-08-30"},{"SEQID":"EPI_ISL_7061326","GNODEID":"G-2.1.19.8","TAGID":"B-1-617-2-0216","cat_id":"client","type":"CD","date":44424,"category":"client","association":"TH","highlight":{},"emphasize":"Y","dint":1629072000000,"age":"","index":119,"edges":[],"neighbors":[],"degree":0,"dstr":"2021-08-16"},{"SEQID":"EPI_ISL_7061680","GNODEID":"G-2.1.25.1.2","TAGID":"B-1-617-2-0217","cat_id":"client","type":"CD","date":44424,"category":"client","association":"TH","highlight":{},"emphasize":"N","dint":1629072000000,"age":"","index":120,"edges":[],"neighbors":[],"degree":0,"dstr":"2021-08-16"},{"SEQID":"EPI_ISL_7065104","GNODEID":"G-2.1","TAGID":"B-1-617-2-0218","cat_id":"staff","type":"CD","date":44424,"category":"staff","association":"KS","highlight":{},"emphasize":"N","dint":1629072000000,"age":"","index":121,"edges":[],"neighbors":[],"degree":0,"dstr":"2021-08-16"},{"SEQID":"EPI_ISL_5403045","GNODEID":"G-2.1.19.2","TAGID":"B-1-617-2-0221","cat_id":"client","type":"CD","date":44426,"category":"client","association":"KS","highlight":{},"emphasize":"Y","dint":1629244800000,"age":"","index":122,"edges":[],"neighbors":[],"degree":0,"dstr":"2021-08-18"},{"SEQID":"EPI_ISL_7090401","GNODEID":"G-2.1.20","TAGID":"B-1-617-2-0223","cat_id":"client","type":"CD","date":44459,"category":"client","association":"KS","highlight":{},"emphasize":"N","dint":1632096000000,"age":"","index":123,"edges":[],"neighbors":[],"degree":0,"dstr":"2021-09-20"},{"SEQID":"EPI_ISL_7096092","GNODEID":"G-2.1.19.3","TAGID":"B-1-617-2-0226","cat_id":"client","type":"CD","date":44420,"category":"client","association":"CS","highlight":{},"emphasize":"Y","dint":1628726400000,"age":"","index":124,"edges":[],"neighbors":[],"degree":0,"dstr":"2021-08-12"},{"SEQID":"EPI_ISL_7106516","GNODEID":"G-2.1.25","TAGID":"B-1-617-2-0227","cat_id":"staff","type":"CD","date":44452,"category":"staff","association":"TO","highlight":{},"emphasize":"N","dint":1631491200000,"age":"","index":125,"edges":[],"neighbors":[],"degree":0,"dstr":"2021-09-13"},{"SEQID":"EPI_ISL_7110739","GNODEID":"G-2.16","TAGID":"B-1-617-2-0230","cat_id":"client","type":"CD","date":44448,"category":"client","association":"KN","highlight":{},"emphasize":"N","dint":1631145600000,"age":"","index":126,"edges":[],"neighbors":[],"degree":0,"dstr":"2021-09-09"},{"SEQID":"EPI_ISL_7189390","GNODEID":"G-2.2.3","TAGID":"B-1-617-2-0234","cat_id":"staff","type":"CD","date":44434,"category":"staff","association":"KS","highlight":{},"emphasize":"N","dint":1629936000000,"age":"","index":127,"edges":[],"neighbors":[],"degree":0,"dstr":"2021-08-26"},{"SEQID":"EPI_ISL_7189685","GNODEID":"G-2.1.19.3","TAGID":"B-1-617-2-0235","cat_id":"staff","type":"CD","date":44431,"category":"staff","association":"KN","highlight":{},"emphasize":"Y","dint":1629676800000,"age":"","index":128,"edges":[],"neighbors":[],"degree":0,"dstr":"2021-08-23"},{"SEQID":"EPI_ISL_7190205","GNODEID":"G-2.1.19.3.3.2","TAGID":"B-1-617-2-0237","cat_id":"client","type":"CD","date":44454,"category":"client","association":"KN","highlight":{},"emphasize":"N","dint":1631664000000,"age":"","index":129,"edges":[],"neighbors":[],"degree":0,"dstr":"2021-09-15"},{"SEQID":"EPI_ISL_7190236","GNODEID":"G-2.1.14","TAGID":"B-1-617-2-0238","cat_id":"staff","type":"CD","date":44450,"category":"staff","association":"KN","highlight":{},"emphasize":"N","dint":1631318400000,"age":"","index":130,"edges":[],"neighbors":[],"degree":0,"dstr":"2021-09-11"},{"SEQID":"EPI_ISL_6340457","GNODEID":"G-2.1.21","TAGID":"B-1-617-2-0244","cat_id":"client","type":"CD","date":44428,"category":"client","association":"KN","highlight":{},"emphasize":"Y","dint":1629417600000,"age":"","index":131,"edges":[],"neighbors":[],"degree":0,"dstr":"2021-08-20"},{"SEQID":"EPI_ISL_6228352","GNODEID":"G-2.2.2","TAGID":"B-1-617-2-0245","cat_id":"client","type":"CD","date":44420,"category":"client","association":"なし","highlight":{},"emphasize":"N","dint":1628726400000,"age":"","index":132,"edges":[],"neighbors":[],"degree":0,"dstr":"2021-08-12"},{"SEQID":"EPI_ISL_6228355","GNODEID":"G-2.8","TAGID":"B-1-617-2-0246","cat_id":"client","type":"CD","date":44422,"category":"client","association":"なし","highlight":{},"emphasize":"Y","dint":1628899200000,"age":"","index":133,"edges":[],"neighbors":[],"degree":0,"dstr":"2021-08-14"},{"SEQID":"EPI_ISL_6228347","GNODEID":"G-2.8","TAGID":"B-1-617-2-0247","cat_id":"client","type":"CD","date":44421,"category":"client","association":"なし","highlight":{},"emphasize":"Y","dint":1628812800000,"age":"","index":134,"edges":[],"neighbors":[],"degree":0,"dstr":"2021-08-13"},{"SEQID":"EPI_ISL_4349062","GNODEID":"G-2.12","TAGID":"B-1-617-2-0249","cat_id":"client","type":"CD","date":44441,"category":"client","association":"なし","highlight":{},"emphasize":"Y","dint":1630540800000,"age":"","index":135,"edges":[],"neighbors":[],"degree":0,"dstr":"2021-09-02"},{"SEQID":"EPI_ISL_4349069","GNODEID":"G-2.1.2.3","TAGID":"B-1-617-2-0250","cat_id":"staff","type":"CD","date":44441,"category":"staff","association":"なし","highlight":{},"emphasize":"N","dint":1630540800000,"age":"","index":136,"edges":[],"neighbors":[],"degree":0,"dstr":"2021-09-02"},{"SEQID":"EPI_ISL_4349073","GNODEID":"G-2.1.13","TAGID":"B-1-617-2-0251","cat_id":"client","type":"CD","date":44442,"category":"client","association":"なし","highlight":{},"emphasize":"Y","dint":1630627200000,"age":"","index":137,"edges":[],"neighbors":[],"degree":0,"dstr":"2021-09-03"},{"SEQID":"EPI_ISL_4349075","GNODEID":"G-2.5","TAGID":"B-1-617-2-0252","cat_id":"staff","type":"CD","date":44444,"category":"staff","association":"なし","highlight":{},"emphasize":"N","dint":1630800000000,"age":"","index":138,"edges":[],"neighbors":[],"degree":0,"dstr":"2021-09-05"},{"SEQID":"EPI_ISL_4349080","GNODEID":"G-2.21","TAGID":"B-1-617-2-0253","cat_id":"staff","type":"CD","date":44444,"category":"staff","association":"なし","highlight":{},"emphasize":"Y","dint":1630800000000,"age":"","index":139,"edges":[],"neighbors":[],"degree":0,"dstr":"2021-09-05"},{"SEQID":"EPI_ISL_4349081","GNODEID":"G-2","TAGID":"B-1-617-2-0254","cat_id":"client","type":"CD","date":44440,"category":"client","association":"なし","highlight":{},"emphasize":"N","dint":1630454400000,"age":"","index":140,"edges":[],"neighbors":[],"degree":0,"dstr":"2021-09-01"},{"SEQID":"EPI_ISL_4349084","GNODEID":"G-2.1.1.2","TAGID":"B-1-617-2-0255","cat_id":"staff","type":"CD","date":44441,"category":"staff","association":"なし","highlight":{},"emphasize":"Y","dint":1630540800000,"age":"","index":141,"edges":[],"neighbors":[],"degree":0,"dstr":"2021-09-02"},{"SEQID":"EPI_ISL_4349088","GNODEID":"G-2.1.8","TAGID":"B-1-617-2-0257","cat_id":"client","type":"CD","date":44444,"category":"client","association":"なし","highlight":{},"emphasize":"N","dint":1630800000000,"age":"","index":142,"edges":[],"neighbors":[],"degree":0,"dstr":"2021-09-05"},{"SEQID":"EPI_ISL_4349091","GNODEID":"G-2.1.2.4","TAGID":"B-1-617-2-0258","cat_id":"staff","type":"CD","date":44445,"category":"staff","association":"なし","highlight":{},"emphasize":"Y","dint":1630886400000,"age":"","index":143,"edges":[],"neighbors":[],"degree":0,"dstr":"2021-09-06"},{"SEQID":"EPI_ISL_4349093","GNODEID":"G-2.2.3.1","TAGID":"B-1-617-2-0259","cat_id":"client","type":"CD","date":44445,"category":"client","association":"なし","highlight":{},"emphasize":"Y","dint":1630886400000,"age":"","index":144,"edges":[],"neighbors":[],"degree":0,"dstr":"2021-09-06"},{"SEQID":"EPI_ISL_3769585","GNODEID":"G-2.1.10","TAGID":"B-1-617-2-0260","cat_id":"client","type":"CD","date":44422,"category":"client","association":"なし","highlight":{},"emphasize":"N","dint":1628899200000,"age":"","index":145,"edges":[],"neighbors":[],"degree":0,"dstr":"2021-08-14"},{"SEQID":"EPI_ISL_3769593","GNODEID":"G-3","TAGID":"B-1-617-2-0261","cat_id":"staff","type":"CD","date":44421,"category":"staff","association":"なし","highlight":{},"emphasize":"N","dint":1628812800000,"age":"","index":146,"edges":[],"neighbors":[],"degree":0,"dstr":"2021-08-13"},{"SEQID":"EPI_ISL_3769595","GNODEID":"G-2.1.3","TAGID":"B-1-617-2-0262","cat_id":"client","type":"CD","date":44422,"category":"client","association":"なし","highlight":{},"emphasize":"Y","dint":1628899200000,"age":"","index":147,"edges":[],"neighbors":[],"degree":0,"dstr":"2021-08-14"},{"SEQID":"EPI_ISL_3769598","GNODEID":"G-2.3.1","TAGID":"B-1-617-2-0263","cat_id":"client","type":"CD","date":44419,"category":"client","association":"なし","highlight":{},"emphasize":"Y","dint":1628640000000,"age":"","index":148,"edges":[],"neighbors":[],"degree":0,"dstr":"2021-08-11"},{"SEQID":"EPI_ISL_3769599","GNODEID":"G-2.1.1.1","TAGID":"B-1-617-2-0264","cat_id":"client","type":"CD","date":44419,"category":"client","association":"なし","highlight":{},"emphasize":"N","dint":1628640000000,"age":"","index":149,"edges":[],"neighbors":[],"degree":0,"dstr":"2021-08-11"},{"SEQID":"EPI_ISL_3769609","GNODEID":"G-2.8","TAGID":"B-1-617-2-0265","cat_id":"staff","type":"CD","date":44421,"category":"staff","association":"なし","highlight":{},"emphasize":"Y","dint":1628812800000,"age":"","index":150,"edges":[],"neighbors":[],"degree":0,"dstr":"2021-08-13"},{"SEQID":"EPI_ISL_3769612","GNODEID":"G-2.8","TAGID":"B-1-617-2-0266","cat_id":"staff","type":"CD","date":44421,"category":"staff","association":"なし","highlight":{},"emphasize":"Y","dint":1628812800000,"age":"","index":151,"edges":[],"neighbors":[],"degree":0,"dstr":"2021-08-13"},{"SEQID":"EPI_ISL_3769616","GNODEID":"G-2.2.2","TAGID":"B-1-617-2-0267","cat_id":"staff","type":"CD","date":44420,"category":"staff","association":"なし","highlight":{},"emphasize":"N","dint":1628726400000,"age":"","index":152,"edges":[],"neighbors":[],"degree":0,"dstr":"2021-08-12"},{"SEQID":"EPI_ISL_3769617","GNODEID":"G-2.2.2","TAGID":"B-1-617-2-0268","cat_id":"staff","type":"CD","date":44420,"category":"staff","association":"なし","highlight":{},"emphasize":"Y","dint":1628726400000,"age":"","index":153,"edges":[],"neighbors":[],"degree":0,"dstr":"2021-08-12"},{"SEQID":"EPI_ISL_3769621","GNODEID":"G-2.8","TAGID":"B-1-617-2-0272","cat_id":"staff","type":"CD","date":44422,"category":"staff","association":"なし","highlight":{},"emphasize":"Y","dint":1628899200000,"age":"","index":154,"edges":[],"neighbors":[],"degree":0,"dstr":"2021-08-14"}],"edges":[{"LINKID":"L-1","TAG_from":"EPI_ISL_4221827","TAG_to":"EPI_ISL_3983465","label":"家族","src":-1,"dst":-1}],"epi":[{"SEQID":"REF","GNODEID":"G-1"},{"SEQID":"EPI_ISL_4221830","GNODEID":"G-2"},{"SEQID":"EPI_ISL_3983446","GNODEID":"G-2"},{"SEQID":"EPI_ISL_4349081","GNODEID":"G-2"},{"SEQID":"EPI_ISL_4549212","GNODEID":"G-2"},{"SEQID":"EPI_ISL_5700931","GNODEID":"G-2"},{"SEQID":"EPI_ISL_7051782","GNODEID":"G-2"},{"SEQID":"EPI_ISL_5419541","GNODEID":"G-2.1"},{"SEQID":"EPI_ISL_6518231","GNODEID":"G-2.1"},{"SEQID":"EPI_ISL_5698400","GNODEID":"G-2.1"},{"SEQID":"EPI_ISL_4718254","GNODEID":"G-2.1"},{"SEQID":"EPI_ISL_7065104","GNODEID":"G-2.1"},{"SEQID":"EPI_ISL_5769590","GNODEID":"G-2.1"},{"SEQID":"EPI_ISL_3769599","GNODEID":"G-2.1.1.1"},{"SEQID":"EPI_ISL_4349084","GNODEID":"G-2.1.1.2"},{"SEQID":"EPI_ISL_4221845","GNODEID":"G-2.1.2"},{"SEQID":"EPI_ISL_4221838","GNODEID":"G-2.1.2.1"},{"SEQID":"EPI_ISL_4221843","GNODEID":"G-2.1.2.2"},{"SEQID":"EPI_ISL_4349069","GNODEID":"G-2.1.2.3"},{"SEQID":"EPI_ISL_4349091","GNODEID":"G-2.1.2.4"},{"SEQID":"EPI_ISL_3769595","GNODEID":"G-2.1.3"},{"SEQID":"EPI_ISL_4549206","GNODEID":"G-2.1.4"},{"SEQID":"EPI_ISL_3983459","GNODEID":"G-2.1.5"},{"SEQID":"EPI_ISL_4849605","GNODEID":"G-2.1.6"},{"SEQID":"EPI_ISL_4221841","GNODEID":"G-2.1.7"},{"SEQID":"EPI_ISL_4349088","GNODEID":"G-2.1.8"},{"SEQID":"EPI_ISL_4757242","GNODEID":"G-2.1.9"},{"SEQID":"EPI_ISL_3769585","GNODEID":"G-2.1.10"},{"SEQID":"EPI_ISL_6228340","GNODEID":"G-2.1.10"},{"SEQID":"EPI_ISL_3983436","GNODEID":"G-2.1.11"},{"SEQID":"EPI_ISL_4221829","GNODEID":"G-2.1.12"},{"SEQID":"EPI_ISL_4349073","GNODEID":"G-2.1.13"},{"SEQID":"EPI_ISL_7190236","GNODEID":"G-2.1.14"},{"SEQID":"EPI_ISL_4641428","GNODEID":"G-2.1.15"},{"SEQID":"EPI_ISL_5723071","GNODEID":"G-2.1.16"},{"SEQID":"EPI_ISL_5746087","GNODEID":"G-2.1.17"},{"SEQID":"EPI_ISL_5766750","GNODEID":"G-2.1.17"},{"SEQID":"EPI_ISL_5714213","GNODEID":"G-2.1.18"},{"SEQID":"EPI_ISL_4848670","GNODEID":"G-2.1.19"},{"SEQID":"EPI_ISL_5708615","GNODEID":"G-2.1.19"},{"SEQID":"EPI_ISL_7055322","GNODEID":"G-2.1.19"},{"SEQID":"EPI_ISL_7055700","GNODEID":"G-2.1.19"},{"SEQID":"EPI_ISL_5699464","GNODEID":"G-2.1.19"},{"SEQID":"EPI_ISL_5701109","GNODEID":"G-2.1.19.1"},{"SEQID":"EPI_ISL_5403045","GNODEID":"G-2.1.19.2"},{"SEQID":"EPI_ISL_7096092","GNODEID":"G-2.1.19.3"},{"SEQID":"EPI_ISL_4723251","GNODEID":"G-2.1.19.3"},{"SEQID":"EPI_ISL_7189685","GNODEID":"G-2.1.19.3"},{"SEQID":"EPI_ISL_4641641","GNODEID":"G-2.1.19.3"},{"SEQID":"EPI_ISL_5725727","GNODEID":"G-2.1.19.3"},{"SEQID":"EPI_ISL_7031520","GNODEID":"G-2.1.19.3"},{"SEQID":"EPI_ISL_7034476","GNODEID":"G-2.1.19.3"},{"SEQID":"EPI_ISL_8988291","GNODEID":"G-2.1.19.3"},{"SEQID":"EPI_ISL_8988412","GNODEID":"G-2.1.19.3"},{"SEQID":"EPI_ISL_8988410","GNODEID":"G-2.1.19.3"},{"SEQID":"EPI_ISL_5799567","GNODEID":"G-2.1.19.3.1"},{"SEQID":"EPI_ISL_5701637","GNODEID":"G-2.1.19.3.2"},{"SEQID":"EPI_ISL_5698447","GNODEID":"G-2.1.19.3.3"},{"SEQID":"EPI_ISL_4756678","GNODEID":"G-2.1.19.3.3"},{"SEQID":"EPI_ISL_4641957","GNODEID":"G-2.1.19.3.3"},{"SEQID":"EPI_ISL_4720511","GNODEID":"G-2.1.19.3.3"},{"SEQID":"EPI_ISL_4721652","GNODEID":"G-2.1.19.3.3.1"},{"SEQID":"EPI_ISL_7190205","GNODEID":"G-2.1.19.3.3.2"},{"SEQID":"EPI_ISL_4721331","GNODEID":"G-2.1.19.3.3.3"},{"SEQID":"EPI_ISL_5709739","GNODEID":"G-2.1.19.3.3.3.1"},{"SEQID":"EPI_ISL_5701159","GNODEID":"G-2.1.19.3.3.4"},{"SEQID":"EPI_ISL_4717497","GNODEID":"G-2.1.19.3.3.5"},{"SEQID":"EPI_ISL_7047309","GNODEID":"G-2.1.19.3.3.6"},{"SEQID":"EPI_ISL_4723617","GNODEID":"G-2.1.19.3.3.6"},{"SEQID":"EPI_ISL_5719802","GNODEID":"G-2.1.19.3.3.7"},{"SEQID":"EPI_ISL_5704224","GNODEID":"G-2.1.19.3.3.8"},{"SEQID":"EPI_ISL_5715497","GNODEID":"G-2.1.19.3.3.8"},{"SEQID":"EPI_ISL_5715918","GNODEID":"G-2.1.19.3.3.8"},{"SEQID":"EPI_ISL_5716214","GNODEID":"G-2.1.19.3.3.8"},{"SEQID":"EPI_ISL_5715932","GNODEID":"G-2.1.19.3.3.8.1"},{"SEQID":"EPI_ISL_5799464","GNODEID":"G-2.1.19.3.3.8.2"},{"SEQID":"EPI_ISL_4720484","GNODEID":"G-2.1.19.3.3.9"},{"SEQID":"EPI_ISL_4725765","GNODEID":"G-2.1.19.3.3.9"},{"SEQID":"EPI_ISL_7055208","GNODEID":"G-2.1.19.3.3.9"},{"SEQID":"EPI_ISL_4726238","GNODEID":"G-2.1.19.3.3.10"},{"SEQID":"EPI_ISL_5731584","GNODEID":"G-2.1.19.3.4"},{"SEQID":"EPI_ISL_7049319","GNODEID":"G-2.1.19.3.5"},{"SEQID":"EPI_ISL_5710648","GNODEID":"G-2.1.19.4"},{"SEQID":"EPI_ISL_4718760","GNODEID":"G-2.1.19.5"},{"SEQID":"EPI_ISL_5711600","GNODEID":"G-2.1.19.5"},{"SEQID":"EPI_ISL_5738009","GNODEID":"G-2.1.19.6"},{"SEQID":"EPI_ISL_5751333","GNODEID":"G-2.1.19.7"},{"SEQID":"EPI_ISL_7061326","GNODEID":"G-2.1.19.8"},{"SEQID":"EPI_ISL_4645008","GNODEID":"G-2.1.19.8.1"},{"SEQID":"EPI_ISL_7055680","GNODEID":"G-2.1.19.9"},{"SEQID":"EPI_ISL_7090401","GNODEID":"G-2.1.20"},{"SEQID":"EPI_ISL_6340457","GNODEID":"G-2.1.21"},{"SEQID":"EPI_ISL_7999862","GNODEID":"G-2.1.22"},{"SEQID":"EPI_ISL_4721739","GNODEID":"G-2.1.23"},{"SEQID":"EPI_ISL_8995047","GNODEID":"G-2.1.24"},{"SEQID":"EPI_ISL_5771124","GNODEID":"G-2.1.25"},{"SEQID":"EPI_ISL_7106516","GNODEID":"G-2.1.25"},{"SEQID":"EPI_ISL_4701729","GNODEID":"G-2.1.25"},{"SEQID":"EPI_ISL_5719067","GNODEID":"G-2.1.25.1.1"},{"SEQID":"EPI_ISL_7061680","GNODEID":"G-2.1.25.1.2"},{"SEQID":"EPI_ISL_4707076","GNODEID":"G-2.1.25.2"},{"SEQID":"EPI_ISL_5725920","GNODEID":"G-2.1.25.3"},{"SEQID":"EPI_ISL_4647201","GNODEID":"G-2.1.25.4"},{"SEQID":"EPI_ISL_6584443","GNODEID":"G-2.1.25.4"},{"SEQID":"EPI_ISL_5699451","GNODEID":"G-2.1.25.5"},{"SEQID":"EPI_ISL_5723586","GNODEID":"G-2.1.25.6"},{"SEQID":"EPI_ISL_8109744","GNODEID":"G-2.1.25.7"},{"SEQID":"EPI_ISL_7042904","GNODEID":"G-2.1.26"},{"SEQID":"EPI_ISL_3983489","GNODEID":"G-2.1.27"},{"SEQID":"EPI_ISL_4221833","GNODEID":"G-2.1.28"},{"SEQID":"EPI_ISL_4221835","GNODEID":"G-2.2.1"},{"SEQID":"EPI_ISL_3769617","GNODEID":"G-2.2.2"},{"SEQID":"EPI_ISL_6228352","GNODEID":"G-2.2.2"},{"SEQID":"EPI_ISL_3769616","GNODEID":"G-2.2.2"},{"SEQID":"EPI_ISL_7189390","GNODEID":"G-2.2.3"},{"SEQID":"EPI_ISL_4349093","GNODEID":"G-2.2.3.1"},{"SEQID":"EPI_ISL_4849609","GNODEID":"G-2.2.3.2"},{"SEQID":"EPI_ISL_3769598","GNODEID":"G-2.3.1"},{"SEQID":"EPI_ISL_3983444","GNODEID":"G-2.3.2"},{"SEQID":"EPI_ISL_4849595","GNODEID":"G-2.3.3"},{"SEQID":"EPI_ISL_4221827","GNODEID":"G-2.3.4"},{"SEQID":"EPI_ISL_4849608","GNODEID":"G-2.3.5"},{"SEQID":"EPI_ISL_3983471","GNODEID":"G-2.4.1"},{"SEQID":"EPI_ISL_4849567","GNODEID":"G-2.4.1"},{"SEQID":"EPI_ISL_4549204","GNODEID":"G-2.4.2"},{"SEQID":"EPI_ISL_4349075","GNODEID":"G-2.5"},{"SEQID":"EPI_ISL_7090470","GNODEID":"G-2.6"},{"SEQID":"EPI_ISL_4849604","GNODEID":"G-2.7"},{"SEQID":"EPI_ISL_3769609","GNODEID":"G-2.8"},{"SEQID":"EPI_ISL_6228347","GNODEID":"G-2.8"},{"SEQID":"EPI_ISL_3769612","GNODEID":"G-2.8"},{"SEQID":"EPI_ISL_3769621","GNODEID":"G-2.8"},{"SEQID":"EPI_ISL_6228355","GNODEID":"G-2.8"},{"SEQID":"EPI_ISL_4221831","GNODEID":"G-2.9.1"},{"SEQID":"EPI_ISL_4849615","GNODEID":"G-2.9.2"},{"SEQID":"EPI_ISL_4549219","GNODEID":"G-2.10"},{"SEQID":"EPI_ISL_4549202","GNODEID":"G-2.11"},{"SEQID":"EPI_ISL_4349062","GNODEID":"G-2.12"},{"SEQID":"EPI_ISL_4849581","GNODEID":"G-2.13"},{"SEQID":"EPI_ISL_4221839","GNODEID":"G-2.14"},{"SEQID":"EPI_ISL_4849575","GNODEID":"G-2.15"},{"SEQID":"EPI_ISL_4549198","GNODEID":"G-2.16"},{"SEQID":"EPI_ISL_7110739","GNODEID":"G-2.16"},{"SEQID":"EPI_ISL_4549197","GNODEID":"G-2.16"},{"SEQID":"EPI_ISL_4849573","GNODEID":"G-2.17"},{"SEQID":"EPI_ISL_3983461","GNODEID":"G-2.18"},{"SEQID":"EPI_ISL_4549218","GNODEID":"G-2.19"},{"SEQID":"EPI_ISL_3983484","GNODEID":"G-2.20"},{"SEQID":"EPI_ISL_4349080","GNODEID":"G-2.21"},{"SEQID":"EPI_ISL_4849599","GNODEID":"G-2.22"},{"SEQID":"EPI_ISL_4849583","GNODEID":"G-2.22.1"},{"SEQID":"EPI_ISL_4549203","GNODEID":"G-2.23"},{"SEQID":"EPI_ISL_4723537","GNODEID":"G-2.24"},{"SEQID":"EPI_ISL_4723412","GNODEID":"G-2.24"},{"SEQID":"EPI_ISL_3769593","GNODEID":"G-3"},{"SEQID":"EPI_ISL_6228368","GNODEID":"G-3"}],"tree":[{"label":"G-0","length":0,"edges":["G-1","G-2","G-3"],"subs":0},{"label":"G-1","length":0.0038056825,"edges":[],"subs":7},{"label":"G-2","length":0.0005354452,"edges":["G-2.1","G-2.2","G-2.3","G-2.4","G-2.5","G-2.6","G-2.7","G-2.8","G-2.9","G-2.10","G-2.11","G-2.12","G-2.13","G-2.14","G-2.15","G-2.16","G-2.17","G-2.18","G-2.19","G-2.20","G-2.21","G-2.22","G-2.23","G-2.24"],"subs":1},{"label":"G-2.1","length":0.0016145465,"edges":["G-2.1.1","G-2.1.2","G-2.1.3","G-2.1.4","G-2.1.5","G-2.1.6","G-2.1.7","G-2.1.8","G-2.1.9","G-2.1.10","G-2.1.11","G-2.1.12","G-2.1.13","G-2.1.14","G-2.1.15","G-2.1.16","G-2.1.17","G-2.1.18","G-2.1.19","G-2.1.20","G-2.1.21","G-2.1.22","G-2.1.23","G-2.1.24","G-2.1.25","G-2.1.26","G-2.1.27","G-2.1.28"],"subs":3},{"label":"G-2.1.1","length":0.0005347055,"edges":["G-2.1.1.1","G-2.1.1.2"],"subs":1},{"label":"G-2.1.1.1","length":0.0018865522,"edges":[],"subs":3},{"label":"G-2.1.1.2","length":0.0035052566,"edges":[],"subs":6},{"label":"G-2.1.2","length":0.0005404931,"edges":["G-2.1.2.1","G-2.1.2.2","G-2.1.2.3","G-2.1.2.4"],"subs":1},{"label":"G-2.1.2.1","length":0.0008064125,"edges":[],"subs":1},{"label":"G-2.1.2.2","length":0.0016140515,"edges":[],"subs":3},{"label":"G-2.1.2.3","length":0.0013436925,"edges":[],"subs":2},{"label":"G-2.1.2.4","length":0.0013444626,"edges":[],"subs":2},{"label":"G-2.1.3","length":0.0021556746,"edges":[],"subs":4},{"label":"G-2.1.4","length":0.0021536611,"edges":[],"subs":4},{"label":"G-2.1.5","length":0.0018887345,"edges":[],"subs":3},{"label":"G-2.1.6","length":0.0018873184,"edges":[],"subs":3},{"label":"G-2.1.7","length":0.0016181765,"edges":[],"subs":3},{"label":"G-2.1.8","length":0.0021567213,"edges":[],"subs":4},{"label":"G-2.1.9","length":0.0021500368,"edges":[],"subs":4},{"label":"G-2.1.10","length":0.0010774076,"edges":[],"subs":2},{"label":"G-2.1.11","length":0.0008080909000000001,"edges":[],"subs":1},{"label":"G-2.1.12","length":0.0024252588,"edges":[],"subs":4},{"label":"G-2.1.13","length":0.0016130095,"edges":[],"subs":3},{"label":"G-2.1.14","length":0.0008058182,"edges":[],"subs":1},{"label":"G-2.1.15","length":0.0008073821,"edges":[],"subs":1},{"label":"G-2.1.16","length":0.0008078961,"edges":[],"subs":1},{"label":"G-2.1.17","length":0.0005409823000000001,"edges":[],"subs":1},{"label":"G-2.1.18","length":0.001078652,"edges":[],"subs":2},{"label":"G-2.1.19","length":0.0005442799,"edges":["G-2.1.19.1","G-2.1.19.2","G-2.1.19.3","G-2.1.19.4","G-2.1.19.5","G-2.1.19.6","G-2.1.19.7","G-2.1.19.8","G-2.1.19.9"],"subs":1},{"label":"G-2.1.19.1","length":0.0010702523,"edges":[],"subs":2},{"label":"G-2.1.19.2","length":0.0005383242,"edges":[],"subs":1},{"label":"G-2.1.19.3","length":0.0008075215,"edges":["G-2.1.19.3.1","G-2.1.19.3.2","G-2.1.19.3.3","G-2.1.19.3.4","G-2.1.19.3.5"],"subs":1},{"label":"G-2.1.19.3.1","length":0.0008043255,"edges":[],"subs":1},{"label":"G-2.1.19.3.2","length":0.0010741887,"edges":[],"subs":2},{"label":"G-2.1.19.3.3","length":0.0005390622,"edges":["G-2.1.19.3.3.1","G-2.1.19.3.3.2","G-2.1.19.3.3.3","G-2.1.19.3.3.4","G-2.1.19.3.3.5","G-2.1.19.3.3.6","G-2.1.19.3.3.7","G-2.1.19.3.3.8","G-2.1.19.3.3.9","G-2.1.19.3.3.10"],"subs":1},{"label":"G-2.1.19.3.3.1","length":0.0013291524,"edges":[],"subs":2},{"label":"G-2.1.19.3.3.2","length":0.0005333113,"edges":[],"subs":1},{"label":"G-2.1.19.3.3.3","length":0.0013367101,"edges":["G-2.1.19.3.3.3.1"],"subs":2},{"label":"G-2.1.19.3.3.3.1","length":0.0005319792,"edges":[],"subs":1},{"label":"G-2.1.19.3.3.4","length":0.0005355824,"edges":[],"subs":1},{"label":"G-2.1.19.3.3.5","length":0.000801852,"edges":[],"subs":1},{"label":"G-2.1.19.3.3.6","length":0.0010689493,"edges":[],"subs":2},{"label":"G-2.1.19.3.3.7","length":0.0018728288,"edges":[],"subs":3},{"label":"G-2.1.19.3.3.8","length":0.0008009116000000001,"edges":["G-2.1.19.3.3.8.1","G-2.1.19.3.3.8.2"],"subs":1},{"label":"G-2.1.19.3.3.8.1","length":0.0005334647,"edges":[],"subs":1},{"label":"G-2.1.19.3.3.8.2","length":0.0005333862999999999,"edges":[],"subs":1},{"label":"G-2.1.19.3.3.9","length":0.0008029185000000001,"edges":[],"subs":1},{"label":"G-2.1.19.3.3.10","length":0.0010695421000000002,"edges":[],"subs":2},{"label":"G-2.1.19.3.4","length":0.000535296,"edges":[],"subs":1},{"label":"G-2.1.19.3.5","length":0.0008068482,"edges":[],"subs":1},{"label":"G-2.1.19.4","length":0.0005398757,"edges":[],"subs":1},{"label":"G-2.1.19.5","length":0.0008049046,"edges":[],"subs":1},{"label":"G-2.1.19.6","length":0.0010741029,"edges":[],"subs":2},{"label":"G-2.1.19.7","length":0.001074808,"edges":[],"subs":2},{"label":"G-2.1.19.8","length":0.0010747101,"edges":["G-2.1.19.8.1"],"subs":2},{"label":"G-2.1.19.8.1","length":0.0005327163,"edges":[],"subs":1},{"label":"G-2.1.19.9","length":0.0008092325000000001,"edges":[],"subs":1},{"label":"G-2.1.20","length":0.00161626,"edges":[],"subs":3},{"label":"G-2.1.21","length":0.0010788201,"edges":[],"subs":2},{"label":"G-2.1.22","length":0.0024235585,"edges":[],"subs":4},{"label":"G-2.1.23","length":0.0016115259000000002,"edges":[],"subs":3},{"label":"G-2.1.24","length":0.0013464919000000003,"edges":[],"subs":2},{"label":"G-2.1.25","length":0.0010818211000000002,"edges":["G-2.1.25.1","G-2.1.25.2","G-2.1.25.3","G-2.1.25.4","G-2.1.25.5","G-2.1.25.6","G-2.1.25.7"],"subs":2},{"label":"G-2.1.25.1","length":0.0005347957,"edges":["G-2.1.25.1.1","G-2.1.25.1.2"],"subs":1},{"label":"G-2.1.25.1.1","length":0.0005329865,"edges":[],"subs":1},{"label":"G-2.1.25.1.2","length":0.0005333853,"edges":[],"subs":1},{"label":"G-2.1.25.2","length":0.0010728542,"edges":[],"subs":2},{"label":"G-2.1.25.3","length":0.0008061922,"edges":[],"subs":1},{"label":"G-2.1.25.4","length":0.0008077194000000001,"edges":[],"subs":1},{"label":"G-2.1.25.5","length":0.0024171592,"edges":[],"subs":4},{"label":"G-2.1.25.6","length":0.0013369263,"edges":[],"subs":2},{"label":"G-2.1.25.7","length":0.0008025888,"edges":[],"subs":1},{"label":"G-2.1.26","length":0.0013502822,"edges":[],"subs":2},{"label":"G-2.1.27","length":0.0018831145,"edges":[],"subs":3},{"label":"G-2.1.28","length":0.0008092831000000001,"edges":[],"subs":1},{"label":"G-2.2","length":0.0018840932000000002,"edges":["G-2.2.1","G-2.2.2","G-2.2.3"],"subs":3},{"label":"G-2.2.1","length":0.001341711,"edges":[],"subs":2},{"label":"G-2.2.2","length":0.0016127034,"edges":[],"subs":3},{"label":"G-2.2.3","length":0.0013457968,"edges":["G-2.2.3.1","G-2.2.3.2"],"subs":2},{"label":"G-2.2.3.1","length":0.0008048128,"edges":[],"subs":1},{"label":"G-2.2.3.2","length":0.0008067211,"edges":[],"subs":1},{"label":"G-2.3","length":0.0010779258,"edges":["G-2.3.1","G-2.3.2","G-2.3.3","G-2.3.4","G-2.3.5"],"subs":2},{"label":"G-2.3.1","length":0.0005375856,"edges":[],"subs":1},{"label":"G-2.3.2","length":0.0010787062,"edges":[],"subs":2},{"label":"G-2.3.3","length":0.0016184096000000001,"edges":[],"subs":3},{"label":"G-2.3.4","length":0.0010778142,"edges":[],"subs":2},{"label":"G-2.3.5","length":0.000808378,"edges":[],"subs":1},{"label":"G-2.4","length":0.0008088755000000001,"edges":["G-2.4.1","G-2.4.2"],"subs":1},{"label":"G-2.4.1","length":0.0005378857,"edges":[],"subs":1},{"label":"G-2.4.2","length":0.0005383494,"edges":[],"subs":1},{"label":"G-2.5","length":0.0021546182999999997,"edges":[],"subs":4},{"label":"G-2.6","length":0.0046008588,"edges":[],"subs":8},{"label":"G-2.7","length":0.0018846611,"edges":[],"subs":3},{"label":"G-2.8","length":0.0016228909,"edges":[],"subs":3},{"label":"G-2.9","length":0.0013551144,"edges":["G-2.9.1","G-2.9.2"],"subs":2},{"label":"G-2.9.1","length":0.0016181835,"edges":[],"subs":3},{"label":"G-2.9.2","length":0.0008052309,"edges":[],"subs":1},{"label":"G-2.10","length":0.0016223837,"edges":[],"subs":3},{"label":"G-2.11","length":0.0013526107,"edges":[],"subs":2},{"label":"G-2.12","length":0.0013499582000000001,"edges":[],"subs":2},{"label":"G-2.13","length":0.001350419,"edges":[],"subs":2},{"label":"G-2.14","length":0.0029668710000000003,"edges":[],"subs":5},{"label":"G-2.15","length":0.0018868666999999999,"edges":[],"subs":3},{"label":"G-2.16","length":0.0016230758000000001,"edges":[],"subs":3},{"label":"G-2.17","length":0.0021603543,"edges":[],"subs":4},{"label":"G-2.18","length":0.0021633418,"edges":[],"subs":4},{"label":"G-2.19","length":0.0016244192,"edges":[],"subs":3},{"label":"G-2.20","length":0.0016246112,"edges":[],"subs":3},{"label":"G-2.21","length":0.0016245844,"edges":[],"subs":3},{"label":"G-2.22","length":0.001624398,"edges":["G-2.22.1"],"subs":3},{"label":"G-2.22.1","length":0.0010762324,"edges":[],"subs":2},{"label":"G-2.23","length":0.0018906203,"edges":[],"subs":3},{"label":"G-2.24","length":0.0010793873000000001,"edges":[],"subs":2},{"label":"G-3","length":0.0027062773,"edges":[],"subs":5}],"dist":{"period":26.451132454856328,"phase":24.451132454856328,"interval":0.000020069212133072407}}