{"nodes":[{"SEQID":"EPI_ISL_6468618","GNODEID":"G-0","TAGID":"B-1-1-124-0002","cat_id":"staff","type":"CD","date":43993,"category":"staff","association":"KS","highlight":{},"emphasize":"N","dint":1591833600000,"age":"","index":0,"edges":[],"neighbors":[],"degree":0,"dstr":"2020-06-11"},{"SEQID":"EPI_ISL_10343695","GNODEID":"G-24.2","TAGID":"B-1-1-124-0004","cat_id":"staff","type":"CD","date":44032,"category":"staff","association":"KN","highlight":{},"emphasize":"N","dint":1595203200000,"age":"","index":1,"edges":[],"neighbors":[],"degree":0,"dstr":"2020-07-20"},{"SEQID":"EPI_ISL_691365","GNODEID":"G-23","TAGID":"B-1-1-124-0005","cat_id":"client","type":"CD","date":44004,"category":"client","association":"KS","highlight":{},"emphasize":"N","dint":1592784000000,"age":"","index":2,"edges":[],"neighbors":[],"degree":0,"dstr":"2020-06-22"},{"SEQID":"EPI_ISL_691571","GNODEID":"G-0","TAGID":"B-1-1-124-0007","cat_id":"client","type":"CD","date":44015,"category":"client","association":"KY","highlight":{},"emphasize":"N","dint":1593734400000,"age":"","index":3,"edges":[],"neighbors":[],"degree":0,"dstr":"2020-07-03"},{"SEQID":"EPI_ISL_691558","GNODEID":"G-0","TAGID":"B-1-1-124-0008","cat_id":"client","type":"CD","date":44015,"category":"client","association":"KY","highlight":{},"emphasize":"N","dint":1593734400000,"age":"","index":4,"edges":[],"neighbors":[],"degree":0,"dstr":"2020-07-03"},{"SEQID":"EPI_ISL_691569","GNODEID":"G-0","TAGID":"B-1-1-124-0009","cat_id":"staff","type":"CD","date":44015,"category":"staff","association":"KY","highlight":{},"emphasize":"Y","dint":1593734400000,"age":"","index":5,"edges":[],"neighbors":[],"degree":0,"dstr":"2020-07-03"},{"SEQID":"EPI_ISL_691607","GNODEID":"G-0","TAGID":"B-1-1-124-0010","cat_id":"staff","type":"CD","date":44015,"category":"staff","association":"KY","highlight":{},"emphasize":"Y","dint":1593734400000,"age":"","index":6,"edges":[],"neighbors":[],"degree":0,"dstr":"2020-07-03"},{"SEQID":"EPI_ISL_691609","GNODEID":"G-0","TAGID":"B-1-1-124-0011","cat_id":"staff","type":"CD","date":44015,"category":"staff","association":"KY","highlight":{},"emphasize":"Y","dint":1593734400000,"age":"","index":7,"edges":[],"neighbors":[],"degree":0,"dstr":"2020-07-03"},{"SEQID":"EPI_ISL_692137","GNODEID":"G-0","TAGID":"B-1-1-124-0012","cat_id":"client","type":"CD","date":44020,"category":"client","association":"KY","highlight":{},"emphasize":"N","dint":1594166400000,"age":"","index":8,"edges":[],"neighbors":[],"degree":0,"dstr":"2020-07-08"},{"SEQID":"EPI_ISL_686874","GNODEID":"G-0","TAGID":"B-1-1-124-0014","cat_id":"client","type":"CD","date":43983,"category":"client","association":"KS","highlight":{},"emphasize":"Y","dint":1590969600000,"age":"","index":9,"edges":[],"neighbors":[],"degree":0,"dstr":"2020-06-01"},{"SEQID":"EPI_ISL_690633","GNODEID":"G-10","TAGID":"B-1-1-124-0015","cat_id":"client","type":"CD","date":44017,"category":"client","association":"KY","highlight":{},"emphasize":"Y","dint":1593907200000,"age":"","index":10,"edges":[],"neighbors":[],"degree":0,"dstr":"2020-07-05"},{"SEQID":"EPI_ISL_687038","GNODEID":"G-0","TAGID":"B-1-1-124-0016","cat_id":"staff","type":"CD","date":44031,"category":"staff","association":"KS","highlight":{},"emphasize":"Y","dint":1595116800000,"age":"","index":11,"edges":[],"neighbors":[],"degree":0,"dstr":"2020-07-19"},{"SEQID":"EPI_ISL_687459","GNODEID":"G-0","TAGID":"B-1-1-124-0017","cat_id":"client","type":"CD","date":44004,"category":"client","association":"CS","highlight":{},"emphasize":"N","dint":1592784000000,"age":"","index":12,"edges":[],"neighbors":[],"degree":0,"dstr":"2020-06-22"},{"SEQID":"EPI_ISL_688086","GNODEID":"G-0","TAGID":"B-1-1-124-0021","cat_id":"staff","type":"CD","date":44032,"category":"staff","association":"CS","highlight":{},"emphasize":"Y","dint":1595203200000,"age":"","index":13,"edges":[],"neighbors":[],"degree":0,"dstr":"2020-07-20"},{"SEQID":"EPI_ISL_688842","GNODEID":"G-0","TAGID":"B-1-1-124-0022","cat_id":"client","type":"CD","date":44021,"category":"client","association":"CS","highlight":{},"emphasize":"N","dint":1594252800000,"age":"","index":14,"edges":[],"neighbors":[],"degree":0,"dstr":"2020-07-09"},{"SEQID":"EPI_ISL_688844","GNODEID":"G-0","TAGID":"B-1-1-124-0023","cat_id":"staff","type":"CD","date":44022,"category":"staff","association":"CS","highlight":{},"emphasize":"Y","dint":1594339200000,"age":"","index":15,"edges":[],"neighbors":[],"degree":0,"dstr":"2020-07-10"},{"SEQID":"EPI_ISL_689082","GNODEID":"G-21","TAGID":"B-1-1-124-0024","cat_id":"client","type":"CD","date":44026,"category":"client","association":"KS","highlight":{},"emphasize":"Y","dint":1594684800000,"age":"","index":16,"edges":[],"neighbors":[],"degree":0,"dstr":"2020-07-14"},{"SEQID":"EPI_ISL_689107","GNODEID":"G-0","TAGID":"B-1-1-124-0026","cat_id":"client","type":"CD","date":44029,"category":"client","association":"KY","highlight":{},"emphasize":"N","dint":1594944000000,"age":"","index":17,"edges":[],"neighbors":[],"degree":0,"dstr":"2020-07-17"},{"SEQID":"EPI_ISL_689109","GNODEID":"G-16","TAGID":"B-1-1-124-0027","cat_id":"client","type":"CD","date":44030,"category":"client","association":"KY","highlight":{},"emphasize":"N","dint":1595030400000,"age":"","index":18,"edges":[],"neighbors":[],"degree":0,"dstr":"2020-07-18"},{"SEQID":"EPI_ISL_689112","GNODEID":"G-0","TAGID":"B-1-1-124-0028","cat_id":"client","type":"CD","date":44030,"category":"client","association":"KY","highlight":{},"emphasize":"Y","dint":1595030400000,"age":"","index":19,"edges":[],"neighbors":[],"degree":0,"dstr":"2020-07-18"},{"SEQID":"EPI_ISL_689117","GNODEID":"G-0","TAGID":"B-1-1-124-0029","cat_id":"client","type":"CD","date":44030,"category":"client","association":"KY","highlight":{},"emphasize":"N","dint":1595030400000,"age":"","index":20,"edges":[],"neighbors":[],"degree":0,"dstr":"2020-07-18"},{"SEQID":"EPI_ISL_689125","GNODEID":"G-0","TAGID":"B-1-1-124-0030","cat_id":"staff","type":"CD","date":44032,"category":"staff","association":"KY","highlight":{},"emphasize":"N","dint":1595203200000,"age":"","index":21,"edges":[],"neighbors":[],"degree":0,"dstr":"2020-07-20"},{"SEQID":"EPI_ISL_689126","GNODEID":"G-0","TAGID":"B-1-1-124-0031","cat_id":"staff","type":"CD","date":44032,"category":"staff","association":"KY","highlight":{},"emphasize":"N","dint":1595203200000,"age":"","index":22,"edges":[],"neighbors":[],"degree":0,"dstr":"2020-07-20"},{"SEQID":"EPI_ISL_689127","GNODEID":"G-0","TAGID":"B-1-1-124-0032","cat_id":"staff","type":"CD","date":44032,"category":"staff","association":"KY","highlight":{},"emphasize":"Y","dint":1595203200000,"age":"","index":23,"edges":[],"neighbors":[],"degree":0,"dstr":"2020-07-20"},{"SEQID":"EPI_ISL_689522","GNODEID":"G-3","TAGID":"B-1-1-124-0033","cat_id":"staff","type":"CD","date":44006,"category":"staff","association":"KS","highlight":{},"emphasize":"N","dint":1592956800000,"age":"","index":24,"edges":[],"neighbors":[],"degree":0,"dstr":"2020-06-24"},{"SEQID":"EPI_ISL_689538","GNODEID":"G-29.2","TAGID":"B-1-1-124-0034","cat_id":"staff","type":"CD","date":44027,"category":"staff","association":"KS","highlight":{},"emphasize":"Y","dint":1594771200000,"age":"","index":25,"edges":[],"neighbors":[],"degree":0,"dstr":"2020-07-15"},{"SEQID":"EPI_ISL_690147","GNODEID":"G-22","TAGID":"B-1-1-124-0035","cat_id":"staff","type":"CD","date":44030,"category":"staff","association":"KS","highlight":{},"emphasize":"N","dint":1595030400000,"age":"","index":26,"edges":[],"neighbors":[],"degree":0,"dstr":"2020-07-18"},{"SEQID":"EPI_ISL_691279","GNODEID":"G-4.1","TAGID":"B-1-1-124-0036","cat_id":"client","type":"CD","date":44002,"category":"client","association":"KS","highlight":{},"emphasize":"Y","dint":1592611200000,"age":"","index":27,"edges":[],"neighbors":[],"degree":0,"dstr":"2020-06-20"},{"SEQID":"EPI_ISL_691373","GNODEID":"G-23","TAGID":"B-1-1-124-0038","cat_id":"client","type":"CD","date":44011,"category":"client","association":"KS","highlight":{},"emphasize":"Y","dint":1593388800000,"age":"","index":28,"edges":[],"neighbors":[],"degree":0,"dstr":"2020-06-29"},{"SEQID":"EPI_ISL_691387","GNODEID":"G-0","TAGID":"B-1-1-124-0040","cat_id":"client","type":"CD","date":44014,"category":"client","association":"KY","highlight":{},"emphasize":"N","dint":1593648000000,"age":"","index":29,"edges":[],"neighbors":[],"degree":0,"dstr":"2020-07-02"},{"SEQID":"EPI_ISL_691388","GNODEID":"G-0","TAGID":"B-1-1-124-0041","cat_id":"client","type":"CD","date":44014,"category":"client","association":"KY","highlight":{},"emphasize":"Y","dint":1593648000000,"age":"","index":30,"edges":[],"neighbors":[],"degree":0,"dstr":"2020-07-02"},{"SEQID":"EPI_ISL_691557","GNODEID":"G-0","TAGID":"B-1-1-124-0048","cat_id":"client","type":"CD","date":44015,"category":"client","association":"KY","highlight":{},"emphasize":"N","dint":1593734400000,"age":"","index":31,"edges":[],"neighbors":[],"degree":0,"dstr":"2020-07-03"},{"SEQID":"EPI_ISL_691572","GNODEID":"G-0","TAGID":"B-1-1-124-0053","cat_id":"client","type":"CD","date":44015,"category":"client","association":"KY","highlight":{},"emphasize":"Y","dint":1593734400000,"age":"","index":32,"edges":[],"neighbors":[],"degree":0,"dstr":"2020-07-03"},{"SEQID":"EPI_ISL_691575","GNODEID":"G-0","TAGID":"B-1-1-124-0056","cat_id":"staff","type":"CD","date":44015,"category":"staff","association":"KY","highlight":{},"emphasize":"N","dint":1593734400000,"age":"","index":33,"edges":[],"neighbors":[],"degree":0,"dstr":"2020-07-03"},{"SEQID":"EPI_ISL_691580","GNODEID":"G-0","TAGID":"B-1-1-124-0061","cat_id":"staff","type":"CD","date":44015,"category":"staff","association":"KY","highlight":{},"emphasize":"Y","dint":1593734400000,"age":"","index":34,"edges":[],"neighbors":[],"degree":0,"dstr":"2020-07-03"},{"SEQID":"EPI_ISL_691581","GNODEID":"G-13","TAGID":"B-1-1-124-0062","cat_id":"staff","type":"CD","date":44015,"category":"staff","association":"KY","highlight":{},"emphasize":"N","dint":1593734400000,"age":"","index":35,"edges":[],"neighbors":[],"degree":0,"dstr":"2020-07-03"},{"SEQID":"EPI_ISL_691582","GNODEID":"G-7","TAGID":"B-1-1-124-0063","cat_id":"client","type":"CD","date":44015,"category":"client","association":"KY","highlight":{},"emphasize":"Y","dint":1593734400000,"age":"","index":36,"edges":[],"neighbors":[],"degree":0,"dstr":"2020-07-03"},{"SEQID":"EPI_ISL_691589","GNODEID":"G-0","TAGID":"B-1-1-124-0069","cat_id":"staff","type":"CD","date":44016,"category":"staff","association":"KY","highlight":{},"emphasize":"N","dint":1593820800000,"age":"","index":37,"edges":[],"neighbors":[],"degree":0,"dstr":"2020-07-04"},{"SEQID":"EPI_ISL_691592","GNODEID":"G-0","TAGID":"B-1-1-124-0072","cat_id":"client","type":"CD","date":44016,"category":"client","association":"KY","highlight":{},"emphasize":"N","dint":1593820800000,"age":"","index":38,"edges":[],"neighbors":[],"degree":0,"dstr":"2020-07-04"},{"SEQID":"EPI_ISL_691599","GNODEID":"G-0","TAGID":"B-1-1-124-0078","cat_id":"staff","type":"CD","date":44017,"category":"staff","association":"KY","highlight":{},"emphasize":"Y","dint":1593907200000,"age":"","index":39,"edges":[],"neighbors":[],"degree":0,"dstr":"2020-07-05"},{"SEQID":"EPI_ISL_691600","GNODEID":"G-17","TAGID":"B-1-1-124-0079","cat_id":"client","type":"CD","date":44018,"category":"client","association":"KY","highlight":{},"emphasize":"Y","dint":1593993600000,"age":"","index":40,"edges":[],"neighbors":[],"degree":0,"dstr":"2020-07-06"},{"SEQID":"EPI_ISL_691603","GNODEID":"G-0","TAGID":"B-1-1-124-0082","cat_id":"staff","type":"CD","date":44014,"category":"staff","association":"KY","highlight":{},"emphasize":"Y","dint":1593648000000,"age":"","index":41,"edges":[],"neighbors":[],"degree":0,"dstr":"2020-07-02"},{"SEQID":"EPI_ISL_691610","GNODEID":"G-28","TAGID":"B-1-1-124-0087","cat_id":"staff","type":"CD","date":44015,"category":"staff","association":"KY","highlight":{},"emphasize":"N","dint":1593734400000,"age":"","index":42,"edges":[],"neighbors":[],"degree":0,"dstr":"2020-07-03"},{"SEQID":"EPI_ISL_691759","GNODEID":"G-13","TAGID":"B-1-1-124-0090","cat_id":"client","type":"CD","date":44015,"category":"client","association":"KY","highlight":{},"emphasize":"N","dint":1593734400000,"age":"","index":43,"edges":[],"neighbors":[],"degree":0,"dstr":"2020-07-03"},{"SEQID":"EPI_ISL_691760","GNODEID":"G-25","TAGID":"B-1-1-124-0091","cat_id":"client","type":"CD","date":44015,"category":"client","association":"KY","highlight":{},"emphasize":"Y","dint":1593734400000,"age":"","index":44,"edges":[],"neighbors":[],"degree":0,"dstr":"2020-07-03"},{"SEQID":"EPI_ISL_691761","GNODEID":"G-0","TAGID":"B-1-1-124-0092","cat_id":"staff","type":"CD","date":44015,"category":"staff","association":"KY","highlight":{},"emphasize":"Y","dint":1593734400000,"age":"","index":45,"edges":[],"neighbors":[],"degree":0,"dstr":"2020-07-03"},{"SEQID":"EPI_ISL_691762","GNODEID":"G-0","TAGID":"B-1-1-124-0093","cat_id":"staff","type":"CD","date":44016,"category":"staff","association":"KY","highlight":{},"emphasize":"Y","dint":1593820800000,"age":"","index":46,"edges":[],"neighbors":[],"degree":0,"dstr":"2020-07-04"},{"SEQID":"EPI_ISL_691765","GNODEID":"G-14","TAGID":"B-1-1-124-0095","cat_id":"client","type":"CD","date":44020,"category":"client","association":"KY","highlight":{},"emphasize":"N","dint":1594166400000,"age":"","index":47,"edges":[],"neighbors":[],"degree":0,"dstr":"2020-07-08"},{"SEQID":"EPI_ISL_691802","GNODEID":"G-2","TAGID":"B-1-1-124-0096","cat_id":"client","type":"CD","date":43999,"category":"client","association":"KS","highlight":{},"emphasize":"N","dint":1592352000000,"age":"","index":48,"edges":[],"neighbors":[],"degree":0,"dstr":"2020-06-17"},{"SEQID":"EPI_ISL_691863","GNODEID":"G-24.1","TAGID":"B-1-1-124-0097","cat_id":"client","type":"CD","date":44012,"category":"client","association":"なし","highlight":{},"emphasize":"N","dint":1593475200000,"age":"","index":49,"edges":[],"neighbors":[],"degree":0,"dstr":"2020-06-30"},{"SEQID":"EPI_ISL_692093","GNODEID":"G-0","TAGID":"B-1-1-124-0099","cat_id":"staff","type":"CD","date":44025,"category":"staff","association":"KN","highlight":{},"emphasize":"Y","dint":1594598400000,"age":"","index":50,"edges":[],"neighbors":[],"degree":0,"dstr":"2020-07-13"},{"SEQID":"EPI_ISL_692145","GNODEID":"G-0","TAGID":"B-1-1-124-0101","cat_id":"client","type":"CD","date":44020,"category":"client","association":"KY","highlight":{},"emphasize":"N","dint":1594166400000,"age":"","index":51,"edges":[],"neighbors":[],"degree":0,"dstr":"2020-07-08"},{"SEQID":"EPI_ISL_692139","GNODEID":"G-0","TAGID":"B-1-1-124-0103","cat_id":"client","type":"CD","date":44022,"category":"client","association":"KY","highlight":{},"emphasize":"N","dint":1594339200000,"age":"","index":52,"edges":[],"neighbors":[],"degree":0,"dstr":"2020-07-10"},{"SEQID":"EPI_ISL_692140","GNODEID":"G-0","TAGID":"B-1-1-124-0104","cat_id":"client","type":"CD","date":44022,"category":"client","association":"KY","highlight":{},"emphasize":"N","dint":1594339200000,"age":"","index":53,"edges":[],"neighbors":[],"degree":0,"dstr":"2020-07-10"},{"SEQID":"EPI_ISL_692142","GNODEID":"G-11","TAGID":"B-1-1-124-0106","cat_id":"staff","type":"CD","date":44019,"category":"staff","association":"KY","highlight":{},"emphasize":"Y","dint":1594080000000,"age":"","index":54,"edges":[],"neighbors":[],"degree":0,"dstr":"2020-07-07"},{"SEQID":"EPI_ISL_692143","GNODEID":"G-0","TAGID":"B-1-1-124-0107","cat_id":"client","type":"CD","date":44020,"category":"client","association":"KY","highlight":{},"emphasize":"N","dint":1594166400000,"age":"","index":55,"edges":[],"neighbors":[],"degree":0,"dstr":"2020-07-08"},{"SEQID":"EPI_ISL_692150","GNODEID":"G-8","TAGID":"B-1-1-124-0108","cat_id":"client","type":"CD","date":44024,"category":"client","association":"KY","highlight":{},"emphasize":"N","dint":1594512000000,"age":"","index":56,"edges":[],"neighbors":[],"degree":0,"dstr":"2020-07-12"},{"SEQID":"EPI_ISL_692147","GNODEID":"G-26","TAGID":"B-1-1-124-0111","cat_id":"client","type":"CD","date":44023,"category":"client","association":"KY","highlight":{},"emphasize":"N","dint":1594425600000,"age":"","index":57,"edges":[],"neighbors":[],"degree":0,"dstr":"2020-07-11"},{"SEQID":"EPI_ISL_692148","GNODEID":"G-8.1","TAGID":"B-1-1-124-0112","cat_id":"client","type":"CD","date":44023,"category":"client","association":"KY","highlight":{},"emphasize":"Y","dint":1594425600000,"age":"","index":58,"edges":[],"neighbors":[],"degree":0,"dstr":"2020-07-11"},{"SEQID":"EPI_ISL_692149","GNODEID":"G-8","TAGID":"B-1-1-124-0113","cat_id":"client","type":"CD","date":44024,"category":"client","association":"KY","highlight":{},"emphasize":"N","dint":1594512000000,"age":"","index":59,"edges":[],"neighbors":[],"degree":0,"dstr":"2020-07-12"},{"SEQID":"EPI_ISL_692153","GNODEID":"G-9","TAGID":"B-1-1-124-0114","cat_id":"staff","type":"CD","date":44023,"category":"staff","association":"KY","highlight":{},"emphasize":"Y","dint":1594425600000,"age":"","index":60,"edges":[],"neighbors":[],"degree":0,"dstr":"2020-07-11"},{"SEQID":"EPI_ISL_692164","GNODEID":"G-9","TAGID":"B-1-1-124-0117","cat_id":"staff","type":"CD","date":44024,"category":"staff","association":"KY","highlight":{},"emphasize":"N","dint":1594512000000,"age":"","index":61,"edges":[],"neighbors":[],"degree":0,"dstr":"2020-07-12"},{"SEQID":"EPI_ISL_692182","GNODEID":"G-14","TAGID":"B-1-1-124-0118","cat_id":"client","type":"CD","date":44013,"category":"client","association":"なし","highlight":{},"emphasize":"Y","dint":1593561600000,"age":"","index":62,"edges":[],"neighbors":[],"degree":0,"dstr":"2020-07-01"},{"SEQID":"EPI_ISL_692340","GNODEID":"G-0","TAGID":"B-1-1-124-0120","cat_id":"staff","type":"CD","date":44030,"category":"staff","association":"KS","highlight":{},"emphasize":"N","dint":1595030400000,"age":"","index":63,"edges":[],"neighbors":[],"degree":0,"dstr":"2020-07-18"},{"SEQID":"EPI_ISL_692354","GNODEID":"G-14","TAGID":"B-1-1-124-0127","cat_id":"client","type":"CD","date":44016,"category":"client","association":"KY","highlight":{},"emphasize":"N","dint":1593820800000,"age":"","index":64,"edges":[],"neighbors":[],"degree":0,"dstr":"2020-07-04"},{"SEQID":"EPI_ISL_692355","GNODEID":"G-14","TAGID":"B-1-1-124-0128","cat_id":"staff","type":"CD","date":44016,"category":"staff","association":"KY","highlight":{},"emphasize":"N","dint":1593820800000,"age":"","index":65,"edges":[],"neighbors":[],"degree":0,"dstr":"2020-07-04"},{"SEQID":"EPI_ISL_692356","GNODEID":"G-14","TAGID":"B-1-1-124-0129","cat_id":"client","type":"CD","date":44016,"category":"client","association":"KY","highlight":{},"emphasize":"Y","dint":1593820800000,"age":"","index":66,"edges":[],"neighbors":[],"degree":0,"dstr":"2020-07-04"},{"SEQID":"EPI_ISL_692359","GNODEID":"G-14","TAGID":"B-1-1-124-0132","cat_id":"client","type":"CD","date":44018,"category":"client","association":"KY","highlight":{},"emphasize":"Y","dint":1593993600000,"age":"","index":67,"edges":[],"neighbors":[],"degree":0,"dstr":"2020-07-06"},{"SEQID":"EPI_ISL_692360","GNODEID":"G-14.1","TAGID":"B-1-1-124-0133","cat_id":"staff","type":"CD","date":44018,"category":"staff","association":"KY","highlight":{},"emphasize":"N","dint":1593993600000,"age":"","index":68,"edges":[],"neighbors":[],"degree":0,"dstr":"2020-07-06"},{"SEQID":"EPI_ISL_692363","GNODEID":"G-14.2","TAGID":"B-1-1-124-0134","cat_id":"client","type":"CD","date":44021,"category":"client","association":"KY","highlight":{},"emphasize":"Y","dint":1594252800000,"age":"","index":69,"edges":[],"neighbors":[],"degree":0,"dstr":"2020-07-09"},{"SEQID":"EPI_ISL_692510","GNODEID":"G-0","TAGID":"B-1-1-124-0136","cat_id":"staff","type":"CD","date":44030,"category":"staff","association":"KY","highlight":{},"emphasize":"Y","dint":1595030400000,"age":"","index":70,"edges":[],"neighbors":[],"degree":0,"dstr":"2020-07-18"},{"SEQID":"EPI_ISL_692511","GNODEID":"G-0","TAGID":"B-1-1-124-0137","cat_id":"staff","type":"CD","date":44031,"category":"staff","association":"KY","highlight":{},"emphasize":"N","dint":1595116800000,"age":"","index":71,"edges":[],"neighbors":[],"degree":0,"dstr":"2020-07-19"},{"SEQID":"EPI_ISL_692571","GNODEID":"G-0","TAGID":"B-1-1-124-0138","cat_id":"staff","type":"CD","date":44031,"category":"staff","association":"なし","highlight":{},"emphasize":"Y","dint":1595116800000,"age":"","index":72,"edges":[],"neighbors":[],"degree":0,"dstr":"2020-07-19"},{"SEQID":"EPI_ISL_692603","GNODEID":"G-0","TAGID":"B-1-1-124-0140","cat_id":"staff","type":"CD","date":44004,"category":"staff","association":"KS","highlight":{},"emphasize":"N","dint":1592784000000,"age":"","index":73,"edges":[],"neighbors":[],"degree":0,"dstr":"2020-06-22"},{"SEQID":"EPI_ISL_692613","GNODEID":"G-3.1","TAGID":"B-1-1-124-0141","cat_id":"staff","type":"CD","date":44013,"category":"staff","association":"KS","highlight":{},"emphasize":"Y","dint":1593561600000,"age":"","index":74,"edges":[],"neighbors":[],"degree":0,"dstr":"2020-07-01"},{"SEQID":"EPI_ISL_898351","GNODEID":"G-4","TAGID":"B-1-1-124-0143","cat_id":"client","type":"CD","date":44022,"category":"client","association":"KS","highlight":{},"emphasize":"N","dint":1594339200000,"age":"","index":75,"edges":[],"neighbors":[],"degree":0,"dstr":"2020-07-10"},{"SEQID":"EPI_ISL_898377","GNODEID":"G-19","TAGID":"B-1-1-124-0144","cat_id":"staff","type":"CD","date":44030,"category":"staff","association":"KS","highlight":{},"emphasize":"Y","dint":1595030400000,"age":"","index":76,"edges":[],"neighbors":[],"degree":0,"dstr":"2020-07-18"},{"SEQID":"EPI_ISL_901272","GNODEID":"G-0","TAGID":"B-1-1-124-0146","cat_id":"staff","type":"CD","date":44015,"category":"staff","association":"KY","highlight":{},"emphasize":"N","dint":1593734400000,"age":"","index":77,"edges":[],"neighbors":[],"degree":0,"dstr":"2020-07-03"},{"SEQID":"EPI_ISL_901274","GNODEID":"G-27","TAGID":"B-1-1-124-0148","cat_id":"client","type":"CD","date":44015,"category":"client","association":"KY","highlight":{},"emphasize":"Y","dint":1593734400000,"age":"","index":78,"edges":[],"neighbors":[],"degree":0,"dstr":"2020-07-03"},{"SEQID":"EPI_ISL_901276","GNODEID":"G-15","TAGID":"B-1-1-124-0150","cat_id":"client","type":"CD","date":44015,"category":"client","association":"KY","highlight":{},"emphasize":"Y","dint":1593734400000,"age":"","index":79,"edges":[],"neighbors":[],"degree":0,"dstr":"2020-07-03"},{"SEQID":"EPI_ISL_901277","GNODEID":"G-0","TAGID":"B-1-1-124-0151","cat_id":"client","type":"CD","date":44016,"category":"client","association":"KY","highlight":{},"emphasize":"Y","dint":1593820800000,"age":"","index":80,"edges":[],"neighbors":[],"degree":0,"dstr":"2020-07-04"},{"SEQID":"EPI_ISL_901279","GNODEID":"G-0","TAGID":"B-1-1-124-0153","cat_id":"client","type":"CD","date":44017,"category":"client","association":"KY","highlight":{},"emphasize":"N","dint":1593907200000,"age":"","index":81,"edges":[],"neighbors":[],"degree":0,"dstr":"2020-07-05"},{"SEQID":"EPI_ISL_901280","GNODEID":"G-0","TAGID":"B-1-1-124-0154","cat_id":"client","type":"CD","date":44017,"category":"client","association":"KY","highlight":{},"emphasize":"N","dint":1593907200000,"age":"","index":82,"edges":[],"neighbors":[],"degree":0,"dstr":"2020-07-05"},{"SEQID":"EPI_ISL_901283","GNODEID":"G-18","TAGID":"B-1-1-124-0157","cat_id":"staff","type":"CD","date":44024,"category":"staff","association":"KY","highlight":{},"emphasize":"Y","dint":1594512000000,"age":"","index":83,"edges":[],"neighbors":[],"degree":0,"dstr":"2020-07-12"},{"SEQID":"EPI_ISL_901284","GNODEID":"G-0","TAGID":"B-1-1-124-0158","cat_id":"staff","type":"CD","date":44026,"category":"staff","association":"KY","highlight":{},"emphasize":"N","dint":1594684800000,"age":"","index":84,"edges":[],"neighbors":[],"degree":0,"dstr":"2020-07-14"},{"SEQID":"EPI_ISL_902243","GNODEID":"G-20","TAGID":"B-1-1-124-0159","cat_id":"client","type":"CD","date":44018,"category":"client","association":"KS","highlight":{},"emphasize":"Y","dint":1593993600000,"age":"","index":85,"edges":[],"neighbors":[],"degree":0,"dstr":"2020-07-06"},{"SEQID":"EPI_ISL_902244","GNODEID":"G-0","TAGID":"B-1-1-124-0160","cat_id":"staff","type":"CD","date":44020,"category":"staff","association":"KS","highlight":{},"emphasize":"N","dint":1594166400000,"age":"","index":86,"edges":[],"neighbors":[],"degree":0,"dstr":"2020-07-08"},{"SEQID":"EPI_ISL_902245","GNODEID":"G-0","TAGID":"B-1-1-124-0161","cat_id":"client","type":"CD","date":44020,"category":"client","association":"KS","highlight":{},"emphasize":"N","dint":1594166400000,"age":"","index":87,"edges":[],"neighbors":[],"degree":0,"dstr":"2020-07-08"},{"SEQID":"EPI_ISL_902261","GNODEID":"G-24.3","TAGID":"B-1-1-124-0162","cat_id":"staff","type":"CD","date":44030,"category":"staff","association":"KS","highlight":{},"emphasize":"N","dint":1595030400000,"age":"","index":88,"edges":[],"neighbors":[],"degree":0,"dstr":"2020-07-18"},{"SEQID":"EPI_ISL_902262","GNODEID":"G-29.1","TAGID":"B-1-1-124-0163","cat_id":"staff","type":"CD","date":44032,"category":"staff","association":"KS","highlight":{},"emphasize":"Y","dint":1595203200000,"age":"","index":89,"edges":[],"neighbors":[],"degree":0,"dstr":"2020-07-20"},{"SEQID":"EPI_ISL_902263","GNODEID":"G-0","TAGID":"B-1-1-124-0164","cat_id":"staff","type":"CD","date":44032,"category":"staff","association":"KS","highlight":{},"emphasize":"N","dint":1595203200000,"age":"","index":90,"edges":[],"neighbors":[],"degree":0,"dstr":"2020-07-20"},{"SEQID":"EPI_ISL_902268","GNODEID":"G-24.3","TAGID":"B-1-1-124-0165","cat_id":"client","type":"CD","date":44027,"category":"client","association":"KS","highlight":{},"emphasize":"N","dint":1594771200000,"age":"","index":91,"edges":[],"neighbors":[],"degree":0,"dstr":"2020-07-15"},{"SEQID":"EPI_ISL_686663","GNODEID":"G-0","TAGID":"B-1-1-124-0166","cat_id":"staff","type":"CD","date":44013,"category":"staff","association":"KS","highlight":{},"emphasize":"Y","dint":1593561600000,"age":"","index":92,"edges":[],"neighbors":[],"degree":0,"dstr":"2020-07-01"},{"SEQID":"EPI_ISL_10957400","GNODEID":"G-0","TAGID":"B-1-1-124-0168","cat_id":"staff","type":"CD","date":44021,"category":"staff","association":"CS","highlight":{},"emphasize":"N","dint":1594252800000,"age":"","index":93,"edges":[],"neighbors":[],"degree":0,"dstr":"2020-07-09"},{"SEQID":"EPI_ISL_10957401","GNODEID":"G-0","TAGID":"B-1-1-124-0169","cat_id":"client","type":"CD","date":44022,"category":"client","association":"CS","highlight":{},"emphasize":"Y","dint":1594339200000,"age":"","index":94,"edges":[],"neighbors":[],"degree":0,"dstr":"2020-07-10"},{"SEQID":"EPI_ISL_649130","GNODEID":"G-0","TAGID":"B-1-1-124-0171","cat_id":"client","type":"CD","date":44013,"category":"client","association":"なし","highlight":{},"emphasize":"Y","dint":1593561600000,"age":"","index":95,"edges":[],"neighbors":[],"degree":0,"dstr":"2020-07-01"},{"SEQID":"EPI_ISL_649128","GNODEID":"G-0","TAGID":"B-1-1-124-0172","cat_id":"client","type":"CD","date":44013,"category":"client","association":"なし","highlight":{},"emphasize":"N","dint":1593561600000,"age":"","index":96,"edges":[],"neighbors":[],"degree":0,"dstr":"2020-07-01"},{"SEQID":"EPI_ISL_649129","GNODEID":"G-0","TAGID":"B-1-1-124-0173","cat_id":"client","type":"CD","date":44013,"category":"client","association":"なし","highlight":{},"emphasize":"N","dint":1593561600000,"age":"","index":97,"edges":[],"neighbors":[],"degree":0,"dstr":"2020-07-01"},{"SEQID":"EPI_ISL_649131","GNODEID":"G-0","TAGID":"B-1-1-124-0174","cat_id":"client","type":"CD","date":44013,"category":"client","association":"なし","highlight":{},"emphasize":"N","dint":1593561600000,"age":"","index":98,"edges":[],"neighbors":[],"degree":0,"dstr":"2020-07-01"},{"SEQID":"EPI_ISL_649133","GNODEID":"G-21","TAGID":"B-1-1-124-0175","cat_id":"client","type":"CD","date":44013,"category":"client","association":"なし","highlight":{},"emphasize":"Y","dint":1593561600000,"age":"","index":99,"edges":[],"neighbors":[],"degree":0,"dstr":"2020-07-01"},{"SEQID":"EPI_ISL_649134","GNODEID":"G-21","TAGID":"B-1-1-124-0176","cat_id":"client","type":"CD","date":44013,"category":"client","association":"なし","highlight":{},"emphasize":"Y","dint":1593561600000,"age":"","index":100,"edges":[],"neighbors":[],"degree":0,"dstr":"2020-07-01"},{"SEQID":"EPI_ISL_688544","GNODEID":"G-6","TAGID":"B-1-1-124-0177","cat_id":"staff","type":"CD","date":44022,"category":"staff","association":"なし","highlight":{},"emphasize":"Y","dint":1594339200000,"age":"","index":101,"edges":[],"neighbors":[],"degree":0,"dstr":"2020-07-10"},{"SEQID":"EPI_ISL_1123330","GNODEID":"G-22.1","TAGID":"B-1-1-124-0180","cat_id":"staff","type":"CD","date":44013,"category":"staff","association":"KS","highlight":{},"emphasize":"Y","dint":1593561600000,"age":"","index":102,"edges":[],"neighbors":[],"degree":0,"dstr":"2020-07-01"},{"SEQID":"EPI_ISL_1123396","GNODEID":"G-21","TAGID":"B-1-1-124-0181","cat_id":"staff","type":"CD","date":44013,"category":"staff","association":"KS","highlight":{},"emphasize":"Y","dint":1593561600000,"age":"","index":103,"edges":[],"neighbors":[],"degree":0,"dstr":"2020-07-01"},{"SEQID":"EPI_ISL_6170732","GNODEID":"G-19","TAGID":"B-1-1-124-0188","cat_id":"staff","type":"CD","date":44032,"category":"staff","association":"KS","highlight":{},"emphasize":"Y","dint":1595203200000,"age":"","index":104,"edges":[],"neighbors":[],"degree":0,"dstr":"2020-07-20"},{"SEQID":"EPI_ISL_6170734","GNODEID":"G-12","TAGID":"B-1-1-124-0189","cat_id":"staff","type":"CD","date":44032,"category":"staff","association":"KS","highlight":{},"emphasize":"N","dint":1595203200000,"age":"","index":105,"edges":[],"neighbors":[],"degree":0,"dstr":"2020-07-20"},{"SEQID":"EPI_ISL_1429387","GNODEID":"G-29.1","TAGID":"B-1-1-124-0191","cat_id":"staff","type":"CD","date":44030,"category":"staff","association":"KS","highlight":{},"emphasize":"Y","dint":1595030400000,"age":"","index":106,"edges":[],"neighbors":[],"degree":0,"dstr":"2020-07-18"},{"SEQID":"EPI_ISL_1973130","GNODEID":"G-5","TAGID":"B-1-1-124-0193","cat_id":"client","type":"CD","date":44004,"category":"client","association":"なし","highlight":{},"emphasize":"N","dint":1592784000000,"age":"","index":107,"edges":[],"neighbors":[],"degree":0,"dstr":"2020-06-22"}],"edges":[{"LINKID":"L-1","TAG_from":"EPI_ISL_6468625","TAG_to":"EPI_ISL_686874","label":"家族","src":-1,"dst":-1}],"epi":[{"SEQID":"EPI_ISL_10957400","GNODEID":"G-0"},{"SEQID":"EPI_ISL_689117","GNODEID":"G-0"},{"SEQID":"EPI_ISL_691571","GNODEID":"G-0"},{"SEQID":"EPI_ISL_691762","GNODEID":"G-0"},{"SEQID":"EPI_ISL_902244","GNODEID":"G-0"},{"SEQID":"EPI_ISL_692145","GNODEID":"G-0"},{"SEQID":"EPI_ISL_688086","GNODEID":"G-0"},{"SEQID":"EPI_ISL_689107","GNODEID":"G-0"},{"SEQID":"EPI_ISL_689127","GNODEID":"G-0"},{"SEQID":"EPI_ISL_692340","GNODEID":"G-0"},{"SEQID":"EPI_ISL_692143","GNODEID":"G-0"},{"SEQID":"EPI_ISL_686663","GNODEID":"G-0"},{"SEQID":"EPI_ISL_691603","GNODEID":"G-0"},{"SEQID":"EPI_ISL_649129","GNODEID":"G-0"},{"SEQID":"EPI_ISL_692571","GNODEID":"G-0"},{"SEQID":"EPI_ISL_692139","GNODEID":"G-0"},{"SEQID":"EPI_ISL_686874","GNODEID":"G-0"},{"SEQID":"EPI_ISL_691387","GNODEID":"G-0"},{"SEQID":"EPI_ISL_688844","GNODEID":"G-0"},{"SEQID":"EPI_ISL_689126","GNODEID":"G-0"},{"SEQID":"EPI_ISL_692093","GNODEID":"G-0"},{"SEQID":"EPI_ISL_687038","GNODEID":"G-0"},{"SEQID":"EPI_ISL_691592","GNODEID":"G-0"},{"SEQID":"EPI_ISL_691599","GNODEID":"G-0"},{"SEQID":"EPI_ISL_901280","GNODEID":"G-0"},{"SEQID":"EPI_ISL_691388","GNODEID":"G-0"},{"SEQID":"EPI_ISL_901272","GNODEID":"G-0"},{"SEQID":"EPI_ISL_901277","GNODEID":"G-0"},{"SEQID":"EPI_ISL_901284","GNODEID":"G-0"},{"SEQID":"EPI_ISL_691557","GNODEID":"G-0"},{"SEQID":"EPI_ISL_691572","GNODEID":"G-0"},{"SEQID":"EPI_ISL_689112","GNODEID":"G-0"},{"SEQID":"EPI_ISL_692510","GNODEID":"G-0"},{"SEQID":"EPI_ISL_901279","GNODEID":"G-0"},{"SEQID":"EPI_ISL_691558","GNODEID":"G-0"},{"SEQID":"EPI_ISL_692137","GNODEID":"G-0"},{"SEQID":"EPI_ISL_692603","GNODEID":"G-0"},{"SEQID":"EPI_ISL_649131","GNODEID":"G-0"},{"SEQID":"EPI_ISL_688842","GNODEID":"G-0"},{"SEQID":"EPI_ISL_6468618","GNODEID":"G-0"},{"SEQID":"EPI_ISL_687459","GNODEID":"G-0"},{"SEQID":"EPI_ISL_691580","GNODEID":"G-0"},{"SEQID":"EPI_ISL_691607","GNODEID":"G-0"},{"SEQID":"EPI_ISL_691569","GNODEID":"G-0"},{"SEQID":"EPI_ISL_691575","GNODEID":"G-0"},{"SEQID":"EPI_ISL_691609","GNODEID":"G-0"},{"SEQID":"EPI_ISL_902263","GNODEID":"G-0"},{"SEQID":"EPI_ISL_691761","GNODEID":"G-0"},{"SEQID":"EPI_ISL_692140","GNODEID":"G-0"},{"SEQID":"EPI_ISL_902245","GNODEID":"G-0"},{"SEQID":"EPI_ISL_692511","GNODEID":"G-0"},{"SEQID":"EPI_ISL_691589","GNODEID":"G-0"},{"SEQID":"EPI_ISL_689125","GNODEID":"G-0"},{"SEQID":"EPI_ISL_649130","GNODEID":"G-0"},{"SEQID":"EPI_ISL_649128","GNODEID":"G-0"},{"SEQID":"EPI_ISL_10957401","GNODEID":"G-0"},{"SEQID":"REF","GNODEID":"G-1"},{"SEQID":"EPI_ISL_691802","GNODEID":"G-2"},{"SEQID":"EPI_ISL_689522","GNODEID":"G-3"},{"SEQID":"EPI_ISL_692613","GNODEID":"G-3.1"},{"SEQID":"EPI_ISL_898351","GNODEID":"G-4"},{"SEQID":"EPI_ISL_691279","GNODEID":"G-4.1"},{"SEQID":"EPI_ISL_1973130","GNODEID":"G-5"},{"SEQID":"EPI_ISL_688544","GNODEID":"G-6"},{"SEQID":"EPI_ISL_691582","GNODEID":"G-7"},{"SEQID":"EPI_ISL_692149","GNODEID":"G-8"},{"SEQID":"EPI_ISL_692150","GNODEID":"G-8"},{"SEQID":"EPI_ISL_692148","GNODEID":"G-8.1"},{"SEQID":"EPI_ISL_692153","GNODEID":"G-9"},{"SEQID":"EPI_ISL_692164","GNODEID":"G-9"},{"SEQID":"EPI_ISL_690633","GNODEID":"G-10"},{"SEQID":"EPI_ISL_692142","GNODEID":"G-11"},{"SEQID":"EPI_ISL_6170734","GNODEID":"G-12"},{"SEQID":"EPI_ISL_691581","GNODEID":"G-13"},{"SEQID":"EPI_ISL_691759","GNODEID":"G-13"},{"SEQID":"EPI_ISL_691765","GNODEID":"G-14"},{"SEQID":"EPI_ISL_692356","GNODEID":"G-14"},{"SEQID":"EPI_ISL_692359","GNODEID":"G-14"},{"SEQID":"EPI_ISL_692355","GNODEID":"G-14"},{"SEQID":"EPI_ISL_692354","GNODEID":"G-14"},{"SEQID":"EPI_ISL_692182","GNODEID":"G-14"},{"SEQID":"EPI_ISL_692360","GNODEID":"G-14.1"},{"SEQID":"EPI_ISL_692363","GNODEID":"G-14.2"},{"SEQID":"EPI_ISL_901276","GNODEID":"G-15"},{"SEQID":"EPI_ISL_689109","GNODEID":"G-16"},{"SEQID":"EPI_ISL_691600","GNODEID":"G-17"},{"SEQID":"EPI_ISL_901283","GNODEID":"G-18"},{"SEQID":"EPI_ISL_6170732","GNODEID":"G-19"},{"SEQID":"EPI_ISL_898377","GNODEID":"G-19"},{"SEQID":"EPI_ISL_902243","GNODEID":"G-20"},{"SEQID":"EPI_ISL_1123396","GNODEID":"G-21"},{"SEQID":"EPI_ISL_649134","GNODEID":"G-21"},{"SEQID":"EPI_ISL_689082","GNODEID":"G-21"},{"SEQID":"EPI_ISL_649133","GNODEID":"G-21"},{"SEQID":"EPI_ISL_690147","GNODEID":"G-22"},{"SEQID":"EPI_ISL_1123330","GNODEID":"G-22.1"},{"SEQID":"EPI_ISL_691365","GNODEID":"G-23"},{"SEQID":"EPI_ISL_691373","GNODEID":"G-23"},{"SEQID":"EPI_ISL_691863","GNODEID":"G-24.1"},{"SEQID":"EPI_ISL_10343695","GNODEID":"G-24.2"},{"SEQID":"EPI_ISL_902261","GNODEID":"G-24.3"},{"SEQID":"EPI_ISL_902268","GNODEID":"G-24.3"},{"SEQID":"EPI_ISL_691760","GNODEID":"G-25"},{"SEQID":"EPI_ISL_692147","GNODEID":"G-26"},{"SEQID":"EPI_ISL_901274","GNODEID":"G-27"},{"SEQID":"EPI_ISL_691610","GNODEID":"G-28"},{"SEQID":"EPI_ISL_1429387","GNODEID":"G-29.1"},{"SEQID":"EPI_ISL_902262","GNODEID":"G-29.1"},{"SEQID":"EPI_ISL_689538","GNODEID":"G-29.2"},{"SEQID":"EPI_ISL_2812955","GNODEID":"G-30"}],"tree":[{"label":"G-0","length":0,"edges":["G-1","G-2","G-3","G-4","G-5","G-6","G-7","G-8","G-9","G-10","G-11","G-12","G-13","G-14","G-14.1","G-14.2","G-15","G-16","G-17","G-18","G-19","G-20","G-21","G-22","G-22.1","G-23","G-24","G-24.1","G-24.2","G-24.3","G-25","G-26","G-27","G-28","G-29","G-29.1","G-29.2","G-30"],"subs":0},{"label":"G-1","length":0.0010854148,"edges":[],"subs":7},{"label":"G-2","length":0.0001550592,"edges":[],"subs":1},{"label":"G-3","length":0.0001551494,"edges":["G-3.1"],"subs":1},{"label":"G-3.1","length":0.000155068,"edges":[],"subs":1},{"label":"G-4","length":0.00015526249999999996,"edges":["G-4.1"],"subs":1},{"label":"G-4.1","length":0.0003102138,"edges":[],"subs":2},{"label":"G-5","length":0.0007770764000000002,"edges":[],"subs":5},{"label":"G-6","length":0.00015561999999999995,"edges":[],"subs":1},{"label":"G-7","length":0.00015565279999999994,"edges":[],"subs":1},{"label":"G-8","length":0.00031137699999999994,"edges":["G-8.1"],"subs":2},{"label":"G-8.1","length":0.00015545379999999998,"edges":[],"subs":1},{"label":"G-9","length":0.0003115517999999999,"edges":[],"subs":2},{"label":"G-10","length":0.0001560078999999999,"edges":[],"subs":1},{"label":"G-11","length":0.0001560863999999999,"edges":[],"subs":1},{"label":"G-12","length":0.00015614659999999987,"edges":[],"subs":1},{"label":"G-13","length":0.00015619949999999986,"edges":[],"subs":1},{"label":"G-14","length":0.0006243746000000007,"edges":["G-14.1","G-14.2"],"subs":4},{"label":"G-14.1","length":0.0001558035,"edges":[],"subs":1},{"label":"G-14.2","length":0.00015575080000000002,"edges":[],"subs":1},{"label":"G-15","length":0.00015654199999999986,"edges":[],"subs":1},{"label":"G-16","length":0.00031270029999999984,"edges":[],"subs":2},{"label":"G-17","length":0.00015667359999999982,"edges":[],"subs":1},{"label":"G-18","length":0.0001567450999999998,"edges":[],"subs":1},{"label":"G-19","length":0.00015682889999999982,"edges":[],"subs":1},{"label":"G-20","length":0.0001569254999999998,"edges":[],"subs":1},{"label":"G-21","length":0.00015696819999999978,"edges":[],"subs":1},{"label":"G-22","length":0.00015706349999999977,"edges":["G-22.1"],"subs":1},{"label":"G-22.1","length":0.0001561725,"edges":[],"subs":1},{"label":"G-23","length":0.00031353179999999976,"edges":[],"subs":2},{"label":"G-24","length":0.00031396929999999977,"edges":["G-24.1","G-24.2","G-24.3"],"subs":2},{"label":"G-24.1","length":0.0006265234,"edges":[],"subs":4},{"label":"G-24.2","length":0.000156682,"edges":[],"subs":1},{"label":"G-24.3","length":0.000783686,"edges":[],"subs":5},{"label":"G-25","length":0.00015735179999999975,"edges":[],"subs":1},{"label":"G-26","length":0.00015734819999999974,"edges":[],"subs":1},{"label":"G-27","length":0.00015732379999999974,"edges":[],"subs":1},{"label":"G-28","length":0.00015478750000000002,"edges":[],"subs":1},{"label":"G-29","length":0.0001547409,"edges":["G-29.1","G-29.2"],"subs":1},{"label":"G-29.1","length":0.0003091547,"edges":[],"subs":2},{"label":"G-29.2","length":0.0001546121,"edges":[],"subs":1},{"label":"G-30","length":0.00030958069999999997,"edges":[],"subs":2}],"dist":{"period":35.60727464261652,"phase":34.60727464261652,"interval":0.000004272152837573386}}