{"nodes":[{"SEQID":"EPI_ISL_10397629","GNODEID":"G-9","TAGID":"B-1-1-0001","cat_id":"client","type":"CD","date":43915,"category":"client","association":"CS","highlight":{},"emphasize":"Y","dint":1585094400000,"age":"","index":0,"edges":[],"neighbors":[],"degree":0,"dstr":"2020-03-25"},{"SEQID":"EPI_ISL_419301","GNODEID":"G-0","TAGID":"B-1-1-0002","cat_id":"client","type":"CD","date":43901,"category":"client","association":"KS","highlight":{},"emphasize":"Y","dint":1583884800000,"age":"","index":1,"edges":[],"neighbors":[],"degree":0,"dstr":"2020-03-11"},{"SEQID":"EPI_ISL_419302","GNODEID":"G-0","TAGID":"B-1-1-0003","cat_id":"client","type":"CD","date":43902,"category":"client","association":"KS","highlight":{},"emphasize":"Y","dint":1583971200000,"age":"","index":2,"edges":[],"neighbors":[],"degree":0,"dstr":"2020-03-12"},{"SEQID":"EPI_ISL_419304","GNODEID":"G-0","TAGID":"B-1-1-0005","cat_id":"staff","type":"CD","date":43907,"category":"staff","association":"KS","highlight":{},"emphasize":"Y","dint":1584403200000,"age":"","index":3,"edges":[],"neighbors":[],"degree":0,"dstr":"2020-03-17"},{"SEQID":"EPI_ISL_419306","GNODEID":"G-8","TAGID":"B-1-1-0007","cat_id":"client","type":"CD","date":43910,"category":"client","association":"KS","highlight":{},"emphasize":"Y","dint":1584662400000,"age":"","index":4,"edges":[],"neighbors":[],"degree":0,"dstr":"2020-03-20"},{"SEQID":"EPI_ISL_419307","GNODEID":"G-8","TAGID":"B-1-1-0008","cat_id":"staff","type":"CD","date":43910,"category":"staff","association":"KS","highlight":{},"emphasize":"N","dint":1584662400000,"age":"","index":5,"edges":[],"neighbors":[],"degree":0,"dstr":"2020-03-20"},{"SEQID":"EPI_ISL_419308","GNODEID":"G-8.1","TAGID":"B-1-1-0009","cat_id":"staff","type":"CD","date":43909,"category":"staff","association":"KS","highlight":{},"emphasize":"N","dint":1584576000000,"age":"","index":6,"edges":[],"neighbors":[],"degree":0,"dstr":"2020-03-19"},{"SEQID":"EPI_ISL_419311","GNODEID":"G-5","TAGID":"B-1-1-0011","cat_id":"client","type":"CD","date":43903,"category":"client","association":"KS","highlight":{},"emphasize":"N","dint":1584057600000,"age":"","index":7,"edges":[],"neighbors":[],"degree":0,"dstr":"2020-03-13"},{"SEQID":"EPI_ISL_480225","GNODEID":"G-9","TAGID":"B-1-1-0012","cat_id":"staff","type":"CD","date":43916,"category":"staff","highlight":{},"emphasize":"Y","dint":1585180800000,"age":"","index":8,"edges":[],"neighbors":[],"degree":0,"association":0,"dstr":"2020-03-26"},{"SEQID":"EPI_ISL_419310","GNODEID":"G-0","TAGID":"B-1-1-0013","cat_id":"staff","type":"CD","date":43903,"category":"staff","association":"KS","highlight":{},"emphasize":"Y","dint":1584057600000,"age":"","index":9,"edges":[],"neighbors":[],"degree":0,"dstr":"2020-03-13"},{"SEQID":"EPI_ISL_591358","GNODEID":"G-2","TAGID":"B-1-1-0014","cat_id":"staff","type":"CD","date":43916,"category":"staff","highlight":{},"emphasize":"Y","dint":1585180800000,"age":"","index":10,"edges":[],"neighbors":[],"degree":0,"association":0,"dstr":"2020-03-26"},{"SEQID":"EPI_ISL_591535","GNODEID":"G-0","TAGID":"B-1-1-0015","cat_id":"staff","type":"CD","date":43916,"category":"staff","highlight":{},"emphasize":"Y","dint":1585180800000,"age":"","index":11,"edges":[],"neighbors":[],"degree":0,"association":0,"dstr":"2020-03-26"},{"SEQID":"EPI_ISL_691290","GNODEID":"G-9","TAGID":"B-1-1-0016","cat_id":"client","type":"CD","date":43917,"category":"client","association":"KY","highlight":{},"emphasize":"Y","dint":1585267200000,"age":"","index":12,"edges":[],"neighbors":[],"degree":0,"dstr":"2020-03-27"},{"SEQID":"EPI_ISL_684150","GNODEID":"G-9","TAGID":"B-1-1-0017","cat_id":"staff","type":"CD","date":43913,"category":"staff","association":"KS","highlight":{},"emphasize":"Y","dint":1584921600000,"age":"","index":13,"edges":[],"neighbors":[],"degree":0,"dstr":"2020-03-23"},{"SEQID":"EPI_ISL_684437","GNODEID":"G-9","TAGID":"B-1-1-0025","cat_id":"staff","type":"CD","date":43919,"category":"staff","association":"KY","highlight":{},"emphasize":"N","dint":1585440000000,"age":"","index":14,"edges":[],"neighbors":[],"degree":0,"dstr":"2020-03-29"},{"SEQID":"EPI_ISL_684492","GNODEID":"G-9.12","TAGID":"B-1-1-0027","cat_id":"client","type":"CD","date":43918,"category":"client","highlight":{},"emphasize":"N","dint":1585353600000,"age":"","index":15,"edges":[],"neighbors":[],"degree":0,"association":0,"dstr":"2020-03-28"},{"SEQID":"EPI_ISL_684500","GNODEID":"G-7","TAGID":"B-1-1-0029","cat_id":"staff","type":"CD","date":43916,"category":"staff","association":"KY","highlight":{},"emphasize":"N","dint":1585180800000,"age":"","index":16,"edges":[],"neighbors":[],"degree":0,"dstr":"2020-03-26"},{"SEQID":"EPI_ISL_684508","GNODEID":"G-9.10","TAGID":"B-1-1-0030","cat_id":"staff","type":"CD","date":43916,"category":"staff","association":"KS","highlight":{},"emphasize":"Y","dint":1585180800000,"age":"","index":17,"edges":[],"neighbors":[],"degree":0,"dstr":"2020-03-26"},{"SEQID":"EPI_ISL_684510","GNODEID":"G-9.19","TAGID":"B-1-1-0032","cat_id":"staff","type":"CD","date":43915,"category":"staff","association":"KS","highlight":{},"emphasize":"N","dint":1585094400000,"age":"","index":18,"edges":[],"neighbors":[],"degree":0,"dstr":"2020-03-25"},{"SEQID":"EPI_ISL_684511","GNODEID":"G-0","TAGID":"B-1-1-0033","cat_id":"staff","type":"CD","date":43915,"category":"staff","association":"KS","highlight":{},"emphasize":"N","dint":1585094400000,"age":"","index":19,"edges":[],"neighbors":[],"degree":0,"dstr":"2020-03-25"},{"SEQID":"EPI_ISL_684881","GNODEID":"G-0","TAGID":"B-1-1-0034","cat_id":"staff","type":"CD","date":43912,"category":"staff","association":"KS","highlight":{},"emphasize":"N","dint":1584835200000,"age":"","index":20,"edges":[],"neighbors":[],"degree":0,"dstr":"2020-03-22"},{"SEQID":"EPI_ISL_684882","GNODEID":"G-0","TAGID":"B-1-1-0035","cat_id":"staff","type":"CD","date":43913,"category":"staff","association":"KS","highlight":{},"emphasize":"Y","dint":1584921600000,"age":"","index":21,"edges":[],"neighbors":[],"degree":0,"dstr":"2020-03-23"},{"SEQID":"EPI_ISL_684887","GNODEID":"G-9.14","TAGID":"B-1-1-0038","cat_id":"staff","type":"CD","date":43915,"category":"staff","association":"KS","highlight":{},"emphasize":"Y","dint":1585094400000,"age":"","index":22,"edges":[],"neighbors":[],"degree":0,"dstr":"2020-03-25"},{"SEQID":"EPI_ISL_684888","GNODEID":"G-9.14","TAGID":"B-1-1-0039","cat_id":"client","type":"CD","date":43915,"category":"client","association":"KS","highlight":{},"emphasize":"N","dint":1585094400000,"age":"","index":23,"edges":[],"neighbors":[],"degree":0,"dstr":"2020-03-25"},{"SEQID":"EPI_ISL_684891","GNODEID":"G-9.17","TAGID":"B-1-1-0041","cat_id":"staff","type":"CD","date":43915,"category":"staff","association":"KS","highlight":{},"emphasize":"Y","dint":1585094400000,"age":"","index":24,"edges":[],"neighbors":[],"degree":0,"dstr":"2020-03-25"},{"SEQID":"EPI_ISL_684892","GNODEID":"G-3","TAGID":"B-1-1-0042","cat_id":"client","type":"CD","date":43916,"category":"client","association":"KS","highlight":{},"emphasize":"Y","dint":1585180800000,"age":"","index":25,"edges":[],"neighbors":[],"degree":0,"dstr":"2020-03-26"},{"SEQID":"EPI_ISL_685240","GNODEID":"G-9.11","TAGID":"B-1-1-0045","cat_id":"staff","type":"CD","date":43917,"category":"staff","association":"HO","highlight":{},"emphasize":"N","dint":1585267200000,"age":"","index":26,"edges":[],"neighbors":[],"degree":0,"dstr":"2020-03-27"},{"SEQID":"EPI_ISL_685586","GNODEID":"G-9","TAGID":"B-1-1-0046","cat_id":"client","type":"CD","date":43917,"category":"client","association":"KS","highlight":{},"emphasize":"N","dint":1585267200000,"age":"","index":27,"edges":[],"neighbors":[],"degree":0,"dstr":"2020-03-27"},{"SEQID":"EPI_ISL_685782","GNODEID":"G-9.5","TAGID":"B-1-1-0051","cat_id":"staff","type":"CD","date":43914,"category":"staff","association":"OK","highlight":{},"emphasize":"Y","dint":1585008000000,"age":"","index":28,"edges":[],"neighbors":[],"degree":0,"dstr":"2020-03-24"},{"SEQID":"EPI_ISL_690746","GNODEID":"G-9","TAGID":"B-1-1-0054","cat_id":"staff","type":"CD","date":43919,"category":"staff","association":"TO","highlight":{},"emphasize":"N","dint":1585440000000,"age":"","index":29,"edges":[],"neighbors":[],"degree":0,"dstr":"2020-03-29"},{"SEQID":"EPI_ISL_690821","GNODEID":"G-9.15","TAGID":"B-1-1-0055","cat_id":"client","type":"CD","date":43916,"category":"client","association":"KS","highlight":{},"emphasize":"N","dint":1585180800000,"age":"","index":30,"edges":[],"neighbors":[],"degree":0,"dstr":"2020-03-26"},{"SEQID":"EPI_ISL_690822","GNODEID":"G-9.8","TAGID":"B-1-1-0056","cat_id":"client","type":"CD","date":43917,"category":"client","association":"KS","highlight":{},"emphasize":"Y","dint":1585267200000,"age":"","index":31,"edges":[],"neighbors":[],"degree":0,"dstr":"2020-03-27"},{"SEQID":"EPI_ISL_690990","GNODEID":"G-9.7","TAGID":"B-1-1-0057","cat_id":"staff","type":"CD","date":43914,"category":"staff","association":"CS","highlight":{},"emphasize":"N","dint":1585008000000,"age":"","index":32,"edges":[],"neighbors":[],"degree":0,"dstr":"2020-03-24"},{"SEQID":"EPI_ISL_691024","GNODEID":"G-4","TAGID":"B-1-1-0061","cat_id":"staff","type":"CD","date":43917,"category":"staff","association":"KS","highlight":{},"emphasize":"N","dint":1585267200000,"age":"","index":33,"edges":[],"neighbors":[],"degree":0,"dstr":"2020-03-27"},{"SEQID":"EPI_ISL_691026","GNODEID":"G-9","TAGID":"B-1-1-0062","cat_id":"staff","type":"CD","date":43917,"category":"staff","association":"KS","highlight":{},"emphasize":"N","dint":1585267200000,"age":"","index":34,"edges":[],"neighbors":[],"degree":0,"dstr":"2020-03-27"},{"SEQID":"EPI_ISL_691028","GNODEID":"G-9.3","TAGID":"B-1-1-0063","cat_id":"client","type":"CD","date":43918,"category":"client","association":"KS","highlight":{},"emphasize":"Y","dint":1585353600000,"age":"","index":35,"edges":[],"neighbors":[],"degree":0,"dstr":"2020-03-28"},{"SEQID":"EPI_ISL_691242","GNODEID":"G-9","TAGID":"B-1-1-0064","cat_id":"staff","type":"CD","date":43919,"category":"staff","association":"TO","highlight":{},"emphasize":"N","dint":1585440000000,"age":"","index":36,"edges":[],"neighbors":[],"degree":0,"dstr":"2020-03-29"},{"SEQID":"EPI_ISL_691289","GNODEID":"G-9","TAGID":"B-1-1-0065","cat_id":"client","type":"CD","date":43917,"category":"client","association":"KY","highlight":{},"emphasize":"Y","dint":1585267200000,"age":"","index":37,"edges":[],"neighbors":[],"degree":0,"dstr":"2020-03-27"},{"SEQID":"EPI_ISL_901322","GNODEID":"G-9.6","TAGID":"B-1-1-0067","cat_id":"client","type":"CD","date":43916,"category":"client","highlight":{},"emphasize":"N","dint":1585180800000,"age":"","index":38,"edges":[],"neighbors":[],"degree":0,"association":0,"dstr":"2020-03-26"},{"SEQID":"EPI_ISL_901323","GNODEID":"G-9.6","TAGID":"B-1-1-0068","cat_id":"client","type":"CD","date":43918,"category":"client","highlight":{},"emphasize":"N","dint":1585353600000,"age":"","index":39,"edges":[],"neighbors":[],"degree":0,"association":0,"dstr":"2020-03-28"},{"SEQID":"EPI_ISL_479880","GNODEID":"G-9","TAGID":"B-1-1-0071","cat_id":"staff","type":"CD","date":43904,"category":"staff","association":"HO","highlight":{},"emphasize":"N","dint":1584144000000,"age":"","index":40,"edges":[],"neighbors":[],"degree":0,"dstr":"2020-03-14"},{"SEQID":"EPI_ISL_479891","GNODEID":"G-9","TAGID":"B-1-1-0073","cat_id":"staff","type":"CD","date":43906,"category":"staff","highlight":{},"emphasize":"N","dint":1584316800000,"age":"","index":41,"edges":[],"neighbors":[],"degree":0,"association":0,"dstr":"2020-03-16"},{"SEQID":"EPI_ISL_479893","GNODEID":"G-9","TAGID":"B-1-1-0074","cat_id":"staff","type":"CD","date":43906,"category":"staff","highlight":{},"emphasize":"Y","dint":1584316800000,"age":"","index":42,"edges":[],"neighbors":[],"degree":0,"association":0,"dstr":"2020-03-16"},{"SEQID":"EPI_ISL_479895","GNODEID":"G-9.16","TAGID":"B-1-1-0075","cat_id":"client","type":"CD","date":43906,"category":"client","highlight":{},"emphasize":"Y","dint":1584316800000,"age":"","index":43,"edges":[],"neighbors":[],"degree":0,"association":0,"dstr":"2020-03-16"},{"SEQID":"EPI_ISL_479902","GNODEID":"G-9","TAGID":"B-1-1-0076","cat_id":"staff","type":"CD","date":43910,"category":"staff","highlight":{},"emphasize":"N","dint":1584662400000,"age":"","index":44,"edges":[],"neighbors":[],"degree":0,"association":0,"dstr":"2020-03-20"},{"SEQID":"EPI_ISL_479935","GNODEID":"G-0","TAGID":"B-1-1-0077","cat_id":"client","type":"CD","date":43908,"category":"client","highlight":{},"emphasize":"Y","dint":1584489600000,"age":"","index":45,"edges":[],"neighbors":[],"degree":0,"association":0,"dstr":"2020-03-18"},{"SEQID":"EPI_ISL_479942","GNODEID":"G-9.18","TAGID":"B-1-1-0078","cat_id":"client","type":"CD","date":43914,"category":"client","highlight":{},"emphasize":"N","dint":1585008000000,"age":"","index":46,"edges":[],"neighbors":[],"degree":0,"association":0,"dstr":"2020-03-24"},{"SEQID":"EPI_ISL_479943","GNODEID":"G-9.18","TAGID":"B-1-1-0079","cat_id":"client","type":"CD","date":43913,"category":"client","highlight":{},"emphasize":"Y","dint":1584921600000,"age":"","index":47,"edges":[],"neighbors":[],"degree":0,"association":0,"dstr":"2020-03-23"},{"SEQID":"EPI_ISL_479961","GNODEID":"G-9","TAGID":"B-1-1-0080","cat_id":"client","type":"CD","date":43909,"category":"client","highlight":{},"emphasize":"Y","dint":1584576000000,"age":"","index":48,"edges":[],"neighbors":[],"degree":0,"association":0,"dstr":"2020-03-19"},{"SEQID":"EPI_ISL_479962","GNODEID":"G-9.2","TAGID":"B-1-1-0081","cat_id":"staff","type":"CD","date":43913,"category":"staff","highlight":{},"emphasize":"N","dint":1584921600000,"age":"","index":49,"edges":[],"neighbors":[],"degree":0,"association":0,"dstr":"2020-03-23"},{"SEQID":"EPI_ISL_479963","GNODEID":"G-9.10","TAGID":"B-1-1-0082","cat_id":"staff","type":"CD","date":43913,"category":"staff","highlight":{},"emphasize":"Y","dint":1584921600000,"age":"","index":50,"edges":[],"neighbors":[],"degree":0,"association":0,"dstr":"2020-03-23"},{"SEQID":"EPI_ISL_479970","GNODEID":"G-9","TAGID":"B-1-1-0086","cat_id":"client","type":"CD","date":43915,"category":"client","highlight":{},"emphasize":"N","dint":1585094400000,"age":"","index":51,"edges":[],"neighbors":[],"degree":0,"association":0,"dstr":"2020-03-25"},{"SEQID":"EPI_ISL_479972","GNODEID":"G-9","TAGID":"B-1-1-0088","cat_id":"staff","type":"CD","date":43917,"category":"staff","highlight":{},"emphasize":"N","dint":1585267200000,"age":"","index":52,"edges":[],"neighbors":[],"degree":0,"association":0,"dstr":"2020-03-27"},{"SEQID":"EPI_ISL_479975","GNODEID":"G-9.4","TAGID":"B-1-1-0091","cat_id":"client","type":"CD","date":43918,"category":"client","highlight":{},"emphasize":"N","dint":1585353600000,"age":"","index":53,"edges":[],"neighbors":[],"degree":0,"association":0,"dstr":"2020-03-28"},{"SEQID":"EPI_ISL_479987","GNODEID":"G-6","TAGID":"B-1-1-0096","cat_id":"staff","type":"CD","date":43918,"category":"staff","highlight":{},"emphasize":"N","dint":1585353600000,"age":"","index":54,"edges":[],"neighbors":[],"degree":0,"association":0,"dstr":"2020-03-28"},{"SEQID":"EPI_ISL_479990","GNODEID":"G-9","TAGID":"B-1-1-0099","cat_id":"client","type":"CD","date":43913,"category":"client","highlight":{},"emphasize":"N","dint":1584921600000,"age":"","index":55,"edges":[],"neighbors":[],"degree":0,"association":0,"dstr":"2020-03-23"},{"SEQID":"EPI_ISL_480006","GNODEID":"G-9","TAGID":"B-1-1-0102","cat_id":"staff","type":"CD","date":43919,"category":"staff","highlight":{},"emphasize":"N","dint":1585440000000,"age":"","index":56,"edges":[],"neighbors":[],"degree":0,"association":0,"dstr":"2020-03-29"},{"SEQID":"EPI_ISL_480008","GNODEID":"G-9.1","TAGID":"B-1-1-0104","cat_id":"client","type":"CD","date":43919,"category":"client","highlight":{},"emphasize":"Y","dint":1585440000000,"age":"","index":57,"edges":[],"neighbors":[],"degree":0,"association":0,"dstr":"2020-03-29"},{"SEQID":"EPI_ISL_480011","GNODEID":"G-9","TAGID":"B-1-1-0105","cat_id":"client","type":"CD","date":43919,"category":"client","highlight":{},"emphasize":"N","dint":1585440000000,"age":"","index":58,"edges":[],"neighbors":[],"degree":0,"association":0,"dstr":"2020-03-29"},{"SEQID":"EPI_ISL_480020","GNODEID":"G-9","TAGID":"B-1-1-0109","cat_id":"client","type":"CD","date":43917,"category":"client","highlight":{},"emphasize":"Y","dint":1585267200000,"age":"","index":59,"edges":[],"neighbors":[],"degree":0,"association":0,"dstr":"2020-03-27"},{"SEQID":"EPI_ISL_480024","GNODEID":"G-9.18","TAGID":"B-1-1-0110","cat_id":"client","type":"CD","date":43916,"category":"client","highlight":{},"emphasize":"Y","dint":1585180800000,"age":"","index":60,"edges":[],"neighbors":[],"degree":0,"association":0,"dstr":"2020-03-26"},{"SEQID":"EPI_ISL_480025","GNODEID":"G-9.18.1","TAGID":"B-1-1-0111","cat_id":"client","type":"CD","date":43917,"category":"client","highlight":{},"emphasize":"Y","dint":1585267200000,"age":"","index":61,"edges":[],"neighbors":[],"degree":0,"association":0,"dstr":"2020-03-27"},{"SEQID":"EPI_ISL_480037","GNODEID":"G-9","TAGID":"B-1-1-0112","cat_id":"staff","type":"CD","date":43914,"category":"staff","highlight":{},"emphasize":"Y","dint":1585008000000,"age":"","index":62,"edges":[],"neighbors":[],"degree":0,"association":0,"dstr":"2020-03-24"},{"SEQID":"EPI_ISL_480038","GNODEID":"G-9","TAGID":"B-1-1-0113","cat_id":"client","type":"CD","date":43915,"category":"client","highlight":{},"emphasize":"Y","dint":1585094400000,"age":"","index":63,"edges":[],"neighbors":[],"degree":0,"association":0,"dstr":"2020-03-25"},{"SEQID":"EPI_ISL_480039","GNODEID":"G-9","TAGID":"B-1-1-0114","cat_id":"staff","type":"CD","date":43915,"category":"staff","highlight":{},"emphasize":"N","dint":1585094400000,"age":"","index":64,"edges":[],"neighbors":[],"degree":0,"association":0,"dstr":"2020-03-25"},{"SEQID":"EPI_ISL_480040","GNODEID":"G-9.10.1","TAGID":"B-1-1-0115","cat_id":"client","type":"CD","date":43915,"category":"client","highlight":{},"emphasize":"N","dint":1585094400000,"age":"","index":65,"edges":[],"neighbors":[],"degree":0,"association":0,"dstr":"2020-03-25"},{"SEQID":"EPI_ISL_480066","GNODEID":"G-9","TAGID":"B-1-1-0116","cat_id":"client","type":"CD","date":43919,"category":"client","highlight":{},"emphasize":"Y","dint":1585440000000,"age":"","index":66,"edges":[],"neighbors":[],"degree":0,"association":0,"dstr":"2020-03-29"},{"SEQID":"EPI_ISL_480073","GNODEID":"G-9.10.1","TAGID":"B-1-1-0117","cat_id":"staff","type":"CD","date":43916,"category":"staff","highlight":{},"emphasize":"Y","dint":1585180800000,"age":"","index":67,"edges":[],"neighbors":[],"degree":0,"association":0,"dstr":"2020-03-26"},{"SEQID":"EPI_ISL_480179","GNODEID":"G-9","TAGID":"B-1-1-0119","cat_id":"client","type":"CD","date":43918,"category":"client","highlight":{},"emphasize":"N","dint":1585353600000,"age":"","index":68,"edges":[],"neighbors":[],"degree":0,"association":0,"dstr":"2020-03-28"},{"SEQID":"EPI_ISL_915385","GNODEID":"G-9.8","TAGID":"B-1-1-0120","cat_id":"client","type":"CD","date":43911,"category":"client","highlight":{},"emphasize":"N","dint":1584748800000,"age":"","index":69,"edges":[],"neighbors":[],"degree":0,"association":0,"dstr":"2020-03-21"},{"SEQID":"EPI_ISL_2716956","GNODEID":"G-9","TAGID":"B-1-1-0123","cat_id":"staff","type":"CD","date":43912,"category":"staff","association":"KS","highlight":{},"emphasize":"Y","dint":1584835200000,"age":"","index":70,"edges":[],"neighbors":[],"degree":0,"dstr":"2020-03-22"},{"SEQID":"EPI_ISL_1429776","GNODEID":"G-9.9","TAGID":"B-1-1-0125","cat_id":"staff","type":"CD","date":43917,"category":"staff","association":"KS","highlight":{},"emphasize":"Y","dint":1585267200000,"age":"","index":71,"edges":[],"neighbors":[],"degree":0,"dstr":"2020-03-27"},{"SEQID":"EPI_ISL_1429767","GNODEID":"G-9.13.1","TAGID":"B-1-1-0128","cat_id":"client","type":"CD","date":43914,"category":"client","association":"KS","highlight":{},"emphasize":"Y","dint":1585008000000,"age":"","index":72,"edges":[],"neighbors":[],"degree":0,"dstr":"2020-03-24"},{"SEQID":"EPI_ISL_1973203","GNODEID":"G-9.13","TAGID":"B-1-1-0133","cat_id":"client","type":"CD","date":43916,"category":"client","highlight":{},"emphasize":"N","dint":1585180800000,"age":"","index":73,"edges":[],"neighbors":[],"degree":0,"association":0,"dstr":"2020-03-26"}],"edges":[{"LINKID":"L-1","TAG_from":"EPI_ISL_684161","TAG_to":"EPI_ISL_684486","label":"家族","src":-1,"dst":-1}],"epi":[{"SEQID":"EPI_ISL_419302","GNODEID":"G-0"},{"SEQID":"EPI_ISL_419301","GNODEID":"G-0"},{"SEQID":"EPI_ISL_419304","GNODEID":"G-0"},{"SEQID":"EPI_ISL_479935","GNODEID":"G-0"},{"SEQID":"EPI_ISL_684882","GNODEID":"G-0"},{"SEQID":"EPI_ISL_684511","GNODEID":"G-0"},{"SEQID":"EPI_ISL_468725","GNODEID":"G-0"},{"SEQID":"EPI_ISL_591535","GNODEID":"G-0"},{"SEQID":"EPI_ISL_684881","GNODEID":"G-0"},{"SEQID":"EPI_ISL_419310","GNODEID":"G-0"},{"SEQID":"REF","GNODEID":"G-1"},{"SEQID":"EPI_ISL_591358","GNODEID":"G-2"},{"SEQID":"EPI_ISL_684892","GNODEID":"G-3"},{"SEQID":"EPI_ISL_691024","GNODEID":"G-4"},{"SEQID":"EPI_ISL_419311","GNODEID":"G-5"},{"SEQID":"EPI_ISL_479987","GNODEID":"G-6"},{"SEQID":"EPI_ISL_684500","GNODEID":"G-7"},{"SEQID":"EPI_ISL_419306","GNODEID":"G-8"},{"SEQID":"EPI_ISL_419307","GNODEID":"G-8"},{"SEQID":"EPI_ISL_419308","GNODEID":"G-8.1"},{"SEQID":"EPI_ISL_10397629","GNODEID":"G-9"},{"SEQID":"EPI_ISL_479970","GNODEID":"G-9"},{"SEQID":"EPI_ISL_479961","GNODEID":"G-9"},{"SEQID":"EPI_ISL_479990","GNODEID":"G-9"},{"SEQID":"EPI_ISL_479893","GNODEID":"G-9"},{"SEQID":"EPI_ISL_480179","GNODEID":"G-9"},{"SEQID":"EPI_ISL_479902","GNODEID":"G-9"},{"SEQID":"EPI_ISL_479891","GNODEID":"G-9"},{"SEQID":"EPI_ISL_480039","GNODEID":"G-9"},{"SEQID":"EPI_ISL_480037","GNODEID":"G-9"},{"SEQID":"EPI_ISL_684150","GNODEID":"G-9"},{"SEQID":"EPI_ISL_480225","GNODEID":"G-9"},{"SEQID":"EPI_ISL_480066","GNODEID":"G-9"},{"SEQID":"EPI_ISL_690746","GNODEID":"G-9"},{"SEQID":"EPI_ISL_480011","GNODEID":"G-9"},{"SEQID":"EPI_ISL_684437","GNODEID":"G-9"},{"SEQID":"EPI_ISL_479972","GNODEID":"G-9"},{"SEQID":"EPI_ISL_691290","GNODEID":"G-9"},{"SEQID":"EPI_ISL_691242","GNODEID":"G-9"},{"SEQID":"EPI_ISL_691289","GNODEID":"G-9"},{"SEQID":"EPI_ISL_691026","GNODEID":"G-9"},{"SEQID":"EPI_ISL_480038","GNODEID":"G-9"},{"SEQID":"EPI_ISL_480006","GNODEID":"G-9"},{"SEQID":"EPI_ISL_479880","GNODEID":"G-9"},{"SEQID":"EPI_ISL_685586","GNODEID":"G-9"},{"SEQID":"EPI_ISL_480020","GNODEID":"G-9"},{"SEQID":"EPI_ISL_2716956","GNODEID":"G-9"},{"SEQID":"EPI_ISL_480008","GNODEID":"G-9.1"},{"SEQID":"EPI_ISL_479962","GNODEID":"G-9.2"},{"SEQID":"EPI_ISL_691028","GNODEID":"G-9.3"},{"SEQID":"EPI_ISL_479975","GNODEID":"G-9.4"},{"SEQID":"EPI_ISL_685782","GNODEID":"G-9.5"},{"SEQID":"EPI_ISL_901322","GNODEID":"G-9.6"},{"SEQID":"EPI_ISL_901323","GNODEID":"G-9.6"},{"SEQID":"EPI_ISL_690990","GNODEID":"G-9.7"},{"SEQID":"EPI_ISL_690822","GNODEID":"G-9.8"},{"SEQID":"EPI_ISL_915385","GNODEID":"G-9.8"},{"SEQID":"EPI_ISL_1429776","GNODEID":"G-9.9"},{"SEQID":"EPI_ISL_479963","GNODEID":"G-9.10"},{"SEQID":"EPI_ISL_684508","GNODEID":"G-9.10"},{"SEQID":"EPI_ISL_480040","GNODEID":"G-9.10.1"},{"SEQID":"EPI_ISL_480073","GNODEID":"G-9.10.1"},{"SEQID":"EPI_ISL_685240","GNODEID":"G-9.11"},{"SEQID":"EPI_ISL_684492","GNODEID":"G-9.12"},{"SEQID":"EPI_ISL_1973203","GNODEID":"G-9.13"},{"SEQID":"EPI_ISL_1429767","GNODEID":"G-9.13.1"},{"SEQID":"EPI_ISL_684887","GNODEID":"G-9.14"},{"SEQID":"EPI_ISL_684888","GNODEID":"G-9.14"},{"SEQID":"EPI_ISL_690821","GNODEID":"G-9.15"},{"SEQID":"EPI_ISL_479895","GNODEID":"G-9.16"},{"SEQID":"EPI_ISL_684891","GNODEID":"G-9.17"},{"SEQID":"EPI_ISL_479942","GNODEID":"G-9.18"},{"SEQID":"EPI_ISL_480024","GNODEID":"G-9.18"},{"SEQID":"EPI_ISL_479943","GNODEID":"G-9.18"},{"SEQID":"EPI_ISL_480025","GNODEID":"G-9.18.1"},{"SEQID":"EPI_ISL_684510","GNODEID":"G-9.19"}],"tree":[{"label":"G-0","length":0,"edges":["G-1","G-2","G-3","G-4","G-5","G-6","G-7","G-8","G-9"],"subs":0},{"label":"G-1","length":0.0014299514,"edges":[],"subs":5},{"label":"G-2","length":0.0008544414,"edges":[],"subs":3},{"label":"G-3","length":0.0002856714,"edges":[],"subs":1},{"label":"G-4","length":0.0005716537,"edges":[],"subs":2},{"label":"G-5","length":0.0002859991,"edges":[],"subs":1},{"label":"G-6","length":0.0005716772,"edges":[],"subs":2},{"label":"G-7","length":0.0002864681999999999,"edges":[],"subs":1},{"label":"G-8","length":0.0002863365999999999,"edges":["G-8.1"],"subs":1},{"label":"G-8.1","length":0.0002857554,"edges":[],"subs":1},{"label":"G-9","length":0.0002864777999999999,"edges":["G-9.1","G-9.2","G-9.3","G-9.4","G-9.5","G-9.6","G-9.7","G-9.8","G-9.9","G-9.10","G-9.11","G-9.12","G-9.13","G-9.14","G-9.15","G-9.16","G-9.17","G-9.18","G-9.19"],"subs":1},{"label":"G-9.1","length":0.0002860254,"edges":[],"subs":1},{"label":"G-9.2","length":0.0002863339,"edges":[],"subs":1},{"label":"G-9.3","length":0.00028626879999999995,"edges":[],"subs":1},{"label":"G-9.4","length":0.00028659039999999995,"edges":[],"subs":1},{"label":"G-9.5","length":0.0002865349999999999,"edges":[],"subs":1},{"label":"G-9.6","length":0.0002866264999999999,"edges":[],"subs":1},{"label":"G-9.7","length":0.00028678499999999996,"edges":[],"subs":1},{"label":"G-9.8","length":0.0002869445999999999,"edges":[],"subs":1},{"label":"G-9.9","length":0.00028729649999999994,"edges":[],"subs":1},{"label":"G-9.10","length":0.00028725799999999987,"edges":["G-9.10.1"],"subs":1},{"label":"G-9.10.1","length":0.0002867433,"edges":[],"subs":1},{"label":"G-9.11","length":0.0002875600999999999,"edges":[],"subs":1},{"label":"G-9.12","length":0.00028773579999999985,"edges":[],"subs":1},{"label":"G-9.13","length":0.00028792989999999985,"edges":["G-9.13.1"],"subs":1},{"label":"G-9.13.1","length":0.0002870069,"edges":[],"subs":1},{"label":"G-9.14","length":0.00028779749999999985,"edges":[],"subs":1},{"label":"G-9.15","length":0.0002881637999999998,"edges":[],"subs":1},{"label":"G-9.16","length":0.0002880294999999998,"edges":[],"subs":1},{"label":"G-9.17","length":0.0002881483999999998,"edges":[],"subs":1},{"label":"G-9.18","length":0.0002883714999999998,"edges":["G-9.18.1"],"subs":1},{"label":"G-9.18.1","length":0.0002875491,"edges":[],"subs":1},{"label":"G-9.19","length":0.00028826599999999975,"edges":[],"subs":1}],"dist":{"period":63.40603031505676,"phase":61.40603031505676,"interval":0.000004486007436399216}}