{"nodes":[{"SEQID":"EPI_ISL_10342525","GNODEID":"G-2","TAGID":"B-1-1-7-0003","cat_id":"client","type":"CD","date":44221,"category":"client","association":"Kyoto","highlight":{},"emphasize":"N","dint":1611532800000,"age":"","index":0,"edges":[],"neighbors":[],"degree":0,"dstr":"2021-01-25"},{"SEQID":"EPI_ISL_4072137","GNODEID":"G-2.7","TAGID":"B-1-1-7-0006","cat_id":"staff","type":"CD","date":44218,"category":"staff","highlight":{},"emphasize":"N","dint":1611273600000,"age":"","index":1,"edges":[],"neighbors":[],"degree":0,"association":0,"dstr":"2021-01-22"},{"SEQID":"EPI_ISL_3136139","GNODEID":"G-2.7","TAGID":"B-1-1-7-0007","cat_id":"client","type":"CD","date":44218,"category":"client","association":"Tokyo","highlight":{},"emphasize":"N","dint":1611273600000,"age":"","index":2,"edges":[],"neighbors":[],"degree":0,"dstr":"2021-01-22"},{"SEQID":"EPI_ISL_1427588","GNODEID":"G-2.8","TAGID":"B-1-1-7-0011","cat_id":"client","type":"CD","date":44215,"category":"client","highlight":{},"emphasize":"Y","dint":1611014400000,"age":"","index":3,"edges":[],"neighbors":[],"degree":0,"association":0,"dstr":"2021-01-19"},{"SEQID":"EPI_ISL_779663","GNODEID":"G-2.3.2.1.1","TAGID":"B-1-1-7-0018","cat_id":"client","type":"CD","date":44199,"category":"client","highlight":{},"emphasize":"Y","dint":1609632000000,"age":"","index":4,"edges":[],"neighbors":[],"degree":0,"association":0,"dstr":"2021-01-03"},{"SEQID":"EPI_ISL_779686","GNODEID":"G-2.3.1.2","TAGID":"B-1-1-7-0019","cat_id":"staff","type":"CD","date":44198,"category":"staff","highlight":{},"emphasize":"Y","dint":1609545600000,"age":"","index":5,"edges":[],"neighbors":[],"degree":0,"association":0,"dstr":"2021-01-02"},{"SEQID":"EPI_ISL_825386","GNODEID":"G-2.16.2","TAGID":"B-1-1-7-0020","cat_id":"staff","type":"CD","date":44202,"category":"staff","highlight":{},"emphasize":"Y","dint":1609891200000,"age":"","index":6,"edges":[],"neighbors":[],"degree":0,"association":0,"dstr":"2021-01-06"},{"SEQID":"EPI_ISL_825387","GNODEID":"G-2.2","TAGID":"B-1-1-7-0021","cat_id":"staff","type":"CD","date":44203,"category":"staff","highlight":{},"emphasize":"N","dint":1609977600000,"age":"","index":7,"edges":[],"neighbors":[],"degree":0,"association":0,"dstr":"2021-01-07"},{"SEQID":"EPI_ISL_825391","GNODEID":"G-2.3.2.2.1","TAGID":"B-1-1-7-0022","cat_id":"staff","type":"CD","date":44203,"category":"staff","highlight":{},"emphasize":"Y","dint":1609977600000,"age":"","index":8,"edges":[],"neighbors":[],"degree":0,"association":0,"dstr":"2021-01-07"},{"SEQID":"EPI_ISL_825392","GNODEID":"G-2.3.2.1","TAGID":"B-1-1-7-0023","cat_id":"client","type":"CD","date":44206,"category":"client","highlight":{},"emphasize":"Y","dint":1610236800000,"age":"","index":9,"edges":[],"neighbors":[],"degree":0,"association":0,"dstr":"2021-01-10"},{"SEQID":"EPI_ISL_833370","GNODEID":"G-2.5","TAGID":"B-1-1-7-0024","cat_id":"client","type":"CD","date":44209,"category":"client","highlight":{},"emphasize":"Y","dint":1610496000000,"age":"","index":10,"edges":[],"neighbors":[],"degree":0,"association":0,"dstr":"2021-01-13"},{"SEQID":"EPI_ISL_884864","GNODEID":"G-2.3.2.2.2","TAGID":"B-1-1-7-0025","cat_id":"staff","type":"CD","date":44213,"category":"staff","highlight":{},"emphasize":"N","dint":1610841600000,"age":"","index":11,"edges":[],"neighbors":[],"degree":0,"association":0,"dstr":"2021-01-17"},{"SEQID":"EPI_ISL_893241","GNODEID":"G-2.6","TAGID":"B-1-1-7-0026","cat_id":"staff","type":"CD","date":44202,"category":"staff","association":"Tokyo","highlight":{},"emphasize":"N","dint":1609891200000,"age":"","index":12,"edges":[],"neighbors":[],"degree":0,"dstr":"2021-01-06"},{"SEQID":"EPI_ISL_918133","GNODEID":"G-2.3.1.1","TAGID":"B-1-1-7-0027","cat_id":"client","type":"CD","date":44217,"category":"client","highlight":{},"emphasize":"Y","dint":1611187200000,"age":"","index":13,"edges":[],"neighbors":[],"degree":0,"association":0,"dstr":"2021-01-21"},{"SEQID":"EPI_ISL_1046761","GNODEID":"G-2.13","TAGID":"B-1-1-7-0030","cat_id":"staff","type":"CD","date":44223,"category":"staff","highlight":{},"emphasize":"Y","dint":1611705600000,"age":"","index":14,"edges":[],"neighbors":[],"degree":0,"association":0,"dstr":"2021-01-27"},{"SEQID":"EPI_ISL_1046766","GNODEID":"G-2.3.1","TAGID":"B-1-1-7-0031","cat_id":"client","type":"CD","date":44207,"category":"client","highlight":{},"emphasize":"Y","dint":1610323200000,"age":"","index":15,"edges":[],"neighbors":[],"degree":0,"association":0,"dstr":"2021-01-11"},{"SEQID":"EPI_ISL_1123419","GNODEID":"G-2","TAGID":"B-1-1-7-0032","cat_id":"client","type":"CD","date":44222,"category":"client","association":"Tokyo","highlight":{},"emphasize":"N","dint":1611619200000,"age":"","index":16,"edges":[],"neighbors":[],"degree":0,"dstr":"2021-01-26"},{"SEQID":"EPI_ISL_1123420","GNODEID":"G-2.7","TAGID":"B-1-1-7-0033","cat_id":"client","type":"CD","date":44218,"category":"client","association":"Saitama","highlight":{},"emphasize":"Y","dint":1611273600000,"age":"","index":17,"edges":[],"neighbors":[],"degree":0,"dstr":"2021-01-22"},{"SEQID":"EPI_ISL_1123422","GNODEID":"G-2.7","TAGID":"B-1-1-7-0035","cat_id":"staff","type":"CD","date":44218,"category":"staff","association":"Saitama","highlight":{},"emphasize":"Y","dint":1611273600000,"age":"","index":18,"edges":[],"neighbors":[],"degree":0,"dstr":"2021-01-22"},{"SEQID":"EPI_ISL_1123426","GNODEID":"G-2.7","TAGID":"B-1-1-7-0039","cat_id":"client","type":"CD","date":44219,"category":"client","association":"Saitama","highlight":{},"emphasize":"N","dint":1611360000000,"age":"","index":19,"edges":[],"neighbors":[],"degree":0,"dstr":"2021-01-23"},{"SEQID":"EPI_ISL_1128140","GNODEID":"G-2.11","TAGID":"B-1-1-7-0043","cat_id":"client","type":"CD","date":44203,"category":"client","association":"Tokyo","highlight":{},"emphasize":"Y","dint":1609977600000,"age":"","index":20,"edges":[],"neighbors":[],"degree":0,"dstr":"2021-01-07"},{"SEQID":"EPI_ISL_1128141","GNODEID":"G-2","TAGID":"B-1-1-7-0044","cat_id":"client","type":"CD","date":44210,"category":"client","association":"Shizuoka","highlight":{},"emphasize":"Y","dint":1610582400000,"age":"","index":21,"edges":[],"neighbors":[],"degree":0,"dstr":"2021-01-14"},{"SEQID":"EPI_ISL_1426585","GNODEID":"G-2","TAGID":"B-1-1-7-0047","cat_id":"client","type":"CD","date":44218,"category":"client","association":"Saitama","highlight":{},"emphasize":"Y","dint":1611273600000,"age":"","index":22,"edges":[],"neighbors":[],"degree":0,"dstr":"2021-01-22"},{"SEQID":"EPI_ISL_1425579","GNODEID":"G-2.14","TAGID":"B-1-1-7-0049","cat_id":"staff","type":"CD","date":44222,"category":"staff","association":"Saitama","highlight":{},"emphasize":"Y","dint":1611619200000,"age":"","index":23,"edges":[],"neighbors":[],"degree":0,"dstr":"2021-01-26"},{"SEQID":"EPI_ISL_1425580","GNODEID":"G-2","TAGID":"B-1-1-7-0050","cat_id":"staff","type":"CD","date":44222,"category":"staff","association":"Saitama","highlight":{},"emphasize":"Y","dint":1611619200000,"age":"","index":24,"edges":[],"neighbors":[],"degree":0,"dstr":"2021-01-26"},{"SEQID":"EPI_ISL_1425586","GNODEID":"G-2.12","TAGID":"B-1-1-7-0056","cat_id":"staff","type":"CD","date":44228,"category":"staff","association":"Saitama","highlight":{},"emphasize":"N","dint":1612137600000,"age":"","index":25,"edges":[],"neighbors":[],"degree":0,"dstr":"2021-02-01"},{"SEQID":"EPI_ISL_1425587","GNODEID":"G-2.14","TAGID":"B-1-1-7-0057","cat_id":"client","type":"CD","date":44228,"category":"client","association":"Saitama","highlight":{},"emphasize":"N","dint":1612137600000,"age":"","index":26,"edges":[],"neighbors":[],"degree":0,"dstr":"2021-02-01"},{"SEQID":"EPI_ISL_1425588","GNODEID":"G-3","TAGID":"B-1-1-7-0058","cat_id":"client","type":"CD","date":44221,"category":"client","association":"Saitama","highlight":{},"emphasize":"N","dint":1611532800000,"age":"","index":27,"edges":[],"neighbors":[],"degree":0,"dstr":"2021-01-25"},{"SEQID":"EPI_ISL_1425590","GNODEID":"G-2.18","TAGID":"B-1-1-7-0060","cat_id":"staff","type":"CD","date":44228,"category":"staff","association":"Tokyo","highlight":{},"emphasize":"Y","dint":1612137600000,"age":"","index":28,"edges":[],"neighbors":[],"degree":0,"dstr":"2021-02-01"},{"SEQID":"EPI_ISL_1425592","GNODEID":"G-2.18","TAGID":"B-1-1-7-0062","cat_id":"staff","type":"CD","date":44228,"category":"staff","association":"Tokyo","highlight":{},"emphasize":"Y","dint":1612137600000,"age":"","index":29,"edges":[],"neighbors":[],"degree":0,"dstr":"2021-02-01"},{"SEQID":"EPI_ISL_1425593","GNODEID":"G-2.19","TAGID":"B-1-1-7-0063","cat_id":"client","type":"CD","date":44225,"category":"client","association":"Tokyo","highlight":{},"emphasize":"N","dint":1611878400000,"age":"","index":30,"edges":[],"neighbors":[],"degree":0,"dstr":"2021-01-29"},{"SEQID":"EPI_ISL_1425594","GNODEID":"G-2.18.4","TAGID":"B-1-1-7-0064","cat_id":"client","type":"CD","date":44227,"category":"client","association":"Tokyo","highlight":{},"emphasize":"N","dint":1612051200000,"age":"","index":31,"edges":[],"neighbors":[],"degree":0,"dstr":"2021-01-31"},{"SEQID":"EPI_ISL_1425600","GNODEID":"G-2.18.3","TAGID":"B-1-1-7-0069","cat_id":"staff","type":"CD","date":44228,"category":"staff","association":"Tokyo","highlight":{},"emphasize":"N","dint":1612137600000,"age":"","index":32,"edges":[],"neighbors":[],"degree":0,"dstr":"2021-02-01"},{"SEQID":"EPI_ISL_1426574","GNODEID":"G-2.18.1","TAGID":"B-1-1-7-0072","cat_id":"client","type":"CD","date":44222,"category":"client","association":"Niigata","highlight":{},"emphasize":"Y","dint":1611619200000,"age":"","index":33,"edges":[],"neighbors":[],"degree":0,"dstr":"2021-01-26"},{"SEQID":"EPI_ISL_1426577","GNODEID":"G-2","TAGID":"B-1-1-7-0073","cat_id":"client","type":"CD","date":44227,"category":"client","association":"Fukushima","highlight":{},"emphasize":"N","dint":1612051200000,"age":"","index":34,"edges":[],"neighbors":[],"degree":0,"dstr":"2021-01-31"},{"SEQID":"EPI_ISL_1427577","GNODEID":"G-2.15","TAGID":"B-1-1-7-0076","cat_id":"staff","type":"CD","date":44221,"category":"staff","association":"Tokushima","highlight":{},"emphasize":"Y","dint":1611532800000,"age":"","index":35,"edges":[],"neighbors":[],"degree":0,"dstr":"2021-01-25"},{"SEQID":"EPI_ISL_1427580","GNODEID":"G-2.15.2","TAGID":"B-1-1-7-0078","cat_id":"staff","type":"CD","date":44221,"category":"staff","association":"Tokushima","highlight":{},"emphasize":"N","dint":1611532800000,"age":"","index":36,"edges":[],"neighbors":[],"degree":0,"dstr":"2021-01-25"},{"SEQID":"EPI_ISL_1427583","GNODEID":"G-2.15","TAGID":"B-1-1-7-0081","cat_id":"client","type":"CD","date":44217,"category":"client","association":"Tokushima","highlight":{},"emphasize":"Y","dint":1611187200000,"age":"","index":37,"edges":[],"neighbors":[],"degree":0,"dstr":"2021-01-21"},{"SEQID":"EPI_ISL_1427597","GNODEID":"G-2.1","TAGID":"B-1-1-7-0085","cat_id":"client","type":"CD","date":44201,"category":"client","association":"Kyoto","highlight":{},"emphasize":"Y","dint":1609804800000,"age":"","index":38,"edges":[],"neighbors":[],"degree":0,"dstr":"2021-01-05"},{"SEQID":"EPI_ISL_1427600","GNODEID":"G-2.20","TAGID":"B-1-1-7-0088","cat_id":"client","type":"CD","date":44211,"category":"client","association":"Kyoto","highlight":{},"emphasize":"N","dint":1610668800000,"age":"","index":39,"edges":[],"neighbors":[],"degree":0,"dstr":"2021-01-15"},{"SEQID":"EPI_ISL_1427607","GNODEID":"G-2.4.1","TAGID":"B-1-1-7-0091","cat_id":"staff","type":"CD","date":44221,"category":"staff","association":"Osaka","highlight":{},"emphasize":"N","dint":1611532800000,"age":"","index":40,"edges":[],"neighbors":[],"degree":0,"dstr":"2021-01-25"},{"SEQID":"EPI_ISL_1428575","GNODEID":"G-2.18","TAGID":"B-1-1-7-0095","cat_id":"staff","type":"CD","date":44224,"category":"staff","association":"Niigata","highlight":{},"emphasize":"N","dint":1611792000000,"age":"","index":41,"edges":[],"neighbors":[],"degree":0,"dstr":"2021-01-28"},{"SEQID":"EPI_ISL_1428576","GNODEID":"G-2.18.5","TAGID":"B-1-1-7-0096","cat_id":"client","type":"CD","date":44224,"category":"client","association":"Niigata","highlight":{},"emphasize":"Y","dint":1611792000000,"age":"","index":42,"edges":[],"neighbors":[],"degree":0,"dstr":"2021-01-28"},{"SEQID":"EPI_ISL_1428582","GNODEID":"G-2.18.2","TAGID":"B-1-1-7-0102","cat_id":"client","type":"CD","date":44225,"category":"client","association":"Niigata","highlight":{},"emphasize":"N","dint":1611878400000,"age":"","index":43,"edges":[],"neighbors":[],"degree":0,"dstr":"2021-01-29"},{"SEQID":"EPI_ISL_1429586","GNODEID":"G-2.4","TAGID":"B-1-1-7-0116","cat_id":"staff","type":"CD","date":44218,"category":"staff","association":"Osaka","highlight":{},"emphasize":"N","dint":1611273600000,"age":"","index":44,"edges":[],"neighbors":[],"degree":0,"dstr":"2021-01-22"},{"SEQID":"EPI_ISL_1430627","GNODEID":"G-2.15","TAGID":"B-1-1-7-0118","cat_id":"client","type":"CD","date":44216,"category":"client","association":"Tokushima","highlight":{},"emphasize":"N","dint":1611100800000,"age":"","index":45,"edges":[],"neighbors":[],"degree":0,"dstr":"2021-01-20"},{"SEQID":"EPI_ISL_1425597","GNODEID":"G-2.18","TAGID":"B-1-1-7-0125","cat_id":"staff","type":"CD","date":44228,"category":"staff","association":"Tokyo","highlight":{},"emphasize":"Y","dint":1612137600000,"age":"","index":46,"edges":[],"neighbors":[],"degree":0,"dstr":"2021-02-01"},{"SEQID":"EPI_ISL_1426576","GNODEID":"G-2.9","TAGID":"B-1-1-7-0126","cat_id":"staff","type":"CD","date":44227,"category":"staff","association":"Fukushima","highlight":{},"emphasize":"N","dint":1612051200000,"age":"","index":47,"edges":[],"neighbors":[],"degree":0,"dstr":"2021-01-31"},{"SEQID":"EPI_ISL_1433303","GNODEID":"G-2.15.1","TAGID":"B-1-1-7-0128","cat_id":"client","type":"CD","date":44220,"category":"client","association":"Tokushima","highlight":{},"emphasize":"N","dint":1611446400000,"age":"","index":48,"edges":[],"neighbors":[],"degree":0,"dstr":"2021-01-24"},{"SEQID":"EPI_ISL_1128142","GNODEID":"G-2","TAGID":"B-1-1-7-0129","cat_id":"staff","type":"CD","date":44210,"category":"staff","association":"Shizuoka","highlight":{},"emphasize":"N","dint":1610582400000,"age":"","index":49,"edges":[],"neighbors":[],"degree":0,"dstr":"2021-01-14"},{"SEQID":"EPI_ISL_825388","GNODEID":"G-2.17","TAGID":"B-1-1-7-0131","cat_id":"staff","type":"CD","date":44205,"category":"staff","highlight":{},"emphasize":"N","dint":1610150400000,"age":"","index":50,"edges":[],"neighbors":[],"degree":0,"association":0,"dstr":"2021-01-09"},{"SEQID":"EPI_ISL_1433293","GNODEID":"G-2","TAGID":"B-1-1-7-0132","cat_id":"client","type":"CD","date":44208,"category":"client","association":"Tokyo","highlight":{},"emphasize":"N","dint":1610409600000,"age":"","index":51,"edges":[],"neighbors":[],"degree":0,"dstr":"2021-01-12"},{"SEQID":"EPI_ISL_1973246","GNODEID":"G-2.10","TAGID":"B-1-1-7-0133","cat_id":"staff","type":"CD","date":44227,"category":"staff","association":"Kanto","highlight":{},"emphasize":"N","dint":1612051200000,"age":"","index":52,"edges":[],"neighbors":[],"degree":0,"dstr":"2021-01-31"},{"SEQID":"EPI_ISL_2158609","GNODEID":"G-2.16.1","TAGID":"B-1-1-7-0135","cat_id":"client","type":"CD","date":44228,"category":"client","highlight":{},"emphasize":"Y","dint":1612137600000,"age":"","index":53,"edges":[],"neighbors":[],"degree":0,"association":0,"dstr":"2021-02-01"}],"edges":[{"LINKID":"L-1","TAG_from":"EPI_ISL_10341887","TAG_to":"EPI_ISL_2158609","label":"家族","src":-1,"dst":-1}],"epi":[{"SEQID":"REF","GNODEID":"G-1"},{"SEQID":"EPI_ISL_10342525","GNODEID":"G-2"},{"SEQID":"EPI_ISL_1426577","GNODEID":"G-2"},{"SEQID":"EPI_ISL_1128142","GNODEID":"G-2"},{"SEQID":"EPI_ISL_1426585","GNODEID":"G-2"},{"SEQID":"EPI_ISL_1128141","GNODEID":"G-2"},{"SEQID":"EPI_ISL_1433293","GNODEID":"G-2"},{"SEQID":"EPI_ISL_1425580","GNODEID":"G-2"},{"SEQID":"EPI_ISL_1123419","GNODEID":"G-2"},{"SEQID":"EPI_ISL_1427597","GNODEID":"G-2.1"},{"SEQID":"EPI_ISL_825387","GNODEID":"G-2.2"},{"SEQID":"EPI_ISL_1046766","GNODEID":"G-2.3.1"},{"SEQID":"EPI_ISL_918133","GNODEID":"G-2.3.1.1"},{"SEQID":"EPI_ISL_779686","GNODEID":"G-2.3.1.2"},{"SEQID":"EPI_ISL_825392","GNODEID":"G-2.3.2.1"},{"SEQID":"EPI_ISL_779663","GNODEID":"G-2.3.2.1.1"},{"SEQID":"EPI_ISL_825391","GNODEID":"G-2.3.2.2.1"},{"SEQID":"EPI_ISL_884864","GNODEID":"G-2.3.2.2.2"},{"SEQID":"EPI_ISL_1429586","GNODEID":"G-2.4"},{"SEQID":"EPI_ISL_1427607","GNODEID":"G-2.4.1"},{"SEQID":"EPI_ISL_833370","GNODEID":"G-2.5"},{"SEQID":"EPI_ISL_893241","GNODEID":"G-2.6"},{"SEQID":"EPI_ISL_1123420","GNODEID":"G-2.7"},{"SEQID":"EPI_ISL_1123426","GNODEID":"G-2.7"},{"SEQID":"EPI_ISL_3136139","GNODEID":"G-2.7"},{"SEQID":"EPI_ISL_4072137","GNODEID":"G-2.7"},{"SEQID":"EPI_ISL_1123422","GNODEID":"G-2.7"},{"SEQID":"EPI_ISL_1427588","GNODEID":"G-2.8"},{"SEQID":"EPI_ISL_1426576","GNODEID":"G-2.9"},{"SEQID":"EPI_ISL_1973246","GNODEID":"G-2.10"},{"SEQID":"EPI_ISL_1128140","GNODEID":"G-2.11"},{"SEQID":"EPI_ISL_1425586","GNODEID":"G-2.12"},{"SEQID":"EPI_ISL_1046761","GNODEID":"G-2.13"},{"SEQID":"EPI_ISL_1425579","GNODEID":"G-2.14"},{"SEQID":"EPI_ISL_1425587","GNODEID":"G-2.14"},{"SEQID":"EPI_ISL_1427577","GNODEID":"G-2.15"},{"SEQID":"EPI_ISL_1430627","GNODEID":"G-2.15"},{"SEQID":"EPI_ISL_1427583","GNODEID":"G-2.15"},{"SEQID":"EPI_ISL_1433303","GNODEID":"G-2.15.1"},{"SEQID":"EPI_ISL_1427580","GNODEID":"G-2.15.2"},{"SEQID":"EPI_ISL_2158609","GNODEID":"G-2.16.1"},{"SEQID":"EPI_ISL_825386","GNODEID":"G-2.16.2"},{"SEQID":"EPI_ISL_825388","GNODEID":"G-2.17"},{"SEQID":"EPI_ISL_1425590","GNODEID":"G-2.18"},{"SEQID":"EPI_ISL_1428575","GNODEID":"G-2.18"},{"SEQID":"EPI_ISL_1425597","GNODEID":"G-2.18"},{"SEQID":"EPI_ISL_1425592","GNODEID":"G-2.18"},{"SEQID":"EPI_ISL_1426574","GNODEID":"G-2.18.1"},{"SEQID":"EPI_ISL_1428582","GNODEID":"G-2.18.2"},{"SEQID":"EPI_ISL_1425600","GNODEID":"G-2.18.3"},{"SEQID":"EPI_ISL_1425594","GNODEID":"G-2.18.4"},{"SEQID":"EPI_ISL_1428576","GNODEID":"G-2.18.5"},{"SEQID":"EPI_ISL_1425593","GNODEID":"G-2.19"},{"SEQID":"EPI_ISL_1427600","GNODEID":"G-2.20"},{"SEQID":"EPI_ISL_1425588","GNODEID":"G-3"}],"tree":[{"label":"G-0","length":0,"edges":["G-1","G-2","G-3"],"subs":0},{"label":"G-1","length":0.0141719727,"edges":[],"subs":27},{"label":"G-2","length":0.0005163833,"edges":["G-2.1","G-2.2","G-2.3","G-2.4","G-2.5","G-2.6","G-2.7","G-2.8","G-2.9","G-2.10","G-2.11","G-2.12","G-2.13","G-2.14","G-2.15","G-2.16","G-2.17","G-2.18","G-2.19","G-2.20"],"subs":1},{"label":"G-2.1","length":0.0005402895000000001,"edges":[],"subs":1},{"label":"G-2.2","length":0.0010773781000000002,"edges":[],"subs":2},{"label":"G-2.3","length":0.0005442174000000002,"edges":["G-2.3.1","G-2.3.2"],"subs":1},{"label":"G-2.3.1","length":0.0005366092,"edges":["G-2.3.1.1","G-2.3.1.2"],"subs":1},{"label":"G-2.3.1.1","length":0.0016072289,"edges":[],"subs":3},{"label":"G-2.3.1.2","length":0.0010728556,"edges":[],"subs":2},{"label":"G-2.3.2","length":0.0010720083,"edges":["G-2.3.2.1","G-2.3.2.2"],"subs":2},{"label":"G-2.3.2.1","length":0.0005353881,"edges":["G-2.3.2.1.1"],"subs":1},{"label":"G-2.3.2.1.1","length":0.0010702076,"edges":[],"subs":2},{"label":"G-2.3.2.2","length":0.0005350814,"edges":["G-2.3.2.2.1","G-2.3.2.2.2"],"subs":1},{"label":"G-2.3.2.2.1","length":0.0016073499,"edges":[],"subs":3},{"label":"G-2.3.2.2.2","length":0.0026814577,"edges":[],"subs":5},{"label":"G-2.4","length":0.0005441925000000003,"edges":["G-2.4.1"],"subs":1},{"label":"G-2.4.1","length":0.0005357837,"edges":[],"subs":1},{"label":"G-2.5","length":0.0021522188000000003,"edges":[],"subs":4},{"label":"G-2.6","length":0.0021530739,"edges":[],"subs":4},{"label":"G-2.7","length":0.0005405914000000001,"edges":[],"subs":1},{"label":"G-2.8","length":0.0005406061000000002,"edges":[],"subs":1},{"label":"G-2.9","length":0.0005406334000000001,"edges":[],"subs":1},{"label":"G-2.10","length":0.0005406609000000002,"edges":[],"subs":1},{"label":"G-2.11","length":0.0048400908,"edges":[],"subs":9},{"label":"G-2.12","length":0.0005390968,"edges":[],"subs":1},{"label":"G-2.13","length":0.0005361945,"edges":[],"subs":1},{"label":"G-2.14","length":0.0005363438,"edges":[],"subs":1},{"label":"G-2.15","length":0.0005447334,"edges":["G-2.15.1","G-2.15.2"],"subs":1},{"label":"G-2.15.1","length":0.0005361008,"edges":[],"subs":1},{"label":"G-2.15.2","length":0.0005370899,"edges":[],"subs":1},{"label":"G-2.16","length":0.0010824286,"edges":["G-2.16.1","G-2.16.2"],"subs":2},{"label":"G-2.16.1","length":0.0010742019,"edges":[],"subs":2},{"label":"G-2.16.2","length":0.001072568,"edges":[],"subs":2},{"label":"G-2.17","length":0.0010826594,"edges":[],"subs":2},{"label":"G-2.18","length":0.0005395783,"edges":["G-2.18.1","G-2.18.2","G-2.18.3","G-2.18.4","G-2.18.5"],"subs":1},{"label":"G-2.18.1","length":0.0005347733,"edges":[],"subs":1},{"label":"G-2.18.2","length":0.0005359168,"edges":[],"subs":1},{"label":"G-2.18.3","length":0.0005387975,"edges":[],"subs":1},{"label":"G-2.18.4","length":0.0005391873,"edges":[],"subs":1},{"label":"G-2.18.5","length":0.000539214,"edges":[],"subs":1},{"label":"G-2.19","length":0.0005404725,"edges":[],"subs":1},{"label":"G-2.20","length":0.0010776378999999999,"edges":[],"subs":2},{"label":"G-3","length":0.0021665421,"edges":[],"subs":4}],"dist":{"period":13.504099257365434,"phase":11.504099257365434,"interval":0.0000382161385518591}}