{"nodes":[{"SEQID":"EPI_ISL_6468602","GNODEID":"G-0","TAGID":"B-1-1-284-0004","cat_id":"client","type":"CD","date":43984,"category":"client","association":"KS","highlight":{},"emphasize":"N","dint":1591056000000,"age":"","index":0,"edges":[],"neighbors":[],"degree":0,"dstr":"2020-06-02","sex":""},{"SEQID":"EPI_ISL_6468603","GNODEID":"G-4","TAGID":"B-1-1-284-0005","cat_id":"staff","type":"CD","date":43984,"category":"staff","association":"KS","highlight":{},"emphasize":"N","dint":1591056000000,"age":"","index":1,"edges":[],"neighbors":[],"degree":0,"dstr":"2020-06-02","sex":""},{"SEQID":"EPI_ISL_6468617","GNODEID":"G-8","TAGID":"B-1-1-284-0011","cat_id":"client","type":"CD","date":43991,"category":"client","association":"KS","highlight":{},"emphasize":"N","dint":1591660800000,"age":"","index":2,"edges":[],"neighbors":[],"degree":0,"dstr":"2020-06-09","sex":""},{"SEQID":"EPI_ISL_4932550","GNODEID":"G-0","TAGID":"B-1-1-284-0014","cat_id":"staff","type":"CD","date":44001,"category":"staff","association":"KN","highlight":{},"emphasize":"Y","dint":1592524800000,"age":"","index":3,"edges":[],"neighbors":[],"degree":0,"dstr":"2020-06-19","sex":""},{"SEQID":"EPI_ISL_692601","GNODEID":"G-4","TAGID":"B-1-1-284-0016","cat_id":"client","type":"CD","date":44002,"category":"client","association":"KS","highlight":{},"emphasize":"Y","dint":1592611200000,"age":"","index":4,"edges":[],"neighbors":[],"degree":0,"dstr":"2020-06-20","sex":""},{"SEQID":"EPI_ISL_686957","GNODEID":"G-6","TAGID":"B-1-1-284-0017","cat_id":"client","type":"CD","date":44002,"category":"client","association":"なし","highlight":{},"emphasize":"Y","dint":1592611200000,"age":"","index":5,"edges":[],"neighbors":[],"degree":0,"dstr":"2020-06-20","sex":""},{"SEQID":"EPI_ISL_691812","GNODEID":"G-9","TAGID":"B-1-1-284-0020","cat_id":"client","type":"CD","date":43999,"category":"client","association":"KS","highlight":{},"emphasize":"Y","dint":1592352000000,"age":"","index":6,"edges":[],"neighbors":[],"degree":0,"dstr":"2020-06-17","sex":""},{"SEQID":"EPI_ISL_687750","GNODEID":"G-4","TAGID":"B-1-1-284-0023","cat_id":"client","type":"CD","date":43993,"category":"client","association":"KS","highlight":{},"emphasize":"N","dint":1591833600000,"age":"","index":7,"edges":[],"neighbors":[],"degree":0,"dstr":"2020-06-11","sex":""},{"SEQID":"EPI_ISL_687751","GNODEID":"G-8","TAGID":"B-1-1-284-0024","cat_id":"staff","type":"CD","date":43997,"category":"staff","association":"KS","highlight":{},"emphasize":"Y","dint":1592179200000,"age":"","index":8,"edges":[],"neighbors":[],"degree":0,"dstr":"2020-06-15","sex":""},{"SEQID":"EPI_ISL_687932","GNODEID":"G-0","TAGID":"B-1-1-284-0026","cat_id":"client","type":"CD","date":43998,"category":"client","association":"KN","highlight":{},"emphasize":"N","dint":1592265600000,"age":"","index":9,"edges":[],"neighbors":[],"degree":0,"dstr":"2020-06-16","sex":""},{"SEQID":"EPI_ISL_690795","GNODEID":"G-0","TAGID":"B-1-1-284-0028","cat_id":"client","type":"CD","date":43987,"category":"client","association":"KS","highlight":{},"emphasize":"Y","dint":1591315200000,"age":"","index":10,"edges":[],"neighbors":[],"degree":0,"dstr":"2020-06-05","sex":""},{"SEQID":"EPI_ISL_690778","GNODEID":"G-0","TAGID":"B-1-1-284-0030","cat_id":"client","type":"CD","date":43993,"category":"client","association":"KS","highlight":{},"emphasize":"N","dint":1591833600000,"age":"","index":11,"edges":[],"neighbors":[],"degree":0,"dstr":"2020-06-11","sex":""},{"SEQID":"EPI_ISL_690796","GNODEID":"G-0","TAGID":"B-1-1-284-0031","cat_id":"client","type":"CD","date":43987,"category":"client","association":"KS","highlight":{},"emphasize":"N","dint":1591315200000,"age":"","index":12,"edges":[],"neighbors":[],"degree":0,"dstr":"2020-06-05","sex":""},{"SEQID":"EPI_ISL_690797","GNODEID":"G-0","TAGID":"B-1-1-284-0032","cat_id":"staff","type":"CD","date":43988,"category":"staff","association":"KS","highlight":{},"emphasize":"Y","dint":1591401600000,"age":"","index":13,"edges":[],"neighbors":[],"degree":0,"dstr":"2020-06-06","sex":""},{"SEQID":"EPI_ISL_690798","GNODEID":"G-0","TAGID":"B-1-1-284-0033","cat_id":"client","type":"CD","date":43988,"category":"client","association":"KS","highlight":{},"emphasize":"Y","dint":1591401600000,"age":"","index":14,"edges":[],"neighbors":[],"degree":0,"dstr":"2020-06-06","sex":""},{"SEQID":"EPI_ISL_690799","GNODEID":"G-0","TAGID":"B-1-1-284-0034","cat_id":"client","type":"CD","date":43990,"category":"client","association":"KS","highlight":{},"emphasize":"Y","dint":1591574400000,"age":"","index":15,"edges":[],"neighbors":[],"degree":0,"dstr":"2020-06-08","sex":""},{"SEQID":"EPI_ISL_690800","GNODEID":"G-4","TAGID":"B-1-1-284-0035","cat_id":"staff","type":"CD","date":43992,"category":"staff","association":"KS","highlight":{},"emphasize":"N","dint":1591747200000,"age":"","index":16,"edges":[],"neighbors":[],"degree":0,"dstr":"2020-06-10","sex":""},{"SEQID":"EPI_ISL_690802","GNODEID":"G-4","TAGID":"B-1-1-284-0037","cat_id":"staff","type":"CD","date":43993,"category":"staff","association":"KS","highlight":{},"emphasize":"N","dint":1591833600000,"age":"","index":17,"edges":[],"neighbors":[],"degree":0,"dstr":"2020-06-11","sex":""},{"SEQID":"EPI_ISL_690803","GNODEID":"G-4","TAGID":"B-1-1-284-0038","cat_id":"client","type":"CD","date":43993,"category":"client","association":"KS","highlight":{},"emphasize":"Y","dint":1591833600000,"age":"","index":18,"edges":[],"neighbors":[],"degree":0,"dstr":"2020-06-11","sex":""},{"SEQID":"EPI_ISL_690807","GNODEID":"G-4","TAGID":"B-1-1-284-0039","cat_id":"client","type":"CD","date":43995,"category":"client","association":"KS","highlight":{},"emphasize":"Y","dint":1592006400000,"age":"","index":19,"edges":[],"neighbors":[],"degree":0,"dstr":"2020-06-13","sex":""},{"SEQID":"EPI_ISL_690805","GNODEID":"G-8","TAGID":"B-1-1-284-0041","cat_id":"staff","type":"CD","date":43993,"category":"staff","association":"KS","highlight":{},"emphasize":"Y","dint":1591833600000,"age":"","index":20,"edges":[],"neighbors":[],"degree":0,"dstr":"2020-06-11","sex":""},{"SEQID":"EPI_ISL_690809","GNODEID":"G-4","TAGID":"B-1-1-284-0044","cat_id":"client","type":"CD","date":43997,"category":"client","association":"KS","highlight":{},"emphasize":"Y","dint":1592179200000,"age":"","index":21,"edges":[],"neighbors":[],"degree":0,"dstr":"2020-06-15","sex":""},{"SEQID":"EPI_ISL_690811","GNODEID":"G-4.7","TAGID":"B-1-1-284-0046","cat_id":"client","type":"CD","date":43999,"category":"client","association":"KS","highlight":{},"emphasize":"N","dint":1592352000000,"age":"","index":22,"edges":[],"neighbors":[],"degree":0,"dstr":"2020-06-17","sex":""},{"SEQID":"EPI_ISL_690812","GNODEID":"G-0","TAGID":"B-1-1-284-0047","cat_id":"client","type":"CD","date":44000,"category":"client","association":"KS","highlight":{},"emphasize":"Y","dint":1592438400000,"age":"","index":23,"edges":[],"neighbors":[],"degree":0,"dstr":"2020-06-18","sex":""},{"SEQID":"EPI_ISL_690814","GNODEID":"G-4","TAGID":"B-1-1-284-0049","cat_id":"staff","type":"CD","date":44000,"category":"staff","association":"KS","highlight":{},"emphasize":"N","dint":1592438400000,"age":"","index":24,"edges":[],"neighbors":[],"degree":0,"dstr":"2020-06-18","sex":""},{"SEQID":"EPI_ISL_690815","GNODEID":"G-0","TAGID":"B-1-1-284-0050","cat_id":"client","type":"CD","date":44001,"category":"client","association":"KS","highlight":{},"emphasize":"N","dint":1592524800000,"age":"","index":25,"edges":[],"neighbors":[],"degree":0,"dstr":"2020-06-19","sex":""},{"SEQID":"EPI_ISL_690817","GNODEID":"G-4","TAGID":"B-1-1-284-0052","cat_id":"staff","type":"CD","date":44001,"category":"staff","association":"KS","highlight":{},"emphasize":"Y","dint":1592524800000,"age":"","index":26,"edges":[],"neighbors":[],"degree":0,"dstr":"2020-06-19","sex":""},{"SEQID":"EPI_ISL_690844","GNODEID":"G-0","TAGID":"B-1-1-284-0053","cat_id":"staff","type":"CD","date":43997,"category":"staff","association":"KN","highlight":{},"emphasize":"N","dint":1592179200000,"age":"","index":27,"edges":[],"neighbors":[],"degree":0,"dstr":"2020-06-15","sex":""},{"SEQID":"EPI_ISL_691286","GNODEID":"G-7.1","TAGID":"B-1-1-284-0055","cat_id":"client","type":"CD","date":43987,"category":"client","association":"KS","highlight":{},"emphasize":"Y","dint":1591315200000,"age":"","index":28,"edges":[],"neighbors":[],"degree":0,"dstr":"2020-06-05","sex":""},{"SEQID":"EPI_ISL_691284","GNODEID":"G-7","TAGID":"B-1-1-284-0058","cat_id":"staff","type":"CD","date":43987,"category":"staff","association":"KS","highlight":{},"emphasize":"Y","dint":1591315200000,"age":"","index":29,"edges":[],"neighbors":[],"degree":0,"dstr":"2020-06-05","sex":""},{"SEQID":"EPI_ISL_691364","GNODEID":"G-0","TAGID":"B-1-1-284-0061","cat_id":"client","type":"CD","date":43991,"category":"client","association":"KS","highlight":{},"emphasize":"N","dint":1591660800000,"age":"","index":30,"edges":[],"neighbors":[],"degree":0,"dstr":"2020-06-09","sex":""},{"SEQID":"EPI_ISL_691553","GNODEID":"G-7","TAGID":"B-1-1-284-0063","cat_id":"staff","type":"CD","date":43985,"category":"staff","association":"KS","highlight":{},"emphasize":"N","dint":1591142400000,"age":"","index":31,"edges":[],"neighbors":[],"degree":0,"dstr":"2020-06-03","sex":""},{"SEQID":"EPI_ISL_691749","GNODEID":"G-4.1","TAGID":"B-1-1-284-0064","cat_id":"client","type":"CD","date":44001,"category":"client","association":"KS","highlight":{},"emphasize":"N","dint":1592524800000,"age":"","index":32,"edges":[],"neighbors":[],"degree":0,"dstr":"2020-06-19","sex":""},{"SEQID":"EPI_ISL_691748","GNODEID":"G-0","TAGID":"B-1-1-284-0065","cat_id":"client","type":"CD","date":43998,"category":"client","association":"KY","highlight":{},"emphasize":"Y","dint":1592265600000,"age":"","index":33,"edges":[],"neighbors":[],"degree":0,"dstr":"2020-06-16","sex":""},{"SEQID":"EPI_ISL_691770","GNODEID":"G-4","TAGID":"B-1-1-284-0067","cat_id":"staff","type":"CD","date":43985,"category":"staff","association":"KS","highlight":{},"emphasize":"Y","dint":1591142400000,"age":"","index":34,"edges":[],"neighbors":[],"degree":0,"dstr":"2020-06-03","sex":""},{"SEQID":"EPI_ISL_691771","GNODEID":"G-4","TAGID":"B-1-1-284-0068","cat_id":"client","type":"CD","date":43985,"category":"client","association":"KS","highlight":{},"emphasize":"N","dint":1591142400000,"age":"","index":35,"edges":[],"neighbors":[],"degree":0,"dstr":"2020-06-03","sex":""},{"SEQID":"EPI_ISL_691778","GNODEID":"G-4","TAGID":"B-1-1-284-0070","cat_id":"staff","type":"CD","date":43993,"category":"staff","association":"KS","highlight":{},"emphasize":"N","dint":1591833600000,"age":"","index":36,"edges":[],"neighbors":[],"degree":0,"dstr":"2020-06-11","sex":""},{"SEQID":"EPI_ISL_691774","GNODEID":"G-4","TAGID":"B-1-1-284-0073","cat_id":"client","type":"CD","date":43985,"category":"client","association":"KS","highlight":{},"emphasize":"Y","dint":1591142400000,"age":"","index":37,"edges":[],"neighbors":[],"degree":0,"dstr":"2020-06-03","sex":""},{"SEQID":"EPI_ISL_691775","GNODEID":"G-4","TAGID":"B-1-1-284-0074","cat_id":"staff","type":"CD","date":43985,"category":"staff","association":"KS","highlight":{},"emphasize":"Y","dint":1591142400000,"age":"","index":38,"edges":[],"neighbors":[],"degree":0,"dstr":"2020-06-03","sex":""},{"SEQID":"EPI_ISL_691777","GNODEID":"G-4.5","TAGID":"B-1-1-284-0076","cat_id":"staff","type":"CD","date":43990,"category":"staff","association":"KS","highlight":{},"emphasize":"Y","dint":1591574400000,"age":"","index":39,"edges":[],"neighbors":[],"degree":0,"dstr":"2020-06-08","sex":""},{"SEQID":"EPI_ISL_691780","GNODEID":"G-4","TAGID":"B-1-1-284-0078","cat_id":"client","type":"CD","date":43993,"category":"client","association":"KS","highlight":{},"emphasize":"N","dint":1591833600000,"age":"","index":40,"edges":[],"neighbors":[],"degree":0,"dstr":"2020-06-11","sex":""},{"SEQID":"EPI_ISL_691781","GNODEID":"G-4.8","TAGID":"B-1-1-284-0079","cat_id":"staff","type":"CD","date":43993,"category":"staff","association":"KS","highlight":{},"emphasize":"Y","dint":1591833600000,"age":"","index":41,"edges":[],"neighbors":[],"degree":0,"dstr":"2020-06-11","sex":""},{"SEQID":"EPI_ISL_691786","GNODEID":"G-4.2","TAGID":"B-1-1-284-0083","cat_id":"client","type":"CD","date":43993,"category":"client","association":"KS","highlight":{},"emphasize":"Y","dint":1591833600000,"age":"","index":42,"edges":[],"neighbors":[],"degree":0,"dstr":"2020-06-11","sex":""},{"SEQID":"EPI_ISL_691789","GNODEID":"G-4","TAGID":"B-1-1-284-0086","cat_id":"staff","type":"CD","date":43994,"category":"staff","association":"KS","highlight":{},"emphasize":"N","dint":1591920000000,"age":"","index":43,"edges":[],"neighbors":[],"degree":0,"dstr":"2020-06-12","sex":""},{"SEQID":"EPI_ISL_691791","GNODEID":"G-4.4","TAGID":"B-1-1-284-0088","cat_id":"staff","type":"CD","date":43994,"category":"staff","association":"KS","highlight":{},"emphasize":"Y","dint":1591920000000,"age":"","index":44,"edges":[],"neighbors":[],"degree":0,"dstr":"2020-06-12","sex":""},{"SEQID":"EPI_ISL_691794","GNODEID":"G-4.6","TAGID":"B-1-1-284-0091","cat_id":"client","type":"CD","date":43994,"category":"client","association":"KS","highlight":{},"emphasize":"N","dint":1591920000000,"age":"","index":45,"edges":[],"neighbors":[],"degree":0,"dstr":"2020-06-12","sex":""},{"SEQID":"EPI_ISL_691800","GNODEID":"G-4.3","TAGID":"B-1-1-284-0097","cat_id":"client","type":"CD","date":43994,"category":"client","association":"KS","highlight":{},"emphasize":"Y","dint":1591920000000,"age":"","index":46,"edges":[],"neighbors":[],"degree":0,"dstr":"2020-06-12","sex":""},{"SEQID":"EPI_ISL_691804","GNODEID":"G-0","TAGID":"B-1-1-284-0100","cat_id":"staff","type":"CD","date":43999,"category":"staff","association":"KS","highlight":{},"emphasize":"Y","dint":1592352000000,"age":"","index":47,"edges":[],"neighbors":[],"degree":0,"dstr":"2020-06-17","sex":""},{"SEQID":"EPI_ISL_691807","GNODEID":"G-0","TAGID":"B-1-1-284-0103","cat_id":"client","type":"CD","date":43999,"category":"client","association":"KS","highlight":{},"emphasize":"N","dint":1592352000000,"age":"","index":48,"edges":[],"neighbors":[],"degree":0,"dstr":"2020-06-17","sex":""},{"SEQID":"EPI_ISL_691808","GNODEID":"G-5","TAGID":"B-1-1-284-0104","cat_id":"client","type":"CD","date":43999,"category":"client","association":"KS","highlight":{},"emphasize":"N","dint":1592352000000,"age":"","index":49,"edges":[],"neighbors":[],"degree":0,"dstr":"2020-06-17","sex":""},{"SEQID":"EPI_ISL_691809","GNODEID":"G-0","TAGID":"B-1-1-284-0105","cat_id":"client","type":"CD","date":43999,"category":"client","association":"KS","highlight":{},"emphasize":"N","dint":1592352000000,"age":"","index":50,"edges":[],"neighbors":[],"degree":0,"dstr":"2020-06-17","sex":""},{"SEQID":"EPI_ISL_691816","GNODEID":"G-0","TAGID":"B-1-1-284-0111","cat_id":"client","type":"CD","date":43999,"category":"client","association":"KS","highlight":{},"emphasize":"N","dint":1592352000000,"age":"","index":51,"edges":[],"neighbors":[],"degree":0,"dstr":"2020-06-17","sex":""},{"SEQID":"EPI_ISL_692061","GNODEID":"G-4","TAGID":"B-1-1-284-0112","cat_id":"client","type":"CD","date":43993,"category":"client","association":"KS","highlight":{},"emphasize":"N","dint":1591833600000,"age":"","index":52,"edges":[],"neighbors":[],"degree":0,"dstr":"2020-06-11","sex":""},{"SEQID":"EPI_ISL_692343","GNODEID":"G-0","TAGID":"B-1-1-284-0114","cat_id":"client","type":"CD","date":43993,"category":"client","association":"KY","highlight":{},"emphasize":"Y","dint":1591833600000,"age":"","index":53,"edges":[],"neighbors":[],"degree":0,"dstr":"2020-06-11","sex":""},{"SEQID":"EPI_ISL_692345","GNODEID":"G-0","TAGID":"B-1-1-284-0116","cat_id":"staff","type":"CD","date":43995,"category":"staff","association":"KY","highlight":{},"emphasize":"N","dint":1592006400000,"age":"","index":54,"edges":[],"neighbors":[],"degree":0,"dstr":"2020-06-13","sex":""},{"SEQID":"EPI_ISL_692347","GNODEID":"G-0","TAGID":"B-1-1-284-0118","cat_id":"client","type":"CD","date":43999,"category":"client","association":"KY","highlight":{},"emphasize":"Y","dint":1592352000000,"age":"","index":55,"edges":[],"neighbors":[],"degree":0,"dstr":"2020-06-17","sex":""},{"SEQID":"EPI_ISL_898338","GNODEID":"G-4","TAGID":"B-1-1-284-0120","cat_id":"staff","type":"CD","date":43992,"category":"staff","association":"KS","highlight":{},"emphasize":"N","dint":1591747200000,"age":"","index":56,"edges":[],"neighbors":[],"degree":0,"dstr":"2020-06-10","sex":""},{"SEQID":"EPI_ISL_902215","GNODEID":"G-0","TAGID":"B-1-1-284-0123","cat_id":"client","type":"CD","date":43999,"category":"client","association":"KS","highlight":{},"emphasize":"Y","dint":1592352000000,"age":"","index":57,"edges":[],"neighbors":[],"degree":0,"dstr":"2020-06-17","sex":""},{"SEQID":"EPI_ISL_644946","GNODEID":"G-0","TAGID":"B-1-1-284-0125","cat_id":"staff","type":"CD","date":43992,"category":"staff","association":"なし","highlight":{},"emphasize":"Y","dint":1591747200000,"age":"","index":58,"edges":[],"neighbors":[],"degree":0,"dstr":"2020-06-10","sex":""},{"SEQID":"EPI_ISL_644948","GNODEID":"G-4","TAGID":"B-1-1-284-0127","cat_id":"staff","type":"CD","date":43995,"category":"staff","association":"なし","highlight":{},"emphasize":"N","dint":1592006400000,"age":"","index":59,"edges":[],"neighbors":[],"degree":0,"dstr":"2020-06-13","sex":""},{"SEQID":"EPI_ISL_644949","GNODEID":"G-4","TAGID":"B-1-1-284-0128","cat_id":"staff","type":"CD","date":43995,"category":"staff","association":"なし","highlight":{},"emphasize":"N","dint":1592006400000,"age":"","index":60,"edges":[],"neighbors":[],"degree":0,"dstr":"2020-06-13","sex":""},{"SEQID":"EPI_ISL_688469","GNODEID":"G-0","TAGID":"B-1-1-284-0131","cat_id":"client","type":"CD","date":43997,"category":"client","association":"なし","highlight":{},"emphasize":"Y","dint":1592179200000,"age":"","index":61,"edges":[],"neighbors":[],"degree":0,"dstr":"2020-06-15","sex":""},{"SEQID":"EPI_ISL_1429793","GNODEID":"G-3","TAGID":"B-1-1-284-0136","cat_id":"staff","type":"CD","date":43989,"category":"staff","association":"KS","highlight":{},"emphasize":"Y","dint":1591488000000,"age":"","index":62,"edges":[],"neighbors":[],"degree":0,"dstr":"2020-06-07","sex":""},{"SEQID":"EPI_ISL_1429794","GNODEID":"G-8.1","TAGID":"B-1-1-284-0137","cat_id":"client","type":"CD","date":43996,"category":"client","association":"KS","highlight":{},"emphasize":"N","dint":1592092800000,"age":"","index":63,"edges":[],"neighbors":[],"degree":0,"dstr":"2020-06-14","sex":""}],"edges":[{"LINKID":"L-1","TAG_from":"EPI_ISL_6468621","TAG_to":"EPI_ISL_691779","label":"家族","src":-1,"dst":-1}],"epi":[{"SEQID":"EPI_ISL_1123404","GNODEID":"G-0"},{"SEQID":"EPI_ISL_691807","GNODEID":"G-0"},{"SEQID":"EPI_ISL_692343","GNODEID":"G-0"},{"SEQID":"EPI_ISL_690795","GNODEID":"G-0"},{"SEQID":"EPI_ISL_691748","GNODEID":"G-0"},{"SEQID":"EPI_ISL_690796","GNODEID":"G-0"},{"SEQID":"EPI_ISL_902215","GNODEID":"G-0"},{"SEQID":"EPI_ISL_690798","GNODEID":"G-0"},{"SEQID":"EPI_ISL_690844","GNODEID":"G-0"},{"SEQID":"EPI_ISL_691816","GNODEID":"G-0"},{"SEQID":"EPI_ISL_691809","GNODEID":"G-0"},{"SEQID":"EPI_ISL_691364","GNODEID":"G-0"},{"SEQID":"EPI_ISL_690815","GNODEID":"G-0"},{"SEQID":"EPI_ISL_688469","GNODEID":"G-0"},{"SEQID":"EPI_ISL_644946","GNODEID":"G-0"},{"SEQID":"EPI_ISL_690812","GNODEID":"G-0"},{"SEQID":"EPI_ISL_691804","GNODEID":"G-0"},{"SEQID":"EPI_ISL_6468602","GNODEID":"G-0"},{"SEQID":"EPI_ISL_690778","GNODEID":"G-0"},{"SEQID":"EPI_ISL_690799","GNODEID":"G-0"},{"SEQID":"EPI_ISL_692347","GNODEID":"G-0"},{"SEQID":"EPI_ISL_687932","GNODEID":"G-0"},{"SEQID":"EPI_ISL_692345","GNODEID":"G-0"},{"SEQID":"EPI_ISL_690797","GNODEID":"G-0"},{"SEQID":"EPI_ISL_4932550","GNODEID":"G-0"},{"SEQID":"REF","GNODEID":"G-1"},{"SEQID":"EPI_ISL_1123407","GNODEID":"G-2"},{"SEQID":"EPI_ISL_1429793","GNODEID":"G-3"},{"SEQID":"EPI_ISL_644948","GNODEID":"G-4"},{"SEQID":"EPI_ISL_690814","GNODEID":"G-4"},{"SEQID":"EPI_ISL_691771","GNODEID":"G-4"},{"SEQID":"EPI_ISL_690800","GNODEID":"G-4"},{"SEQID":"EPI_ISL_898338","GNODEID":"G-4"},{"SEQID":"EPI_ISL_690803","GNODEID":"G-4"},{"SEQID":"EPI_ISL_690817","GNODEID":"G-4"},{"SEQID":"EPI_ISL_691774","GNODEID":"G-4"},{"SEQID":"EPI_ISL_690807","GNODEID":"G-4"},{"SEQID":"EPI_ISL_692601","GNODEID":"G-4"},{"SEQID":"EPI_ISL_687750","GNODEID":"G-4"},{"SEQID":"EPI_ISL_691780","GNODEID":"G-4"},{"SEQID":"EPI_ISL_691775","GNODEID":"G-4"},{"SEQID":"EPI_ISL_691778","GNODEID":"G-4"},{"SEQID":"EPI_ISL_690809","GNODEID":"G-4"},{"SEQID":"EPI_ISL_692061","GNODEID":"G-4"},{"SEQID":"EPI_ISL_691789","GNODEID":"G-4"},{"SEQID":"EPI_ISL_6468603","GNODEID":"G-4"},{"SEQID":"EPI_ISL_691770","GNODEID":"G-4"},{"SEQID":"EPI_ISL_690802","GNODEID":"G-4"},{"SEQID":"EPI_ISL_644949","GNODEID":"G-4"},{"SEQID":"EPI_ISL_691749","GNODEID":"G-4.1"},{"SEQID":"EPI_ISL_2812940","GNODEID":"G-4.2"},{"SEQID":"EPI_ISL_691786","GNODEID":"G-4.2"},{"SEQID":"EPI_ISL_2812954","GNODEID":"G-4.3"},{"SEQID":"EPI_ISL_691800","GNODEID":"G-4.3"},{"SEQID":"EPI_ISL_2812944","GNODEID":"G-4.4"},{"SEQID":"EPI_ISL_691791","GNODEID":"G-4.4"},{"SEQID":"EPI_ISL_691777","GNODEID":"G-4.5"},{"SEQID":"EPI_ISL_2812947","GNODEID":"G-4.6"},{"SEQID":"EPI_ISL_691794","GNODEID":"G-4.6"},{"SEQID":"EPI_ISL_690811","GNODEID":"G-4.7"},{"SEQID":"EPI_ISL_2812937","GNODEID":"G-4.8"},{"SEQID":"EPI_ISL_691781","GNODEID":"G-4.8"},{"SEQID":"EPI_ISL_2812945","GNODEID":"G-4.9"},{"SEQID":"EPI_ISL_2671865","GNODEID":"G-4.10"},{"SEQID":"EPI_ISL_2671871","GNODEID":"G-5"},{"SEQID":"EPI_ISL_691808","GNODEID":"G-5"},{"SEQID":"EPI_ISL_686957","GNODEID":"G-6"},{"SEQID":"EPI_ISL_691284","GNODEID":"G-7"},{"SEQID":"EPI_ISL_691553","GNODEID":"G-7"},{"SEQID":"EPI_ISL_691286","GNODEID":"G-7.1"},{"SEQID":"EPI_ISL_6468617","GNODEID":"G-8"},{"SEQID":"EPI_ISL_690805","GNODEID":"G-8"},{"SEQID":"EPI_ISL_687751","GNODEID":"G-8"},{"SEQID":"EPI_ISL_1429794","GNODEID":"G-8.1"},{"SEQID":"EPI_ISL_2671875","GNODEID":"G-9"},{"SEQID":"EPI_ISL_691812","GNODEID":"G-9"}],"tree":[{"label":"G-0","length":0,"edges":["G-1","G-2","G-3","G-4","G-5","G-6","G-7","G-8","G-9"],"subs":0},{"label":"G-1","length":0.0029621852,"edges":[],"subs":8},{"label":"G-2","length":0.0003702166,"edges":[],"subs":1},{"label":"G-3","length":0.0007410845000000001,"edges":[],"subs":2},{"label":"G-4","length":0.0003708302,"edges":["G-4.1","G-4.2","G-4.3","G-4.4","G-4.5","G-4.6","G-4.7","G-4.8","G-4.9","G-4.10"],"subs":1},{"label":"G-4.1","length":0.000370896,"edges":[],"subs":1},{"label":"G-4.2","length":0.0003711306,"edges":[],"subs":1},{"label":"G-4.3","length":0.00037135959999999997,"edges":[],"subs":1},{"label":"G-4.4","length":0.0003714945,"edges":[],"subs":1},{"label":"G-4.5","length":0.0003717294,"edges":[],"subs":1},{"label":"G-4.6","length":0.0003719332,"edges":[],"subs":1},{"label":"G-4.7","length":0.00037222599999999997,"edges":[],"subs":1},{"label":"G-4.8","length":0.00037237489999999995,"edges":[],"subs":1},{"label":"G-4.9","length":0.0003725936,"edges":[],"subs":1},{"label":"G-4.10","length":0.000372819,"edges":[],"subs":1},{"label":"G-5","length":0.000368567,"edges":[],"subs":1},{"label":"G-6","length":0.0003683821,"edges":[],"subs":1},{"label":"G-7","length":0.0003682499,"edges":["G-7.1"],"subs":1},{"label":"G-7.1","length":0.0003678444,"edges":[],"subs":1},{"label":"G-8","length":0.00036797859999999997,"edges":["G-8.1"],"subs":1},{"label":"G-8.1","length":0.0007347154,"edges":[],"subs":2},{"label":"G-9","length":0.0003678613,"edges":[],"subs":1}],"dist":{"period":45.60006920583683,"phase":44.60006920583683,"interval":0.000007954753816046966}}