{"nodes":[{"SEQID":"EPI_ISL_11827920","GNODEID":"G-2.4.1","TAGID":"BA-1-1-0001","cat_id":"staff","type":"CD","date":44531,"category":"staff","highlight":{},"emphasize":"Y","dint":1638316800000,"age":"","index":0,"edges":[],"neighbors":[],"degree":0,"association":0,"dstr":"2021-12-01"},{"SEQID":"EPI_ISL_12386710","GNODEID":"G-3.1","TAGID":"BA-1-1-0005","cat_id":"client","type":"CD","date":44543,"category":"client","highlight":{},"emphasize":"N","dint":1639353600000,"age":"","index":1,"edges":[],"neighbors":[],"degree":0,"association":0,"dstr":"2021-12-13"},{"SEQID":"EPI_ISL_11827874","GNODEID":"G-2.4","TAGID":"BA-1-1-0006","cat_id":"staff","type":"CD","date":44531,"category":"staff","highlight":{},"emphasize":"Y","dint":1638316800000,"age":"","index":2,"edges":[],"neighbors":[],"degree":0,"association":0,"dstr":"2021-12-01"},{"SEQID":"EPI_ISL_9070275","GNODEID":"G-2.2","TAGID":"BA-1-1-0009","cat_id":"client","type":"CD","date":44531,"category":"client","highlight":{},"emphasize":"N","dint":1638316800000,"age":"","index":3,"edges":[],"neighbors":[],"degree":0,"association":0,"dstr":"2021-12-01"},{"SEQID":"EPI_ISL_8753746","GNODEID":"G-2.3","TAGID":"BA-1-1-0010","cat_id":"staff","type":"CD","date":44539,"category":"staff","association":"Tokyo","highlight":{},"emphasize":"Y","dint":1639008000000,"age":"","index":4,"edges":[],"neighbors":[],"degree":0,"dstr":"2021-12-09"},{"SEQID":"EPI_ISL_7571618","GNODEID":"G-2.3","TAGID":"BA-1-1-0011","cat_id":"staff","type":"CD","date":44532,"category":"staff","highlight":{},"emphasize":"N","dint":1638403200000,"age":"","index":5,"edges":[],"neighbors":[],"degree":0,"association":0,"dstr":"2021-12-02"},{"SEQID":"EPI_ISL_8332530","GNODEID":"G-2.2","TAGID":"BA-1-1-0012","cat_id":"client","type":"CD","date":44531,"category":"client","association":"Osaka","highlight":{},"emphasize":"N","dint":1638316800000,"age":"","index":6,"edges":[],"neighbors":[],"degree":0,"dstr":"2021-12-01"},{"SEQID":"EPI_ISL_9212011","GNODEID":"G-2.3.2","TAGID":"BA-1-1-0022","cat_id":"staff","type":"CD","date":44545,"category":"staff","association":"Aichi","highlight":{},"emphasize":"Y","dint":1639526400000,"age":"","index":7,"edges":[],"neighbors":[],"degree":0,"dstr":"2021-12-15"},{"SEQID":"EPI_ISL_9216480","GNODEID":"G-2.3.6","TAGID":"BA-1-1-0027","cat_id":"staff","type":"CD","date":44544,"category":"staff","association":"Gunma","highlight":{},"emphasize":"N","dint":1639440000000,"age":"","index":8,"edges":[],"neighbors":[],"degree":0,"dstr":"2021-12-14"},{"SEQID":"EPI_ISL_10497423","GNODEID":"G-2.3.13.1","TAGID":"BA-1-1-0031","cat_id":"staff","type":"CD","date":44531,"category":"staff","highlight":{},"emphasize":"N","dint":1638316800000,"age":"","index":9,"edges":[],"neighbors":[],"degree":0,"association":0,"dstr":"2021-12-01"},{"SEQID":"EPI_ISL_7860224","GNODEID":"G-2.1","TAGID":"BA-1-1-0039","cat_id":"staff","type":"CD","date":44542,"category":"staff","highlight":{},"emphasize":"N","dint":1639267200000,"age":"","index":10,"edges":[],"neighbors":[],"degree":0,"association":0,"dstr":"2021-12-12"},{"SEQID":"EPI_ISL_7860197","GNODEID":"G-2.4","TAGID":"BA-1-1-0040","cat_id":"staff","type":"CD","date":44538,"category":"staff","highlight":{},"emphasize":"Y","dint":1638921600000,"age":"","index":11,"edges":[],"neighbors":[],"degree":0,"association":0,"dstr":"2021-12-08"},{"SEQID":"EPI_ISL_7860205","GNODEID":"G-2.3.3","TAGID":"BA-1-1-0041","cat_id":"staff","type":"CD","date":44538,"category":"staff","highlight":{},"emphasize":"N","dint":1638921600000,"age":"","index":12,"edges":[],"neighbors":[],"degree":0,"association":0,"dstr":"2021-12-08"},{"SEQID":"EPI_ISL_7860215","GNODEID":"G-2.3.7","TAGID":"BA-1-1-0042","cat_id":"staff","type":"CD","date":44540,"category":"staff","highlight":{},"emphasize":"N","dint":1639094400000,"age":"","index":13,"edges":[],"neighbors":[],"degree":0,"association":0,"dstr":"2021-12-10"},{"SEQID":"EPI_ISL_7986367","GNODEID":"G-2.2","TAGID":"BA-1-1-0044","cat_id":"staff","type":"CD","date":44548,"category":"staff","association":"Osaka","highlight":{},"emphasize":"N","dint":1639785600000,"age":"","index":14,"edges":[],"neighbors":[],"degree":0,"dstr":"2021-12-18"},{"SEQID":"EPI_ISL_9070304","GNODEID":"G-2.2.1","TAGID":"BA-1-1-0045","cat_id":"client","type":"CD","date":44531,"category":"client","highlight":{},"emphasize":"N","dint":1638316800000,"age":"","index":15,"edges":[],"neighbors":[],"degree":0,"association":0,"dstr":"2021-12-01"},{"SEQID":"EPI_ISL_9070306","GNODEID":"G-2.2.2","TAGID":"BA-1-1-0046","cat_id":"client","type":"CD","date":44531,"category":"client","highlight":{},"emphasize":"N","dint":1638316800000,"age":"","index":16,"edges":[],"neighbors":[],"degree":0,"association":0,"dstr":"2021-12-01"},{"SEQID":"EPI_ISL_10282920","GNODEID":"G-2.3","TAGID":"BA-1-1-0050","cat_id":"staff","type":"CD","date":44531,"category":"staff","association":"Tokyo","highlight":{},"emphasize":"Y","dint":1638316800000,"age":"","index":17,"edges":[],"neighbors":[],"degree":0,"dstr":"2021-12-01"},{"SEQID":"EPI_ISL_10282923","GNODEID":"G-3.1","TAGID":"BA-1-1-0051","cat_id":"client","type":"CD","date":44543,"category":"client","association":"Tokyo","highlight":{},"emphasize":"Y","dint":1639353600000,"age":"","index":18,"edges":[],"neighbors":[],"degree":0,"dstr":"2021-12-13"},{"SEQID":"EPI_ISL_7983854","GNODEID":"G-2.4.1","TAGID":"BA-1-1-0052","cat_id":"staff","type":"CD","date":44548,"category":"staff","association":"Tokyo","highlight":{},"emphasize":"N","dint":1639785600000,"age":"","index":19,"edges":[],"neighbors":[],"degree":0,"dstr":"2021-12-18"},{"SEQID":"EPI_ISL_8096973","GNODEID":"G-3","TAGID":"BA-1-1-0054","cat_id":"staff","type":"CD","date":44544,"category":"staff","highlight":{},"emphasize":"Y","dint":1639440000000,"age":"","index":20,"edges":[],"neighbors":[],"degree":0,"association":0,"dstr":"2021-12-14"},{"SEQID":"EPI_ISL_8096982","GNODEID":"G-2.3.5","TAGID":"BA-1-1-0056","cat_id":"client","type":"CD","date":44543,"category":"client","highlight":{},"emphasize":"N","dint":1639353600000,"age":"","index":21,"edges":[],"neighbors":[],"degree":0,"association":0,"dstr":"2021-12-13"},{"SEQID":"EPI_ISL_8096993","GNODEID":"G-2.3.8","TAGID":"BA-1-1-0059","cat_id":"staff","type":"CD","date":44545,"category":"staff","highlight":{},"emphasize":"Y","dint":1639526400000,"age":"","index":22,"edges":[],"neighbors":[],"degree":0,"association":0,"dstr":"2021-12-15"},{"SEQID":"EPI_ISL_8097004","GNODEID":"G-2.3.15","TAGID":"BA-1-1-0061","cat_id":"staff","type":"CD","date":44546,"category":"staff","highlight":{},"emphasize":"N","dint":1639612800000,"age":"","index":23,"edges":[],"neighbors":[],"degree":0,"association":0,"dstr":"2021-12-16"},{"SEQID":"EPI_ISL_8096995","GNODEID":"G-2.3.13","TAGID":"BA-1-1-0062","cat_id":"staff","type":"CD","date":44545,"category":"staff","highlight":{},"emphasize":"N","dint":1639526400000,"age":"","index":24,"edges":[],"neighbors":[],"degree":0,"association":0,"dstr":"2021-12-15"},{"SEQID":"EPI_ISL_8097068","GNODEID":"G-2.3.12","TAGID":"BA-1-1-0063","cat_id":"client","type":"CD","date":44547,"category":"client","highlight":{},"emphasize":"N","dint":1639699200000,"age":"","index":25,"edges":[],"neighbors":[],"degree":0,"association":0,"dstr":"2021-12-17"},{"SEQID":"EPI_ISL_8097001","GNODEID":"G-2.3.14","TAGID":"BA-1-1-0065","cat_id":"client","type":"CD","date":44546,"category":"client","highlight":{},"emphasize":"Y","dint":1639612800000,"age":"","index":26,"edges":[],"neighbors":[],"degree":0,"association":0,"dstr":"2021-12-16"},{"SEQID":"EPI_ISL_8097005","GNODEID":"G-2.3.7.1","TAGID":"BA-1-1-0067","cat_id":"staff","type":"CD","date":44546,"category":"staff","highlight":{},"emphasize":"Y","dint":1639612800000,"age":"","index":27,"edges":[],"neighbors":[],"degree":0,"association":0,"dstr":"2021-12-16"},{"SEQID":"EPI_ISL_8097031","GNODEID":"G-2.4.2","TAGID":"BA-1-1-0071","cat_id":"client","type":"CD","date":44548,"category":"client","highlight":{},"emphasize":"Y","dint":1639785600000,"age":"","index":28,"edges":[],"neighbors":[],"degree":0,"association":0,"dstr":"2021-12-18"},{"SEQID":"EPI_ISL_8097030","GNODEID":"G-2.3.1","TAGID":"BA-1-1-0072","cat_id":"client","type":"CD","date":44548,"category":"client","highlight":{},"emphasize":"Y","dint":1639785600000,"age":"","index":29,"edges":[],"neighbors":[],"degree":0,"association":0,"dstr":"2021-12-18"},{"SEQID":"EPI_ISL_8097069","GNODEID":"G-2.3.9","TAGID":"BA-1-1-0077","cat_id":"client","type":"CD","date":44547,"category":"client","highlight":{},"emphasize":"N","dint":1639699200000,"age":"","index":30,"edges":[],"neighbors":[],"degree":0,"association":0,"dstr":"2021-12-17"},{"SEQID":"EPI_ISL_11675353","GNODEID":"G-2.1","TAGID":"BA-1-1-0082","cat_id":"client","type":"CD","date":44531,"category":"client","highlight":{},"emphasize":"N","dint":1638316800000,"age":"","index":31,"edges":[],"neighbors":[],"degree":0,"association":0,"dstr":"2021-12-01"},{"SEQID":"EPI_ISL_11675348","GNODEID":"G-2.3.8","TAGID":"BA-1-1-0084","cat_id":"client","type":"CD","date":44531,"category":"client","highlight":{},"emphasize":"Y","dint":1638316800000,"age":"","index":32,"edges":[],"neighbors":[],"degree":0,"association":0,"dstr":"2021-12-01"},{"SEQID":"EPI_ISL_11675341","GNODEID":"G-2.3.13.3","TAGID":"BA-1-1-0088","cat_id":"client","type":"CD","date":44531,"category":"client","highlight":{},"emphasize":"N","dint":1638316800000,"age":"","index":33,"edges":[],"neighbors":[],"degree":0,"association":0,"dstr":"2021-12-01"},{"SEQID":"EPI_ISL_11675338","GNODEID":"G-2.3.13","TAGID":"BA-1-1-0091","cat_id":"client","type":"CD","date":44531,"category":"client","highlight":{},"emphasize":"Y","dint":1638316800000,"age":"","index":34,"edges":[],"neighbors":[],"degree":0,"association":0,"dstr":"2021-12-01"},{"SEQID":"EPI_ISL_11675361","GNODEID":"G-2.3.10","TAGID":"BA-1-1-0095","cat_id":"staff","type":"CD","date":44531,"category":"staff","highlight":{},"emphasize":"N","dint":1638316800000,"age":"","index":35,"edges":[],"neighbors":[],"degree":0,"association":0,"dstr":"2021-12-01"},{"SEQID":"EPI_ISL_11675359","GNODEID":"G-2.3.11","TAGID":"BA-1-1-0096","cat_id":"staff","type":"CD","date":44531,"category":"staff","highlight":{},"emphasize":"Y","dint":1638316800000,"age":"","index":36,"edges":[],"neighbors":[],"degree":0,"association":0,"dstr":"2021-12-01"},{"SEQID":"EPI_ISL_11676090","GNODEID":"G-2.3.4","TAGID":"BA-1-1-0109","cat_id":"client","type":"CD","date":44531,"category":"client","highlight":{},"emphasize":"Y","dint":1638316800000,"age":"","index":37,"edges":[],"neighbors":[],"degree":0,"association":0,"dstr":"2021-12-01"},{"SEQID":"EPI_ISL_11676079","GNODEID":"G-2.3.13.2","TAGID":"BA-1-1-0111","cat_id":"staff","type":"CD","date":44531,"category":"staff","highlight":{},"emphasize":"N","dint":1638316800000,"age":"","index":38,"edges":[],"neighbors":[],"degree":0,"association":0,"dstr":"2021-12-01"},{"SEQID":"EPI_ISL_11676101","GNODEID":"G-2.3.12","TAGID":"BA-1-1-0115","cat_id":"staff","type":"CD","date":44531,"category":"staff","highlight":{},"emphasize":"N","dint":1638316800000,"age":"","index":39,"edges":[],"neighbors":[],"degree":0,"association":0,"dstr":"2021-12-01"},{"SEQID":"EPI_ISL_11676121","GNODEID":"G-2.3.9.1","TAGID":"BA-1-1-0117","cat_id":"client","type":"CD","date":44531,"category":"client","highlight":{},"emphasize":"N","dint":1638316800000,"age":"","index":40,"edges":[],"neighbors":[],"degree":0,"association":0,"dstr":"2021-12-01"},{"SEQID":"EPI_ISL_11676120","GNODEID":"G-2.3.9","TAGID":"BA-1-1-0118","cat_id":"client","type":"CD","date":44531,"category":"client","highlight":{},"emphasize":"N","dint":1638316800000,"age":"","index":41,"edges":[],"neighbors":[],"degree":0,"association":0,"dstr":"2021-12-01"}],"edges":[{"LINKID":"L-1","TAG_from":"EPI_ISL_11827926","TAG_to":"EPI_ISL_8713855","label":"家族","src":-1,"dst":-1}],"epi":[{"SEQID":"REF","GNODEID":"G-1"},{"SEQID":"EPI_ISL_11675353","GNODEID":"G-2.1"},{"SEQID":"EPI_ISL_7860224","GNODEID":"G-2.1"},{"SEQID":"EPI_ISL_7986367","GNODEID":"G-2.2"},{"SEQID":"EPI_ISL_9070275","GNODEID":"G-2.2"},{"SEQID":"EPI_ISL_8332530","GNODEID":"G-2.2"},{"SEQID":"EPI_ISL_9070304","GNODEID":"G-2.2.1"},{"SEQID":"EPI_ISL_9070306","GNODEID":"G-2.2.2"},{"SEQID":"EPI_ISL_10282920","GNODEID":"G-2.3"},{"SEQID":"EPI_ISL_8753746","GNODEID":"G-2.3"},{"SEQID":"EPI_ISL_7571618","GNODEID":"G-2.3"},{"SEQID":"EPI_ISL_8097030","GNODEID":"G-2.3.1"},{"SEQID":"EPI_ISL_9212011","GNODEID":"G-2.3.2"},{"SEQID":"EPI_ISL_7860205","GNODEID":"G-2.3.3"},{"SEQID":"EPI_ISL_11676090","GNODEID":"G-2.3.4"},{"SEQID":"EPI_ISL_8096982","GNODEID":"G-2.3.5"},{"SEQID":"EPI_ISL_9216480","GNODEID":"G-2.3.6"},{"SEQID":"EPI_ISL_7860215","GNODEID":"G-2.3.7"},{"SEQID":"EPI_ISL_8097005","GNODEID":"G-2.3.7.1"},{"SEQID":"EPI_ISL_11675348","GNODEID":"G-2.3.8"},{"SEQID":"EPI_ISL_8096993","GNODEID":"G-2.3.8"},{"SEQID":"EPI_ISL_11676120","GNODEID":"G-2.3.9"},{"SEQID":"EPI_ISL_8097069","GNODEID":"G-2.3.9"},{"SEQID":"EPI_ISL_11676121","GNODEID":"G-2.3.9.1"},{"SEQID":"EPI_ISL_11675361","GNODEID":"G-2.3.10"},{"SEQID":"EPI_ISL_11675359","GNODEID":"G-2.3.11"},{"SEQID":"EPI_ISL_11676101","GNODEID":"G-2.3.12"},{"SEQID":"EPI_ISL_8097068","GNODEID":"G-2.3.12"},{"SEQID":"EPI_ISL_11675338","GNODEID":"G-2.3.13"},{"SEQID":"EPI_ISL_8096995","GNODEID":"G-2.3.13"},{"SEQID":"EPI_ISL_10497423","GNODEID":"G-2.3.13.1"},{"SEQID":"EPI_ISL_11676079","GNODEID":"G-2.3.13.2"},{"SEQID":"EPI_ISL_11675341","GNODEID":"G-2.3.13.3"},{"SEQID":"EPI_ISL_8097001","GNODEID":"G-2.3.14"},{"SEQID":"EPI_ISL_8097004","GNODEID":"G-2.3.15"},{"SEQID":"EPI_ISL_11827874","GNODEID":"G-2.4"},{"SEQID":"EPI_ISL_7860197","GNODEID":"G-2.4"},{"SEQID":"EPI_ISL_11827920","GNODEID":"G-2.4.1"},{"SEQID":"EPI_ISL_7983854","GNODEID":"G-2.4.1"},{"SEQID":"EPI_ISL_8097031","GNODEID":"G-2.4.2"},{"SEQID":"EPI_ISL_8096973","GNODEID":"G-3"},{"SEQID":"EPI_ISL_10282923","GNODEID":"G-3.1"},{"SEQID":"EPI_ISL_12386710","GNODEID":"G-3.1"}],"tree":[{"label":"G-0","length":0,"edges":["G-1","G-2","G-3"],"subs":0},{"label":"G-1","length":0.0295218925,"edges":[],"subs":58},{"label":"G-2","length":0.0005517015,"edges":["G-2.1","G-2.2","G-2.3","G-2.4"],"subs":1},{"label":"G-2.1","length":0.0011119699,"edges":[],"subs":2},{"label":"G-2.2","length":0.0005559456,"edges":["G-2.2.1","G-2.2.2"],"subs":1},{"label":"G-2.2.1","length":0.0005560310999999999,"edges":[],"subs":1},{"label":"G-2.2.2","length":0.0011123559,"edges":[],"subs":2},{"label":"G-2.3","length":0.0005562163,"edges":["G-2.3.1","G-2.3.2","G-2.3.3","G-2.3.4","G-2.3.5","G-2.3.6","G-2.3.7","G-2.3.8","G-2.3.9","G-2.3.10","G-2.3.11","G-2.3.12","G-2.3.13","G-2.3.14","G-2.3.15"],"subs":1},{"label":"G-2.3.1","length":0.0005559707,"edges":[],"subs":1},{"label":"G-2.3.2","length":0.0005562197,"edges":[],"subs":1},{"label":"G-2.3.3","length":0.000556499,"edges":[],"subs":1},{"label":"G-2.3.4","length":0.0011129007,"edges":[],"subs":2},{"label":"G-2.3.5","length":0.0005568888999999999,"edges":[],"subs":1},{"label":"G-2.3.6","length":0.0005569927999999999,"edges":[],"subs":1},{"label":"G-2.3.7","length":0.0005571253999999999,"edges":["G-2.3.7.1"],"subs":1},{"label":"G-2.3.7.1","length":0.0016690076,"edges":[],"subs":3},{"label":"G-2.3.8","length":0.0005572181,"edges":[],"subs":1},{"label":"G-2.3.9","length":0.0027852166,"edges":["G-2.3.9.1"],"subs":5},{"label":"G-2.3.9.1","length":0.0005560843,"edges":[],"subs":1},{"label":"G-2.3.10","length":0.0011138317999999999,"edges":[],"subs":2},{"label":"G-2.3.11","length":0.0016710713,"edges":[],"subs":3},{"label":"G-2.3.12","length":0.0011139891,"edges":[],"subs":2},{"label":"G-2.3.13","length":0.0005580124999999999,"edges":["G-2.3.13.1","G-2.3.13.2","G-2.3.13.3"],"subs":1},{"label":"G-2.3.13.1","length":0.0005558677,"edges":[],"subs":1},{"label":"G-2.3.13.2","length":0.0005559825,"edges":[],"subs":1},{"label":"G-2.3.13.3","length":0.0005561477,"edges":[],"subs":1},{"label":"G-2.3.14","length":0.0005581519999999999,"edges":[],"subs":1},{"label":"G-2.3.15","length":0.0011142546999999999,"edges":[],"subs":2},{"label":"G-2.4","length":0.0005561817,"edges":["G-2.4.1","G-2.4.2"],"subs":1},{"label":"G-2.4.1","length":0.0005560434,"edges":[],"subs":1},{"label":"G-2.4.2","length":0.0005561953,"edges":[],"subs":1},{"label":"G-3","length":0.0016733076,"edges":["G-3.1"],"subs":3},{"label":"G-3.1","length":0.0005554915,"edges":[],"subs":1}],"dist":{"period":7.606011042024217,"phase":6.606011042024217,"interval":0.00006647966966731898}}