{"nodes":[{"SEQID":"EPI_ISL_11717588","GNODEID":"G-2.13.4.6","TAGID":"BA-1-15-0005","cat_id":"staff","type":"CD","date":44586,"category":"staff","association":"KS","highlight":{},"emphasize":"Y","dint":1643068800000,"age":"","index":0,"edges":[],"neighbors":[],"degree":0,"dstr":"2022-01-25"},{"SEQID":"EPI_ISL_11708196","GNODEID":"G-2.13.4.3.3","TAGID":"BA-1-15-0019","cat_id":"client","type":"CD","date":44593,"category":"client","association":"KS","highlight":{},"emphasize":"N","dint":1643673600000,"age":"","index":1,"edges":[],"neighbors":[],"degree":0,"dstr":"2022-02-01"},{"SEQID":"EPI_ISL_11827885","GNODEID":"G-2.25","TAGID":"BA-1-15-0021","cat_id":"staff","type":"CD","date":44593,"category":"staff","association":"なし","highlight":{},"emphasize":"Y","dint":1643673600000,"age":"","index":2,"edges":[],"neighbors":[],"degree":0,"dstr":"2022-02-01"},{"SEQID":"EPI_ISL_12985998","GNODEID":"G-2.13","TAGID":"BA-1-15-0022","cat_id":"staff","type":"CD","date":44569,"category":"staff","association":"KN","highlight":{},"emphasize":"Y","dint":1641600000000,"age":"","index":3,"edges":[],"neighbors":[],"degree":0,"dstr":"2022-01-08"},{"SEQID":"EPI_ISL_12984598","GNODEID":"G-2.13.5","TAGID":"BA-1-15-0023","cat_id":"client","type":"CD","date":44582,"category":"client","association":"KS","highlight":{},"emphasize":"Y","dint":1642723200000,"age":"","index":4,"edges":[],"neighbors":[],"degree":0,"dstr":"2022-01-21"},{"SEQID":"EPI_ISL_13209064","GNODEID":"G-2","TAGID":"BA-1-15-0029","cat_id":"staff","type":"CD","date":44586,"category":"staff","association":"TO","highlight":{},"emphasize":"Y","dint":1643068800000,"age":"","index":5,"edges":[],"neighbors":[],"degree":0,"dstr":"2022-01-25"},{"SEQID":"EPI_ISL_11705333","GNODEID":"G-2.9","TAGID":"BA-1-15-0033","cat_id":"staff","type":"CD","date":44580,"category":"staff","association":"KS","highlight":{},"emphasize":"N","dint":1642550400000,"age":"","index":6,"edges":[],"neighbors":[],"degree":0,"dstr":"2022-01-19"},{"SEQID":"EPI_ISL_11705674","GNODEID":"G-2.8","TAGID":"BA-1-15-0034","cat_id":"client","type":"CD","date":44580,"category":"client","association":"KS","highlight":{},"emphasize":"N","dint":1642550400000,"age":"","index":7,"edges":[],"neighbors":[],"degree":0,"dstr":"2022-01-19"},{"SEQID":"EPI_ISL_11706654","GNODEID":"G-2.13.4.3","TAGID":"BA-1-15-0035","cat_id":"client","type":"CD","date":44580,"category":"client","association":"KS","highlight":{},"emphasize":"N","dint":1642550400000,"age":"","index":8,"edges":[],"neighbors":[],"degree":0,"dstr":"2022-01-19"},{"SEQID":"EPI_ISL_11718021","GNODEID":"G-2.4","TAGID":"BA-1-15-0038","cat_id":"staff","type":"CD","date":44593,"category":"staff","association":"KS","highlight":{},"emphasize":"N","dint":1643673600000,"age":"","index":9,"edges":[],"neighbors":[],"degree":0,"dstr":"2022-02-01"},{"SEQID":"EPI_ISL_11719735","GNODEID":"G-2.17","TAGID":"BA-1-15-0039","cat_id":"client","type":"CD","date":44589,"category":"client","association":"TH","highlight":{},"emphasize":"N","dint":1643328000000,"age":"","index":10,"edges":[],"neighbors":[],"degree":0,"dstr":"2022-01-28"},{"SEQID":"EPI_ISL_13209059","GNODEID":"G-2.24","TAGID":"BA-1-15-0041","cat_id":"client","type":"CD","date":44584,"category":"client","association":"TO","highlight":{},"emphasize":"Y","dint":1642896000000,"age":"","index":11,"edges":[],"neighbors":[],"degree":0,"dstr":"2022-01-23"},{"SEQID":"EPI_ISL_12984681","GNODEID":"G-2.16","TAGID":"BA-1-15-0043","cat_id":"staff","type":"CD","date":44585,"category":"staff","association":"KS","highlight":{},"emphasize":"N","dint":1642982400000,"age":"","index":12,"edges":[],"neighbors":[],"degree":0,"dstr":"2022-01-24"},{"SEQID":"EPI_ISL_11709128","GNODEID":"G-2.13.4.3.2","TAGID":"BA-1-15-0045","cat_id":"staff","type":"CD","date":44593,"category":"staff","association":"KS","highlight":{},"emphasize":"Y","dint":1643673600000,"age":"","index":13,"edges":[],"neighbors":[],"degree":0,"dstr":"2022-02-01"},{"SEQID":"EPI_ISL_11717461","GNODEID":"G-2.15","TAGID":"BA-1-15-0047","cat_id":"staff","type":"CD","date":44575,"category":"staff","association":"KS","highlight":{},"emphasize":"Y","dint":1642118400000,"age":"","index":14,"edges":[],"neighbors":[],"degree":0,"dstr":"2022-01-14"},{"SEQID":"EPI_ISL_11725134","GNODEID":"G-2.13.4.6.1","TAGID":"BA-1-15-0048","cat_id":"client","type":"CD","date":44592,"category":"client","association":"KN","highlight":{},"emphasize":"N","dint":1643587200000,"age":"","index":15,"edges":[],"neighbors":[],"degree":0,"dstr":"2022-01-31"},{"SEQID":"EPI_ISL_11707035","GNODEID":"G-2.2","TAGID":"BA-1-15-0050","cat_id":"client","type":"CD","date":44588,"category":"client","association":"KS","highlight":{},"emphasize":"Y","dint":1643241600000,"age":"","index":16,"edges":[],"neighbors":[],"degree":0,"dstr":"2022-01-27"},{"SEQID":"EPI_ISL_11707979","GNODEID":"G-2.13.4.5","TAGID":"BA-1-15-0051","cat_id":"staff","type":"CD","date":44590,"category":"staff","association":"KS","highlight":{},"emphasize":"Y","dint":1643414400000,"age":"","index":17,"edges":[],"neighbors":[],"degree":0,"dstr":"2022-01-29"},{"SEQID":"EPI_ISL_11705699","GNODEID":"G-2.13.4.8","TAGID":"BA-1-15-0054","cat_id":"staff","type":"CD","date":44580,"category":"staff","association":"KS","highlight":{},"emphasize":"N","dint":1642550400000,"age":"","index":18,"edges":[],"neighbors":[],"degree":0,"dstr":"2022-01-19"},{"SEQID":"EPI_ISL_11707017","GNODEID":"G-2.21","TAGID":"BA-1-15-0056","cat_id":"staff","type":"CD","date":44587,"category":"staff","association":"KS","highlight":{},"emphasize":"Y","dint":1643155200000,"age":"","index":19,"edges":[],"neighbors":[],"degree":0,"dstr":"2022-01-26"},{"SEQID":"EPI_ISL_11707317","GNODEID":"G-2.13.4.10","TAGID":"BA-1-15-0057","cat_id":"staff","type":"CD","date":44590,"category":"staff","association":"KS","highlight":{},"emphasize":"Y","dint":1643414400000,"age":"","index":20,"edges":[],"neighbors":[],"degree":0,"dstr":"2022-01-29"},{"SEQID":"EPI_ISL_12984700","GNODEID":"G-2.13.4.2","TAGID":"BA-1-15-0059","cat_id":"client","type":"CD","date":44585,"category":"client","association":"KS","highlight":{},"emphasize":"Y","dint":1642982400000,"age":"","index":21,"edges":[],"neighbors":[],"degree":0,"dstr":"2022-01-24"},{"SEQID":"EPI_ISL_11708203","GNODEID":"G-2.13.4.7","TAGID":"BA-1-15-0063","cat_id":"staff","type":"CD","date":44593,"category":"staff","association":"KS","highlight":{},"emphasize":"Y","dint":1643673600000,"age":"","index":22,"edges":[],"neighbors":[],"degree":0,"dstr":"2022-02-01"},{"SEQID":"EPI_ISL_12985804","GNODEID":"G-2.13.2.2","TAGID":"BA-1-15-0065","cat_id":"staff","type":"CD","date":44566,"category":"staff","association":"KN","highlight":{},"emphasize":"N","dint":1641340800000,"age":"","index":23,"edges":[],"neighbors":[],"degree":0,"dstr":"2022-01-05"},{"SEQID":"EPI_ISL_11708105","GNODEID":"G-2.13.4.4","TAGID":"BA-1-15-0066","cat_id":"staff","type":"CD","date":44592,"category":"staff","association":"KS","highlight":{},"emphasize":"Y","dint":1643587200000,"age":"","index":24,"edges":[],"neighbors":[],"degree":0,"dstr":"2022-01-31"},{"SEQID":"EPI_ISL_11712707","GNODEID":"G-2.10","TAGID":"BA-1-15-0068","cat_id":"staff","type":"CD","date":44580,"category":"staff","association":"なし","highlight":{},"emphasize":"Y","dint":1642550400000,"age":"","index":25,"edges":[],"neighbors":[],"degree":0,"dstr":"2022-01-19"},{"SEQID":"EPI_ISL_11705409","GNODEID":"G-2.13.4.9","TAGID":"BA-1-15-0070","cat_id":"client","type":"CD","date":44580,"category":"client","association":"KS","highlight":{},"emphasize":"Y","dint":1642550400000,"age":"","index":26,"edges":[],"neighbors":[],"degree":0,"dstr":"2022-01-19"},{"SEQID":"EPI_ISL_11711010","GNODEID":"G-2.13.1","TAGID":"BA-1-15-0075","cat_id":"client","type":"CD","date":44391,"category":"client","association":"OK","highlight":{},"emphasize":"N","dint":1626220800000,"age":"","index":27,"edges":[],"neighbors":[],"degree":0,"dstr":"2021-07-14"},{"SEQID":"EPI_ISL_11705513","GNODEID":"G-2.13.4","TAGID":"BA-1-15-0078","cat_id":"staff","type":"CD","date":44579,"category":"staff","association":"KS","highlight":{},"emphasize":"Y","dint":1642464000000,"age":"","index":28,"edges":[],"neighbors":[],"degree":0,"dstr":"2022-01-18"},{"SEQID":"EPI_ISL_11706714","GNODEID":"G-0","TAGID":"BA-1-15-0081","cat_id":"client","type":"CD","date":44581,"category":"client","association":"KS","highlight":{},"emphasize":"N","dint":1642636800000,"age":"","index":29,"edges":[],"neighbors":[],"degree":0,"dstr":"2022-01-20"},{"SEQID":"EPI_ISL_11711014","GNODEID":"G-2.13.4.3.1","TAGID":"BA-1-15-0082","cat_id":"staff","type":"CD","date":44391,"category":"staff","association":"OK","highlight":{},"emphasize":"Y","dint":1626220800000,"age":"","index":30,"edges":[],"neighbors":[],"degree":0,"dstr":"2021-07-14"},{"SEQID":"EPI_ISL_11706715","GNODEID":"G-2.7","TAGID":"BA-1-15-0084","cat_id":"client","type":"CD","date":44581,"category":"client","association":"KS","highlight":{},"emphasize":"Y","dint":1642636800000,"age":"","index":31,"edges":[],"neighbors":[],"degree":0,"dstr":"2022-01-20"},{"SEQID":"EPI_ISL_11717520","GNODEID":"G-2.16.1","TAGID":"BA-1-15-0087","cat_id":"client","type":"CD","date":44586,"category":"client","association":"KS","highlight":{},"emphasize":"N","dint":1643068800000,"age":"","index":32,"edges":[],"neighbors":[],"degree":0,"dstr":"2022-01-25"},{"SEQID":"EPI_ISL_12989423","GNODEID":"G-2.20","TAGID":"BA-1-15-0089","cat_id":"client","type":"CD","date":44581,"category":"client","association":"KY","highlight":{},"emphasize":"N","dint":1642636800000,"age":"","index":33,"edges":[],"neighbors":[],"degree":0,"dstr":"2022-01-20"},{"SEQID":"EPI_ISL_11705323","GNODEID":"G-2","TAGID":"BA-1-15-0090","cat_id":"client","type":"CD","date":44580,"category":"client","association":"KS","highlight":{},"emphasize":"N","dint":1642550400000,"age":"","index":34,"edges":[],"neighbors":[],"degree":0,"dstr":"2022-01-19"},{"SEQID":"EPI_ISL_11717723","GNODEID":"G-2.16.2","TAGID":"BA-1-15-0091","cat_id":"staff","type":"CD","date":44582,"category":"staff","association":"KS","highlight":{},"emphasize":"Y","dint":1642723200000,"age":"","index":35,"edges":[],"neighbors":[],"degree":0,"dstr":"2022-01-21"},{"SEQID":"EPI_ISL_11709127","GNODEID":"G-2.13.2.1","TAGID":"BA-1-15-0095","cat_id":"client","type":"CD","date":44593,"category":"client","association":"KS","highlight":{},"emphasize":"N","dint":1643673600000,"age":"","index":36,"edges":[],"neighbors":[],"degree":0,"dstr":"2022-02-01"},{"SEQID":"EPI_ISL_11707130","GNODEID":"G-2.14","TAGID":"BA-1-15-0099","cat_id":"staff","type":"CD","date":44588,"category":"staff","association":"KS","highlight":{},"emphasize":"Y","dint":1643241600000,"age":"","index":37,"edges":[],"neighbors":[],"degree":0,"dstr":"2022-01-27"},{"SEQID":"EPI_ISL_11719730","GNODEID":"G-2.17.1","TAGID":"BA-1-15-0100","cat_id":"client","type":"CD","date":44587,"category":"client","association":"TH","highlight":{},"emphasize":"N","dint":1643155200000,"age":"","index":38,"edges":[],"neighbors":[],"degree":0,"dstr":"2022-01-26"},{"SEQID":"EPI_ISL_11719733","GNODEID":"G-2.6","TAGID":"BA-1-15-0103","cat_id":"client","type":"CD","date":44589,"category":"client","association":"TH","highlight":{},"emphasize":"N","dint":1643328000000,"age":"","index":39,"edges":[],"neighbors":[],"degree":0,"dstr":"2022-01-28"},{"SEQID":"EPI_ISL_11707938","GNODEID":"G-2.12","TAGID":"BA-1-15-0107","cat_id":"staff","type":"CD","date":44590,"category":"staff","association":"KS","highlight":{},"emphasize":"Y","dint":1643414400000,"age":"","index":40,"edges":[],"neighbors":[],"degree":0,"dstr":"2022-01-29"},{"SEQID":"EPI_ISL_11705643","GNODEID":"G-2.13","TAGID":"BA-1-15-0114","cat_id":"client","type":"CD","date":44580,"category":"client","association":"KS","highlight":{},"emphasize":"N","dint":1642550400000,"age":"","index":41,"edges":[],"neighbors":[],"degree":0,"dstr":"2022-01-19"},{"SEQID":"EPI_ISL_11722744","GNODEID":"G-2.24","TAGID":"BA-1-15-0115","cat_id":"staff","type":"CD","date":44590,"category":"staff","association":"TO","highlight":{},"emphasize":"Y","dint":1643414400000,"age":"","index":42,"edges":[],"neighbors":[],"degree":0,"dstr":"2022-01-29"},{"SEQID":"EPI_ISL_11708045","GNODEID":"G-3","TAGID":"BA-1-15-0118","cat_id":"client","type":"CD","date":44592,"category":"client","association":"KS","highlight":{},"emphasize":"Y","dint":1643587200000,"age":"","index":43,"edges":[],"neighbors":[],"degree":0,"dstr":"2022-01-31"},{"SEQID":"EPI_ISL_12991649","GNODEID":"G-2.1","TAGID":"BA-1-15-0123","cat_id":"client","type":"CD","date":44577,"category":"client","association":"HO","highlight":{},"emphasize":"N","dint":1642291200000,"age":"","index":44,"edges":[],"neighbors":[],"degree":0,"dstr":"2022-01-16"},{"SEQID":"EPI_ISL_11708054","GNODEID":"G-2.3","TAGID":"BA-1-15-0127","cat_id":"staff","type":"CD","date":44592,"category":"staff","association":"KS","highlight":{},"emphasize":"N","dint":1643587200000,"age":"","index":45,"edges":[],"neighbors":[],"degree":0,"dstr":"2022-01-31"},{"SEQID":"EPI_ISL_11706563","GNODEID":"G-2.23","TAGID":"BA-1-15-0132","cat_id":"client","type":"CD","date":44580,"category":"client","association":"KS","highlight":{},"emphasize":"N","dint":1642550400000,"age":"","index":46,"edges":[],"neighbors":[],"degree":0,"dstr":"2022-01-19"},{"SEQID":"EPI_ISL_11706164","GNODEID":"G-2.19","TAGID":"BA-1-15-0133","cat_id":"client","type":"CD","date":44592,"category":"client","association":"HO","highlight":{},"emphasize":"N","dint":1643587200000,"age":"","index":47,"edges":[],"neighbors":[],"degree":0,"dstr":"2022-01-31"},{"SEQID":"EPI_ISL_11705866","GNODEID":"G-2.18","TAGID":"BA-1-15-0136","cat_id":"staff","type":"CD","date":44580,"category":"staff","association":"KS","highlight":{},"emphasize":"N","dint":1642550400000,"age":"","index":48,"edges":[],"neighbors":[],"degree":0,"dstr":"2022-01-19"},{"SEQID":"EPI_ISL_11706667","GNODEID":"G-2.13.4.3.4","TAGID":"BA-1-15-0137","cat_id":"staff","type":"CD","date":44580,"category":"staff","association":"KS","highlight":{},"emphasize":"N","dint":1642550400000,"age":"","index":49,"edges":[],"neighbors":[],"degree":0,"dstr":"2022-01-19"},{"SEQID":"EPI_ISL_11706972","GNODEID":"G-2.11","TAGID":"BA-1-15-0139","cat_id":"staff","type":"CD","date":44586,"category":"staff","association":"KS","highlight":{},"emphasize":"Y","dint":1643068800000,"age":"","index":50,"edges":[],"neighbors":[],"degree":0,"dstr":"2022-01-25"},{"SEQID":"EPI_ISL_11717672","GNODEID":"G-2.13.4.1","TAGID":"BA-1-15-0140","cat_id":"staff","type":"CD","date":44587,"category":"staff","association":"KS","highlight":{},"emphasize":"Y","dint":1643155200000,"age":"","index":51,"edges":[],"neighbors":[],"degree":0,"dstr":"2022-01-26"},{"SEQID":"EPI_ISL_11708077","GNODEID":"G-2.22","TAGID":"BA-1-15-0145","cat_id":"client","type":"CD","date":44592,"category":"client","association":"KS","highlight":{},"emphasize":"Y","dint":1643587200000,"age":"","index":52,"edges":[],"neighbors":[],"degree":0,"dstr":"2022-01-31"},{"SEQID":"EPI_ISL_12386712","GNODEID":"G-2.13.3","TAGID":"BA-1-15-0156","cat_id":"staff","type":"CD","date":44546,"category":"staff","highlight":{},"emphasize":"N","dint":1639612800000,"age":"","index":53,"edges":[],"neighbors":[],"degree":0,"association":0,"dstr":"2021-12-16"},{"SEQID":"EPI_ISL_11705384","GNODEID":"G-2.5","TAGID":"BA-1-15-0158","cat_id":"staff","type":"CD","date":44580,"category":"staff","association":"KS","highlight":{},"emphasize":"Y","dint":1642550400000,"age":"","index":54,"edges":[],"neighbors":[],"degree":0,"dstr":"2022-01-19"}],"edges":[{"LINKID":"L-1","TAG_from":"EPI_ISL_11717588","TAG_to":"EPI_ISL_11708196","label":"家族","src":-1,"dst":-1}],"epi":[{"SEQID":"EPI_ISL_11706714","GNODEID":"G-0"},{"SEQID":"REF","GNODEID":"G-1"},{"SEQID":"EPI_ISL_11705323","GNODEID":"G-2"},{"SEQID":"EPI_ISL_13209064","GNODEID":"G-2"},{"SEQID":"EPI_ISL_12991649","GNODEID":"G-2.1"},{"SEQID":"EPI_ISL_11707035","GNODEID":"G-2.2"},{"SEQID":"EPI_ISL_11708054","GNODEID":"G-2.3"},{"SEQID":"EPI_ISL_11718021","GNODEID":"G-2.4"},{"SEQID":"EPI_ISL_11705384","GNODEID":"G-2.5"},{"SEQID":"EPI_ISL_11719733","GNODEID":"G-2.6"},{"SEQID":"EPI_ISL_11706715","GNODEID":"G-2.7"},{"SEQID":"EPI_ISL_11705674","GNODEID":"G-2.8"},{"SEQID":"EPI_ISL_11705333","GNODEID":"G-2.9"},{"SEQID":"EPI_ISL_11712707","GNODEID":"G-2.10"},{"SEQID":"EPI_ISL_11706972","GNODEID":"G-2.11"},{"SEQID":"EPI_ISL_11707938","GNODEID":"G-2.12"},{"SEQID":"EPI_ISL_11705643","GNODEID":"G-2.13"},{"SEQID":"EPI_ISL_12985998","GNODEID":"G-2.13"},{"SEQID":"EPI_ISL_11711010","GNODEID":"G-2.13.1"},{"SEQID":"EPI_ISL_11709127","GNODEID":"G-2.13.2.1"},{"SEQID":"EPI_ISL_12985804","GNODEID":"G-2.13.2.2"},{"SEQID":"EPI_ISL_12386712","GNODEID":"G-2.13.3"},{"SEQID":"EPI_ISL_11705513","GNODEID":"G-2.13.4"},{"SEQID":"EPI_ISL_11717672","GNODEID":"G-2.13.4.1"},{"SEQID":"EPI_ISL_12984700","GNODEID":"G-2.13.4.2"},{"SEQID":"EPI_ISL_11706654","GNODEID":"G-2.13.4.3"},{"SEQID":"EPI_ISL_11711014","GNODEID":"G-2.13.4.3.1"},{"SEQID":"EPI_ISL_11709128","GNODEID":"G-2.13.4.3.2"},{"SEQID":"EPI_ISL_11708196","GNODEID":"G-2.13.4.3.3"},{"SEQID":"EPI_ISL_11706667","GNODEID":"G-2.13.4.3.4"},{"SEQID":"EPI_ISL_11708105","GNODEID":"G-2.13.4.4"},{"SEQID":"EPI_ISL_11707979","GNODEID":"G-2.13.4.5"},{"SEQID":"EPI_ISL_11717588","GNODEID":"G-2.13.4.6"},{"SEQID":"EPI_ISL_11725134","GNODEID":"G-2.13.4.6.1"},{"SEQID":"EPI_ISL_11708203","GNODEID":"G-2.13.4.7"},{"SEQID":"EPI_ISL_11705699","GNODEID":"G-2.13.4.8"},{"SEQID":"EPI_ISL_11705409","GNODEID":"G-2.13.4.9"},{"SEQID":"EPI_ISL_11707317","GNODEID":"G-2.13.4.10"},{"SEQID":"EPI_ISL_12984598","GNODEID":"G-2.13.5"},{"SEQID":"EPI_ISL_11707130","GNODEID":"G-2.14"},{"SEQID":"EPI_ISL_11717461","GNODEID":"G-2.15"},{"SEQID":"EPI_ISL_12984681","GNODEID":"G-2.16"},{"SEQID":"EPI_ISL_11717520","GNODEID":"G-2.16.1"},{"SEQID":"EPI_ISL_11717723","GNODEID":"G-2.16.2"},{"SEQID":"EPI_ISL_11719735","GNODEID":"G-2.17"},{"SEQID":"EPI_ISL_11719730","GNODEID":"G-2.17.1"},{"SEQID":"EPI_ISL_11705866","GNODEID":"G-2.18"},{"SEQID":"EPI_ISL_11706164","GNODEID":"G-2.19"},{"SEQID":"EPI_ISL_12989423","GNODEID":"G-2.20"},{"SEQID":"EPI_ISL_11707017","GNODEID":"G-2.21"},{"SEQID":"EPI_ISL_11708077","GNODEID":"G-2.22"},{"SEQID":"EPI_ISL_11706563","GNODEID":"G-2.23"},{"SEQID":"EPI_ISL_11722744","GNODEID":"G-2.24"},{"SEQID":"EPI_ISL_13209059","GNODEID":"G-2.24"},{"SEQID":"EPI_ISL_11827885","GNODEID":"G-2.25"},{"SEQID":"EPI_ISL_11708045","GNODEID":"G-3"}],"tree":[{"label":"G-0","length":0,"edges":["G-1","G-2","G-3"],"subs":0},{"label":"G-1","length":0.0255842001,"edges":[],"subs":59},{"label":"G-2","length":0.0004482194,"edges":["G-2.1","G-2.2","G-2.3","G-2.4","G-2.5","G-2.6","G-2.7","G-2.8","G-2.9","G-2.10","G-2.11","G-2.12","G-2.13","G-2.14","G-2.15","G-2.16","G-2.17","G-2.18","G-2.19","G-2.20","G-2.21","G-2.22","G-2.23","G-2.24","G-2.25"],"subs":1},{"label":"G-2.1","length":0.0004482192,"edges":[],"subs":1},{"label":"G-2.2","length":0.00044834899999999996,"edges":[],"subs":1},{"label":"G-2.3","length":0.00044858299999999996,"edges":[],"subs":1},{"label":"G-2.4","length":0.00044867579999999994,"edges":[],"subs":1},{"label":"G-2.5","length":0.0004488388999999999,"edges":[],"subs":1},{"label":"G-2.6","length":0.0004490723999999999,"edges":[],"subs":1},{"label":"G-2.7","length":0.0013470171000000007,"edges":[],"subs":3},{"label":"G-2.8","length":0.00044952789999999984,"edges":[],"subs":1},{"label":"G-2.9","length":0.00044981469999999985,"edges":[],"subs":1},{"label":"G-2.10","length":0.0004500471999999998,"edges":[],"subs":1},{"label":"G-2.11","length":0.0004502367999999998,"edges":[],"subs":1},{"label":"G-2.12","length":0.0004503001999999998,"edges":[],"subs":1},{"label":"G-2.13","length":0.00045062439999999976,"edges":["G-2.13.1","G-2.13.2","G-2.13.3","G-2.13.4","G-2.13.5"],"subs":1},{"label":"G-2.13.1","length":0.0004485042,"edges":[],"subs":1},{"label":"G-2.13.2","length":0.00044884769999999996,"edges":["G-2.13.2.1","G-2.13.2.2"],"subs":1},{"label":"G-2.13.2.1","length":0.0004482527,"edges":[],"subs":1},{"label":"G-2.13.2.2","length":0.0004485261,"edges":[],"subs":1},{"label":"G-2.13.3","length":0.0022480288999999994,"edges":[],"subs":5},{"label":"G-2.13.4","length":0.00044931609999999993,"edges":["G-2.13.4.1","G-2.13.4.2","G-2.13.4.3","G-2.13.4.4","G-2.13.4.5","G-2.13.4.6","G-2.13.4.7","G-2.13.4.8","G-2.13.4.9","G-2.13.4.10"],"subs":1},{"label":"G-2.13.4.1","length":0.0004484113,"edges":[],"subs":1},{"label":"G-2.13.4.2","length":0.0004487208,"edges":[],"subs":1},{"label":"G-2.13.4.3","length":0.0017983157000000002,"edges":["G-2.13.4.3.1","G-2.13.4.3.2","G-2.13.4.3.3","G-2.13.4.3.4"],"subs":4},{"label":"G-2.13.4.3.1","length":0.0008970516,"edges":[],"subs":2},{"label":"G-2.13.4.3.2","length":0.00044857889999999997,"edges":[],"subs":1},{"label":"G-2.13.4.3.3","length":0.00044870539999999995,"edges":[],"subs":1},{"label":"G-2.13.4.3.4","length":0.00044897039999999995,"edges":[],"subs":1},{"label":"G-2.13.4.4","length":0.00044905069999999996,"edges":[],"subs":1},{"label":"G-2.13.4.5","length":0.0008984996999999999,"edges":[],"subs":2},{"label":"G-2.13.4.6","length":0.0004492845999999999,"edges":["G-2.13.4.6.1"],"subs":1},{"label":"G-2.13.4.6.1","length":0.0004485086,"edges":[],"subs":1},{"label":"G-2.13.4.7","length":0.0013482005000000005,"edges":[],"subs":3},{"label":"G-2.13.4.8","length":0.0013479908000000006,"edges":[],"subs":3},{"label":"G-2.13.4.9","length":0.0004497840999999999,"edges":[],"subs":1},{"label":"G-2.13.4.10","length":0.0013482285000000007,"edges":[],"subs":3},{"label":"G-2.13.5","length":0.0008977257,"edges":[],"subs":2},{"label":"G-2.14","length":0.00045053489999999976,"edges":[],"subs":1},{"label":"G-2.15","length":0.0008964106,"edges":[],"subs":2},{"label":"G-2.16","length":0.0004481677,"edges":["G-2.16.1","G-2.16.2"],"subs":1},{"label":"G-2.16.1","length":0.0004479412,"edges":[],"subs":1},{"label":"G-2.16.2","length":0.0004479385,"edges":[],"subs":1},{"label":"G-2.17","length":0.00044845559999999994,"edges":["G-2.17.1"],"subs":1},{"label":"G-2.17.1","length":0.0004479772,"edges":[],"subs":1},{"label":"G-2.18","length":0.0004484712999999999,"edges":[],"subs":1},{"label":"G-2.19","length":0.0004486272999999999,"edges":[],"subs":1},{"label":"G-2.20","length":0.0004488171999999999,"edges":[],"subs":1},{"label":"G-2.21","length":0.0004490097999999999,"edges":[],"subs":1},{"label":"G-2.22","length":0.0008977502999999999,"edges":[],"subs":2},{"label":"G-2.23","length":0.0008980779999999999,"edges":[],"subs":2},{"label":"G-2.24","length":0.0004494711999999998,"edges":[],"subs":1},{"label":"G-2.25","length":0.00044947619999999983,"edges":[],"subs":1},{"label":"G-3","length":0.00044821469999999997,"edges":[],"subs":1}],"dist":{"period":7.421567417328198,"phase":6.421567417328198,"interval":0.00005797989686888454}}