{"nodes":[{"SEQID":"EPI_ISL_11827891","GNODEID":"G-2.4.1","TAGID":"BA-1-0002","cat_id":"client","type":"CD","date":44531,"category":"client","highlight":{},"emphasize":"N","dint":1638316800000,"age":"","index":0,"edges":[],"neighbors":[],"degree":0,"association":0,"dstr":"2021-12-01","sex":""},{"SEQID":"EPI_ISL_11827917","GNODEID":"G-2.11","TAGID":"BA-1-0003","cat_id":"staff","type":"CD","date":44531,"category":"staff","highlight":{},"emphasize":"N","dint":1638316800000,"age":"","index":1,"edges":[],"neighbors":[],"degree":0,"association":0,"dstr":"2021-12-01","sex":""},{"SEQID":"EPI_ISL_12386711","GNODEID":"G-2","TAGID":"BA-1-0011","cat_id":"client","type":"CD","date":44543,"category":"client","highlight":{},"emphasize":"Y","dint":1639353600000,"age":"","index":2,"edges":[],"neighbors":[],"degree":0,"association":0,"dstr":"2021-12-13","sex":""},{"SEQID":"EPI_ISL_9070289","GNODEID":"G-3","TAGID":"BA-1-0016","cat_id":"client","type":"CD","date":44531,"category":"client","highlight":{},"emphasize":"N","dint":1638316800000,"age":"","index":3,"edges":[],"neighbors":[],"degree":0,"association":0,"dstr":"2021-12-01","sex":""},{"SEQID":"EPI_ISL_9070286","GNODEID":"G-2.4.5","TAGID":"BA-1-0019","cat_id":"staff","type":"CD","date":44531,"category":"staff","highlight":{},"emphasize":"Y","dint":1638316800000,"age":"","index":4,"edges":[],"neighbors":[],"degree":0,"association":0,"dstr":"2021-12-01","sex":""},{"SEQID":"EPI_ISL_9070291","GNODEID":"G-2.4","TAGID":"BA-1-0020","cat_id":"staff","type":"CD","date":44531,"category":"staff","highlight":{},"emphasize":"N","dint":1638316800000,"age":"","index":5,"edges":[],"neighbors":[],"degree":0,"association":0,"dstr":"2021-12-01","sex":""},{"SEQID":"EPI_ISL_9070293","GNODEID":"G-2.5.3","TAGID":"BA-1-0022","cat_id":"client","type":"CD","date":44531,"category":"client","highlight":{},"emphasize":"Y","dint":1638316800000,"age":"","index":6,"edges":[],"neighbors":[],"degree":0,"association":0,"dstr":"2021-12-01","sex":""},{"SEQID":"EPI_ISL_9070294","GNODEID":"G-2.8","TAGID":"BA-1-0023","cat_id":"staff","type":"CD","date":44531,"category":"staff","highlight":{},"emphasize":"N","dint":1638316800000,"age":"","index":7,"edges":[],"neighbors":[],"degree":0,"association":0,"dstr":"2021-12-01","sex":""},{"SEQID":"EPI_ISL_9070296","GNODEID":"G-2.7","TAGID":"BA-1-0027","cat_id":"staff","type":"CD","date":44531,"category":"staff","highlight":{},"emphasize":"Y","dint":1638316800000,"age":"","index":8,"edges":[],"neighbors":[],"degree":0,"association":0,"dstr":"2021-12-01","sex":""},{"SEQID":"EPI_ISL_9070297","GNODEID":"G-2.2","TAGID":"BA-1-0028","cat_id":"staff","type":"CD","date":44531,"category":"staff","highlight":{},"emphasize":"N","dint":1638316800000,"age":"","index":9,"edges":[],"neighbors":[],"degree":0,"association":0,"dstr":"2021-12-01","sex":""},{"SEQID":"EPI_ISL_8753747","GNODEID":"G-2","TAGID":"BA-1-0032","cat_id":"client","type":"CD","date":44541,"category":"client","association":"Tokyo","highlight":{},"emphasize":"Y","dint":1639180800000,"age":"","index":10,"edges":[],"neighbors":[],"degree":0,"dstr":"2021-12-11","sex":""},{"SEQID":"EPI_ISL_9213413","GNODEID":"G-2.5.4","TAGID":"BA-1-0052","cat_id":"client","type":"CD","date":44545,"category":"client","association":"Okinawa","highlight":{},"emphasize":"Y","dint":1639526400000,"age":"","index":11,"edges":[],"neighbors":[],"degree":0,"dstr":"2021-12-15","sex":""},{"SEQID":"EPI_ISL_9225519","GNODEID":"G-2.4.5.2","TAGID":"BA-1-0055","cat_id":"staff","type":"CD","date":44547,"category":"staff","association":"Osaka","highlight":{},"emphasize":"N","dint":1639699200000,"age":"","index":12,"edges":[],"neighbors":[],"degree":0,"dstr":"2021-12-17","sex":""},{"SEQID":"EPI_ISL_10497428","GNODEID":"G-2.5.7","TAGID":"BA-1-0056","cat_id":"staff","type":"CD","date":44531,"category":"staff","highlight":{},"emphasize":"Y","dint":1638316800000,"age":"","index":13,"edges":[],"neighbors":[],"degree":0,"association":0,"dstr":"2021-12-01","sex":""},{"SEQID":"EPI_ISL_10497424","GNODEID":"G-2.12","TAGID":"BA-1-0057","cat_id":"client","type":"CD","date":44531,"category":"client","highlight":{},"emphasize":"N","dint":1638316800000,"age":"","index":14,"edges":[],"neighbors":[],"degree":0,"association":0,"dstr":"2021-12-01","sex":""},{"SEQID":"EPI_ISL_10497429","GNODEID":"G-2.17","TAGID":"BA-1-0058","cat_id":"staff","type":"CD","date":44531,"category":"staff","highlight":{},"emphasize":"N","dint":1638316800000,"age":"","index":15,"edges":[],"neighbors":[],"degree":0,"association":0,"dstr":"2021-12-01","sex":""},{"SEQID":"EPI_ISL_7834391","GNODEID":"G-2.8","TAGID":"BA-1-0062","cat_id":"client","type":"CD","date":44544,"category":"client","association":"Tokyo","highlight":{},"emphasize":"N","dint":1639440000000,"age":"","index":16,"edges":[],"neighbors":[],"degree":0,"dstr":"2021-12-14","sex":""},{"SEQID":"EPI_ISL_6913953","GNODEID":"G-2.10","TAGID":"BA-1-0063","cat_id":"client","type":"CD","date":44528,"category":"client","highlight":{},"emphasize":"Y","dint":1638057600000,"age":"","index":17,"edges":[],"neighbors":[],"degree":0,"association":0,"dstr":"2021-11-28","sex":""},{"SEQID":"EPI_ISL_7860223","GNODEID":"G-2.6","TAGID":"BA-1-0066","cat_id":"staff","type":"CD","date":44541,"category":"staff","highlight":{},"emphasize":"Y","dint":1639180800000,"age":"","index":18,"edges":[],"neighbors":[],"degree":0,"association":0,"dstr":"2021-12-11","sex":""},{"SEQID":"EPI_ISL_7834392","GNODEID":"G-2.5.6","TAGID":"BA-1-0072","cat_id":"staff","type":"CD","date":44545,"category":"staff","association":"Tokyo","highlight":{},"emphasize":"Y","dint":1639526400000,"age":"","index":19,"edges":[],"neighbors":[],"degree":0,"dstr":"2021-12-15","sex":""},{"SEQID":"EPI_ISL_7860185","GNODEID":"G-2.4","TAGID":"BA-1-0076","cat_id":"staff","type":"CD","date":44536,"category":"staff","highlight":{},"emphasize":"Y","dint":1638748800000,"age":"","index":20,"edges":[],"neighbors":[],"degree":0,"association":0,"dstr":"2021-12-06","sex":""},{"SEQID":"EPI_ISL_7860189","GNODEID":"G-3","TAGID":"BA-1-0078","cat_id":"client","type":"CD","date":44537,"category":"client","highlight":{},"emphasize":"Y","dint":1638835200000,"age":"","index":21,"edges":[],"neighbors":[],"degree":0,"association":0,"dstr":"2021-12-07","sex":""},{"SEQID":"EPI_ISL_7860193","GNODEID":"G-2.4.5","TAGID":"BA-1-0079","cat_id":"staff","type":"CD","date":44535,"category":"staff","highlight":{},"emphasize":"N","dint":1638662400000,"age":"","index":22,"edges":[],"neighbors":[],"degree":0,"association":0,"dstr":"2021-12-05","sex":""},{"SEQID":"EPI_ISL_7860201","GNODEID":"G-2.5","TAGID":"BA-1-0080","cat_id":"client","type":"CD","date":44539,"category":"client","highlight":{},"emphasize":"Y","dint":1639008000000,"age":"","index":23,"edges":[],"neighbors":[],"degree":0,"association":0,"dstr":"2021-12-09","sex":""},{"SEQID":"EPI_ISL_7860211","GNODEID":"G-2.2","TAGID":"BA-1-0082","cat_id":"staff","type":"CD","date":44541,"category":"staff","highlight":{},"emphasize":"Y","dint":1639180800000,"age":"","index":24,"edges":[],"neighbors":[],"degree":0,"association":0,"dstr":"2021-12-11","sex":""},{"SEQID":"EPI_ISL_7860219","GNODEID":"G-2.1.2","TAGID":"BA-1-0085","cat_id":"staff","type":"CD","date":44540,"category":"staff","highlight":{},"emphasize":"Y","dint":1639094400000,"age":"","index":25,"edges":[],"neighbors":[],"degree":0,"association":0,"dstr":"2021-12-10","sex":""},{"SEQID":"EPI_ISL_9070310","GNODEID":"G-2.4.3","TAGID":"BA-1-0088","cat_id":"staff","type":"CD","date":44531,"category":"staff","highlight":{},"emphasize":"N","dint":1638316800000,"age":"","index":26,"edges":[],"neighbors":[],"degree":0,"association":0,"dstr":"2021-12-01","sex":""},{"SEQID":"EPI_ISL_9070311","GNODEID":"G-2.15","TAGID":"BA-1-0089","cat_id":"staff","type":"CD","date":44531,"category":"staff","highlight":{},"emphasize":"Y","dint":1638316800000,"age":"","index":27,"edges":[],"neighbors":[],"degree":0,"association":0,"dstr":"2021-12-01","sex":""},{"SEQID":"EPI_ISL_9070307","GNODEID":"G-2.17.1","TAGID":"BA-1-0090","cat_id":"staff","type":"CD","date":44531,"category":"staff","highlight":{},"emphasize":"Y","dint":1638316800000,"age":"","index":28,"edges":[],"neighbors":[],"degree":0,"association":0,"dstr":"2021-12-01","sex":""},{"SEQID":"EPI_ISL_9070309","GNODEID":"G-2.5.1","TAGID":"BA-1-0091","cat_id":"staff","type":"CD","date":44531,"category":"staff","highlight":{},"emphasize":"Y","dint":1638316800000,"age":"","index":29,"edges":[],"neighbors":[],"degree":0,"association":0,"dstr":"2021-12-01","sex":""},{"SEQID":"EPI_ISL_9070300","GNODEID":"G-2.4.1.1","TAGID":"BA-1-0092","cat_id":"staff","type":"CD","date":44531,"category":"staff","highlight":{},"emphasize":"Y","dint":1638316800000,"age":"","index":30,"edges":[],"neighbors":[],"degree":0,"association":0,"dstr":"2021-12-01","sex":""},{"SEQID":"EPI_ISL_7747231","GNODEID":"G-2.4.5.1","TAGID":"BA-1-0094","cat_id":"staff","type":"CD","date":44545,"category":"staff","association":"Osaka","highlight":{},"emphasize":"N","dint":1639526400000,"age":"","index":31,"edges":[],"neighbors":[],"degree":0,"dstr":"2021-12-15","sex":""},{"SEQID":"EPI_ISL_10282921","GNODEID":"G-2","TAGID":"BA-1-0095","cat_id":"client","type":"CD","date":44537,"category":"client","association":"Tokyo","highlight":{},"emphasize":"N","dint":1638835200000,"age":"","index":32,"edges":[],"neighbors":[],"degree":0,"dstr":"2021-12-07","sex":""},{"SEQID":"EPI_ISL_10282925","GNODEID":"G-2.5.6","TAGID":"BA-1-0096","cat_id":"client","type":"CD","date":44546,"category":"client","association":"Tokyo","highlight":{},"emphasize":"N","dint":1639612800000,"age":"","index":33,"edges":[],"neighbors":[],"degree":0,"dstr":"2021-12-16","sex":""},{"SEQID":"EPI_ISL_8096977","GNODEID":"G-2.16","TAGID":"BA-1-0101","cat_id":"staff","type":"CD","date":44544,"category":"staff","highlight":{},"emphasize":"Y","dint":1639440000000,"age":"","index":34,"edges":[],"neighbors":[],"degree":0,"association":0,"dstr":"2021-12-14","sex":""},{"SEQID":"EPI_ISL_8097003","GNODEID":"G-2.18","TAGID":"BA-1-0106","cat_id":"client","type":"CD","date":44546,"category":"client","highlight":{},"emphasize":"N","dint":1639612800000,"age":"","index":35,"edges":[],"neighbors":[],"degree":0,"association":0,"dstr":"2021-12-16","sex":""},{"SEQID":"EPI_ISL_8096991","GNODEID":"G-2.12","TAGID":"BA-1-0107","cat_id":"staff","type":"CD","date":44545,"category":"staff","highlight":{},"emphasize":"Y","dint":1639526400000,"age":"","index":36,"edges":[],"neighbors":[],"degree":0,"association":0,"dstr":"2021-12-15","sex":""},{"SEQID":"EPI_ISL_8096989","GNODEID":"G-2.5.5","TAGID":"BA-1-0109","cat_id":"client","type":"CD","date":44545,"category":"client","highlight":{},"emphasize":"Y","dint":1639526400000,"age":"","index":37,"edges":[],"neighbors":[],"degree":0,"association":0,"dstr":"2021-12-15","sex":""},{"SEQID":"EPI_ISL_8097002","GNODEID":"G-2.4.2","TAGID":"BA-1-0110","cat_id":"client","type":"CD","date":44546,"category":"client","highlight":{},"emphasize":"N","dint":1639612800000,"age":"","index":38,"edges":[],"neighbors":[],"degree":0,"association":0,"dstr":"2021-12-16","sex":""},{"SEQID":"EPI_ISL_8097009","GNODEID":"G-2.14","TAGID":"BA-1-0111","cat_id":"staff","type":"CD","date":44546,"category":"staff","highlight":{},"emphasize":"Y","dint":1639612800000,"age":"","index":39,"edges":[],"neighbors":[],"degree":0,"association":0,"dstr":"2021-12-16","sex":""},{"SEQID":"EPI_ISL_8096998","GNODEID":"G-2.5.3","TAGID":"BA-1-0112","cat_id":"client","type":"CD","date":44545,"category":"client","highlight":{},"emphasize":"N","dint":1639526400000,"age":"","index":40,"edges":[],"neighbors":[],"degree":0,"association":0,"dstr":"2021-12-15","sex":""},{"SEQID":"EPI_ISL_8097012","GNODEID":"G-2.5.8","TAGID":"BA-1-0113","cat_id":"staff","type":"CD","date":44546,"category":"staff","highlight":{},"emphasize":"Y","dint":1639612800000,"age":"","index":41,"edges":[],"neighbors":[],"degree":0,"association":0,"dstr":"2021-12-16","sex":""},{"SEQID":"EPI_ISL_8097021","GNODEID":"G-2.8","TAGID":"BA-1-0114","cat_id":"staff","type":"CD","date":44547,"category":"staff","highlight":{},"emphasize":"N","dint":1639699200000,"age":"","index":42,"edges":[],"neighbors":[],"degree":0,"association":0,"dstr":"2021-12-17","sex":""},{"SEQID":"EPI_ISL_8097029","GNODEID":"G-2.5.2","TAGID":"BA-1-0117","cat_id":"staff","type":"CD","date":44548,"category":"staff","highlight":{},"emphasize":"N","dint":1639785600000,"age":"","index":43,"edges":[],"neighbors":[],"degree":0,"association":0,"dstr":"2021-12-18","sex":""},{"SEQID":"EPI_ISL_8097026","GNODEID":"G-2.3","TAGID":"BA-1-0119","cat_id":"client","type":"CD","date":44548,"category":"client","highlight":{},"emphasize":"N","dint":1639785600000,"age":"","index":44,"edges":[],"neighbors":[],"degree":0,"association":0,"dstr":"2021-12-18","sex":""},{"SEQID":"EPI_ISL_8097052","GNODEID":"G-2.17.2","TAGID":"BA-1-0126","cat_id":"client","type":"CD","date":44548,"category":"client","highlight":{},"emphasize":"Y","dint":1639785600000,"age":"","index":45,"edges":[],"neighbors":[],"degree":0,"association":0,"dstr":"2021-12-18","sex":""},{"SEQID":"EPI_ISL_8097051","GNODEID":"G-2.1","TAGID":"BA-1-0127","cat_id":"client","type":"CD","date":44548,"category":"client","highlight":{},"emphasize":"Y","dint":1639785600000,"age":"","index":46,"edges":[],"neighbors":[],"degree":0,"association":0,"dstr":"2021-12-18","sex":""},{"SEQID":"EPI_ISL_8097047","GNODEID":"G-2.13","TAGID":"BA-1-0128","cat_id":"staff","type":"CD","date":44547,"category":"staff","highlight":{},"emphasize":"N","dint":1639699200000,"age":"","index":47,"edges":[],"neighbors":[],"degree":0,"association":0,"dstr":"2021-12-17","sex":""},{"SEQID":"EPI_ISL_8097074","GNODEID":"G-2.5.8.1","TAGID":"BA-1-0131","cat_id":"client","type":"CD","date":44546,"category":"client","highlight":{},"emphasize":"N","dint":1639612800000,"age":"","index":48,"edges":[],"neighbors":[],"degree":0,"association":0,"dstr":"2021-12-16","sex":""},{"SEQID":"EPI_ISL_8097065","GNODEID":"G-2.4.6","TAGID":"BA-1-0132","cat_id":"staff","type":"CD","date":44547,"category":"staff","highlight":{},"emphasize":"Y","dint":1639699200000,"age":"","index":49,"edges":[],"neighbors":[],"degree":0,"association":0,"dstr":"2021-12-17","sex":""},{"SEQID":"EPI_ISL_8097070","GNODEID":"G-2.17","TAGID":"BA-1-0133","cat_id":"staff","type":"CD","date":44548,"category":"staff","highlight":{},"emphasize":"N","dint":1639785600000,"age":"","index":50,"edges":[],"neighbors":[],"degree":0,"association":0,"dstr":"2021-12-18","sex":""},{"SEQID":"EPI_ISL_11675362","GNODEID":"G-2.17.3","TAGID":"BA-1-0136","cat_id":"staff","type":"CD","date":44531,"category":"staff","highlight":{},"emphasize":"N","dint":1638316800000,"age":"","index":51,"edges":[],"neighbors":[],"degree":0,"association":0,"dstr":"2021-12-01","sex":""},{"SEQID":"EPI_ISL_11675333","GNODEID":"G-2.5.5","TAGID":"BA-1-0137","cat_id":"client","type":"CD","date":44531,"category":"client","highlight":{},"emphasize":"N","dint":1638316800000,"age":"","index":52,"edges":[],"neighbors":[],"degree":0,"association":0,"dstr":"2021-12-01","sex":""},{"SEQID":"EPI_ISL_11675345","GNODEID":"G-2.4.4","TAGID":"BA-1-0144","cat_id":"staff","type":"CD","date":44531,"category":"staff","highlight":{},"emphasize":"N","dint":1638316800000,"age":"","index":53,"edges":[],"neighbors":[],"degree":0,"association":0,"dstr":"2021-12-01","sex":""},{"SEQID":"EPI_ISL_11675370","GNODEID":"G-2.10","TAGID":"BA-1-0148","cat_id":"staff","type":"CD","date":44531,"category":"staff","highlight":{},"emphasize":"N","dint":1638316800000,"age":"","index":54,"edges":[],"neighbors":[],"degree":0,"association":0,"dstr":"2021-12-01","sex":""},{"SEQID":"EPI_ISL_11676071","GNODEID":"G-2.5","TAGID":"BA-1-0154","cat_id":"client","type":"CD","date":44531,"category":"client","highlight":{},"emphasize":"N","dint":1638316800000,"age":"","index":55,"edges":[],"neighbors":[],"degree":0,"association":0,"dstr":"2021-12-01","sex":""},{"SEQID":"EPI_ISL_11676074","GNODEID":"G-2.6","TAGID":"BA-1-0157","cat_id":"staff","type":"CD","date":44531,"category":"staff","highlight":{},"emphasize":"N","dint":1638316800000,"age":"","index":56,"edges":[],"neighbors":[],"degree":0,"association":0,"dstr":"2021-12-01","sex":""},{"SEQID":"EPI_ISL_11676078","GNODEID":"G-2.9","TAGID":"BA-1-0158","cat_id":"client","type":"CD","date":44531,"category":"client","highlight":{},"emphasize":"N","dint":1638316800000,"age":"","index":57,"edges":[],"neighbors":[],"degree":0,"association":0,"dstr":"2021-12-01","sex":""},{"SEQID":"EPI_ISL_11676076","GNODEID":"G-2.15.1","TAGID":"BA-1-0159","cat_id":"staff","type":"CD","date":44531,"category":"staff","highlight":{},"emphasize":"N","dint":1638316800000,"age":"","index":58,"edges":[],"neighbors":[],"degree":0,"association":0,"dstr":"2021-12-01","sex":""},{"SEQID":"EPI_ISL_11676091","GNODEID":"G-2.1.1","TAGID":"BA-1-0160","cat_id":"client","type":"CD","date":44531,"category":"client","highlight":{},"emphasize":"N","dint":1638316800000,"age":"","index":59,"edges":[],"neighbors":[],"degree":0,"association":0,"dstr":"2021-12-01","sex":""}],"edges":[{"LINKID":"L-1","TAG_from":"EPI_ISL_11827883","TAG_to":"EPI_ISL_11827891","label":"家族","src":-1,"dst":-1}],"epi":[{"SEQID":"REF","GNODEID":"G-1"},{"SEQID":"EPI_ISL_10282921","GNODEID":"G-2"},{"SEQID":"EPI_ISL_8753747","GNODEID":"G-2"},{"SEQID":"EPI_ISL_12386711","GNODEID":"G-2"},{"SEQID":"EPI_ISL_8097051","GNODEID":"G-2.1"},{"SEQID":"EPI_ISL_11676091","GNODEID":"G-2.1.1"},{"SEQID":"EPI_ISL_7860219","GNODEID":"G-2.1.2"},{"SEQID":"EPI_ISL_7860211","GNODEID":"G-2.2"},{"SEQID":"EPI_ISL_9070297","GNODEID":"G-2.2"},{"SEQID":"EPI_ISL_8097026","GNODEID":"G-2.3"},{"SEQID":"EPI_ISL_9070291","GNODEID":"G-2.4"},{"SEQID":"EPI_ISL_7860185","GNODEID":"G-2.4"},{"SEQID":"EPI_ISL_11827891","GNODEID":"G-2.4.1"},{"SEQID":"EPI_ISL_9070300","GNODEID":"G-2.4.1.1"},{"SEQID":"EPI_ISL_8097002","GNODEID":"G-2.4.2"},{"SEQID":"EPI_ISL_9070310","GNODEID":"G-2.4.3"},{"SEQID":"EPI_ISL_11675345","GNODEID":"G-2.4.4"},{"SEQID":"EPI_ISL_9070286","GNODEID":"G-2.4.5"},{"SEQID":"EPI_ISL_7860193","GNODEID":"G-2.4.5"},{"SEQID":"EPI_ISL_7747231","GNODEID":"G-2.4.5.1"},{"SEQID":"EPI_ISL_9225519","GNODEID":"G-2.4.5.2"},{"SEQID":"EPI_ISL_8097065","GNODEID":"G-2.4.6"},{"SEQID":"EPI_ISL_7860201","GNODEID":"G-2.5"},{"SEQID":"EPI_ISL_11676071","GNODEID":"G-2.5"},{"SEQID":"EPI_ISL_9070309","GNODEID":"G-2.5.1"},{"SEQID":"EPI_ISL_8097029","GNODEID":"G-2.5.2"},{"SEQID":"EPI_ISL_8096998","GNODEID":"G-2.5.3"},{"SEQID":"EPI_ISL_9070293","GNODEID":"G-2.5.3"},{"SEQID":"EPI_ISL_9213413","GNODEID":"G-2.5.4"},{"SEQID":"EPI_ISL_11675333","GNODEID":"G-2.5.5"},{"SEQID":"EPI_ISL_8096989","GNODEID":"G-2.5.5"},{"SEQID":"EPI_ISL_10282925","GNODEID":"G-2.5.6"},{"SEQID":"EPI_ISL_7834392","GNODEID":"G-2.5.6"},{"SEQID":"EPI_ISL_10497428","GNODEID":"G-2.5.7"},{"SEQID":"EPI_ISL_8097012","GNODEID":"G-2.5.8"},{"SEQID":"EPI_ISL_8097074","GNODEID":"G-2.5.8.1"},{"SEQID":"EPI_ISL_11676074","GNODEID":"G-2.6"},{"SEQID":"EPI_ISL_7860223","GNODEID":"G-2.6"},{"SEQID":"EPI_ISL_9070296","GNODEID":"G-2.7"},{"SEQID":"EPI_ISL_7834391","GNODEID":"G-2.8"},{"SEQID":"EPI_ISL_9070294","GNODEID":"G-2.8"},{"SEQID":"EPI_ISL_8097021","GNODEID":"G-2.8"},{"SEQID":"EPI_ISL_11676078","GNODEID":"G-2.9"},{"SEQID":"EPI_ISL_11675370","GNODEID":"G-2.10"},{"SEQID":"EPI_ISL_6913953","GNODEID":"G-2.10"},{"SEQID":"EPI_ISL_11827917","GNODEID":"G-2.11"},{"SEQID":"EPI_ISL_10497424","GNODEID":"G-2.12"},{"SEQID":"EPI_ISL_8096991","GNODEID":"G-2.12"},{"SEQID":"EPI_ISL_8097047","GNODEID":"G-2.13"},{"SEQID":"EPI_ISL_8097009","GNODEID":"G-2.14"},{"SEQID":"EPI_ISL_9070311","GNODEID":"G-2.15"},{"SEQID":"EPI_ISL_11676076","GNODEID":"G-2.15.1"},{"SEQID":"EPI_ISL_8096977","GNODEID":"G-2.16"},{"SEQID":"EPI_ISL_10497429","GNODEID":"G-2.17"},{"SEQID":"EPI_ISL_8097070","GNODEID":"G-2.17"},{"SEQID":"EPI_ISL_9070307","GNODEID":"G-2.17.1"},{"SEQID":"EPI_ISL_8097052","GNODEID":"G-2.17.2"},{"SEQID":"EPI_ISL_11675362","GNODEID":"G-2.17.3"},{"SEQID":"EPI_ISL_8097003","GNODEID":"G-2.18"},{"SEQID":"EPI_ISL_7860189","GNODEID":"G-3"},{"SEQID":"EPI_ISL_9070289","GNODEID":"G-3"}],"tree":[{"label":"G-0","length":0,"edges":["G-1","G-2","G-3"],"subs":0},{"label":"G-1","length":0.0192254058,"edges":[],"subs":53},{"label":"G-2","length":0.0019456564,"edges":["G-2.1","G-2.2","G-2.3","G-2.4","G-2.5","G-2.6","G-2.7","G-2.8","G-2.9","G-2.10","G-2.11","G-2.12","G-2.13","G-2.14","G-2.15","G-2.16","G-2.17","G-2.18"],"subs":5},{"label":"G-2.1","length":0.000387979,"edges":["G-2.1.1","G-2.1.2"],"subs":1},{"label":"G-2.1.1","length":0.000776194,"edges":[],"subs":2},{"label":"G-2.1.2","length":0.0007763920999999999,"edges":[],"subs":2},{"label":"G-2.2","length":0.000388055,"edges":[],"subs":1},{"label":"G-2.3","length":0.0003882835,"edges":[],"subs":1},{"label":"G-2.4","length":0.0003881895,"edges":["G-2.4.1","G-2.4.2","G-2.4.3","G-2.4.4","G-2.4.5","G-2.4.6"],"subs":1},{"label":"G-2.4.1","length":0.0003880697,"edges":["G-2.4.1.1"],"subs":1},{"label":"G-2.4.1.1","length":0.0007762638,"edges":[],"subs":2},{"label":"G-2.4.2","length":0.0007760822999999999,"edges":[],"subs":2},{"label":"G-2.4.3","length":0.0003882415,"edges":[],"subs":1},{"label":"G-2.4.4","length":0.0003883835,"edges":[],"subs":1},{"label":"G-2.4.5","length":0.00038852110000000005,"edges":["G-2.4.5.1","G-2.4.5.2"],"subs":1},{"label":"G-2.4.5.1","length":0.0003878781,"edges":[],"subs":1},{"label":"G-2.4.5.2","length":0.0003878344,"edges":[],"subs":1},{"label":"G-2.4.6","length":0.0007769892999999997,"edges":[],"subs":2},{"label":"G-2.5","length":0.0007770362999999998,"edges":["G-2.5.1","G-2.5.2","G-2.5.3","G-2.5.4","G-2.5.5","G-2.5.6","G-2.5.7","G-2.5.8"],"subs":2},{"label":"G-2.5.1","length":0.0007765489,"edges":[],"subs":2},{"label":"G-2.5.2","length":0.0003882371,"edges":[],"subs":1},{"label":"G-2.5.3","length":0.0003884625,"edges":[],"subs":1},{"label":"G-2.5.4","length":0.000388614,"edges":[],"subs":1},{"label":"G-2.5.5","length":0.00038869,"edges":[],"subs":1},{"label":"G-2.5.6","length":0.0019454351999999996,"edges":[],"subs":5},{"label":"G-2.5.7","length":0.0023360285000000014,"edges":[],"subs":6},{"label":"G-2.5.8","length":0.0007773595999999996,"edges":["G-2.5.8.1"],"subs":2},{"label":"G-2.5.8.1","length":0.0007759838,"edges":[],"subs":2},{"label":"G-2.6","length":0.0007772373999999998,"edges":[],"subs":2},{"label":"G-2.7","length":0.00038924410000000005,"edges":[],"subs":1},{"label":"G-2.8","length":0.0007775854999999996,"edges":[],"subs":2},{"label":"G-2.9","length":0.00038940660000000006,"edges":[],"subs":1},{"label":"G-2.10","length":0.0011677259999999994,"edges":[],"subs":3},{"label":"G-2.11","length":0.00038967430000000006,"edges":[],"subs":1},{"label":"G-2.12","length":0.0011665387999999994,"edges":[],"subs":3},{"label":"G-2.13","length":0.0007784361999999994,"edges":[],"subs":2},{"label":"G-2.14","length":0.00038999640000000007,"edges":[],"subs":1},{"label":"G-2.15","length":0.0019457635999999992,"edges":["G-2.15.1"],"subs":5},{"label":"G-2.15.1","length":0.0011657078,"edges":[],"subs":3},{"label":"G-2.16","length":0.0003903821000000001,"edges":[],"subs":1},{"label":"G-2.17","length":0.00039054200000000007,"edges":["G-2.17.1","G-2.17.2","G-2.17.3"],"subs":1},{"label":"G-2.17.1","length":0.000387953,"edges":[],"subs":1},{"label":"G-2.17.2","length":0.0003881395,"edges":[],"subs":1},{"label":"G-2.17.3","length":0.0003883315,"edges":[],"subs":1},{"label":"G-2.18","length":0.0007787145999999992,"edges":[],"subs":2},{"label":"G-3","length":0.0015577251,"edges":[],"subs":4}],"dist":{"period":7.550964326053583,"phase":6.550964326053583,"interval":0.00004752275342465754}}