{"nodes":[{"SEQID":"EPI_ISL_12684363","GNODEID":"G-2.16","TAGID":"BA-2-10-2-0013","cat_id":"client","type":"CD","date":44651,"category":"client","association":"KS","highlight":{},"emphasize":"Y","dint":1648684800000,"age":"","index":0,"edges":[],"neighbors":[],"degree":0,"dstr":"2022-03-31"},{"SEQID":"EPI_ISL_12986089","GNODEID":"G-2","TAGID":"BA-2-10-2-0016","cat_id":"client","type":"CD","date":44657,"category":"client","association":"KN","highlight":{},"emphasize":"Y","dint":1649203200000,"age":"","index":1,"edges":[],"neighbors":[],"degree":0,"dstr":"2022-04-06"},{"SEQID":"EPI_ISL_12938392","GNODEID":"G-2","TAGID":"BA-2-10-2-0022","cat_id":"client","type":"CD","date":44657,"category":"client","association":"KN","highlight":{},"emphasize":"Y","dint":1649203200000,"age":"","index":2,"edges":[],"neighbors":[],"degree":0,"dstr":"2022-04-06"},{"SEQID":"EPI_ISL_12603983","GNODEID":"G-2.3","TAGID":"BA-2-10-2-0024","cat_id":"staff","type":"CD","date":44631,"category":"staff","association":"TH","highlight":{},"emphasize":"Y","dint":1646956800000,"age":"","index":3,"edges":[],"neighbors":[],"degree":0,"dstr":"2022-03-11"},{"SEQID":"EPI_ISL_12986493","GNODEID":"G-2","TAGID":"BA-2-10-2-0025","cat_id":"client","type":"CD","date":44663,"category":"client","association":"KS","highlight":{},"emphasize":"N","dint":1649721600000,"age":"","index":4,"edges":[],"neighbors":[],"degree":0,"dstr":"2022-04-12"},{"SEQID":"EPI_ISL_12937894","GNODEID":"G-2","TAGID":"BA-2-10-2-0026","cat_id":"client","type":"CD","date":44648,"category":"client","association":"KS","highlight":{},"emphasize":"Y","dint":1648425600000,"age":"","index":5,"edges":[],"neighbors":[],"degree":0,"dstr":"2022-03-28"},{"SEQID":"EPI_ISL_12626564","GNODEID":"G-2","TAGID":"BA-2-10-2-0027","cat_id":"client","type":"CD","date":44655,"category":"client","association":"KS","highlight":{},"emphasize":"Y","dint":1649030400000,"age":"","index":6,"edges":[],"neighbors":[],"degree":0,"dstr":"2022-04-04"},{"SEQID":"EPI_ISL_12685295","GNODEID":"G-2","TAGID":"BA-2-10-2-0028","cat_id":"client","type":"CD","date":44651,"category":"client","association":"KS","highlight":{},"emphasize":"Y","dint":1648684800000,"age":"","index":7,"edges":[],"neighbors":[],"degree":0,"dstr":"2022-03-31"},{"SEQID":"EPI_ISL_13576063","GNODEID":"G-2","TAGID":"BA-2-10-2-0033","cat_id":"staff","type":"CD","date":44653,"category":"staff","association":"KN","highlight":{},"emphasize":"N","dint":1648857600000,"age":"","index":8,"edges":[],"neighbors":[],"degree":0,"dstr":"2022-04-02"},{"SEQID":"EPI_ISL_13090828","GNODEID":"G-2","TAGID":"BA-2-10-2-0039","cat_id":"client","type":"CD","date":44662,"category":"client","association":"KS","highlight":{},"emphasize":"N","dint":1649635200000,"age":"","index":9,"edges":[],"neighbors":[],"degree":0,"dstr":"2022-04-11"},{"SEQID":"EPI_ISL_12952085","GNODEID":"G-2","TAGID":"BA-2-10-2-0040","cat_id":"staff","type":"CD","date":44659,"category":"staff","association":"なし","highlight":{},"emphasize":"Y","dint":1649376000000,"age":"","index":10,"edges":[],"neighbors":[],"degree":0,"dstr":"2022-04-08"},{"SEQID":"EPI_ISL_13414543","GNODEID":"G-2.18","TAGID":"BA-2-10-2-0052","cat_id":"staff","type":"CD","date":44666,"category":"staff","association":"KS","highlight":{},"emphasize":"N","dint":1649980800000,"age":"","index":11,"edges":[],"neighbors":[],"degree":0,"dstr":"2022-04-15"},{"SEQID":"EPI_ISL_13414633","GNODEID":"G-2","TAGID":"BA-2-10-2-0054","cat_id":"client","type":"CD","date":44666,"category":"client","association":"KS","highlight":{},"emphasize":"N","dint":1649980800000,"age":"","index":12,"edges":[],"neighbors":[],"degree":0,"dstr":"2022-04-15"},{"SEQID":"EPI_ISL_12937299","GNODEID":"G-2.27","TAGID":"BA-2-10-2-0056","cat_id":"client","type":"CD","date":44646,"category":"client","association":"KS","highlight":{},"emphasize":"N","dint":1648252800000,"age":"","index":13,"edges":[],"neighbors":[],"degree":0,"dstr":"2022-03-26"},{"SEQID":"EPI_ISL_11716866","GNODEID":"G-2","TAGID":"BA-2-10-2-0059","cat_id":"staff","type":"CD","date":44623,"category":"staff","association":"TH","highlight":{},"emphasize":"N","dint":1646265600000,"age":"","index":14,"edges":[],"neighbors":[],"degree":0,"dstr":"2022-03-03"},{"SEQID":"EPI_ISL_12984174","GNODEID":"G-2","TAGID":"BA-2-10-2-0060","cat_id":"client","type":"CD","date":44658,"category":"client","association":"TH","highlight":{},"emphasize":"N","dint":1649289600000,"age":"","index":15,"edges":[],"neighbors":[],"degree":0,"dstr":"2022-04-07"},{"SEQID":"EPI_ISL_12626477","GNODEID":"G-2","TAGID":"BA-2-10-2-0061","cat_id":"client","type":"CD","date":44652,"category":"client","association":"KS","highlight":{},"emphasize":"N","dint":1648771200000,"age":"","index":16,"edges":[],"neighbors":[],"degree":0,"dstr":"2022-04-01"},{"SEQID":"EPI_ISL_12604054","GNODEID":"G-2.3.2","TAGID":"BA-2-10-2-0064","cat_id":"staff","type":"CD","date":44642,"category":"staff","association":"TH","highlight":{},"emphasize":"N","dint":1647907200000,"age":"","index":17,"edges":[],"neighbors":[],"degree":0,"dstr":"2022-03-22"},{"SEQID":"EPI_ISL_12604076","GNODEID":"G-2.3","TAGID":"BA-2-10-2-0065","cat_id":"client","type":"CD","date":44644,"category":"client","association":"TH","highlight":{},"emphasize":"Y","dint":1648080000000,"age":"","index":18,"edges":[],"neighbors":[],"degree":0,"dstr":"2022-03-24"},{"SEQID":"EPI_ISL_13213451","GNODEID":"G-2.20","TAGID":"BA-2-10-2-0067","cat_id":"client","type":"CD","date":44654,"category":"client","association":"KY","highlight":{},"emphasize":"Y","dint":1648944000000,"age":"","index":19,"edges":[],"neighbors":[],"degree":0,"dstr":"2022-04-03"},{"SEQID":"EPI_ISL_13213248","GNODEID":"G-2.4","TAGID":"BA-2-10-2-0072","cat_id":"staff","type":"CD","date":44661,"category":"staff","association":"KS","highlight":{},"emphasize":"N","dint":1649548800000,"age":"","index":20,"edges":[],"neighbors":[],"degree":0,"dstr":"2022-04-10"},{"SEQID":"EPI_ISL_13213452","GNODEID":"G-2.20.2","TAGID":"BA-2-10-2-0073","cat_id":"client","type":"CD","date":44654,"category":"client","association":"KY","highlight":{},"emphasize":"Y","dint":1648944000000,"age":"","index":21,"edges":[],"neighbors":[],"degree":0,"dstr":"2022-04-03"},{"SEQID":"EPI_ISL_12685039","GNODEID":"G-2.11","TAGID":"BA-2-10-2-0077","cat_id":"client","type":"CD","date":44649,"category":"client","association":"KS","highlight":{},"emphasize":"N","dint":1648512000000,"age":"","index":22,"edges":[],"neighbors":[],"degree":0,"dstr":"2022-03-29"},{"SEQID":"EPI_ISL_13234635","GNODEID":"G-2.3.1","TAGID":"BA-2-10-2-0079","cat_id":"staff","type":"CD","date":44661,"category":"staff","association":"TH","highlight":{},"emphasize":"Y","dint":1649548800000,"age":"","index":23,"edges":[],"neighbors":[],"degree":0,"dstr":"2022-04-10"},{"SEQID":"EPI_ISL_12983759","GNODEID":"G-2","TAGID":"BA-2-10-2-0082","cat_id":"staff","type":"CD","date":44660,"category":"staff","association":"TH","highlight":{},"emphasize":"Y","dint":1649462400000,"age":"","index":24,"edges":[],"neighbors":[],"degree":0,"dstr":"2022-04-09"},{"SEQID":"EPI_ISL_12944392","GNODEID":"G-2.22","TAGID":"BA-2-10-2-0084","cat_id":"staff","type":"CD","date":44638,"category":"staff","association":"TH","highlight":{},"emphasize":"Y","dint":1647561600000,"age":"","index":25,"edges":[],"neighbors":[],"degree":0,"dstr":"2022-03-18"},{"SEQID":"EPI_ISL_12939339","GNODEID":"G-2","TAGID":"BA-2-10-2-0085","cat_id":"staff","type":"CD","date":44666,"category":"staff","association":"KS","highlight":{},"emphasize":"Y","dint":1649980800000,"age":"","index":26,"edges":[],"neighbors":[],"degree":0,"dstr":"2022-04-15"},{"SEQID":"EPI_ISL_12937480","GNODEID":"G-2","TAGID":"BA-2-10-2-0089","cat_id":"staff","type":"CD","date":44642,"category":"staff","association":"KS","highlight":{},"emphasize":"Y","dint":1647907200000,"age":"","index":27,"edges":[],"neighbors":[],"degree":0,"dstr":"2022-03-22"},{"SEQID":"EPI_ISL_12937882","GNODEID":"G-2","TAGID":"BA-2-10-2-0091","cat_id":"client","type":"CD","date":44651,"category":"client","association":"TO","highlight":{},"emphasize":"N","dint":1648684800000,"age":"","index":28,"edges":[],"neighbors":[],"degree":0,"dstr":"2022-03-31"},{"SEQID":"EPI_ISL_12944391","GNODEID":"G-2","TAGID":"BA-2-10-2-0093","cat_id":"staff","type":"CD","date":44636,"category":"staff","association":"TH","highlight":{},"emphasize":"N","dint":1647388800000,"age":"","index":29,"edges":[],"neighbors":[],"degree":0,"dstr":"2022-03-16"},{"SEQID":"EPI_ISL_12990128","GNODEID":"G-2","TAGID":"BA-2-10-2-0097","cat_id":"staff","type":"CD","date":44645,"category":"staff","association":"KY","highlight":{},"emphasize":"Y","dint":1648166400000,"age":"","index":30,"edges":[],"neighbors":[],"degree":0,"dstr":"2022-03-25"},{"SEQID":"EPI_ISL_12988083","GNODEID":"G-2.20.1","TAGID":"BA-2-10-2-0098","cat_id":"client","type":"CD","date":44655,"category":"client","association":"KN","highlight":{},"emphasize":"Y","dint":1649030400000,"age":"","index":31,"edges":[],"neighbors":[],"degree":0,"dstr":"2022-04-04"},{"SEQID":"EPI_ISL_12986486","GNODEID":"G-2.10","TAGID":"BA-2-10-2-0099","cat_id":"staff","type":"CD","date":44661,"category":"staff","association":"KS","highlight":{},"emphasize":"N","dint":1649548800000,"age":"","index":32,"edges":[],"neighbors":[],"degree":0,"dstr":"2022-04-10"},{"SEQID":"EPI_ISL_12943697","GNODEID":"G-2","TAGID":"BA-2-10-2-0102","cat_id":"client","type":"CD","date":44651,"category":"client","association":"CS","highlight":{},"emphasize":"N","dint":1648684800000,"age":"","index":33,"edges":[],"neighbors":[],"degree":0,"dstr":"2022-03-31"},{"SEQID":"EPI_ISL_12938759","GNODEID":"G-2.1","TAGID":"BA-2-10-2-0106","cat_id":"client","type":"CD","date":44659,"category":"client","association":"TH","highlight":{},"emphasize":"N","dint":1649376000000,"age":"","index":34,"edges":[],"neighbors":[],"degree":0,"dstr":"2022-04-08"},{"SEQID":"EPI_ISL_13576454","GNODEID":"G-2","TAGID":"BA-2-10-2-0114","cat_id":"staff","type":"CD","date":44650,"category":"staff","association":"KN","highlight":{},"emphasize":"Y","dint":1648598400000,"age":"","index":35,"edges":[],"neighbors":[],"degree":0,"dstr":"2022-03-30"},{"SEQID":"EPI_ISL_12947499","GNODEID":"G-2","TAGID":"BA-2-10-2-0115","cat_id":"staff","type":"CD","date":44659,"category":"staff","association":"KS","highlight":{},"emphasize":"N","dint":1649376000000,"age":"","index":36,"edges":[],"neighbors":[],"degree":0,"dstr":"2022-04-08"},{"SEQID":"EPI_ISL_12041016","GNODEID":"G-0","TAGID":"BA-2-10-2-0119","cat_id":"staff","type":"CD","date":44658,"category":"staff","association":"KN","highlight":{},"emphasize":"Y","dint":1649289600000,"age":"","index":37,"edges":[],"neighbors":[],"degree":0,"dstr":"2022-04-07"},{"SEQID":"EPI_ISL_12036417","GNODEID":"G-2.15","TAGID":"BA-2-10-2-0123","cat_id":"client","type":"CD","date":44628,"category":"client","association":"KS","highlight":{},"emphasize":"Y","dint":1646697600000,"age":"","index":38,"edges":[],"neighbors":[],"degree":0,"dstr":"2022-03-08"},{"SEQID":"EPI_ISL_12868518","GNODEID":"G-2.16","TAGID":"BA-2-10-2-0124","cat_id":"staff","type":"CD","date":44659,"category":"staff","association":"KS","highlight":{},"emphasize":"Y","dint":1649376000000,"age":"","index":39,"edges":[],"neighbors":[],"degree":0,"dstr":"2022-04-08"},{"SEQID":"EPI_ISL_12604019","GNODEID":"G-2.3","TAGID":"BA-2-10-2-0127","cat_id":"client","type":"CD","date":44636,"category":"client","association":"TH","highlight":{},"emphasize":"Y","dint":1647388800000,"age":"","index":40,"edges":[],"neighbors":[],"degree":0,"dstr":"2022-03-16"},{"SEQID":"EPI_ISL_12946400","GNODEID":"G-2","TAGID":"BA-2-10-2-0131","cat_id":"staff","type":"CD","date":44650,"category":"staff","association":"CS","highlight":{},"emphasize":"Y","dint":1648598400000,"age":"","index":41,"edges":[],"neighbors":[],"degree":0,"dstr":"2022-03-30"},{"SEQID":"EPI_ISL_12946500","GNODEID":"G-2","TAGID":"BA-2-10-2-0132","cat_id":"staff","type":"CD","date":44664,"category":"staff","association":"CS","highlight":{},"emphasize":"Y","dint":1649808000000,"age":"","index":42,"edges":[],"neighbors":[],"degree":0,"dstr":"2022-04-13"},{"SEQID":"EPI_ISL_12985002","GNODEID":"G-2","TAGID":"BA-2-10-2-0139","cat_id":"staff","type":"CD","date":44628,"category":"staff","association":"KS","highlight":{},"emphasize":"N","dint":1646697600000,"age":"","index":43,"edges":[],"neighbors":[],"degree":0,"dstr":"2022-03-08"},{"SEQID":"EPI_ISL_12040103","GNODEID":"G-2.6","TAGID":"BA-2-10-2-0140","cat_id":"client","type":"CD","date":44628,"category":"client","association":"KS","highlight":{},"emphasize":"Y","dint":1646697600000,"age":"","index":44,"edges":[],"neighbors":[],"degree":0,"dstr":"2022-03-08"},{"SEQID":"EPI_ISL_12952103","GNODEID":"G-2","TAGID":"BA-2-10-2-0141","cat_id":"client","type":"CD","date":44665,"category":"client","association":"なし","highlight":{},"emphasize":"Y","dint":1649894400000,"age":"","index":45,"edges":[],"neighbors":[],"degree":0,"dstr":"2022-04-14"},{"SEQID":"EPI_ISL_13211304","GNODEID":"G-2.8","TAGID":"BA-2-10-2-0146","cat_id":"client","type":"CD","date":44663,"category":"client","association":"KN","highlight":{},"emphasize":"Y","dint":1649721600000,"age":"","index":46,"edges":[],"neighbors":[],"degree":0,"dstr":"2022-04-12"},{"SEQID":"EPI_ISL_12951084","GNODEID":"G-2","TAGID":"BA-2-10-2-0147","cat_id":"client","type":"CD","date":44638,"category":"client","association":"TO","highlight":{},"emphasize":"N","dint":1647561600000,"age":"","index":47,"edges":[],"neighbors":[],"degree":0,"dstr":"2022-03-18"},{"SEQID":"EPI_ISL_12683608","GNODEID":"G-2","TAGID":"BA-2-10-2-0154","cat_id":"client","type":"CD","date":44649,"category":"client","association":"KS","highlight":{},"emphasize":"N","dint":1648512000000,"age":"","index":48,"edges":[],"neighbors":[],"degree":0,"dstr":"2022-03-29"},{"SEQID":"EPI_ISL_13090908","GNODEID":"G-2.24","TAGID":"BA-2-10-2-0156","cat_id":"client","type":"CD","date":44662,"category":"client","association":"KS","highlight":{},"emphasize":"N","dint":1649635200000,"age":"","index":49,"edges":[],"neighbors":[],"degree":0,"dstr":"2022-04-11"},{"SEQID":"EPI_ISL_13091213","GNODEID":"G-2","TAGID":"BA-2-10-2-0165","cat_id":"client","type":"CD","date":44662,"category":"client","association":"KS","highlight":{},"emphasize":"Y","dint":1649635200000,"age":"","index":50,"edges":[],"neighbors":[],"degree":0,"dstr":"2022-04-11"},{"SEQID":"EPI_ISL_12604013","GNODEID":"G-2.3","TAGID":"BA-2-10-2-0167","cat_id":"staff","type":"CD","date":44635,"category":"staff","association":"TH","highlight":{},"emphasize":"N","dint":1647302400000,"age":"","index":51,"edges":[],"neighbors":[],"degree":0,"dstr":"2022-03-15"},{"SEQID":"EPI_ISL_12309413","GNODEID":"G-2","TAGID":"BA-2-10-2-0168","cat_id":"staff","type":"CD","date":44644,"category":"staff","association":"KS","highlight":{},"emphasize":"N","dint":1648080000000,"age":"","index":52,"edges":[],"neighbors":[],"degree":0,"dstr":"2022-03-24"},{"SEQID":"EPI_ISL_12604014","GNODEID":"G-2.3","TAGID":"BA-2-10-2-0170","cat_id":"staff","type":"CD","date":44635,"category":"staff","association":"TH","highlight":{},"emphasize":"N","dint":1647302400000,"age":"","index":53,"edges":[],"neighbors":[],"degree":0,"dstr":"2022-03-15"},{"SEQID":"EPI_ISL_12626715","GNODEID":"G-2","TAGID":"BA-2-10-2-0172","cat_id":"client","type":"CD","date":44655,"category":"client","association":"KS","highlight":{},"emphasize":"Y","dint":1649030400000,"age":"","index":54,"edges":[],"neighbors":[],"degree":0,"dstr":"2022-04-04"},{"SEQID":"EPI_ISL_12604020","GNODEID":"G-2.3","TAGID":"BA-2-10-2-0173","cat_id":"staff","type":"CD","date":44636,"category":"staff","association":"TH","highlight":{},"emphasize":"N","dint":1647388800000,"age":"","index":55,"edges":[],"neighbors":[],"degree":0,"dstr":"2022-03-16"},{"SEQID":"EPI_ISL_12986120","GNODEID":"G-2","TAGID":"BA-2-10-2-0174","cat_id":"client","type":"CD","date":44663,"category":"client","association":"KN","highlight":{},"emphasize":"N","dint":1649721600000,"age":"","index":56,"edges":[],"neighbors":[],"degree":0,"dstr":"2022-04-12"},{"SEQID":"EPI_ISL_12987821","GNODEID":"G-2.23","TAGID":"BA-2-10-2-0175","cat_id":"client","type":"CD","date":44656,"category":"client","association":"TH","highlight":{},"emphasize":"N","dint":1649116800000,"age":"","index":57,"edges":[],"neighbors":[],"degree":0,"dstr":"2022-04-05"},{"SEQID":"EPI_ISL_12627422","GNODEID":"G-2.11","TAGID":"BA-2-10-2-0177","cat_id":"client","type":"CD","date":44655,"category":"client","association":"KS","highlight":{},"emphasize":"Y","dint":1649030400000,"age":"","index":58,"edges":[],"neighbors":[],"degree":0,"dstr":"2022-04-04"},{"SEQID":"EPI_ISL_12685322","GNODEID":"G-2","TAGID":"BA-2-10-2-0178","cat_id":"client","type":"CD","date":44651,"category":"client","association":"KS","highlight":{},"emphasize":"Y","dint":1648684800000,"age":"","index":59,"edges":[],"neighbors":[],"degree":0,"dstr":"2022-03-31"},{"SEQID":"EPI_ISL_12902722","GNODEID":"G-2","TAGID":"BA-2-10-2-0179","cat_id":"staff","type":"CD","date":44662,"category":"staff","association":"KS","highlight":{},"emphasize":"Y","dint":1649635200000,"age":"","index":60,"edges":[],"neighbors":[],"degree":0,"dstr":"2022-04-11"},{"SEQID":"EPI_ISL_12985422","GNODEID":"G-2","TAGID":"BA-2-10-2-0180","cat_id":"staff","type":"CD","date":44632,"category":"staff","association":"KS","highlight":{},"emphasize":"Y","dint":1647043200000,"age":"","index":61,"edges":[],"neighbors":[],"degree":0,"dstr":"2022-03-12"},{"SEQID":"EPI_ISL_12938523","GNODEID":"G-2.9","TAGID":"BA-2-10-2-0184","cat_id":"client","type":"CD","date":44663,"category":"client","association":"KS","highlight":{},"emphasize":"N","dint":1649721600000,"age":"","index":62,"edges":[],"neighbors":[],"degree":0,"dstr":"2022-04-12"},{"SEQID":"EPI_ISL_12986825","GNODEID":"G-2.12","TAGID":"BA-2-10-2-0190","cat_id":"client","type":"CD","date":44661,"category":"client","association":"CS","highlight":{},"emphasize":"N","dint":1649548800000,"age":"","index":63,"edges":[],"neighbors":[],"degree":0,"dstr":"2022-04-10"},{"SEQID":"EPI_ISL_12986485","GNODEID":"G-2.17","TAGID":"BA-2-10-2-0195","cat_id":"client","type":"CD","date":44661,"category":"client","association":"KS","highlight":{},"emphasize":"Y","dint":1649548800000,"age":"","index":64,"edges":[],"neighbors":[],"degree":0,"dstr":"2022-04-10"},{"SEQID":"EPI_ISL_12332728","GNODEID":"G-2","TAGID":"BA-2-10-2-0196","cat_id":"staff","type":"CD","date":44646,"category":"staff","association":"KS","highlight":{},"emphasize":"N","dint":1648252800000,"age":"","index":65,"edges":[],"neighbors":[],"degree":0,"dstr":"2022-03-26"},{"SEQID":"EPI_ISL_12685030","GNODEID":"G-2","TAGID":"BA-2-10-2-0203","cat_id":"client","type":"CD","date":44649,"category":"client","association":"KS","highlight":{},"emphasize":"Y","dint":1648512000000,"age":"","index":66,"edges":[],"neighbors":[],"degree":0,"dstr":"2022-03-29"},{"SEQID":"EPI_ISL_12897832","GNODEID":"G-2","TAGID":"BA-2-10-2-0207","cat_id":"staff","type":"CD","date":44662,"category":"staff","association":"KS","highlight":{},"emphasize":"N","dint":1649635200000,"age":"","index":67,"edges":[],"neighbors":[],"degree":0,"dstr":"2022-04-11"},{"SEQID":"EPI_ISL_12627433","GNODEID":"G-2","TAGID":"BA-2-10-2-0210","cat_id":"staff","type":"CD","date":44655,"category":"staff","association":"KS","highlight":{},"emphasize":"Y","dint":1649030400000,"age":"","index":68,"edges":[],"neighbors":[],"degree":0,"dstr":"2022-04-04"},{"SEQID":"EPI_ISL_13234634","GNODEID":"G-2.3","TAGID":"BA-2-10-2-0212","cat_id":"staff","type":"CD","date":44662,"category":"staff","association":"TH","highlight":{},"emphasize":"Y","dint":1649635200000,"age":"","index":69,"edges":[],"neighbors":[],"degree":0,"dstr":"2022-04-11"},{"SEQID":"EPI_ISL_12937536","GNODEID":"G-2","TAGID":"BA-2-10-2-0213","cat_id":"staff","type":"CD","date":44645,"category":"staff","association":"KN","highlight":{},"emphasize":"N","dint":1648166400000,"age":"","index":70,"edges":[],"neighbors":[],"degree":0,"dstr":"2022-03-25"},{"SEQID":"EPI_ISL_12946436","GNODEID":"G-2.25","TAGID":"BA-2-10-2-0214","cat_id":"staff","type":"CD","date":44655,"category":"staff","association":"CS","highlight":{},"emphasize":"N","dint":1649030400000,"age":"","index":71,"edges":[],"neighbors":[],"degree":0,"dstr":"2022-04-04"},{"SEQID":"EPI_ISL_12947338","GNODEID":"G-2","TAGID":"BA-2-10-2-0219","cat_id":"staff","type":"CD","date":44656,"category":"staff","association":"KS","highlight":{},"emphasize":"N","dint":1649116800000,"age":"","index":72,"edges":[],"neighbors":[],"degree":0,"dstr":"2022-04-05"},{"SEQID":"EPI_ISL_12947642","GNODEID":"G-2","TAGID":"BA-2-10-2-0225","cat_id":"client","type":"CD","date":44665,"category":"client","association":"KS","highlight":{},"emphasize":"N","dint":1649894400000,"age":"","index":73,"edges":[],"neighbors":[],"degree":0,"dstr":"2022-04-14"},{"SEQID":"EPI_ISL_12951342","GNODEID":"G-2.10","TAGID":"BA-2-10-2-0226","cat_id":"client","type":"CD","date":44666,"category":"client","association":"KS","highlight":{},"emphasize":"Y","dint":1649980800000,"age":"","index":74,"edges":[],"neighbors":[],"degree":0,"dstr":"2022-04-15"},{"SEQID":"EPI_ISL_12868244","GNODEID":"G-2.19","TAGID":"BA-2-10-2-0230","cat_id":"staff","type":"CD","date":44655,"category":"staff","association":"KS","highlight":{},"emphasize":"Y","dint":1649030400000,"age":"","index":75,"edges":[],"neighbors":[],"degree":0,"dstr":"2022-04-04"},{"SEQID":"EPI_ISL_12939344","GNODEID":"G-2","TAGID":"BA-2-10-2-0231","cat_id":"client","type":"CD","date":44666,"category":"client","association":"KS","highlight":{},"emphasize":"N","dint":1649980800000,"age":"","index":76,"edges":[],"neighbors":[],"degree":0,"dstr":"2022-04-15"},{"SEQID":"EPI_ISL_12939244","GNODEID":"G-2","TAGID":"BA-2-10-2-0232","cat_id":"client","type":"CD","date":44658,"category":"client","association":"KN","highlight":{},"emphasize":"Y","dint":1649289600000,"age":"","index":77,"edges":[],"neighbors":[],"degree":0,"dstr":"2022-04-07"},{"SEQID":"EPI_ISL_12939045","GNODEID":"G-2.16","TAGID":"BA-2-10-2-0234","cat_id":"staff","type":"CD","date":44658,"category":"staff","association":"KS","highlight":{},"emphasize":"Y","dint":1649289600000,"age":"","index":78,"edges":[],"neighbors":[],"degree":0,"dstr":"2022-04-07"},{"SEQID":"EPI_ISL_13091845","GNODEID":"G-2","TAGID":"BA-2-10-2-0235","cat_id":"staff","type":"CD","date":44664,"category":"staff","association":"KS","highlight":{},"emphasize":"Y","dint":1649808000000,"age":"","index":79,"edges":[],"neighbors":[],"degree":0,"dstr":"2022-04-13"},{"SEQID":"EPI_ISL_12627446","GNODEID":"G-2.14","TAGID":"BA-2-10-2-0236","cat_id":"client","type":"CD","date":44655,"category":"client","association":"KS","highlight":{},"emphasize":"Y","dint":1649030400000,"age":"","index":80,"edges":[],"neighbors":[],"degree":0,"dstr":"2022-04-04"},{"SEQID":"EPI_ISL_12040146","GNODEID":"G-2","TAGID":"BA-2-10-2-0237","cat_id":"staff","type":"CD","date":44628,"category":"staff","association":"KS","highlight":{},"emphasize":"Y","dint":1646697600000,"age":"","index":81,"edges":[],"neighbors":[],"degree":0,"dstr":"2022-03-08"},{"SEQID":"EPI_ISL_12937746","GNODEID":"G-2.21","TAGID":"BA-2-10-2-0238","cat_id":"client","type":"CD","date":44653,"category":"client","association":"KS","highlight":{},"emphasize":"Y","dint":1648857600000,"age":"","index":82,"edges":[],"neighbors":[],"degree":0,"dstr":"2022-04-02"},{"SEQID":"EPI_ISL_12946946","GNODEID":"G-2","TAGID":"BA-2-10-2-0239","cat_id":"client","type":"CD","date":44659,"category":"client","association":"なし","highlight":{},"emphasize":"Y","dint":1649376000000,"age":"","index":83,"edges":[],"neighbors":[],"degree":0,"dstr":"2022-04-08"},{"SEQID":"EPI_ISL_13213246","GNODEID":"G-2.16","TAGID":"BA-2-10-2-0240","cat_id":"staff","type":"CD","date":44661,"category":"staff","association":"KS","highlight":{},"emphasize":"N","dint":1649548800000,"age":"","index":84,"edges":[],"neighbors":[],"degree":0,"dstr":"2022-04-10"},{"SEQID":"EPI_ISL_12868347","GNODEID":"G-2","TAGID":"BA-2-10-2-0242","cat_id":"client","type":"CD","date":44657,"category":"client","association":"KS","highlight":{},"emphasize":"Y","dint":1649203200000,"age":"","index":85,"edges":[],"neighbors":[],"degree":0,"dstr":"2022-04-06"},{"SEQID":"EPI_ISL_12243847","GNODEID":"G-0","TAGID":"BA-2-10-2-0243","cat_id":"client","type":"CD","date":44635,"category":"client","association":"KS","highlight":{},"emphasize":"Y","dint":1647302400000,"age":"","index":86,"edges":[],"neighbors":[],"degree":0,"dstr":"2022-03-15"},{"SEQID":"EPI_ISL_12988149","GNODEID":"G-2","TAGID":"BA-2-10-2-0244","cat_id":"staff","type":"CD","date":44665,"category":"staff","association":"KN","highlight":{},"emphasize":"N","dint":1649894400000,"age":"","index":87,"edges":[],"neighbors":[],"degree":0,"dstr":"2022-04-14"},{"SEQID":"EPI_ISL_12604050","GNODEID":"G-2.3","TAGID":"BA-2-10-2-0245","cat_id":"client","type":"CD","date":44642,"category":"client","association":"TH","highlight":{},"emphasize":"Y","dint":1647907200000,"age":"","index":88,"edges":[],"neighbors":[],"degree":0,"dstr":"2022-03-22"},{"SEQID":"EPI_ISL_12627450","GNODEID":"G-2.13","TAGID":"BA-2-10-2-0246","cat_id":"client","type":"CD","date":44655,"category":"client","association":"KS","highlight":{},"emphasize":"N","dint":1649030400000,"age":"","index":89,"edges":[],"neighbors":[],"degree":0,"dstr":"2022-04-04"},{"SEQID":"EPI_ISL_12243850","GNODEID":"G-0","TAGID":"BA-2-10-2-0248","cat_id":"client","type":"CD","date":44636,"category":"client","association":"KS","highlight":{},"emphasize":"N","dint":1647388800000,"age":"","index":90,"edges":[],"neighbors":[],"degree":0,"dstr":"2022-03-16"},{"SEQID":"EPI_ISL_12947453","GNODEID":"G-2.20","TAGID":"BA-2-10-2-0254","cat_id":"staff","type":"CD","date":44644,"category":"staff","association":"KS","highlight":{},"emphasize":"N","dint":1648080000000,"age":"","index":91,"edges":[],"neighbors":[],"degree":0,"dstr":"2022-03-24"},{"SEQID":"EPI_ISL_12944854","GNODEID":"G-2","TAGID":"BA-2-10-2-0256","cat_id":"client","type":"CD","date":44659,"category":"client","association":"KN","highlight":{},"emphasize":"N","dint":1649376000000,"age":"","index":92,"edges":[],"neighbors":[],"degree":0,"dstr":"2022-04-08"},{"SEQID":"EPI_ISL_12604055","GNODEID":"G-2.3.3","TAGID":"BA-2-10-2-0257","cat_id":"client","type":"CD","date":44642,"category":"client","association":"TH","highlight":{},"emphasize":"N","dint":1647907200000,"age":"","index":93,"edges":[],"neighbors":[],"degree":0,"dstr":"2022-03-22"},{"SEQID":"EPI_ISL_12604058","GNODEID":"G-2.3","TAGID":"BA-2-10-2-0259","cat_id":"client","type":"CD","date":44642,"category":"client","association":"TH","highlight":{},"emphasize":"Y","dint":1647907200000,"age":"","index":94,"edges":[],"neighbors":[],"degree":0,"dstr":"2022-03-22"},{"SEQID":"EPI_ISL_12984864","GNODEID":"G-2.13","TAGID":"BA-2-10-2-0266","cat_id":"staff","type":"CD","date":44657,"category":"staff","association":"KS","highlight":{},"emphasize":"Y","dint":1649203200000,"age":"","index":95,"edges":[],"neighbors":[],"degree":0,"dstr":"2022-04-06"},{"SEQID":"EPI_ISL_11902215","GNODEID":"G-2","TAGID":"BA-2-10-2-0268","cat_id":"staff","type":"CD","date":44635,"category":"staff","association":"KS","highlight":{},"emphasize":"Y","dint":1647302400000,"age":"","index":96,"edges":[],"neighbors":[],"degree":0,"dstr":"2022-03-15"},{"SEQID":"EPI_ISL_12937765","GNODEID":"G-2.5","TAGID":"BA-2-10-2-0270","cat_id":"staff","type":"CD","date":44632,"category":"staff","association":"KS","highlight":{},"emphasize":"Y","dint":1647043200000,"age":"","index":97,"edges":[],"neighbors":[],"degree":0,"dstr":"2022-03-12"},{"SEQID":"EPI_ISL_12309572","GNODEID":"G-2.16","TAGID":"BA-2-10-2-0281","cat_id":"staff","type":"CD","date":44646,"category":"staff","association":"KS","highlight":{},"emphasize":"Y","dint":1648252800000,"age":"","index":98,"edges":[],"neighbors":[],"degree":0,"dstr":"2022-03-26"},{"SEQID":"EPI_ISL_12604075","GNODEID":"G-2.3","TAGID":"BA-2-10-2-0283","cat_id":"staff","type":"CD","date":44644,"category":"staff","association":"TH","highlight":{},"emphasize":"N","dint":1648080000000,"age":"","index":99,"edges":[],"neighbors":[],"degree":0,"dstr":"2022-03-24"},{"SEQID":"EPI_ISL_12627575","GNODEID":"G-2.11","TAGID":"BA-2-10-2-0284","cat_id":"staff","type":"CD","date":44657,"category":"staff","association":"KS","highlight":{},"emphasize":"N","dint":1649203200000,"age":"","index":100,"edges":[],"neighbors":[],"degree":0,"dstr":"2022-04-06"},{"SEQID":"EPI_ISL_12946375","GNODEID":"G-2","TAGID":"BA-2-10-2-0287","cat_id":"client","type":"CD","date":44647,"category":"client","association":"CS","highlight":{},"emphasize":"Y","dint":1648339200000,"age":"","index":101,"edges":[],"neighbors":[],"degree":0,"dstr":"2022-03-27"},{"SEQID":"EPI_ISL_12603976","GNODEID":"G-2.3","TAGID":"BA-2-10-2-0289","cat_id":"client","type":"CD","date":44631,"category":"client","association":"TH","highlight":{},"emphasize":"N","dint":1646956800000,"age":"","index":102,"edges":[],"neighbors":[],"degree":0,"dstr":"2022-03-11"},{"SEQID":"EPI_ISL_12604078","GNODEID":"G-2.3","TAGID":"BA-2-10-2-0297","cat_id":"staff","type":"CD","date":44645,"category":"staff","association":"TH","highlight":{},"emphasize":"Y","dint":1648166400000,"age":"","index":103,"edges":[],"neighbors":[],"degree":0,"dstr":"2022-03-25"},{"SEQID":"EPI_ISL_12627478","GNODEID":"G-2.19.1","TAGID":"BA-2-10-2-0298","cat_id":"client","type":"CD","date":44655,"category":"client","association":"KS","highlight":{},"emphasize":"Y","dint":1649030400000,"age":"","index":104,"edges":[],"neighbors":[],"degree":0,"dstr":"2022-04-04"},{"SEQID":"EPI_ISL_12952079","GNODEID":"G-2.11","TAGID":"BA-2-10-2-0302","cat_id":"client","type":"CD","date":44663,"category":"client","association":"なし","highlight":{},"emphasize":"Y","dint":1649721600000,"age":"","index":105,"edges":[],"neighbors":[],"degree":0,"dstr":"2022-04-12"},{"SEQID":"EPI_ISL_12868280","GNODEID":"G-2","TAGID":"BA-2-10-2-0304","cat_id":"staff","type":"CD","date":44657,"category":"staff","association":"KS","highlight":{},"emphasize":"N","dint":1649203200000,"age":"","index":106,"edges":[],"neighbors":[],"degree":0,"dstr":"2022-04-06"},{"SEQID":"EPI_ISL_12947580","GNODEID":"G-2","TAGID":"BA-2-10-2-0305","cat_id":"staff","type":"CD","date":44656,"category":"staff","association":"KS","highlight":{},"emphasize":"N","dint":1649116800000,"age":"","index":107,"edges":[],"neighbors":[],"degree":0,"dstr":"2022-04-05"},{"SEQID":"EPI_ISL_12939281","GNODEID":"G-2","TAGID":"BA-2-10-2-0310","cat_id":"client","type":"CD","date":44659,"category":"client","association":"KN","highlight":{},"emphasize":"N","dint":1649376000000,"age":"","index":108,"edges":[],"neighbors":[],"degree":0,"dstr":"2022-04-08"},{"SEQID":"EPI_ISL_12991781","GNODEID":"G-2.2","TAGID":"BA-2-10-2-0312","cat_id":"staff","type":"CD","date":44660,"category":"staff","association":"HO","highlight":{},"emphasize":"N","dint":1649462400000,"age":"","index":109,"edges":[],"neighbors":[],"degree":0,"dstr":"2022-04-09"},{"SEQID":"EPI_ISL_11710983","GNODEID":"G-2","TAGID":"BA-2-10-2-0316","cat_id":"client","type":"CD","date":44624,"category":"client","association":"OK","highlight":{},"emphasize":"Y","dint":1646352000000,"age":"","index":110,"edges":[],"neighbors":[],"degree":0,"dstr":"2022-03-04"},{"SEQID":"EPI_ISL_14088641","GNODEID":"G-2.26","TAGID":"BA-2-10-2-0319","cat_id":"client","type":"CD","date":44665,"category":"client","association":"KN","highlight":{},"emphasize":"N","dint":1649894400000,"age":"","index":111,"edges":[],"neighbors":[],"degree":0,"dstr":"2022-04-14"},{"SEQID":"EPI_ISL_14101478","GNODEID":"G-2","TAGID":"BA-2-10-2-0321","cat_id":"staff","type":"CD","date":44653,"category":"staff","association":"KN","highlight":{},"emphasize":"Y","dint":1648857600000,"age":"","index":112,"edges":[],"neighbors":[],"degree":0,"dstr":"2022-04-02"},{"SEQID":"EPI_ISL_14126610","GNODEID":"G-2.7","TAGID":"BA-2-10-2-0327","cat_id":"client","type":"CD","date":44661,"category":"client","association":"KS","highlight":{},"emphasize":"Y","dint":1649548800000,"age":"","index":113,"edges":[],"neighbors":[],"degree":0,"dstr":"2022-04-10"}],"edges":[{"LINKID":"L-1","TAG_from":"EPI_ISL_12868489","TAG_to":"EPI_ISL_12626477","label":"家族","src":-1,"dst":-1}],"epi":[{"SEQID":"EPI_ISL_12243847","GNODEID":"G-0"},{"SEQID":"EPI_ISL_12041016","GNODEID":"G-0"},{"SEQID":"EPI_ISL_12243850","GNODEID":"G-0"},{"SEQID":"REF","GNODEID":"G-1"},{"SEQID":"EPI_ISL_11716866","GNODEID":"G-2"},{"SEQID":"EPI_ISL_13576063","GNODEID":"G-2"},{"SEQID":"EPI_ISL_12946375","GNODEID":"G-2"},{"SEQID":"EPI_ISL_12944391","GNODEID":"G-2"},{"SEQID":"EPI_ISL_12627433","GNODEID":"G-2"},{"SEQID":"EPI_ISL_12937536","GNODEID":"G-2"},{"SEQID":"EPI_ISL_12939244","GNODEID":"G-2"},{"SEQID":"EPI_ISL_12626564","GNODEID":"G-2"},{"SEQID":"EPI_ISL_12939344","GNODEID":"G-2"},{"SEQID":"EPI_ISL_13414633","GNODEID":"G-2"},{"SEQID":"EPI_ISL_12683608","GNODEID":"G-2"},{"SEQID":"EPI_ISL_12947580","GNODEID":"G-2"},{"SEQID":"EPI_ISL_12985002","GNODEID":"G-2"},{"SEQID":"EPI_ISL_12988149","GNODEID":"G-2"},{"SEQID":"EPI_ISL_12947499","GNODEID":"G-2"},{"SEQID":"EPI_ISL_12626715","GNODEID":"G-2"},{"SEQID":"EPI_ISL_12040146","GNODEID":"G-2"},{"SEQID":"EPI_ISL_12986493","GNODEID":"G-2"},{"SEQID":"EPI_ISL_12868280","GNODEID":"G-2"},{"SEQID":"EPI_ISL_12332728","GNODEID":"G-2"},{"SEQID":"EPI_ISL_12685322","GNODEID":"G-2"},{"SEQID":"EPI_ISL_12984174","GNODEID":"G-2"},{"SEQID":"EPI_ISL_11902215","GNODEID":"G-2"},{"SEQID":"EPI_ISL_12902722","GNODEID":"G-2"},{"SEQID":"EPI_ISL_12947642","GNODEID":"G-2"},{"SEQID":"EPI_ISL_12939281","GNODEID":"G-2"},{"SEQID":"EPI_ISL_12626477","GNODEID":"G-2"},{"SEQID":"EPI_ISL_13576454","GNODEID":"G-2"},{"SEQID":"EPI_ISL_14101478","GNODEID":"G-2"},{"SEQID":"EPI_ISL_12944854","GNODEID":"G-2"},{"SEQID":"EPI_ISL_13091845","GNODEID":"G-2"},{"SEQID":"EPI_ISL_12952103","GNODEID":"G-2"},{"SEQID":"EPI_ISL_12685030","GNODEID":"G-2"},{"SEQID":"EPI_ISL_12983759","GNODEID":"G-2"},{"SEQID":"EPI_ISL_12937882","GNODEID":"G-2"},{"SEQID":"EPI_ISL_12946946","GNODEID":"G-2"},{"SEQID":"EPI_ISL_11710983","GNODEID":"G-2"},{"SEQID":"EPI_ISL_12952085","GNODEID":"G-2"},{"SEQID":"EPI_ISL_12946400","GNODEID":"G-2"},{"SEQID":"EPI_ISL_12951084","GNODEID":"G-2"},{"SEQID":"EPI_ISL_12685295","GNODEID":"G-2"},{"SEQID":"EPI_ISL_12990128","GNODEID":"G-2"},{"SEQID":"EPI_ISL_13091213","GNODEID":"G-2"},{"SEQID":"EPI_ISL_12943697","GNODEID":"G-2"},{"SEQID":"EPI_ISL_12946500","GNODEID":"G-2"},{"SEQID":"EPI_ISL_12309413","GNODEID":"G-2"},{"SEQID":"EPI_ISL_12947338","GNODEID":"G-2"},{"SEQID":"EPI_ISL_12868347","GNODEID":"G-2"},{"SEQID":"EPI_ISL_12937480","GNODEID":"G-2"},{"SEQID":"EPI_ISL_12985422","GNODEID":"G-2"},{"SEQID":"EPI_ISL_12986089","GNODEID":"G-2"},{"SEQID":"EPI_ISL_12986120","GNODEID":"G-2"},{"SEQID":"EPI_ISL_12897832","GNODEID":"G-2"},{"SEQID":"EPI_ISL_13090828","GNODEID":"G-2"},{"SEQID":"EPI_ISL_12938392","GNODEID":"G-2"},{"SEQID":"EPI_ISL_12939339","GNODEID":"G-2"},{"SEQID":"EPI_ISL_12937894","GNODEID":"G-2"},{"SEQID":"EPI_ISL_12938759","GNODEID":"G-2.1"},{"SEQID":"EPI_ISL_12991781","GNODEID":"G-2.2"},{"SEQID":"EPI_ISL_12603976","GNODEID":"G-2.3"},{"SEQID":"EPI_ISL_12604020","GNODEID":"G-2.3"},{"SEQID":"EPI_ISL_12604076","GNODEID":"G-2.3"},{"SEQID":"EPI_ISL_12604075","GNODEID":"G-2.3"},{"SEQID":"EPI_ISL_12604050","GNODEID":"G-2.3"},{"SEQID":"EPI_ISL_12604019","GNODEID":"G-2.3"},{"SEQID":"EPI_ISL_12603983","GNODEID":"G-2.3"},{"SEQID":"EPI_ISL_13234634","GNODEID":"G-2.3"},{"SEQID":"EPI_ISL_12604078","GNODEID":"G-2.3"},{"SEQID":"EPI_ISL_12604058","GNODEID":"G-2.3"},{"SEQID":"EPI_ISL_12604013","GNODEID":"G-2.3"},{"SEQID":"EPI_ISL_12604014","GNODEID":"G-2.3"},{"SEQID":"EPI_ISL_13234635","GNODEID":"G-2.3.1"},{"SEQID":"EPI_ISL_12604054","GNODEID":"G-2.3.2"},{"SEQID":"EPI_ISL_12604055","GNODEID":"G-2.3.3"},{"SEQID":"EPI_ISL_13213248","GNODEID":"G-2.4"},{"SEQID":"EPI_ISL_12937765","GNODEID":"G-2.5"},{"SEQID":"EPI_ISL_12040103","GNODEID":"G-2.6"},{"SEQID":"EPI_ISL_14126610","GNODEID":"G-2.7"},{"SEQID":"EPI_ISL_13211304","GNODEID":"G-2.8"},{"SEQID":"EPI_ISL_12938523","GNODEID":"G-2.9"},{"SEQID":"EPI_ISL_12986486","GNODEID":"G-2.10"},{"SEQID":"EPI_ISL_12951342","GNODEID":"G-2.10"},{"SEQID":"EPI_ISL_12627422","GNODEID":"G-2.11"},{"SEQID":"EPI_ISL_12952079","GNODEID":"G-2.11"},{"SEQID":"EPI_ISL_12627575","GNODEID":"G-2.11"},{"SEQID":"EPI_ISL_12685039","GNODEID":"G-2.11"},{"SEQID":"EPI_ISL_12986825","GNODEID":"G-2.12"},{"SEQID":"EPI_ISL_12627450","GNODEID":"G-2.13"},{"SEQID":"EPI_ISL_12984864","GNODEID":"G-2.13"},{"SEQID":"EPI_ISL_12627446","GNODEID":"G-2.14"},{"SEQID":"EPI_ISL_12036417","GNODEID":"G-2.15"},{"SEQID":"EPI_ISL_12309572","GNODEID":"G-2.16"},{"SEQID":"EPI_ISL_13213246","GNODEID":"G-2.16"},{"SEQID":"EPI_ISL_12684363","GNODEID":"G-2.16"},{"SEQID":"EPI_ISL_12868518","GNODEID":"G-2.16"},{"SEQID":"EPI_ISL_12939045","GNODEID":"G-2.16"},{"SEQID":"EPI_ISL_12986485","GNODEID":"G-2.17"},{"SEQID":"EPI_ISL_13414543","GNODEID":"G-2.18"},{"SEQID":"EPI_ISL_12868244","GNODEID":"G-2.19"},{"SEQID":"EPI_ISL_12627478","GNODEID":"G-2.19.1"},{"SEQID":"EPI_ISL_12947453","GNODEID":"G-2.20"},{"SEQID":"EPI_ISL_13213451","GNODEID":"G-2.20"},{"SEQID":"EPI_ISL_12988083","GNODEID":"G-2.20.1"},{"SEQID":"EPI_ISL_13213452","GNODEID":"G-2.20.2"},{"SEQID":"EPI_ISL_12937746","GNODEID":"G-2.21"},{"SEQID":"EPI_ISL_12944392","GNODEID":"G-2.22"},{"SEQID":"EPI_ISL_12987821","GNODEID":"G-2.23"},{"SEQID":"EPI_ISL_13090908","GNODEID":"G-2.24"},{"SEQID":"EPI_ISL_12946436","GNODEID":"G-2.25"},{"SEQID":"EPI_ISL_14088641","GNODEID":"G-2.26"},{"SEQID":"EPI_ISL_12937299","GNODEID":"G-2.27"}],"tree":[{"label":"G-0","length":0,"edges":["G-1","G-2"],"subs":0},{"label":"G-1","length":0.0453728282,"edges":[],"subs":28},{"label":"G-2","length":0.0032846330000000003,"edges":["G-2.1","G-2.2","G-2.3","G-2.4","G-2.5","G-2.6","G-2.7","G-2.8","G-2.9","G-2.10","G-2.11","G-2.12","G-2.13","G-2.14","G-2.15","G-2.16","G-2.17","G-2.18","G-2.19","G-2.20","G-2.21","G-2.22","G-2.23","G-2.24","G-2.25","G-2.26","G-2.27"],"subs":2},{"label":"G-2.1","length":0.0016601858999999999,"edges":[],"subs":1},{"label":"G-2.2","length":0.0016677698999999994,"edges":[],"subs":1},{"label":"G-2.3","length":0.0024936834000000006,"edges":["G-2.3.1","G-2.3.2","G-2.3.3"],"subs":1},{"label":"G-2.3.1","length":0.0033120384000000004,"edges":[],"subs":2},{"label":"G-2.3.2","length":0.0033138004,"edges":[],"subs":2},{"label":"G-2.3.3","length":0.0033132565,"edges":[],"subs":2},{"label":"G-2.4","length":0.0024930639000000005,"edges":[],"subs":1},{"label":"G-2.5","length":0.0016720365,"edges":[],"subs":1},{"label":"G-2.6","length":0.0016705912999999998,"edges":[],"subs":1},{"label":"G-2.7","length":0.0016727537000000002,"edges":[],"subs":1},{"label":"G-2.8","length":0.0033319997,"edges":[],"subs":2},{"label":"G-2.9","length":0.0024906768,"edges":[],"subs":1},{"label":"G-2.10","length":0.0016651452,"edges":[],"subs":1},{"label":"G-2.11","length":0.0016741359999999997,"edges":[],"subs":1},{"label":"G-2.12","length":0.0025044349,"edges":[],"subs":1},{"label":"G-2.13","length":0.0016711581000000003,"edges":[],"subs":1},{"label":"G-2.14","length":0.004163998500000001,"edges":[],"subs":2},{"label":"G-2.15","length":0.0025038465,"edges":[],"subs":1},{"label":"G-2.16","length":0.0016771198000000004,"edges":[],"subs":1},{"label":"G-2.17","length":0.0025058548,"edges":[],"subs":1},{"label":"G-2.18","length":0.0016699688000000002,"edges":[],"subs":1},{"label":"G-2.19","length":0.0025063174000000002,"edges":["G-2.19.1"],"subs":1},{"label":"G-2.19.1","length":0.0016560733,"edges":[],"subs":1},{"label":"G-2.20","length":0.0041658598,"edges":["G-2.20.1","G-2.20.2"],"subs":2},{"label":"G-2.20.1","length":0.0024941707,"edges":[],"subs":1},{"label":"G-2.20.2","length":0.0033158796,"edges":[],"subs":2},{"label":"G-2.21","length":0.0033260805,"edges":[],"subs":2},{"label":"G-2.22","length":0.0024941827,"edges":[],"subs":1},{"label":"G-2.23","length":0.0033272339000000005,"edges":[],"subs":2},{"label":"G-2.24","length":0.0024940553,"edges":[],"subs":1},{"label":"G-2.25","length":0.0024941377000000002,"edges":[],"subs":1},{"label":"G-2.26","length":0.0033234333000000003,"edges":[],"subs":2},{"label":"G-2.27","length":0.0024883776,"edges":[],"subs":1}],"dist":{"period":14.55054538567698,"phase":13.55054538567698,"interval":0.00010986144931506849}}