{"nodes":[{"SEQID":"EPI_ISL_11826695","GNODEID":"G-8.5","TAGID":"BA-2-3-2-0004","cat_id":"staff","type":"CD","date":44641,"category":"staff","highlight":{},"emphasize":"Y","dint":1647820800000,"age":"","association":0,"index":0,"edges":[],"neighbors":[],"degree":0,"dstr":"2022-03-21","sex":""},{"SEQID":"EPI_ISL_11725597","GNODEID":"G-8.29","TAGID":"BA-2-3-2-0007","cat_id":"staff","type":"CD","date":44634,"category":"staff","highlight":{},"emphasize":"Y","dint":1647216000000,"age":"","association":0,"index":1,"edges":[],"neighbors":[],"degree":0,"dstr":"2022-03-14","sex":""},{"SEQID":"EPI_ISL_11725399","GNODEID":"G-8.7","TAGID":"BA-2-3-2-0008","cat_id":"staff","type":"CD","date":44629,"category":"staff","highlight":{},"emphasize":"N","dint":1646784000000,"age":"","association":0,"index":2,"edges":[],"neighbors":[],"degree":0,"dstr":"2022-03-09","sex":""},{"SEQID":"EPI_ISL_11725756","GNODEID":"G-8.14","TAGID":"BA-2-3-2-0009","cat_id":"staff","type":"CD","date":44635,"category":"staff","highlight":{},"emphasize":"N","dint":1647302400000,"age":"","association":0,"index":3,"edges":[],"neighbors":[],"degree":0,"dstr":"2022-03-15","sex":""},{"SEQID":"EPI_ISL_11725355","GNODEID":"G-8.10","TAGID":"BA-2-3-2-0011","cat_id":"client","type":"CD","date":44629,"category":"client","highlight":{},"emphasize":"N","dint":1646784000000,"age":"","association":0,"index":4,"edges":[],"neighbors":[],"degree":0,"dstr":"2022-03-09","sex":""},{"SEQID":"EPI_ISL_11725357","GNODEID":"G-8.8","TAGID":"BA-2-3-2-0012","cat_id":"staff","type":"CD","date":44629,"category":"staff","highlight":{},"emphasize":"Y","dint":1646784000000,"age":"","association":0,"index":5,"edges":[],"neighbors":[],"degree":0,"dstr":"2022-03-09","sex":""},{"SEQID":"EPI_ISL_11826429","GNODEID":"G-8","TAGID":"BA-2-3-2-0014","cat_id":"staff","type":"CD","date":44638,"category":"staff","highlight":{},"emphasize":"Y","dint":1647561600000,"age":"","association":0,"index":6,"edges":[],"neighbors":[],"degree":0,"dstr":"2022-03-18","sex":""},{"SEQID":"EPI_ISL_11826517","GNODEID":"G-2","TAGID":"BA-2-3-2-0015","cat_id":"client","type":"CD","date":44639,"category":"client","highlight":{},"emphasize":"Y","dint":1647648000000,"age":"","association":0,"index":7,"edges":[],"neighbors":[],"degree":0,"dstr":"2022-03-19","sex":""},{"SEQID":"EPI_ISL_11826559","GNODEID":"G-8.9","TAGID":"BA-2-3-2-0021","cat_id":"staff","type":"CD","date":44640,"category":"staff","highlight":{},"emphasize":"N","dint":1647734400000,"age":"","association":0,"index":8,"edges":[],"neighbors":[],"degree":0,"dstr":"2022-03-20","sex":""},{"SEQID":"EPI_ISL_11826794","GNODEID":"G-8.26.2","TAGID":"BA-2-3-2-0022","cat_id":"staff","type":"CD","date":44644,"category":"staff","highlight":{},"emphasize":"N","dint":1648080000000,"age":"","association":0,"index":9,"edges":[],"neighbors":[],"degree":0,"dstr":"2022-03-24","sex":""},{"SEQID":"EPI_ISL_11826629","GNODEID":"G-8.16","TAGID":"BA-2-3-2-0023","cat_id":"client","type":"CD","date":44642,"category":"client","highlight":{},"emphasize":"Y","dint":1647907200000,"age":"","association":0,"index":10,"edges":[],"neighbors":[],"degree":0,"dstr":"2022-03-22","sex":""},{"SEQID":"EPI_ISL_11826474","GNODEID":"G-8.19.2","TAGID":"BA-2-3-2-0024","cat_id":"staff","type":"CD","date":44637,"category":"staff","highlight":{},"emphasize":"Y","dint":1647475200000,"age":"","association":0,"index":11,"edges":[],"neighbors":[],"degree":0,"dstr":"2022-03-17","sex":""},{"SEQID":"EPI_ISL_11725673","GNODEID":"G-8.21","TAGID":"BA-2-3-2-0026","cat_id":"client","type":"CD","date":44633,"category":"client","highlight":{},"emphasize":"N","dint":1647129600000,"age":"","association":0,"index":12,"edges":[],"neighbors":[],"degree":0,"dstr":"2022-03-13","sex":""},{"SEQID":"EPI_ISL_11826799","GNODEID":"G-8.6","TAGID":"BA-2-3-2-0027","cat_id":"client","type":"CD","date":44644,"category":"client","highlight":{},"emphasize":"N","dint":1648080000000,"age":"","association":0,"index":13,"edges":[],"neighbors":[],"degree":0,"dstr":"2022-03-24","sex":""},{"SEQID":"EPI_ISL_11826716","GNODEID":"G-8.26.1","TAGID":"BA-2-3-2-0028","cat_id":"client","type":"CD","date":44639,"category":"client","highlight":{},"emphasize":"N","dint":1647648000000,"age":"","association":0,"index":14,"edges":[],"neighbors":[],"degree":0,"dstr":"2022-03-19","sex":""},{"SEQID":"EPI_ISL_11725316","GNODEID":"G-8.13","TAGID":"BA-2-3-2-0029","cat_id":"staff","type":"CD","date":44627,"category":"staff","highlight":{},"emphasize":"N","dint":1646611200000,"age":"","association":0,"index":15,"edges":[],"neighbors":[],"degree":0,"dstr":"2022-03-07","sex":""},{"SEQID":"EPI_ISL_11725417","GNODEID":"G-8.32","TAGID":"BA-2-3-2-0030","cat_id":"client","type":"CD","date":44630,"category":"client","highlight":{},"emphasize":"Y","dint":1646870400000,"age":"","association":0,"index":16,"edges":[],"neighbors":[],"degree":0,"dstr":"2022-03-10","sex":""},{"SEQID":"EPI_ISL_11826600","GNODEID":"G-8.30","TAGID":"BA-2-3-2-0031","cat_id":"staff","type":"CD","date":44641,"category":"staff","highlight":{},"emphasize":"N","dint":1647820800000,"age":"","association":0,"index":17,"edges":[],"neighbors":[],"degree":0,"dstr":"2022-03-21","sex":""},{"SEQID":"EPI_ISL_11826700","GNODEID":"G-8.33","TAGID":"BA-2-3-2-0032","cat_id":"staff","type":"CD","date":44641,"category":"staff","highlight":{},"emphasize":"Y","dint":1647820800000,"age":"","association":0,"index":18,"edges":[],"neighbors":[],"degree":0,"dstr":"2022-03-21","sex":""},{"SEQID":"EPI_ISL_11826701","GNODEID":"G-8.25.1","TAGID":"BA-2-3-2-0034","cat_id":"client","type":"CD","date":44641,"category":"client","highlight":{},"emphasize":"Y","dint":1647820800000,"age":"","association":0,"index":19,"edges":[],"neighbors":[],"degree":0,"dstr":"2022-03-21","sex":""},{"SEQID":"EPI_ISL_11725705","GNODEID":"G-8.20","TAGID":"BA-2-3-2-0039","cat_id":"client","type":"CD","date":44633,"category":"client","highlight":{},"emphasize":"Y","dint":1647129600000,"age":"","association":0,"index":20,"edges":[],"neighbors":[],"degree":0,"dstr":"2022-03-13","sex":""},{"SEQID":"EPI_ISL_11826805","GNODEID":"G-9","TAGID":"BA-2-3-2-0040","cat_id":"staff","type":"CD","date":44644,"category":"staff","highlight":{},"emphasize":"Y","dint":1648080000000,"age":"","association":0,"index":21,"edges":[],"neighbors":[],"degree":0,"dstr":"2022-03-24","sex":""},{"SEQID":"EPI_ISL_11725407","GNODEID":"G-8","TAGID":"BA-2-3-2-0042","cat_id":"client","type":"CD","date":44630,"category":"client","highlight":{},"emphasize":"Y","dint":1646870400000,"age":"","association":0,"index":22,"edges":[],"neighbors":[],"degree":0,"dstr":"2022-03-10","sex":""},{"SEQID":"EPI_ISL_11826612","GNODEID":"G-8.31","TAGID":"BA-2-3-2-0044","cat_id":"client","type":"CD","date":44641,"category":"client","highlight":{},"emphasize":"Y","dint":1647820800000,"age":"","association":0,"index":23,"edges":[],"neighbors":[],"degree":0,"dstr":"2022-03-21","sex":""},{"SEQID":"EPI_ISL_11725313","GNODEID":"G-0","TAGID":"BA-2-3-2-0045","cat_id":"staff","type":"CD","date":44627,"category":"staff","highlight":{},"emphasize":"Y","dint":1646611200000,"age":"","association":0,"index":24,"edges":[],"neighbors":[],"degree":0,"dstr":"2022-03-07","sex":""},{"SEQID":"EPI_ISL_11725314","GNODEID":"G-8","TAGID":"BA-2-3-2-0047","cat_id":"client","type":"CD","date":44627,"category":"client","highlight":{},"emphasize":"N","dint":1646611200000,"age":"","association":0,"index":25,"edges":[],"neighbors":[],"degree":0,"dstr":"2022-03-07","sex":""},{"SEQID":"EPI_ISL_11826719","GNODEID":"G-8.17","TAGID":"BA-2-3-2-0048","cat_id":"staff","type":"CD","date":44638,"category":"staff","highlight":{},"emphasize":"N","dint":1647561600000,"age":"","association":0,"index":26,"edges":[],"neighbors":[],"degree":0,"dstr":"2022-03-18","sex":""},{"SEQID":"EPI_ISL_11826720","GNODEID":"G-8.27","TAGID":"BA-2-3-2-0049","cat_id":"client","type":"CD","date":44638,"category":"client","highlight":{},"emphasize":"Y","dint":1647561600000,"age":"","association":0,"index":27,"edges":[],"neighbors":[],"degree":0,"dstr":"2022-03-18","sex":""},{"SEQID":"EPI_ISL_11826724","GNODEID":"G-8.25","TAGID":"BA-2-3-2-0052","cat_id":"client","type":"CD","date":44638,"category":"client","highlight":{},"emphasize":"N","dint":1647561600000,"age":"","association":0,"index":28,"edges":[],"neighbors":[],"degree":0,"dstr":"2022-03-18","sex":""},{"SEQID":"EPI_ISL_11725626","GNODEID":"G-8.22","TAGID":"BA-2-3-2-0053","cat_id":"staff","type":"CD","date":44631,"category":"staff","highlight":{},"emphasize":"Y","dint":1646956800000,"age":"","association":0,"index":29,"edges":[],"neighbors":[],"degree":0,"dstr":"2022-03-11","sex":""},{"SEQID":"EPI_ISL_11725429","GNODEID":"G-8.11","TAGID":"BA-2-3-2-0054","cat_id":"staff","type":"CD","date":44630,"category":"staff","highlight":{},"emphasize":"Y","dint":1646870400000,"age":"","association":0,"index":30,"edges":[],"neighbors":[],"degree":0,"dstr":"2022-03-10","sex":""},{"SEQID":"EPI_ISL_11725330","GNODEID":"G-8.4","TAGID":"BA-2-3-2-0055","cat_id":"client","type":"CD","date":44628,"category":"client","highlight":{},"emphasize":"Y","dint":1646697600000,"age":"","association":0,"index":31,"edges":[],"neighbors":[],"degree":0,"dstr":"2022-03-08","sex":""},{"SEQID":"EPI_ISL_11826631","GNODEID":"G-8.24","TAGID":"BA-2-3-2-0057","cat_id":"staff","type":"CD","date":44642,"category":"staff","highlight":{},"emphasize":"N","dint":1647907200000,"age":"","association":0,"index":32,"edges":[],"neighbors":[],"degree":0,"dstr":"2022-03-22","sex":""},{"SEQID":"EPI_ISL_11725837","GNODEID":"G-8.1","TAGID":"BA-2-3-2-0061","cat_id":"staff","type":"CD","date":44636,"category":"staff","highlight":{},"emphasize":"N","dint":1647388800000,"age":"","association":0,"index":33,"edges":[],"neighbors":[],"degree":0,"dstr":"2022-03-16","sex":""},{"SEQID":"EPI_ISL_11826437","GNODEID":"G-5","TAGID":"BA-2-3-2-0062","cat_id":"staff","type":"CD","date":44638,"category":"staff","highlight":{},"emphasize":"N","dint":1647561600000,"age":"","association":0,"index":34,"edges":[],"neighbors":[],"degree":0,"dstr":"2022-03-18","sex":""},{"SEQID":"EPI_ISL_11826737","GNODEID":"G-8.34","TAGID":"BA-2-3-2-0063","cat_id":"staff","type":"CD","date":44640,"category":"staff","highlight":{},"emphasize":"N","dint":1647734400000,"age":"","association":0,"index":35,"edges":[],"neighbors":[],"degree":0,"dstr":"2022-03-20","sex":""},{"SEQID":"EPI_ISL_11725341","GNODEID":"G-8.23","TAGID":"BA-2-3-2-0066","cat_id":"client","type":"CD","date":44628,"category":"client","highlight":{},"emphasize":"N","dint":1646697600000,"age":"","association":0,"index":36,"edges":[],"neighbors":[],"degree":0,"dstr":"2022-03-08","sex":""},{"SEQID":"EPI_ISL_11826543","GNODEID":"G-4","TAGID":"BA-2-3-2-0067","cat_id":"staff","type":"CD","date":44640,"category":"staff","highlight":{},"emphasize":"Y","dint":1647734400000,"age":"","association":0,"index":37,"edges":[],"neighbors":[],"degree":0,"dstr":"2022-03-20","sex":""},{"SEQID":"EPI_ISL_11725544","GNODEID":"G-8.15","TAGID":"BA-2-3-2-0068","cat_id":"staff","type":"CD","date":44631,"category":"staff","highlight":{},"emphasize":"N","dint":1646956800000,"age":"","association":0,"index":38,"edges":[],"neighbors":[],"degree":0,"dstr":"2022-03-11","sex":""},{"SEQID":"EPI_ISL_11725747","GNODEID":"G-8.12","TAGID":"BA-2-3-2-0069","cat_id":"client","type":"CD","date":44635,"category":"client","highlight":{},"emphasize":"Y","dint":1647302400000,"age":"","association":0,"index":39,"edges":[],"neighbors":[],"degree":0,"dstr":"2022-03-15","sex":""},{"SEQID":"EPI_ISL_11725651","GNODEID":"G-8.3","TAGID":"BA-2-3-2-0070","cat_id":"client","type":"CD","date":44632,"category":"client","highlight":{},"emphasize":"N","dint":1647043200000,"age":"","association":0,"index":40,"edges":[],"neighbors":[],"degree":0,"dstr":"2022-03-12","sex":""},{"SEQID":"EPI_ISL_11826854","GNODEID":"G-8.18","TAGID":"BA-2-3-2-0071","cat_id":"client","type":"CD","date":44643,"category":"client","highlight":{},"emphasize":"Y","dint":1647993600000,"age":"","association":0,"index":41,"edges":[],"neighbors":[],"degree":0,"dstr":"2022-03-23","sex":""},{"SEQID":"EPI_ISL_11725754","GNODEID":"G-8.19.1","TAGID":"BA-2-3-2-0072","cat_id":"client","type":"CD","date":44635,"category":"client","highlight":{},"emphasize":"Y","dint":1647302400000,"age":"","association":0,"index":42,"edges":[],"neighbors":[],"degree":0,"dstr":"2022-03-15","sex":""},{"SEQID":"EPI_ISL_11725755","GNODEID":"G-8.28","TAGID":"BA-2-3-2-0073","cat_id":"client","type":"CD","date":44635,"category":"client","highlight":{},"emphasize":"N","dint":1647302400000,"age":"","association":0,"index":43,"edges":[],"neighbors":[],"degree":0,"dstr":"2022-03-15","sex":""},{"SEQID":"EPI_ISL_11826464","GNODEID":"G-8.2","TAGID":"BA-2-3-2-0074","cat_id":"staff","type":"CD","date":44637,"category":"staff","highlight":{},"emphasize":"N","dint":1647475200000,"age":"","association":0,"index":44,"edges":[],"neighbors":[],"degree":0,"dstr":"2022-03-17","sex":""},{"SEQID":"EPI_ISL_11826764","GNODEID":"G-3","TAGID":"BA-2-3-2-0075","cat_id":"staff","type":"CD","date":44643,"category":"staff","highlight":{},"emphasize":"Y","dint":1647993600000,"age":"","association":0,"index":45,"edges":[],"neighbors":[],"degree":0,"dstr":"2022-03-23","sex":""},{"SEQID":"EPI_ISL_11725766","GNODEID":"G-7","TAGID":"BA-2-3-2-0076","cat_id":"staff","type":"CD","date":44636,"category":"staff","highlight":{},"emphasize":"Y","dint":1647388800000,"age":"","association":0,"index":46,"edges":[],"neighbors":[],"degree":0,"dstr":"2022-03-16","sex":""},{"SEQID":"EPI_ISL_11826784","GNODEID":"G-6","TAGID":"BA-2-3-2-0078","cat_id":"client","type":"CD","date":44644,"category":"client","highlight":{},"emphasize":"N","dint":1648080000000,"age":"","association":0,"index":47,"edges":[],"neighbors":[],"degree":0,"dstr":"2022-03-24","sex":""}],"edges":[{"LINKID":"L-1","TAG_from":"EPI_ISL_11725597","TAG_to":"EPI_ISL_11725407","label":"家族","src":-1,"dst":-1}],"epi":[{"SEQID":"EPI_ISL_11725313","GNODEID":"G-0"},{"SEQID":"REF","GNODEID":"G-1"},{"SEQID":"EPI_ISL_11826517","GNODEID":"G-2"},{"SEQID":"EPI_ISL_11826764","GNODEID":"G-3"},{"SEQID":"EPI_ISL_11826543","GNODEID":"G-4"},{"SEQID":"EPI_ISL_11826437","GNODEID":"G-5"},{"SEQID":"EPI_ISL_11826784","GNODEID":"G-6"},{"SEQID":"EPI_ISL_11725766","GNODEID":"G-7"},{"SEQID":"EPI_ISL_11725314","GNODEID":"G-8"},{"SEQID":"EPI_ISL_11826429","GNODEID":"G-8"},{"SEQID":"EPI_ISL_11725407","GNODEID":"G-8"},{"SEQID":"EPI_ISL_11725837","GNODEID":"G-8.1"},{"SEQID":"EPI_ISL_11826464","GNODEID":"G-8.2"},{"SEQID":"EPI_ISL_11725651","GNODEID":"G-8.3"},{"SEQID":"EPI_ISL_11725330","GNODEID":"G-8.4"},{"SEQID":"EPI_ISL_11826695","GNODEID":"G-8.5"},{"SEQID":"EPI_ISL_11826799","GNODEID":"G-8.6"},{"SEQID":"EPI_ISL_11725399","GNODEID":"G-8.7"},{"SEQID":"EPI_ISL_11725357","GNODEID":"G-8.8"},{"SEQID":"EPI_ISL_11826559","GNODEID":"G-8.9"},{"SEQID":"EPI_ISL_11725355","GNODEID":"G-8.10"},{"SEQID":"EPI_ISL_11725429","GNODEID":"G-8.11"},{"SEQID":"EPI_ISL_11725747","GNODEID":"G-8.12"},{"SEQID":"EPI_ISL_11725316","GNODEID":"G-8.13"},{"SEQID":"EPI_ISL_11725756","GNODEID":"G-8.14"},{"SEQID":"EPI_ISL_11725544","GNODEID":"G-8.15"},{"SEQID":"EPI_ISL_11826629","GNODEID":"G-8.16"},{"SEQID":"EPI_ISL_11826719","GNODEID":"G-8.17"},{"SEQID":"EPI_ISL_11826854","GNODEID":"G-8.18"},{"SEQID":"EPI_ISL_11725754","GNODEID":"G-8.19.1"},{"SEQID":"EPI_ISL_11826474","GNODEID":"G-8.19.2"},{"SEQID":"EPI_ISL_11725705","GNODEID":"G-8.20"},{"SEQID":"EPI_ISL_11725673","GNODEID":"G-8.21"},{"SEQID":"EPI_ISL_11725626","GNODEID":"G-8.22"},{"SEQID":"EPI_ISL_11725341","GNODEID":"G-8.23"},{"SEQID":"EPI_ISL_11826631","GNODEID":"G-8.24"},{"SEQID":"EPI_ISL_11826724","GNODEID":"G-8.25"},{"SEQID":"EPI_ISL_11826701","GNODEID":"G-8.25.1"},{"SEQID":"EPI_ISL_11826716","GNODEID":"G-8.26.1"},{"SEQID":"EPI_ISL_11826794","GNODEID":"G-8.26.2"},{"SEQID":"EPI_ISL_11826720","GNODEID":"G-8.27"},{"SEQID":"EPI_ISL_11725755","GNODEID":"G-8.28"},{"SEQID":"EPI_ISL_11725597","GNODEID":"G-8.29"},{"SEQID":"EPI_ISL_11826600","GNODEID":"G-8.30"},{"SEQID":"EPI_ISL_11826612","GNODEID":"G-8.31"},{"SEQID":"EPI_ISL_11725417","GNODEID":"G-8.32"},{"SEQID":"EPI_ISL_11826700","GNODEID":"G-8.33"},{"SEQID":"EPI_ISL_11826737","GNODEID":"G-8.34"},{"SEQID":"EPI_ISL_11826805","GNODEID":"G-9"}],"tree":[{"label":"G-0","length":0,"edges":["G-1","G-2","G-3","G-4","G-5","G-6","G-7","G-8","G-9"],"subs":0},{"label":"G-1","length":0.0233052838,"edges":[],"subs":59},{"label":"G-2","length":0.0016984584,"edges":[],"subs":4},{"label":"G-3","length":0.00042463,"edges":[],"subs":1},{"label":"G-4","length":0.0004249824,"edges":[],"subs":1},{"label":"G-5","length":0.0004251359,"edges":[],"subs":1},{"label":"G-6","length":0.0008500582999999999,"edges":[],"subs":2},{"label":"G-7","length":0.0004254696000000001,"edges":[],"subs":1},{"label":"G-8","length":0.0004256426000000001,"edges":["G-8.1","G-8.2","G-8.3","G-8.4","G-8.5","G-8.6","G-8.7","G-8.8","G-8.9","G-8.10","G-8.11","G-8.12","G-8.13","G-8.14","G-8.15","G-8.16","G-8.17","G-8.18","G-8.19","G-8.20","G-8.21","G-8.22","G-8.23","G-8.24","G-8.25","G-8.26","G-8.27","G-8.28","G-8.29","G-8.30","G-8.31","G-8.32","G-8.33","G-8.34"],"subs":1},{"label":"G-8.1","length":0.0012744446,"edges":[],"subs":3},{"label":"G-8.2","length":0.0012746675000000001,"edges":[],"subs":3},{"label":"G-8.3","length":0.00042490080000000003,"edges":[],"subs":1},{"label":"G-8.4","length":0.0004250205000000001,"edges":[],"subs":1},{"label":"G-8.5","length":0.0017006391000000004,"edges":[],"subs":4},{"label":"G-8.6","length":0.00042543410000000007,"edges":[],"subs":1},{"label":"G-8.7","length":0.0012752986000000004,"edges":[],"subs":3},{"label":"G-8.8","length":0.0008504948999999998,"edges":[],"subs":2},{"label":"G-8.9","length":0.00042587520000000016,"edges":[],"subs":1},{"label":"G-8.10","length":0.00042614580000000017,"edges":[],"subs":1},{"label":"G-8.11","length":0.0025530982000000007,"edges":[],"subs":6},{"label":"G-8.12","length":0.0004264404000000002,"edges":[],"subs":1},{"label":"G-8.13","length":0.0008513613999999996,"edges":[],"subs":2},{"label":"G-8.14","length":0.00042674490000000026,"edges":[],"subs":1},{"label":"G-8.15","length":0.0004268912000000003,"edges":[],"subs":1},{"label":"G-8.16","length":0.0012773864000000012,"edges":[],"subs":3},{"label":"G-8.17","length":0.0004272923000000003,"edges":[],"subs":1},{"label":"G-8.18","length":0.0004274045000000003,"edges":[],"subs":1},{"label":"G-8.19","length":0.00042756150000000035,"edges":["G-8.19.1","G-8.19.2"],"subs":1},{"label":"G-8.19.1","length":0.0004247177,"edges":[],"subs":1},{"label":"G-8.19.2","length":0.0004247156,"edges":[],"subs":1},{"label":"G-8.20","length":0.00042772300000000035,"edges":[],"subs":1},{"label":"G-8.21","length":0.0012779109000000015,"edges":[],"subs":3},{"label":"G-8.22","length":0.0004280566000000004,"edges":[],"subs":1},{"label":"G-8.23","length":0.0004282296000000004,"edges":[],"subs":1},{"label":"G-8.24","length":0.00042855120000000044,"edges":[],"subs":1},{"label":"G-8.25","length":0.00042860210000000045,"edges":["G-8.25.1"],"subs":1},{"label":"G-8.25.1","length":0.0004246732,"edges":[],"subs":1},{"label":"G-8.26","length":0.0004288505000000005,"edges":["G-8.26.1","G-8.26.2"],"subs":1},{"label":"G-8.26.1","length":0.0008497378,"edges":[],"subs":2},{"label":"G-8.26.2","length":0.0012749231,"edges":[],"subs":3},{"label":"G-8.27","length":0.0004290676000000005,"edges":[],"subs":1},{"label":"G-8.28","length":0.00042921660000000053,"edges":[],"subs":1},{"label":"G-8.29","length":0.00042938130000000054,"edges":[],"subs":1},{"label":"G-8.30","length":0.00042971740000000055,"edges":[],"subs":1},{"label":"G-8.31","length":0.00042992530000000054,"edges":[],"subs":1},{"label":"G-8.32","length":0.0008549230999999989,"edges":[],"subs":2},{"label":"G-8.33","length":0.0004302644000000006,"edges":[],"subs":1},{"label":"G-8.34","length":0.0017062836000000022,"edges":[],"subs":4},{"label":"G-9","length":0.0008503712999999998,"edges":[],"subs":2}],"dist":{"period":7.5925168648026915,"phase":6.5925168648026915,"interval":0.00005143644735812133}}