{"nodes":[{"SEQID":"EPI_ISL_13765625","GNODEID":"G-3.7.1","TAGID":"BA-2-3-11-0003","cat_id":"staff","type":"CD","date":44732,"category":"staff","association":"KS","highlight":{},"emphasize":"N","dint":1655683200000,"age":"","index":0,"edges":[],"neighbors":[],"degree":0,"dstr":"2022-06-20"},{"SEQID":"EPI_ISL_13765691","GNODEID":"G-2.22","TAGID":"BA-2-3-11-0004","cat_id":"staff","type":"CD","date":44732,"category":"staff","association":"KS","highlight":{},"emphasize":"N","dint":1655683200000,"age":"","index":1,"edges":[],"neighbors":[],"degree":0,"dstr":"2022-06-20"},{"SEQID":"EPI_ISL_13765715","GNODEID":"G-2.32","TAGID":"BA-2-3-11-0005","cat_id":"staff","type":"CD","date":44736,"category":"staff","association":"KS","highlight":{},"emphasize":"N","dint":1656028800000,"age":"","index":2,"edges":[],"neighbors":[],"degree":0,"dstr":"2022-06-24"},{"SEQID":"EPI_ISL_13765943","GNODEID":"G-2.47.1","TAGID":"BA-2-3-11-0007","cat_id":"staff","type":"CD","date":44736,"category":"staff","association":"KS","highlight":{},"emphasize":"Y","dint":1656028800000,"age":"","index":3,"edges":[],"neighbors":[],"degree":0,"dstr":"2022-06-24"},{"SEQID":"EPI_ISL_13765904","GNODEID":"G-2.47","TAGID":"BA-2-3-11-0009","cat_id":"staff","type":"CD","date":44736,"category":"staff","association":"KS","highlight":{},"emphasize":"Y","dint":1656028800000,"age":"","index":4,"edges":[],"neighbors":[],"degree":0,"dstr":"2022-06-24"},{"SEQID":"EPI_ISL_13512745","GNODEID":"G-2","TAGID":"BA-2-3-11-0010","cat_id":"staff","type":"CD","date":44718,"category":"staff","association":"KS","highlight":{},"emphasize":"N","dint":1654473600000,"age":"","index":5,"edges":[],"neighbors":[],"degree":0,"dstr":"2022-06-06"},{"SEQID":"EPI_ISL_13512734","GNODEID":"G-2.1","TAGID":"BA-2-3-11-0011","cat_id":"client","type":"CD","date":44715,"category":"client","association":"KS","highlight":{},"emphasize":"N","dint":1654214400000,"age":"","index":6,"edges":[],"neighbors":[],"degree":0,"dstr":"2022-06-03"},{"SEQID":"EPI_ISL_13512736","GNODEID":"G-2","TAGID":"BA-2-3-11-0012","cat_id":"staff","type":"CD","date":44718,"category":"staff","association":"KS","highlight":{},"emphasize":"Y","dint":1654473600000,"age":"","index":7,"edges":[],"neighbors":[],"degree":0,"dstr":"2022-06-06"},{"SEQID":"EPI_ISL_13512843","GNODEID":"G-2.21.1","TAGID":"BA-2-3-11-0013","cat_id":"client","type":"CD","date":44718,"category":"client","association":"KS","highlight":{},"emphasize":"Y","dint":1654473600000,"age":"","index":8,"edges":[],"neighbors":[],"degree":0,"dstr":"2022-06-06"},{"SEQID":"EPI_ISL_13512938","GNODEID":"G-2","TAGID":"BA-2-3-11-0016","cat_id":"client","type":"CD","date":44718,"category":"client","association":"KS","highlight":{},"emphasize":"Y","dint":1654473600000,"age":"","index":9,"edges":[],"neighbors":[],"degree":0,"dstr":"2022-06-06"},{"SEQID":"EPI_ISL_13513682","GNODEID":"G-2.23","TAGID":"BA-2-3-11-0017","cat_id":"staff","type":"CD","date":44718,"category":"staff","association":"KS","highlight":{},"emphasize":"N","dint":1654473600000,"age":"","index":10,"edges":[],"neighbors":[],"degree":0,"dstr":"2022-06-06"},{"SEQID":"EPI_ISL_13513757","GNODEID":"G-3","TAGID":"BA-2-3-11-0019","cat_id":"client","type":"CD","date":44720,"category":"client","association":"KS","highlight":{},"emphasize":"Y","dint":1654646400000,"age":"","index":11,"edges":[],"neighbors":[],"degree":0,"dstr":"2022-06-08"},{"SEQID":"EPI_ISL_13513749","GNODEID":"G-2","TAGID":"BA-2-3-11-0020","cat_id":"staff","type":"CD","date":44720,"category":"staff","association":"KS","highlight":{},"emphasize":"Y","dint":1654646400000,"age":"","index":12,"edges":[],"neighbors":[],"degree":0,"dstr":"2022-06-08"},{"SEQID":"EPI_ISL_13513831","GNODEID":"G-2","TAGID":"BA-2-3-11-0022","cat_id":"client","type":"CD","date":44725,"category":"client","association":"KS","highlight":{},"emphasize":"Y","dint":1655078400000,"age":"","index":13,"edges":[],"neighbors":[],"degree":0,"dstr":"2022-06-13"},{"SEQID":"EPI_ISL_13514655","GNODEID":"G-3.10","TAGID":"BA-2-3-11-0023","cat_id":"client","type":"CD","date":44725,"category":"client","association":"KS","highlight":{},"emphasize":"N","dint":1655078400000,"age":"","index":14,"edges":[],"neighbors":[],"degree":0,"dstr":"2022-06-13"},{"SEQID":"EPI_ISL_14017772","GNODEID":"G-2","TAGID":"BA-2-3-11-0027","cat_id":"staff","type":"CD","date":44729,"category":"staff","association":"KS","highlight":{},"emphasize":"Y","dint":1655424000000,"age":"","index":15,"edges":[],"neighbors":[],"degree":0,"dstr":"2022-06-17"},{"SEQID":"EPI_ISL_14017800","GNODEID":"G-3.2","TAGID":"BA-2-3-11-0028","cat_id":"staff","type":"CD","date":44729,"category":"staff","association":"KS","highlight":{},"emphasize":"Y","dint":1655424000000,"age":"","index":16,"edges":[],"neighbors":[],"degree":0,"dstr":"2022-06-17"},{"SEQID":"EPI_ISL_14017796","GNODEID":"G-3.7.1.2","TAGID":"BA-2-3-11-0031","cat_id":"staff","type":"CD","date":44729,"category":"staff","association":"KS","highlight":{},"emphasize":"Y","dint":1655424000000,"age":"","index":17,"edges":[],"neighbors":[],"degree":0,"dstr":"2022-06-17"},{"SEQID":"EPI_ISL_14017717","GNODEID":"G-2","TAGID":"BA-2-3-11-0032","cat_id":"staff","type":"CD","date":44732,"category":"staff","association":"KS","highlight":{},"emphasize":"N","dint":1655683200000,"age":"","index":18,"edges":[],"neighbors":[],"degree":0,"dstr":"2022-06-20"},{"SEQID":"EPI_ISL_14017913","GNODEID":"G-2","TAGID":"BA-2-3-11-0033","cat_id":"client","type":"CD","date":44729,"category":"client","association":"KS","highlight":{},"emphasize":"Y","dint":1655424000000,"age":"","index":19,"edges":[],"neighbors":[],"degree":0,"dstr":"2022-06-17"},{"SEQID":"EPI_ISL_14017975","GNODEID":"G-2.15","TAGID":"BA-2-3-11-0036","cat_id":"staff","type":"CD","date":44727,"category":"staff","association":"KS","highlight":{},"emphasize":"N","dint":1655251200000,"age":"","index":20,"edges":[],"neighbors":[],"degree":0,"dstr":"2022-06-15"},{"SEQID":"EPI_ISL_13512856","GNODEID":"G-2.23","TAGID":"BA-2-3-11-0046","cat_id":"staff","type":"CD","date":44718,"category":"staff","association":"KS","highlight":{},"emphasize":"Y","dint":1654473600000,"age":"","index":21,"edges":[],"neighbors":[],"degree":0,"dstr":"2022-06-06"},{"SEQID":"EPI_ISL_13514596","GNODEID":"G-3.7.1.1","TAGID":"BA-2-3-11-0049","cat_id":"staff","type":"CD","date":44722,"category":"staff","association":"KS","highlight":{},"emphasize":"Y","dint":1654819200000,"age":"","index":22,"edges":[],"neighbors":[],"degree":0,"dstr":"2022-06-10"},{"SEQID":"EPI_ISL_13514800","GNODEID":"G-3.1","TAGID":"BA-2-3-11-0050","cat_id":"client","type":"CD","date":44725,"category":"client","association":"KS","highlight":{},"emphasize":"N","dint":1655078400000,"age":"","index":23,"edges":[],"neighbors":[],"degree":0,"dstr":"2022-06-13"},{"SEQID":"EPI_ISL_13901109","GNODEID":"G-3.6","TAGID":"BA-2-3-11-0057","cat_id":"client","type":"CD","date":44739,"category":"client","association":"KS","highlight":{},"emphasize":"N","dint":1656288000000,"age":"","index":24,"edges":[],"neighbors":[],"degree":0,"dstr":"2022-06-27"},{"SEQID":"EPI_ISL_14110778","GNODEID":"G-2.16","TAGID":"BA-2-3-11-0058","cat_id":"client","type":"CD","date":44713,"category":"client","association":"TH","highlight":{},"emphasize":"Y","dint":1654041600000,"age":"","index":25,"edges":[],"neighbors":[],"degree":0,"dstr":"2022-06-01"},{"SEQID":"EPI_ISL_14110780","GNODEID":"G-2","TAGID":"BA-2-3-11-0061","cat_id":"staff","type":"CD","date":44713,"category":"staff","association":"TH","highlight":{},"emphasize":"Y","dint":1654041600000,"age":"","index":26,"edges":[],"neighbors":[],"degree":0,"dstr":"2022-06-01"},{"SEQID":"EPI_ISL_14111605","GNODEID":"G-2.17.1","TAGID":"BA-2-3-11-0062","cat_id":"client","type":"CD","date":44714,"category":"client","association":"KS","highlight":{},"emphasize":"N","dint":1654128000000,"age":"","index":27,"edges":[],"neighbors":[],"degree":0,"dstr":"2022-06-02"},{"SEQID":"EPI_ISL_14111608","GNODEID":"G-2.54","TAGID":"BA-2-3-11-0063","cat_id":"client","type":"CD","date":44714,"category":"client","association":"KS","highlight":{},"emphasize":"Y","dint":1654128000000,"age":"","index":28,"edges":[],"neighbors":[],"degree":0,"dstr":"2022-06-02"},{"SEQID":"EPI_ISL_14112870","GNODEID":"G-2.33","TAGID":"BA-2-3-11-0064","cat_id":"client","type":"CD","date":44715,"category":"client","association":"HO","highlight":{},"emphasize":"N","dint":1654214400000,"age":"","index":29,"edges":[],"neighbors":[],"degree":0,"dstr":"2022-06-03"},{"SEQID":"EPI_ISL_14112890","GNODEID":"G-2.5","TAGID":"BA-2-3-11-0065","cat_id":"staff","type":"CD","date":44716,"category":"staff","association":"TO","highlight":{},"emphasize":"Y","dint":1654300800000,"age":"","index":30,"edges":[],"neighbors":[],"degree":0,"dstr":"2022-06-04"},{"SEQID":"EPI_ISL_14113390","GNODEID":"G-2.27","TAGID":"BA-2-3-11-0066","cat_id":"staff","type":"CD","date":44714,"category":"staff","association":"KN","highlight":{},"emphasize":"Y","dint":1654128000000,"age":"","index":31,"edges":[],"neighbors":[],"degree":0,"dstr":"2022-06-02"},{"SEQID":"EPI_ISL_14113387","GNODEID":"G-2.12","TAGID":"BA-2-3-11-0068","cat_id":"client","type":"CD","date":44714,"category":"client","association":"KN","highlight":{},"emphasize":"N","dint":1654128000000,"age":"","index":32,"edges":[],"neighbors":[],"degree":0,"dstr":"2022-06-02"},{"SEQID":"EPI_ISL_14113377","GNODEID":"G-2.27","TAGID":"BA-2-3-11-0069","cat_id":"client","type":"CD","date":44713,"category":"client","association":"KN","highlight":{},"emphasize":"Y","dint":1654041600000,"age":"","index":33,"edges":[],"neighbors":[],"degree":0,"dstr":"2022-06-01"},{"SEQID":"EPI_ISL_14113383","GNODEID":"G-2","TAGID":"BA-2-3-11-0070","cat_id":"client","type":"CD","date":44713,"category":"client","association":"KN","highlight":{},"emphasize":"Y","dint":1654041600000,"age":"","index":34,"edges":[],"neighbors":[],"degree":0,"dstr":"2022-06-01"},{"SEQID":"EPI_ISL_14113623","GNODEID":"G-2.41","TAGID":"BA-2-3-11-0072","cat_id":"client","type":"CD","date":44715,"category":"client","association":"なし","highlight":{},"emphasize":"Y","dint":1654214400000,"age":"","index":35,"edges":[],"neighbors":[],"degree":0,"dstr":"2022-06-03"},{"SEQID":"EPI_ISL_14113593","GNODEID":"G-3","TAGID":"BA-2-3-11-0073","cat_id":"client","type":"CD","date":44713,"category":"client","association":"なし","highlight":{},"emphasize":"N","dint":1654041600000,"age":"","index":36,"edges":[],"neighbors":[],"degree":0,"dstr":"2022-06-01"},{"SEQID":"EPI_ISL_14113595","GNODEID":"G-2.19","TAGID":"BA-2-3-11-0074","cat_id":"client","type":"CD","date":44713,"category":"client","association":"なし","highlight":{},"emphasize":"N","dint":1654041600000,"age":"","index":37,"edges":[],"neighbors":[],"degree":0,"dstr":"2022-06-01"},{"SEQID":"EPI_ISL_14113590","GNODEID":"G-2","TAGID":"BA-2-3-11-0075","cat_id":"client","type":"CD","date":44713,"category":"client","association":"なし","highlight":{},"emphasize":"N","dint":1654041600000,"age":"","index":38,"edges":[],"neighbors":[],"degree":0,"dstr":"2022-06-01"},{"SEQID":"EPI_ISL_14113599","GNODEID":"G-2","TAGID":"BA-2-3-11-0076","cat_id":"staff","type":"CD","date":44713,"category":"staff","association":"なし","highlight":{},"emphasize":"N","dint":1654041600000,"age":"","index":39,"edges":[],"neighbors":[],"degree":0,"dstr":"2022-06-01"},{"SEQID":"EPI_ISL_14113989","GNODEID":"G-2.7","TAGID":"BA-2-3-11-0077","cat_id":"client","type":"CD","date":44719,"category":"client","association":"HO","highlight":{},"emphasize":"N","dint":1654560000000,"age":"","index":40,"edges":[],"neighbors":[],"degree":0,"dstr":"2022-06-07"},{"SEQID":"EPI_ISL_14114050","GNODEID":"G-3.5","TAGID":"BA-2-3-11-0078","cat_id":"staff","type":"CD","date":44713,"category":"staff","association":"TO","highlight":{},"emphasize":"N","dint":1654041600000,"age":"","index":41,"edges":[],"neighbors":[],"degree":0,"dstr":"2022-06-01"},{"SEQID":"EPI_ISL_14114188","GNODEID":"G-2.27","TAGID":"BA-2-3-11-0081","cat_id":"staff","type":"CD","date":44720,"category":"staff","association":"KN","highlight":{},"emphasize":"N","dint":1654646400000,"age":"","index":42,"edges":[],"neighbors":[],"degree":0,"dstr":"2022-06-08"},{"SEQID":"EPI_ISL_14114182","GNODEID":"G-2.26","TAGID":"BA-2-3-11-0082","cat_id":"client","type":"CD","date":44718,"category":"client","association":"KN","highlight":{},"emphasize":"Y","dint":1654473600000,"age":"","index":43,"edges":[],"neighbors":[],"degree":0,"dstr":"2022-06-06"},{"SEQID":"EPI_ISL_14114199","GNODEID":"G-2.27.1","TAGID":"BA-2-3-11-0084","cat_id":"staff","type":"CD","date":44722,"category":"staff","association":"KN","highlight":{},"emphasize":"Y","dint":1654819200000,"age":"","index":44,"edges":[],"neighbors":[],"degree":0,"dstr":"2022-06-10"},{"SEQID":"EPI_ISL_14114187","GNODEID":"G-2","TAGID":"BA-2-3-11-0085","cat_id":"staff","type":"CD","date":44720,"category":"staff","association":"KN","highlight":{},"emphasize":"N","dint":1654646400000,"age":"","index":45,"edges":[],"neighbors":[],"degree":0,"dstr":"2022-06-08"},{"SEQID":"EPI_ISL_14114232","GNODEID":"G-2.18","TAGID":"BA-2-3-11-0086","cat_id":"client","type":"CD","date":44714,"category":"client","association":"TH","highlight":{},"emphasize":"N","dint":1654128000000,"age":"","index":46,"edges":[],"neighbors":[],"degree":0,"dstr":"2022-06-02"},{"SEQID":"EPI_ISL_14114231","GNODEID":"G-2.18.1","TAGID":"BA-2-3-11-0087","cat_id":"staff","type":"CD","date":44713,"category":"staff","association":"TH","highlight":{},"emphasize":"N","dint":1654041600000,"age":"","index":47,"edges":[],"neighbors":[],"degree":0,"dstr":"2022-06-01"},{"SEQID":"EPI_ISL_14114355","GNODEID":"G-2.37","TAGID":"BA-2-3-11-0088","cat_id":"staff","type":"CD","date":44715,"category":"staff","association":"なし","highlight":{},"emphasize":"Y","dint":1654214400000,"age":"","index":48,"edges":[],"neighbors":[],"degree":0,"dstr":"2022-06-03"},{"SEQID":"EPI_ISL_14114527","GNODEID":"G-2.8","TAGID":"BA-2-3-11-0091","cat_id":"staff","type":"CD","date":44713,"category":"staff","association":"KY","highlight":{},"emphasize":"Y","dint":1654041600000,"age":"","index":49,"edges":[],"neighbors":[],"degree":0,"dstr":"2022-06-01"},{"SEQID":"EPI_ISL_14114613","GNODEID":"G-3.7","TAGID":"BA-2-3-11-0093","cat_id":"staff","type":"CD","date":44715,"category":"staff","association":"KS","highlight":{},"emphasize":"N","dint":1654214400000,"age":"","index":50,"edges":[],"neighbors":[],"degree":0,"dstr":"2022-06-03"},{"SEQID":"EPI_ISL_14114699","GNODEID":"G-2.31","TAGID":"BA-2-3-11-0094","cat_id":"client","type":"CD","date":44714,"category":"client","association":"HO","highlight":{},"emphasize":"N","dint":1654128000000,"age":"","index":51,"edges":[],"neighbors":[],"degree":0,"dstr":"2022-06-02"},{"SEQID":"EPI_ISL_14114708","GNODEID":"G-2.7","TAGID":"BA-2-3-11-0095","cat_id":"client","type":"CD","date":44713,"category":"client","association":"HO","highlight":{},"emphasize":"Y","dint":1654041600000,"age":"","index":52,"edges":[],"neighbors":[],"degree":0,"dstr":"2022-06-01"},{"SEQID":"EPI_ISL_14114822","GNODEID":"G-2.38","TAGID":"BA-2-3-11-0096","cat_id":"client","type":"CD","date":44713,"category":"client","association":"TH","highlight":{},"emphasize":"N","dint":1654041600000,"age":"","index":53,"edges":[],"neighbors":[],"degree":0,"dstr":"2022-06-01"},{"SEQID":"EPI_ISL_14114799","GNODEID":"G-2.19","TAGID":"BA-2-3-11-0097","cat_id":"client","type":"CD","date":44715,"category":"client","association":"KN","highlight":{},"emphasize":"N","dint":1654214400000,"age":"","index":54,"edges":[],"neighbors":[],"degree":0,"dstr":"2022-06-03"},{"SEQID":"EPI_ISL_14114801","GNODEID":"G-2.22","TAGID":"BA-2-3-11-0098","cat_id":"client","type":"CD","date":44716,"category":"client","association":"KN","highlight":{},"emphasize":"Y","dint":1654300800000,"age":"","index":55,"edges":[],"neighbors":[],"degree":0,"dstr":"2022-06-04"},{"SEQID":"EPI_ISL_14114803","GNODEID":"G-2.22.1","TAGID":"BA-2-3-11-0099","cat_id":"staff","type":"CD","date":44716,"category":"staff","association":"KN","highlight":{},"emphasize":"N","dint":1654300800000,"age":"","index":56,"edges":[],"neighbors":[],"degree":0,"dstr":"2022-06-04"},{"SEQID":"EPI_ISL_14114925","GNODEID":"G-2.13.1","TAGID":"BA-2-3-11-0101","cat_id":"client","type":"CD","date":44715,"category":"client","association":"TH","highlight":{},"emphasize":"Y","dint":1654214400000,"age":"","index":57,"edges":[],"neighbors":[],"degree":0,"dstr":"2022-06-03"},{"SEQID":"EPI_ISL_14115157","GNODEID":"G-2","TAGID":"BA-2-3-11-0102","cat_id":"staff","type":"CD","date":44715,"category":"staff","association":"KY","highlight":{},"emphasize":"Y","dint":1654214400000,"age":"","index":58,"edges":[],"neighbors":[],"degree":0,"dstr":"2022-06-03"},{"SEQID":"EPI_ISL_14117993","GNODEID":"G-2","TAGID":"BA-2-3-11-0103","cat_id":"client","type":"CD","date":44715,"category":"client","association":"KS","highlight":{},"emphasize":"Y","dint":1654214400000,"age":"","index":59,"edges":[],"neighbors":[],"degree":0,"dstr":"2022-06-03"},{"SEQID":"EPI_ISL_14116603","GNODEID":"G-3.9","TAGID":"BA-2-3-11-0106","cat_id":"staff","type":"CD","date":44721,"category":"staff","association":"KY","highlight":{},"emphasize":"Y","dint":1654732800000,"age":"","index":60,"edges":[],"neighbors":[],"degree":0,"dstr":"2022-06-09"},{"SEQID":"EPI_ISL_14116844","GNODEID":"G-2.49","TAGID":"BA-2-3-11-0109","cat_id":"staff","type":"CD","date":44714,"category":"staff","association":"KN","highlight":{},"emphasize":"N","dint":1654128000000,"age":"","index":61,"edges":[],"neighbors":[],"degree":0,"dstr":"2022-06-02"},{"SEQID":"EPI_ISL_14117310","GNODEID":"G-2","TAGID":"BA-2-3-11-0111","cat_id":"client","type":"CD","date":44716,"category":"client","association":"KS","highlight":{},"emphasize":"Y","dint":1654300800000,"age":"","index":62,"edges":[],"neighbors":[],"degree":0,"dstr":"2022-06-04"},{"SEQID":"EPI_ISL_14117337","GNODEID":"G-2","TAGID":"BA-2-3-11-0112","cat_id":"staff","type":"CD","date":44717,"category":"staff","association":"KS","highlight":{},"emphasize":"Y","dint":1654387200000,"age":"","index":63,"edges":[],"neighbors":[],"degree":0,"dstr":"2022-06-05"},{"SEQID":"EPI_ISL_14117464","GNODEID":"G-3","TAGID":"BA-2-3-11-0113","cat_id":"staff","type":"CD","date":44715,"category":"staff","association":"KS","highlight":{},"emphasize":"Y","dint":1654214400000,"age":"","index":64,"edges":[],"neighbors":[],"degree":0,"dstr":"2022-06-03"},{"SEQID":"EPI_ISL_14117904","GNODEID":"G-2.20","TAGID":"BA-2-3-11-0116","cat_id":"staff","type":"CD","date":44718,"category":"staff","association":"TO","highlight":{},"emphasize":"N","dint":1654473600000,"age":"","index":65,"edges":[],"neighbors":[],"degree":0,"dstr":"2022-06-06"},{"SEQID":"EPI_ISL_14118209","GNODEID":"G-2","TAGID":"BA-2-3-11-0119","cat_id":"staff","type":"CD","date":44714,"category":"staff","association":"なし","highlight":{},"emphasize":"Y","dint":1654128000000,"age":"","index":66,"edges":[],"neighbors":[],"degree":0,"dstr":"2022-06-02"},{"SEQID":"EPI_ISL_14118260","GNODEID":"G-2.45","TAGID":"BA-2-3-11-0120","cat_id":"client","type":"CD","date":44719,"category":"client","association":"なし","highlight":{},"emphasize":"N","dint":1654560000000,"age":"","index":67,"edges":[],"neighbors":[],"degree":0,"dstr":"2022-06-07"},{"SEQID":"EPI_ISL_14118500","GNODEID":"G-2.3","TAGID":"BA-2-3-11-0122","cat_id":"staff","type":"CD","date":44725,"category":"staff","association":"HO","highlight":{},"emphasize":"Y","dint":1655078400000,"age":"","index":68,"edges":[],"neighbors":[],"degree":0,"dstr":"2022-06-13"},{"SEQID":"EPI_ISL_14118494","GNODEID":"G-2.14","TAGID":"BA-2-3-11-0123","cat_id":"client","type":"CD","date":44723,"category":"client","association":"HO","highlight":{},"emphasize":"N","dint":1654905600000,"age":"","index":69,"edges":[],"neighbors":[],"degree":0,"dstr":"2022-06-11"},{"SEQID":"EPI_ISL_14118713","GNODEID":"G-2","TAGID":"BA-2-3-11-0124","cat_id":"staff","type":"CD","date":44721,"category":"staff","association":"なし","highlight":{},"emphasize":"Y","dint":1654732800000,"age":"","index":70,"edges":[],"neighbors":[],"degree":0,"dstr":"2022-06-09"},{"SEQID":"EPI_ISL_14118771","GNODEID":"G-2","TAGID":"BA-2-3-11-0126","cat_id":"staff","type":"CD","date":44722,"category":"staff","association":"なし","highlight":{},"emphasize":"N","dint":1654819200000,"age":"","index":71,"edges":[],"neighbors":[],"degree":0,"dstr":"2022-06-10"},{"SEQID":"EPI_ISL_14118926","GNODEID":"G-2.43","TAGID":"BA-2-3-11-0128","cat_id":"client","type":"CD","date":44722,"category":"client","association":"TH","highlight":{},"emphasize":"N","dint":1654819200000,"age":"","index":72,"edges":[],"neighbors":[],"degree":0,"dstr":"2022-06-10"},{"SEQID":"EPI_ISL_14118944","GNODEID":"G-2.14.2","TAGID":"BA-2-3-11-0130","cat_id":"client","type":"CD","date":44718,"category":"client","association":"HO","highlight":{},"emphasize":"N","dint":1654473600000,"age":"","index":73,"edges":[],"neighbors":[],"degree":0,"dstr":"2022-06-06"},{"SEQID":"EPI_ISL_14118966","GNODEID":"G-2","TAGID":"BA-2-3-11-0132","cat_id":"client","type":"CD","date":44721,"category":"client","association":"TH","highlight":{},"emphasize":"Y","dint":1654732800000,"age":"","index":74,"edges":[],"neighbors":[],"degree":0,"dstr":"2022-06-09"},{"SEQID":"EPI_ISL_14118962","GNODEID":"G-2.14","TAGID":"BA-2-3-11-0133","cat_id":"client","type":"CD","date":44721,"category":"client","association":"HO","highlight":{},"emphasize":"Y","dint":1654732800000,"age":"","index":75,"edges":[],"neighbors":[],"degree":0,"dstr":"2022-06-09"},{"SEQID":"EPI_ISL_14119525","GNODEID":"G-2.22","TAGID":"BA-2-3-11-0148","cat_id":"client","type":"CD","date":44730,"category":"client","association":"TH","highlight":{},"emphasize":"Y","dint":1655510400000,"age":"","index":76,"edges":[],"neighbors":[],"degree":0,"dstr":"2022-06-18"},{"SEQID":"EPI_ISL_14119805","GNODEID":"G-2.50","TAGID":"BA-2-3-11-0157","cat_id":"client","type":"CD","date":44731,"category":"client","association":"CS","highlight":{},"emphasize":"Y","dint":1655596800000,"age":"","index":77,"edges":[],"neighbors":[],"degree":0,"dstr":"2022-06-19"},{"SEQID":"EPI_ISL_14124629","GNODEID":"G-3","TAGID":"BA-2-3-11-0161","cat_id":"staff","type":"CD","date":44729,"category":"staff","association":"TO","highlight":{},"emphasize":"N","dint":1655424000000,"age":"","index":78,"edges":[],"neighbors":[],"degree":0,"dstr":"2022-06-17"},{"SEQID":"EPI_ISL_14120100","GNODEID":"G-2.24","TAGID":"BA-2-3-11-0165","cat_id":"client","type":"CD","date":44728,"category":"client","association":"CS","highlight":{},"emphasize":"Y","dint":1655337600000,"age":"","index":79,"edges":[],"neighbors":[],"degree":0,"dstr":"2022-06-16"},{"SEQID":"EPI_ISL_14120312","GNODEID":"G-2.30","TAGID":"BA-2-3-11-0167","cat_id":"client","type":"CD","date":44721,"category":"client","association":"KN","highlight":{},"emphasize":"N","dint":1654732800000,"age":"","index":80,"edges":[],"neighbors":[],"degree":0,"dstr":"2022-06-09"},{"SEQID":"EPI_ISL_14120381","GNODEID":"G-2.19.1","TAGID":"BA-2-3-11-0168","cat_id":"staff","type":"CD","date":44722,"category":"staff","association":"KN","highlight":{},"emphasize":"Y","dint":1654819200000,"age":"","index":81,"edges":[],"neighbors":[],"degree":0,"dstr":"2022-06-10"},{"SEQID":"EPI_ISL_14120383","GNODEID":"G-2","TAGID":"BA-2-3-11-0170","cat_id":"staff","type":"CD","date":44722,"category":"staff","association":"なし","highlight":{},"emphasize":"N","dint":1654819200000,"age":"","index":82,"edges":[],"neighbors":[],"degree":0,"dstr":"2022-06-10"},{"SEQID":"EPI_ISL_14120431","GNODEID":"G-2.9","TAGID":"BA-2-3-11-0171","cat_id":"staff","type":"CD","date":44722,"category":"staff","association":"KS","highlight":{},"emphasize":"N","dint":1654819200000,"age":"","index":83,"edges":[],"neighbors":[],"degree":0,"dstr":"2022-06-10"},{"SEQID":"EPI_ISL_14120493","GNODEID":"G-2.13.2","TAGID":"BA-2-3-11-0173","cat_id":"client","type":"CD","date":44723,"category":"client","association":"OK","highlight":{},"emphasize":"N","dint":1654905600000,"age":"","index":84,"edges":[],"neighbors":[],"degree":0,"dstr":"2022-06-11"},{"SEQID":"EPI_ISL_14120548","GNODEID":"G-2","TAGID":"BA-2-3-11-0174","cat_id":"client","type":"CD","date":44723,"category":"client","association":"KN","highlight":{},"emphasize":"Y","dint":1654905600000,"age":"","index":85,"edges":[],"neighbors":[],"degree":0,"dstr":"2022-06-11"},{"SEQID":"EPI_ISL_14120666","GNODEID":"G-3","TAGID":"BA-2-3-11-0175","cat_id":"client","type":"CD","date":44727,"category":"client","association":"KS","highlight":{},"emphasize":"Y","dint":1655251200000,"age":"","index":86,"edges":[],"neighbors":[],"degree":0,"dstr":"2022-06-15"},{"SEQID":"EPI_ISL_14120684","GNODEID":"G-3","TAGID":"BA-2-3-11-0176","cat_id":"staff","type":"CD","date":44728,"category":"staff","association":"KS","highlight":{},"emphasize":"N","dint":1655337600000,"age":"","index":87,"edges":[],"neighbors":[],"degree":0,"dstr":"2022-06-16"},{"SEQID":"EPI_ISL_14120805","GNODEID":"G-2","TAGID":"BA-2-3-11-0178","cat_id":"client","type":"CD","date":44727,"category":"client","association":"KY","highlight":{},"emphasize":"Y","dint":1655251200000,"age":"","index":88,"edges":[],"neighbors":[],"degree":0,"dstr":"2022-06-15"},{"SEQID":"EPI_ISL_14120853","GNODEID":"G-2.22.2","TAGID":"BA-2-3-11-0179","cat_id":"staff","type":"CD","date":44733,"category":"staff","association":"TH","highlight":{},"emphasize":"N","dint":1655769600000,"age":"","index":89,"edges":[],"neighbors":[],"degree":0,"dstr":"2022-06-21"},{"SEQID":"EPI_ISL_14120854","GNODEID":"G-2.22","TAGID":"BA-2-3-11-0181","cat_id":"staff","type":"CD","date":44733,"category":"staff","association":"TH","highlight":{},"emphasize":"Y","dint":1655769600000,"age":"","index":90,"edges":[],"neighbors":[],"degree":0,"dstr":"2022-06-21"},{"SEQID":"EPI_ISL_14120872","GNODEID":"G-2.22","TAGID":"BA-2-3-11-0182","cat_id":"client","type":"CD","date":44736,"category":"client","association":"TH","highlight":{},"emphasize":"N","dint":1656028800000,"age":"","index":91,"edges":[],"neighbors":[],"degree":0,"dstr":"2022-06-24"},{"SEQID":"EPI_ISL_14120961","GNODEID":"G-2","TAGID":"BA-2-3-11-0185","cat_id":"staff","type":"CD","date":44727,"category":"staff","association":"KY","highlight":{},"emphasize":"N","dint":1655251200000,"age":"","index":92,"edges":[],"neighbors":[],"degree":0,"dstr":"2022-06-15"},{"SEQID":"EPI_ISL_14121127","GNODEID":"G-2.39","TAGID":"BA-2-3-11-0187","cat_id":"staff","type":"CD","date":44726,"category":"staff","association":"KS","highlight":{},"emphasize":"Y","dint":1655164800000,"age":"","index":93,"edges":[],"neighbors":[],"degree":0,"dstr":"2022-06-14"},{"SEQID":"EPI_ISL_14121417","GNODEID":"G-2.27","TAGID":"BA-2-3-11-0189","cat_id":"staff","type":"CD","date":44725,"category":"staff","association":"KN","highlight":{},"emphasize":"Y","dint":1655078400000,"age":"","index":94,"edges":[],"neighbors":[],"degree":0,"dstr":"2022-06-13"},{"SEQID":"EPI_ISL_14121424","GNODEID":"G-2.27","TAGID":"BA-2-3-11-0191","cat_id":"client","type":"CD","date":44727,"category":"client","association":"KN","highlight":{},"emphasize":"N","dint":1655251200000,"age":"","index":95,"edges":[],"neighbors":[],"degree":0,"dstr":"2022-06-15"},{"SEQID":"EPI_ISL_14121439","GNODEID":"G-2.12","TAGID":"BA-2-3-11-0194","cat_id":"client","type":"CD","date":44727,"category":"client","association":"KN","highlight":{},"emphasize":"Y","dint":1655251200000,"age":"","index":96,"edges":[],"neighbors":[],"degree":0,"dstr":"2022-06-15"},{"SEQID":"EPI_ISL_14121566","GNODEID":"G-3","TAGID":"BA-2-3-11-0195","cat_id":"staff","type":"CD","date":44723,"category":"staff","association":"KY","highlight":{},"emphasize":"Y","dint":1654905600000,"age":"","index":97,"edges":[],"neighbors":[],"degree":0,"dstr":"2022-06-11"},{"SEQID":"EPI_ISL_14121741","GNODEID":"G-2.36","TAGID":"BA-2-3-11-0196","cat_id":"client","type":"CD","date":44723,"category":"client","association":"TO","highlight":{},"emphasize":"N","dint":1654905600000,"age":"","index":98,"edges":[],"neighbors":[],"degree":0,"dstr":"2022-06-11"},{"SEQID":"EPI_ISL_14121755","GNODEID":"G-2.36","TAGID":"BA-2-3-11-0201","cat_id":"staff","type":"CD","date":44725,"category":"staff","association":"TO","highlight":{},"emphasize":"N","dint":1655078400000,"age":"","index":99,"edges":[],"neighbors":[],"degree":0,"dstr":"2022-06-13"},{"SEQID":"EPI_ISL_14121788","GNODEID":"G-2.36","TAGID":"BA-2-3-11-0204","cat_id":"client","type":"CD","date":44727,"category":"client","association":"TO","highlight":{},"emphasize":"Y","dint":1655251200000,"age":"","index":100,"edges":[],"neighbors":[],"degree":0,"dstr":"2022-06-15"},{"SEQID":"EPI_ISL_14121927","GNODEID":"G-2","TAGID":"BA-2-3-11-0205","cat_id":"staff","type":"CD","date":44725,"category":"staff","association":"TH","highlight":{},"emphasize":"Y","dint":1655078400000,"age":"","index":101,"edges":[],"neighbors":[],"degree":0,"dstr":"2022-06-13"},{"SEQID":"EPI_ISL_14121902","GNODEID":"G-2","TAGID":"BA-2-3-11-0206","cat_id":"staff","type":"CD","date":44736,"category":"staff","association":"KN","highlight":{},"emphasize":"N","dint":1656028800000,"age":"","index":102,"edges":[],"neighbors":[],"degree":0,"dstr":"2022-06-24"},{"SEQID":"EPI_ISL_14123268","GNODEID":"G-2.4","TAGID":"BA-2-3-11-0212","cat_id":"client","type":"CD","date":44725,"category":"client","association":"HO","highlight":{},"emphasize":"N","dint":1655078400000,"age":"","index":103,"edges":[],"neighbors":[],"degree":0,"dstr":"2022-06-13"},{"SEQID":"EPI_ISL_14123394","GNODEID":"G-2","TAGID":"BA-2-3-11-0213","cat_id":"client","type":"CD","date":44726,"category":"client","association":"KN","highlight":{},"emphasize":"Y","dint":1655164800000,"age":"","index":104,"edges":[],"neighbors":[],"degree":0,"dstr":"2022-06-14"},{"SEQID":"EPI_ISL_14123618","GNODEID":"G-3.3","TAGID":"BA-2-3-11-0215","cat_id":"staff","type":"CD","date":44720,"category":"staff","association":"KS","highlight":{},"emphasize":"N","dint":1654646400000,"age":"","index":105,"edges":[],"neighbors":[],"degree":0,"dstr":"2022-06-08"},{"SEQID":"EPI_ISL_14123629","GNODEID":"G-2.44","TAGID":"BA-2-3-11-0216","cat_id":"staff","type":"CD","date":44721,"category":"staff","association":"KS","highlight":{},"emphasize":"N","dint":1654732800000,"age":"","index":106,"edges":[],"neighbors":[],"degree":0,"dstr":"2022-06-09"},{"SEQID":"EPI_ISL_14123511","GNODEID":"G-2.17.1.1","TAGID":"BA-2-3-11-0217","cat_id":"client","type":"CD","date":44739,"category":"client","association":"KS","highlight":{},"emphasize":"Y","dint":1656288000000,"age":"","index":107,"edges":[],"neighbors":[],"degree":0,"dstr":"2022-06-27"},{"SEQID":"EPI_ISL_14123661","GNODEID":"G-3","TAGID":"BA-2-3-11-0219","cat_id":"staff","type":"CD","date":44736,"category":"staff","association":"KS","highlight":{},"emphasize":"Y","dint":1656028800000,"age":"","index":108,"edges":[],"neighbors":[],"degree":0,"dstr":"2022-06-24"},{"SEQID":"EPI_ISL_14123740","GNODEID":"G-2.21.1","TAGID":"BA-2-3-11-0220","cat_id":"client","type":"CD","date":44723,"category":"client","association":"TH","highlight":{},"emphasize":"N","dint":1654905600000,"age":"","index":109,"edges":[],"neighbors":[],"degree":0,"dstr":"2022-06-11"},{"SEQID":"EPI_ISL_14123783","GNODEID":"G-2","TAGID":"BA-2-3-11-0222","cat_id":"staff","type":"CD","date":44727,"category":"staff","association":"TH","highlight":{},"emphasize":"Y","dint":1655251200000,"age":"","index":110,"edges":[],"neighbors":[],"degree":0,"dstr":"2022-06-15"},{"SEQID":"EPI_ISL_14124087","GNODEID":"G-3.4","TAGID":"BA-2-3-11-0223","cat_id":"client","type":"CD","date":44719,"category":"client","association":"TO","highlight":{},"emphasize":"Y","dint":1654560000000,"age":"","index":111,"edges":[],"neighbors":[],"degree":0,"dstr":"2022-06-07"},{"SEQID":"EPI_ISL_14124098","GNODEID":"G-3","TAGID":"BA-2-3-11-0224","cat_id":"client","type":"CD","date":44725,"category":"client","association":"TO","highlight":{},"emphasize":"Y","dint":1655078400000,"age":"","index":112,"edges":[],"neighbors":[],"degree":0,"dstr":"2022-06-13"},{"SEQID":"EPI_ISL_14125411","GNODEID":"G-2.35","TAGID":"BA-2-3-11-0231","cat_id":"client","type":"CD","date":44729,"category":"client","association":"KS","highlight":{},"emphasize":"Y","dint":1655424000000,"age":"","index":113,"edges":[],"neighbors":[],"degree":0,"dstr":"2022-06-17"},{"SEQID":"EPI_ISL_14125380","GNODEID":"G-2.43","TAGID":"BA-2-3-11-0232","cat_id":"staff","type":"CD","date":44728,"category":"staff","association":"TH","highlight":{},"emphasize":"N","dint":1655337600000,"age":"","index":114,"edges":[],"neighbors":[],"degree":0,"dstr":"2022-06-16"},{"SEQID":"EPI_ISL_14125473","GNODEID":"G-3","TAGID":"BA-2-3-11-0233","cat_id":"staff","type":"CD","date":44730,"category":"staff","association":"KS","highlight":{},"emphasize":"Y","dint":1655510400000,"age":"","index":115,"edges":[],"neighbors":[],"degree":0,"dstr":"2022-06-18"},{"SEQID":"EPI_ISL_14125487","GNODEID":"G-2.53","TAGID":"BA-2-3-11-0234","cat_id":"client","type":"CD","date":44730,"category":"client","association":"KS","highlight":{},"emphasize":"Y","dint":1655510400000,"age":"","index":116,"edges":[],"neighbors":[],"degree":0,"dstr":"2022-06-18"},{"SEQID":"EPI_ISL_14125505","GNODEID":"G-2.52","TAGID":"BA-2-3-11-0237","cat_id":"staff","type":"CD","date":44730,"category":"staff","association":"KN","highlight":{},"emphasize":"N","dint":1655510400000,"age":"","index":117,"edges":[],"neighbors":[],"degree":0,"dstr":"2022-06-18"},{"SEQID":"EPI_ISL_14125854","GNODEID":"G-2.8","TAGID":"BA-2-3-11-0243","cat_id":"staff","type":"CD","date":44739,"category":"staff","association":"KY","highlight":{},"emphasize":"N","dint":1656288000000,"age":"","index":118,"edges":[],"neighbors":[],"degree":0,"dstr":"2022-06-27"},{"SEQID":"EPI_ISL_14121419","GNODEID":"G-2.27.1","TAGID":"BA-2-3-11-0248","cat_id":"client","type":"CD","date":44725,"category":"client","association":"KN","highlight":{},"emphasize":"N","dint":1655078400000,"age":"","index":119,"edges":[],"neighbors":[],"degree":0,"dstr":"2022-06-13"},{"SEQID":"EPI_ISL_14126655","GNODEID":"G-3.6","TAGID":"BA-2-3-11-0252","cat_id":"staff","type":"CD","date":44737,"category":"staff","association":"KS","highlight":{},"emphasize":"N","dint":1656115200000,"age":"","index":120,"edges":[],"neighbors":[],"degree":0,"dstr":"2022-06-25"},{"SEQID":"EPI_ISL_14126931","GNODEID":"G-2.29","TAGID":"BA-2-3-11-0254","cat_id":"staff","type":"CD","date":44740,"category":"staff","association":"KN","highlight":{},"emphasize":"Y","dint":1656374400000,"age":"","index":121,"edges":[],"neighbors":[],"degree":0,"dstr":"2022-06-28"},{"SEQID":"EPI_ISL_14126941","GNODEID":"G-2.28","TAGID":"BA-2-3-11-0255","cat_id":"staff","type":"CD","date":44725,"category":"staff","association":"KN","highlight":{},"emphasize":"N","dint":1655078400000,"age":"","index":122,"edges":[],"neighbors":[],"degree":0,"dstr":"2022-06-13"},{"SEQID":"EPI_ISL_14126949","GNODEID":"G-2.12","TAGID":"BA-2-3-11-0256","cat_id":"client","type":"CD","date":44738,"category":"client","association":"KN","highlight":{},"emphasize":"Y","dint":1656201600000,"age":"","index":123,"edges":[],"neighbors":[],"degree":0,"dstr":"2022-06-26"},{"SEQID":"EPI_ISL_14126940","GNODEID":"G-2.12","TAGID":"BA-2-3-11-0257","cat_id":"client","type":"CD","date":44724,"category":"client","association":"KN","highlight":{},"emphasize":"N","dint":1654992000000,"age":"","index":124,"edges":[],"neighbors":[],"degree":0,"dstr":"2022-06-12"},{"SEQID":"EPI_ISL_14126924","GNODEID":"G-3","TAGID":"BA-2-3-11-0258","cat_id":"staff","type":"CD","date":44727,"category":"staff","association":"TH","highlight":{},"emphasize":"Y","dint":1655251200000,"age":"","index":125,"edges":[],"neighbors":[],"degree":0,"dstr":"2022-06-15"},{"SEQID":"EPI_ISL_14126963","GNODEID":"G-2.27.2","TAGID":"BA-2-3-11-0260","cat_id":"staff","type":"CD","date":44732,"category":"staff","association":"KN","highlight":{},"emphasize":"N","dint":1655683200000,"age":"","index":126,"edges":[],"neighbors":[],"degree":0,"dstr":"2022-06-20"},{"SEQID":"EPI_ISL_14127101","GNODEID":"G-2.48.1","TAGID":"BA-2-3-11-0261","cat_id":"client","type":"CD","date":44736,"category":"client","association":"CS","highlight":{},"emphasize":"N","dint":1656028800000,"age":"","index":127,"edges":[],"neighbors":[],"degree":0,"dstr":"2022-06-24"},{"SEQID":"EPI_ISL_14127148","GNODEID":"G-2.48","TAGID":"BA-2-3-11-0262","cat_id":"client","type":"CD","date":44733,"category":"client","association":"CS","highlight":{},"emphasize":"Y","dint":1655769600000,"age":"","index":128,"edges":[],"neighbors":[],"degree":0,"dstr":"2022-06-21"},{"SEQID":"EPI_ISL_14127163","GNODEID":"G-2","TAGID":"BA-2-3-11-0263","cat_id":"client","type":"CD","date":44738,"category":"client","association":"CS","highlight":{},"emphasize":"N","dint":1656201600000,"age":"","index":129,"edges":[],"neighbors":[],"degree":0,"dstr":"2022-06-26"},{"SEQID":"EPI_ISL_14127582","GNODEID":"G-2.40","TAGID":"BA-2-3-11-0266","cat_id":"staff","type":"CD","date":44736,"category":"staff","association":"KN","highlight":{},"emphasize":"Y","dint":1656028800000,"age":"","index":130,"edges":[],"neighbors":[],"degree":0,"dstr":"2022-06-24"},{"SEQID":"EPI_ISL_14127615","GNODEID":"G-2","TAGID":"BA-2-3-11-0267","cat_id":"client","type":"CD","date":44732,"category":"client","association":"HO","highlight":{},"emphasize":"Y","dint":1655683200000,"age":"","index":131,"edges":[],"neighbors":[],"degree":0,"dstr":"2022-06-20"},{"SEQID":"EPI_ISL_14127714","GNODEID":"G-2.14","TAGID":"BA-2-3-11-0269","cat_id":"staff","type":"CD","date":44735,"category":"staff","association":"HO","highlight":{},"emphasize":"Y","dint":1655942400000,"age":"","index":132,"edges":[],"neighbors":[],"degree":0,"dstr":"2022-06-23"},{"SEQID":"EPI_ISL_14127837","GNODEID":"G-2.17.2","TAGID":"BA-2-3-11-0271","cat_id":"staff","type":"CD","date":44727,"category":"staff","association":"KS","highlight":{},"emphasize":"Y","dint":1655251200000,"age":"","index":133,"edges":[],"neighbors":[],"degree":0,"dstr":"2022-06-15"},{"SEQID":"EPI_ISL_14127836","GNODEID":"G-2.17.2","TAGID":"BA-2-3-11-0272","cat_id":"client","type":"CD","date":44727,"category":"client","association":"KS","highlight":{},"emphasize":"Y","dint":1655251200000,"age":"","index":134,"edges":[],"neighbors":[],"degree":0,"dstr":"2022-06-15"},{"SEQID":"EPI_ISL_14127841","GNODEID":"G-2.17.2","TAGID":"BA-2-3-11-0275","cat_id":"client","type":"CD","date":44727,"category":"client","association":"KS","highlight":{},"emphasize":"N","dint":1655251200000,"age":"","index":135,"edges":[],"neighbors":[],"degree":0,"dstr":"2022-06-15"},{"SEQID":"EPI_ISL_14128113","GNODEID":"G-2.14.1","TAGID":"BA-2-3-11-0277","cat_id":"staff","type":"CD","date":44743,"category":"staff","association":"KY","highlight":{},"emphasize":"N","dint":1656633600000,"age":"","index":136,"edges":[],"neighbors":[],"degree":0,"dstr":"2022-07-01"},{"SEQID":"EPI_ISL_14129005","GNODEID":"G-2.8","TAGID":"BA-2-3-11-0281","cat_id":"staff","type":"CD","date":44726,"category":"staff","association":"KY","highlight":{},"emphasize":"Y","dint":1655164800000,"age":"","index":137,"edges":[],"neighbors":[],"degree":0,"dstr":"2022-06-14"},{"SEQID":"EPI_ISL_14129411","GNODEID":"G-2.6","TAGID":"BA-2-3-11-0285","cat_id":"client","type":"CD","date":44738,"category":"client","association":"KN","highlight":{},"emphasize":"Y","dint":1656201600000,"age":"","index":138,"edges":[],"neighbors":[],"degree":0,"dstr":"2022-06-26"},{"SEQID":"EPI_ISL_14129872","GNODEID":"G-2.27","TAGID":"BA-2-3-11-0288","cat_id":"client","type":"CD","date":44733,"category":"client","association":"TH","highlight":{},"emphasize":"Y","dint":1655769600000,"age":"","index":139,"edges":[],"neighbors":[],"degree":0,"dstr":"2022-06-21"},{"SEQID":"EPI_ISL_14129898","GNODEID":"G-2","TAGID":"BA-2-3-11-0289","cat_id":"client","type":"CD","date":44721,"category":"client","association":"KN","highlight":{},"emphasize":"Y","dint":1654732800000,"age":"","index":140,"edges":[],"neighbors":[],"degree":0,"dstr":"2022-06-09"},{"SEQID":"EPI_ISL_14130160","GNODEID":"G-2.46","TAGID":"BA-2-3-11-0291","cat_id":"staff","type":"CD","date":44738,"category":"staff","association":"CS","highlight":{},"emphasize":"Y","dint":1656201600000,"age":"","index":141,"edges":[],"neighbors":[],"degree":0,"dstr":"2022-06-26"},{"SEQID":"EPI_ISL_14130313","GNODEID":"G-2","TAGID":"BA-2-3-11-0292","cat_id":"staff","type":"CD","date":44730,"category":"staff","association":"HO","highlight":{},"emphasize":"Y","dint":1655510400000,"age":"","index":142,"edges":[],"neighbors":[],"degree":0,"dstr":"2022-06-18"},{"SEQID":"EPI_ISL_14130880","GNODEID":"G-2.25","TAGID":"BA-2-3-11-0293","cat_id":"client","type":"CD","date":44739,"category":"client","association":"KS","highlight":{},"emphasize":"Y","dint":1656288000000,"age":"","index":143,"edges":[],"neighbors":[],"degree":0,"dstr":"2022-06-27"},{"SEQID":"EPI_ISL_14131581","GNODEID":"G-2.34","TAGID":"BA-2-3-11-0294","cat_id":"client","type":"CD","date":44740,"category":"client","association":"KY","highlight":{},"emphasize":"N","dint":1656374400000,"age":"","index":144,"edges":[],"neighbors":[],"degree":0,"dstr":"2022-06-28"},{"SEQID":"EPI_ISL_14133582","GNODEID":"G-2.51.1","TAGID":"BA-2-3-11-0295","cat_id":"client","type":"CD","date":44742,"category":"client","association":"なし","highlight":{},"emphasize":"Y","dint":1656547200000,"age":"","index":145,"edges":[],"neighbors":[],"degree":0,"dstr":"2022-06-30"},{"SEQID":"EPI_ISL_14136200","GNODEID":"G-3.8","TAGID":"BA-2-3-11-0296","cat_id":"client","type":"CD","date":44737,"category":"client","association":"KY","highlight":{},"emphasize":"N","dint":1656115200000,"age":"","index":146,"edges":[],"neighbors":[],"degree":0,"dstr":"2022-06-25"},{"SEQID":"EPI_ISL_14133648","GNODEID":"G-2.21.2","TAGID":"BA-2-3-11-0298","cat_id":"staff","type":"CD","date":44742,"category":"staff","association":"HO","highlight":{},"emphasize":"N","dint":1656547200000,"age":"","index":147,"edges":[],"neighbors":[],"degree":0,"dstr":"2022-06-30"},{"SEQID":"EPI_ISL_14133638","GNODEID":"G-2","TAGID":"BA-2-3-11-0299","cat_id":"staff","type":"CD","date":44743,"category":"staff","association":"HO","highlight":{},"emphasize":"N","dint":1656633600000,"age":"","index":148,"edges":[],"neighbors":[],"degree":0,"dstr":"2022-07-01"},{"SEQID":"EPI_ISL_14135968","GNODEID":"G-2.10","TAGID":"BA-2-3-11-0301","cat_id":"staff","type":"CD","date":44742,"category":"staff","association":"CS","highlight":{},"emphasize":"Y","dint":1656547200000,"age":"","index":149,"edges":[],"neighbors":[],"degree":0,"dstr":"2022-06-30"},{"SEQID":"EPI_ISL_14140046","GNODEID":"G-2.11","TAGID":"BA-2-3-11-0304","cat_id":"client","type":"CD","date":44741,"category":"client","association":"KS","highlight":{},"emphasize":"Y","dint":1656460800000,"age":"","index":150,"edges":[],"neighbors":[],"degree":0,"dstr":"2022-06-29"},{"SEQID":"EPI_ISL_14140151","GNODEID":"G-2.27","TAGID":"BA-2-3-11-0305","cat_id":"staff","type":"CD","date":44743,"category":"staff","association":"KN","highlight":{},"emphasize":"Y","dint":1656633600000,"age":"","index":151,"edges":[],"neighbors":[],"degree":0,"dstr":"2022-07-01"},{"SEQID":"EPI_ISL_14140475","GNODEID":"G-3","TAGID":"BA-2-3-11-0306","cat_id":"client","type":"CD","date":44728,"category":"client","association":"TH","highlight":{},"emphasize":"Y","dint":1655337600000,"age":"","index":152,"edges":[],"neighbors":[],"degree":0,"dstr":"2022-06-16"},{"SEQID":"EPI_ISL_14141847","GNODEID":"G-2.52","TAGID":"BA-2-3-11-0308","cat_id":"client","type":"CD","date":44726,"category":"client","association":"なし","highlight":{},"emphasize":"Y","dint":1655164800000,"age":"","index":153,"edges":[],"neighbors":[],"degree":0,"dstr":"2022-06-14"},{"SEQID":"EPI_ISL_14540342","GNODEID":"G-3.6","TAGID":"BA-2-3-11-0309","cat_id":"staff","type":"CD","date":44743,"category":"staff","association":"KS","highlight":{},"emphasize":"N","dint":1656633600000,"age":"","index":154,"edges":[],"neighbors":[],"degree":0,"dstr":"2022-07-01"},{"SEQID":"EPI_ISL_14540422","GNODEID":"G-2.2","TAGID":"BA-2-3-11-0310","cat_id":"client","type":"CD","date":44742,"category":"client","association":"KS","highlight":{},"emphasize":"N","dint":1656547200000,"age":"","index":155,"edges":[],"neighbors":[],"degree":0,"dstr":"2022-06-30"},{"SEQID":"EPI_ISL_14146832","GNODEID":"G-2.42","TAGID":"BA-2-3-11-0311","cat_id":"client","type":"CD","date":44734,"category":"client","association":"KN","highlight":{},"emphasize":"Y","dint":1655856000000,"age":"","index":156,"edges":[],"neighbors":[],"degree":0,"dstr":"2022-06-22"},{"SEQID":"EPI_ISL_14211010","GNODEID":"G-2.52","TAGID":"BA-2-3-11-0312","cat_id":"client","type":"CD","date":44734,"category":"client","association":"KS","highlight":{},"emphasize":"N","dint":1655856000000,"age":"","index":157,"edges":[],"neighbors":[],"degree":0,"dstr":"2022-06-22"},{"SEQID":"EPI_ISL_14211074","GNODEID":"G-3.7.1.2","TAGID":"BA-2-3-11-0314","cat_id":"staff","type":"CD","date":44734,"category":"staff","association":"KS","highlight":{},"emphasize":"Y","dint":1655856000000,"age":"","index":158,"edges":[],"neighbors":[],"degree":0,"dstr":"2022-06-22"},{"SEQID":"EPI_ISL_14342534","GNODEID":"G-2","TAGID":"BA-2-3-11-0318","cat_id":"client","type":"CD","date":44741,"category":"client","association":"TO","highlight":{},"emphasize":"Y","dint":1656460800000,"age":"","index":159,"edges":[],"neighbors":[],"degree":0,"dstr":"2022-06-29"},{"SEQID":"EPI_ISL_14343663","GNODEID":"G-2.51","TAGID":"BA-2-3-11-0319","cat_id":"staff","type":"CD","date":44721,"category":"staff","association":"なし","highlight":{},"emphasize":"Y","dint":1654732800000,"age":"","index":160,"edges":[],"neighbors":[],"degree":0,"dstr":"2022-06-09"},{"SEQID":"EPI_ISL_14343984","GNODEID":"G-2","TAGID":"BA-2-3-11-0321","cat_id":"client","type":"CD","date":44734,"category":"client","association":"KY","highlight":{},"emphasize":"Y","dint":1655856000000,"age":"","index":161,"edges":[],"neighbors":[],"degree":0,"dstr":"2022-06-22"}],"edges":[{"LINKID":"L-1","TAG_from":"EPI_ISL_13765715","TAG_to":"EPI_ISL_13513682","label":"家族","src":-1,"dst":-1}],"epi":[{"SEQID":"REF","GNODEID":"G-1"},{"SEQID":"EPI_ISL_14110780","GNODEID":"G-2"},{"SEQID":"EPI_ISL_14540290","GNODEID":"G-2"},{"SEQID":"EPI_ISL_14343984","GNODEID":"G-2"},{"SEQID":"EPI_ISL_14113383","GNODEID":"G-2"},{"SEQID":"EPI_ISL_14118966","GNODEID":"G-2"},{"SEQID":"EPI_ISL_14114187","GNODEID":"G-2"},{"SEQID":"EPI_ISL_14121902","GNODEID":"G-2"},{"SEQID":"EPI_ISL_14017717","GNODEID":"G-2"},{"SEQID":"EPI_ISL_13512736","GNODEID":"G-2"},{"SEQID":"EPI_ISL_14127163","GNODEID":"G-2"},{"SEQID":"EPI_ISL_14129898","GNODEID":"G-2"},{"SEQID":"EPI_ISL_14342534","GNODEID":"G-2"},{"SEQID":"EPI_ISL_14120548","GNODEID":"G-2"},{"SEQID":"EPI_ISL_13512938","GNODEID":"G-2"},{"SEQID":"EPI_ISL_14120805","GNODEID":"G-2"},{"SEQID":"EPI_ISL_13513749","GNODEID":"G-2"},{"SEQID":"EPI_ISL_14117310","GNODEID":"G-2"},{"SEQID":"EPI_ISL_14115157","GNODEID":"G-2"},{"SEQID":"EPI_ISL_14121927","GNODEID":"G-2"},{"SEQID":"EPI_ISL_14123783","GNODEID":"G-2"},{"SEQID":"EPI_ISL_13512745","GNODEID":"G-2"},{"SEQID":"EPI_ISL_14127615","GNODEID":"G-2"},{"SEQID":"EPI_ISL_14130313","GNODEID":"G-2"},{"SEQID":"EPI_ISL_14133638","GNODEID":"G-2"},{"SEQID":"EPI_ISL_13513831","GNODEID":"G-2"},{"SEQID":"EPI_ISL_14123394","GNODEID":"G-2"},{"SEQID":"EPI_ISL_14120961","GNODEID":"G-2"},{"SEQID":"EPI_ISL_14113599","GNODEID":"G-2"},{"SEQID":"EPI_ISL_14118713","GNODEID":"G-2"},{"SEQID":"EPI_ISL_14017772","GNODEID":"G-2"},{"SEQID":"EPI_ISL_14120383","GNODEID":"G-2"},{"SEQID":"EPI_ISL_14118209","GNODEID":"G-2"},{"SEQID":"EPI_ISL_14118771","GNODEID":"G-2"},{"SEQID":"EPI_ISL_14113590","GNODEID":"G-2"},{"SEQID":"EPI_ISL_14017913","GNODEID":"G-2"},{"SEQID":"EPI_ISL_14117337","GNODEID":"G-2"},{"SEQID":"EPI_ISL_14117993","GNODEID":"G-2"},{"SEQID":"EPI_ISL_13512734","GNODEID":"G-2.1"},{"SEQID":"EPI_ISL_14540422","GNODEID":"G-2.2"},{"SEQID":"EPI_ISL_14118500","GNODEID":"G-2.3"},{"SEQID":"EPI_ISL_14123268","GNODEID":"G-2.4"},{"SEQID":"EPI_ISL_14112890","GNODEID":"G-2.5"},{"SEQID":"EPI_ISL_14129411","GNODEID":"G-2.6"},{"SEQID":"EPI_ISL_14114708","GNODEID":"G-2.7"},{"SEQID":"EPI_ISL_14113989","GNODEID":"G-2.7"},{"SEQID":"EPI_ISL_14114527","GNODEID":"G-2.8"},{"SEQID":"EPI_ISL_14125854","GNODEID":"G-2.8"},{"SEQID":"EPI_ISL_14129005","GNODEID":"G-2.8"},{"SEQID":"EPI_ISL_14120431","GNODEID":"G-2.9"},{"SEQID":"EPI_ISL_14135968","GNODEID":"G-2.10"},{"SEQID":"EPI_ISL_14140046","GNODEID":"G-2.11"},{"SEQID":"EPI_ISL_14113387","GNODEID":"G-2.12"},{"SEQID":"EPI_ISL_14121439","GNODEID":"G-2.12"},{"SEQID":"EPI_ISL_14126949","GNODEID":"G-2.12"},{"SEQID":"EPI_ISL_14126940","GNODEID":"G-2.12"},{"SEQID":"EPI_ISL_14114925","GNODEID":"G-2.13.1"},{"SEQID":"EPI_ISL_14120493","GNODEID":"G-2.13.2"},{"SEQID":"EPI_ISL_14118494","GNODEID":"G-2.14"},{"SEQID":"EPI_ISL_14118962","GNODEID":"G-2.14"},{"SEQID":"EPI_ISL_14127714","GNODEID":"G-2.14"},{"SEQID":"EPI_ISL_14128113","GNODEID":"G-2.14.1"},{"SEQID":"EPI_ISL_14118944","GNODEID":"G-2.14.2"},{"SEQID":"EPI_ISL_14017975","GNODEID":"G-2.15"},{"SEQID":"EPI_ISL_14110778","GNODEID":"G-2.16"},{"SEQID":"EPI_ISL_14111605","GNODEID":"G-2.17.1"},{"SEQID":"EPI_ISL_14123511","GNODEID":"G-2.17.1.1"},{"SEQID":"EPI_ISL_14127837","GNODEID":"G-2.17.2"},{"SEQID":"EPI_ISL_14127841","GNODEID":"G-2.17.2"},{"SEQID":"EPI_ISL_14127836","GNODEID":"G-2.17.2"},{"SEQID":"EPI_ISL_14114232","GNODEID":"G-2.18"},{"SEQID":"EPI_ISL_14114231","GNODEID":"G-2.18.1"},{"SEQID":"EPI_ISL_14113595","GNODEID":"G-2.19"},{"SEQID":"EPI_ISL_14114799","GNODEID":"G-2.19"},{"SEQID":"EPI_ISL_14120381","GNODEID":"G-2.19.1"},{"SEQID":"EPI_ISL_14117904","GNODEID":"G-2.20"},{"SEQID":"EPI_ISL_13512843","GNODEID":"G-2.21.1"},{"SEQID":"EPI_ISL_14123740","GNODEID":"G-2.21.1"},{"SEQID":"EPI_ISL_14133648","GNODEID":"G-2.21.2"},{"SEQID":"EPI_ISL_13765691","GNODEID":"G-2.22"},{"SEQID":"EPI_ISL_14120872","GNODEID":"G-2.22"},{"SEQID":"EPI_ISL_14120854","GNODEID":"G-2.22"},{"SEQID":"EPI_ISL_14119525","GNODEID":"G-2.22"},{"SEQID":"EPI_ISL_14114801","GNODEID":"G-2.22"},{"SEQID":"EPI_ISL_14114803","GNODEID":"G-2.22.1"},{"SEQID":"EPI_ISL_14120853","GNODEID":"G-2.22.2"},{"SEQID":"EPI_ISL_13512856","GNODEID":"G-2.23"},{"SEQID":"EPI_ISL_13513682","GNODEID":"G-2.23"},{"SEQID":"EPI_ISL_14120100","GNODEID":"G-2.24"},{"SEQID":"EPI_ISL_14130880","GNODEID":"G-2.25"},{"SEQID":"EPI_ISL_14114182","GNODEID":"G-2.26"},{"SEQID":"EPI_ISL_14129872","GNODEID":"G-2.27"},{"SEQID":"EPI_ISL_14140151","GNODEID":"G-2.27"},{"SEQID":"EPI_ISL_14113377","GNODEID":"G-2.27"},{"SEQID":"EPI_ISL_14113390","GNODEID":"G-2.27"},{"SEQID":"EPI_ISL_14121424","GNODEID":"G-2.27"},{"SEQID":"EPI_ISL_14114188","GNODEID":"G-2.27"},{"SEQID":"EPI_ISL_14121417","GNODEID":"G-2.27"},{"SEQID":"EPI_ISL_14114199","GNODEID":"G-2.27.1"},{"SEQID":"EPI_ISL_14121419","GNODEID":"G-2.27.1"},{"SEQID":"EPI_ISL_14126963","GNODEID":"G-2.27.2"},{"SEQID":"EPI_ISL_14126941","GNODEID":"G-2.28"},{"SEQID":"EPI_ISL_14126931","GNODEID":"G-2.29"},{"SEQID":"EPI_ISL_14120312","GNODEID":"G-2.30"},{"SEQID":"EPI_ISL_14114699","GNODEID":"G-2.31"},{"SEQID":"EPI_ISL_13765715","GNODEID":"G-2.32"},{"SEQID":"EPI_ISL_14112870","GNODEID":"G-2.33"},{"SEQID":"EPI_ISL_14131581","GNODEID":"G-2.34"},{"SEQID":"EPI_ISL_14125411","GNODEID":"G-2.35"},{"SEQID":"EPI_ISL_14121741","GNODEID":"G-2.36"},{"SEQID":"EPI_ISL_14121755","GNODEID":"G-2.36"},{"SEQID":"EPI_ISL_14121788","GNODEID":"G-2.36"},{"SEQID":"EPI_ISL_14114355","GNODEID":"G-2.37"},{"SEQID":"EPI_ISL_14114822","GNODEID":"G-2.38"},{"SEQID":"EPI_ISL_14121127","GNODEID":"G-2.39"},{"SEQID":"EPI_ISL_14127582","GNODEID":"G-2.40"},{"SEQID":"EPI_ISL_14113623","GNODEID":"G-2.41"},{"SEQID":"EPI_ISL_14146832","GNODEID":"G-2.42"},{"SEQID":"EPI_ISL_14118926","GNODEID":"G-2.43"},{"SEQID":"EPI_ISL_14125380","GNODEID":"G-2.43"},{"SEQID":"EPI_ISL_14123629","GNODEID":"G-2.44"},{"SEQID":"EPI_ISL_14118260","GNODEID":"G-2.45"},{"SEQID":"EPI_ISL_14130160","GNODEID":"G-2.46"},{"SEQID":"EPI_ISL_13765904","GNODEID":"G-2.47"},{"SEQID":"EPI_ISL_13765943","GNODEID":"G-2.47.1"},{"SEQID":"EPI_ISL_14127148","GNODEID":"G-2.48"},{"SEQID":"EPI_ISL_14127101","GNODEID":"G-2.48.1"},{"SEQID":"EPI_ISL_14116844","GNODEID":"G-2.49"},{"SEQID":"EPI_ISL_14119805","GNODEID":"G-2.50"},{"SEQID":"EPI_ISL_14343663","GNODEID":"G-2.51"},{"SEQID":"EPI_ISL_14133582","GNODEID":"G-2.51.1"},{"SEQID":"EPI_ISL_14125505","GNODEID":"G-2.52"},{"SEQID":"EPI_ISL_14211010","GNODEID":"G-2.52"},{"SEQID":"EPI_ISL_14141847","GNODEID":"G-2.52"},{"SEQID":"EPI_ISL_14125487","GNODEID":"G-2.53"},{"SEQID":"EPI_ISL_14111608","GNODEID":"G-2.54"},{"SEQID":"EPI_ISL_14113593","GNODEID":"G-3"},{"SEQID":"EPI_ISL_13513757","GNODEID":"G-3"},{"SEQID":"EPI_ISL_14125473","GNODEID":"G-3"},{"SEQID":"EPI_ISL_14123661","GNODEID":"G-3"},{"SEQID":"EPI_ISL_14124098","GNODEID":"G-3"},{"SEQID":"EPI_ISL_14124629","GNODEID":"G-3"},{"SEQID":"EPI_ISL_14120666","GNODEID":"G-3"},{"SEQID":"EPI_ISL_14121566","GNODEID":"G-3"},{"SEQID":"EPI_ISL_14117464","GNODEID":"G-3"},{"SEQID":"EPI_ISL_14120684","GNODEID":"G-3"},{"SEQID":"EPI_ISL_14140475","GNODEID":"G-3"},{"SEQID":"EPI_ISL_14126924","GNODEID":"G-3"},{"SEQID":"EPI_ISL_13514800","GNODEID":"G-3.1"},{"SEQID":"EPI_ISL_14017800","GNODEID":"G-3.2"},{"SEQID":"EPI_ISL_14123618","GNODEID":"G-3.3"},{"SEQID":"EPI_ISL_14124087","GNODEID":"G-3.4"},{"SEQID":"EPI_ISL_14114050","GNODEID":"G-3.5"},{"SEQID":"EPI_ISL_13901109","GNODEID":"G-3.6"},{"SEQID":"EPI_ISL_14126655","GNODEID":"G-3.6"},{"SEQID":"EPI_ISL_14540342","GNODEID":"G-3.6"},{"SEQID":"EPI_ISL_14114613","GNODEID":"G-3.7"},{"SEQID":"EPI_ISL_13765625","GNODEID":"G-3.7.1"},{"SEQID":"EPI_ISL_13514596","GNODEID":"G-3.7.1.1"},{"SEQID":"EPI_ISL_14017796","GNODEID":"G-3.7.1.2"},{"SEQID":"EPI_ISL_14211074","GNODEID":"G-3.7.1.2"},{"SEQID":"EPI_ISL_14136200","GNODEID":"G-3.8"},{"SEQID":"EPI_ISL_14116603","GNODEID":"G-3.9"},{"SEQID":"EPI_ISL_13514655","GNODEID":"G-3.10"}],"tree":[{"label":"G-0","length":0,"edges":["G-1","G-2","G-3"],"subs":0},{"label":"G-1","length":0.0205311026,"edges":[],"subs":28},{"label":"G-2","length":0.0011412812,"edges":["G-2.1","G-2.2","G-2.3","G-2.4","G-2.5","G-2.6","G-2.7","G-2.8","G-2.9","G-2.10","G-2.11","G-2.12","G-2.13","G-2.14","G-2.15","G-2.16","G-2.17","G-2.18","G-2.19","G-2.20","G-2.21","G-2.22","G-2.23","G-2.24","G-2.25","G-2.26","G-2.27","G-2.28","G-2.29","G-2.30","G-2.31","G-2.32","G-2.33","G-2.34","G-2.35","G-2.36","G-2.37","G-2.38","G-2.39","G-2.40","G-2.41","G-2.42","G-2.43","G-2.44","G-2.45","G-2.46","G-2.47","G-2.48","G-2.49","G-2.50","G-2.51","G-2.52","G-2.53","G-2.54"],"subs":1},{"label":"G-2.1","length":0.0011323442000000003,"edges":[],"subs":1},{"label":"G-2.2","length":0.0007639238000000005,"edges":[],"subs":1},{"label":"G-2.3","length":0.0030148034000000005,"edges":[],"subs":4},{"label":"G-2.4","length":0.0007649164000000005,"edges":[],"subs":1},{"label":"G-2.5","length":0.0011390698000000006,"edges":[],"subs":1},{"label":"G-2.6","length":0.0015165520000000007,"edges":[],"subs":2},{"label":"G-2.7","length":0.0018864763000000005,"edges":[],"subs":2},{"label":"G-2.8","length":0.0011378006000000004,"edges":[],"subs":1},{"label":"G-2.9","length":0.0022629862000000003,"edges":[],"subs":3},{"label":"G-2.10","length":0.0026409321000000004,"edges":[],"subs":3},{"label":"G-2.11","length":0.0011357334000000005,"edges":[],"subs":1},{"label":"G-2.12","length":0.0007597861000000004,"edges":[],"subs":1},{"label":"G-2.13","length":0.0011371034000000003,"edges":["G-2.13.1","G-2.13.2"],"subs":1},{"label":"G-2.13.1","length":0.0022488466,"edges":[],"subs":3},{"label":"G-2.13.2","length":0.0007496678,"edges":[],"subs":1},{"label":"G-2.14","length":0.0007589376000000002,"edges":["G-2.14.1","G-2.14.2"],"subs":1},{"label":"G-2.14.1","length":0.0011220713,"edges":[],"subs":1},{"label":"G-2.14.2","length":0.0007508508000000001,"edges":[],"subs":1},{"label":"G-2.15","length":0.0007577653000000002,"edges":[],"subs":1},{"label":"G-2.16","length":0.0011312832000000001,"edges":[],"subs":1},{"label":"G-2.17","length":0.0007567906000000002,"edges":["G-2.17.1","G-2.17.2"],"subs":1},{"label":"G-2.17.1","length":0.0014997604,"edges":["G-2.17.1.1"],"subs":2},{"label":"G-2.17.1.1","length":0.000748245,"edges":[],"subs":1},{"label":"G-2.17.2","length":0.0014996371,"edges":[],"subs":2},{"label":"G-2.18","length":0.0011307363000000001,"edges":["G-2.18.1"],"subs":1},{"label":"G-2.18.1","length":0.0018748315,"edges":[],"subs":2},{"label":"G-2.19","length":0.0007547968000000001,"edges":["G-2.19.1"],"subs":1},{"label":"G-2.19.1","length":0.0014973943,"edges":[],"subs":2},{"label":"G-2.20","length":0.0011304043,"edges":[],"subs":1},{"label":"G-2.21","length":0.0007528585000000001,"edges":["G-2.21.1","G-2.21.2"],"subs":1},{"label":"G-2.21.1","length":0.0007503141,"edges":[],"subs":1},{"label":"G-2.21.2","length":0.000749945,"edges":[],"subs":1},{"label":"G-2.22","length":0.0007538839000000001,"edges":["G-2.22.1","G-2.22.2"],"subs":1},{"label":"G-2.22.1","length":0.0011278366,"edges":[],"subs":1},{"label":"G-2.22.2","length":0.0011242386,"edges":[],"subs":1},{"label":"G-2.23","length":0.0015050958000000002,"edges":[],"subs":2},{"label":"G-2.24","length":0.0007527128000000001,"edges":[],"subs":1},{"label":"G-2.25","length":0.0007605599,"edges":[],"subs":1},{"label":"G-2.26","length":0.0015028707000000001,"edges":[],"subs":2},{"label":"G-2.27","length":0.0011279859,"edges":["G-2.27.1","G-2.27.2"],"subs":1},{"label":"G-2.27.1","length":0.0007548642000000001,"edges":[],"subs":1},{"label":"G-2.27.2","length":0.0011300162,"edges":[],"subs":1},{"label":"G-2.28","length":0.0011296154000000002,"edges":[],"subs":1},{"label":"G-2.29","length":0.0011285594,"edges":[],"subs":1},{"label":"G-2.30","length":0.0015125009000000005,"edges":[],"subs":2},{"label":"G-2.31","length":0.0011401302000000006,"edges":[],"subs":1},{"label":"G-2.32","length":0.0015135898000000004,"edges":[],"subs":2},{"label":"G-2.33","length":0.0011362810000000003,"edges":[],"subs":1},{"label":"G-2.34","length":0.0007613816000000003,"edges":[],"subs":1},{"label":"G-2.35","length":0.0015095157000000001,"edges":[],"subs":2},{"label":"G-2.36","length":0.0011303746000000002,"edges":[],"subs":1},{"label":"G-2.37","length":0.0007728077000000007,"edges":[],"subs":1},{"label":"G-2.38","length":0.0015190097000000007,"edges":[],"subs":2},{"label":"G-2.39","length":0.0018945911000000006,"edges":[],"subs":2},{"label":"G-2.40","length":0.0011475112000000009,"edges":[],"subs":1},{"label":"G-2.41","length":0.0011439963000000005,"edges":[],"subs":1},{"label":"G-2.42","length":0.0011441499000000006,"edges":[],"subs":1},{"label":"G-2.43","length":0.0007694051000000006,"edges":[],"subs":1},{"label":"G-2.44","length":0.0007685365000000006,"edges":[],"subs":1},{"label":"G-2.45","length":0.0015191403000000007,"edges":[],"subs":2},{"label":"G-2.46","length":0.0015157427000000005,"edges":[],"subs":2},{"label":"G-2.47","length":0.0011314833,"edges":["G-2.47.1"],"subs":1},{"label":"G-2.47.1","length":0.0007499619,"edges":[],"subs":1},{"label":"G-2.48","length":0.0026362626,"edges":["G-2.48.1"],"subs":3},{"label":"G-2.48.1","length":0.0015017081,"edges":[],"subs":2},{"label":"G-2.49","length":0.0011298756,"edges":[],"subs":1},{"label":"G-2.50","length":0.0011308022,"edges":[],"subs":1},{"label":"G-2.51","length":0.0011316807000000002,"edges":["G-2.51.1"],"subs":1},{"label":"G-2.51.1","length":0.000750927,"edges":[],"subs":1},{"label":"G-2.52","length":0.0011304448,"edges":[],"subs":1},{"label":"G-2.53","length":0.0018795809,"edges":[],"subs":2},{"label":"G-2.54","length":0.0015071918,"edges":[],"subs":2},{"label":"G-3","length":0.0011182573,"edges":["G-3.1","G-3.2","G-3.3","G-3.4","G-3.5","G-3.6","G-3.7","G-3.8","G-3.9","G-3.10"],"subs":1},{"label":"G-3.1","length":0.0007546223,"edges":[],"subs":1},{"label":"G-3.2","length":0.0011308458,"edges":[],"subs":1},{"label":"G-3.3","length":0.0007548595,"edges":[],"subs":1},{"label":"G-3.4","length":0.0022620643,"edges":[],"subs":3},{"label":"G-3.5","length":0.0015063842,"edges":[],"subs":2},{"label":"G-3.6","length":0.0022624436,"edges":[],"subs":3},{"label":"G-3.7","length":0.0011334291,"edges":["G-3.7.1"],"subs":1},{"label":"G-3.7.1","length":0.0007527524,"edges":["G-3.7.1.1","G-3.7.1.2"],"subs":1},{"label":"G-3.7.1.1","length":0.0007511581,"edges":[],"subs":1},{"label":"G-3.7.1.2","length":0.000752401,"edges":[],"subs":1},{"label":"G-3.8","length":0.002264972,"edges":[],"subs":3},{"label":"G-3.9","length":0.0015077375,"edges":[],"subs":2},{"label":"G-3.10","length":0.0011304448,"edges":[],"subs":1}],"dist":{"period":14.463397926912783,"phase":13.463397926912783,"interval":0.0000505095}}