{"nodes":[{"SEQID":"EPI_ISL_13199396","GNODEID":"G-2.30","TAGID":"BA2-3-0001","cat_id":"client","type":"CD","date":44714,"category":"client","association":"KN","highlight":{},"emphasize":"Y","dint":1654128000000,"age":"","index":0,"edges":[],"neighbors":[],"degree":0,"dstr":"2022-06-02"},{"SEQID":"EPI_ISL_13351628","GNODEID":"G-2.17","TAGID":"BA2-3-0002","cat_id":"client","type":"CD","date":44713,"category":"client","association":"KS","highlight":{},"emphasize":"Y","dint":1654041600000,"age":"","index":1,"edges":[],"neighbors":[],"degree":0,"dstr":"2022-06-01"},{"SEQID":"EPI_ISL_13650881","GNODEID":"G-2.20.2","TAGID":"BA2-3-0003","cat_id":"client","type":"CD","date":44713,"category":"client","association":"KS","highlight":{},"emphasize":"Y","dint":1654041600000,"age":"","index":2,"edges":[],"neighbors":[],"degree":0,"dstr":"2022-06-01"},{"SEQID":"EPI_ISL_13650834","GNODEID":"G-2.11","TAGID":"BA2-3-0005","cat_id":"staff","type":"CD","date":44713,"category":"staff","association":"KS","highlight":{},"emphasize":"Y","dint":1654041600000,"age":"","index":3,"edges":[],"neighbors":[],"degree":0,"dstr":"2022-06-01"},{"SEQID":"EPI_ISL_13650902","GNODEID":"G-2.21.2","TAGID":"BA2-3-0006","cat_id":"staff","type":"CD","date":44713,"category":"staff","association":"KS","highlight":{},"emphasize":"N","dint":1654041600000,"age":"","index":4,"edges":[],"neighbors":[],"degree":0,"dstr":"2022-06-01"},{"SEQID":"EPI_ISL_13650901","GNODEID":"G-2.23.5","TAGID":"BA2-3-0007","cat_id":"staff","type":"CD","date":44713,"category":"staff","association":"KS","highlight":{},"emphasize":"N","dint":1654041600000,"age":"","index":5,"edges":[],"neighbors":[],"degree":0,"dstr":"2022-06-01"},{"SEQID":"EPI_ISL_13651420","GNODEID":"G-2","TAGID":"BA2-3-0010","cat_id":"staff","type":"CD","date":44713,"category":"staff","association":"KS","highlight":{},"emphasize":"N","dint":1654041600000,"age":"","index":6,"edges":[],"neighbors":[],"degree":0,"dstr":"2022-06-01"},{"SEQID":"EPI_ISL_13651426","GNODEID":"G-2.23.5.2","TAGID":"BA2-3-0011","cat_id":"staff","type":"CD","date":44713,"category":"staff","association":"KS","highlight":{},"emphasize":"N","dint":1654041600000,"age":"","index":7,"edges":[],"neighbors":[],"degree":0,"dstr":"2022-06-01"},{"SEQID":"EPI_ISL_13651700","GNODEID":"G-2","TAGID":"BA2-3-0013","cat_id":"staff","type":"CD","date":44713,"category":"staff","association":"KS","highlight":{},"emphasize":"N","dint":1654041600000,"age":"","index":8,"edges":[],"neighbors":[],"degree":0,"dstr":"2022-06-01"},{"SEQID":"EPI_ISL_13651709","GNODEID":"G-2.21","TAGID":"BA2-3-0014","cat_id":"client","type":"CD","date":44713,"category":"client","association":"KS","highlight":{},"emphasize":"N","dint":1654041600000,"age":"","index":9,"edges":[],"neighbors":[],"degree":0,"dstr":"2022-06-01"},{"SEQID":"EPI_ISL_13651697","GNODEID":"G-2.23.5.1","TAGID":"BA2-3-0015","cat_id":"client","type":"CD","date":44713,"category":"client","association":"KS","highlight":{},"emphasize":"Y","dint":1654041600000,"age":"","index":10,"edges":[],"neighbors":[],"degree":0,"dstr":"2022-06-01"},{"SEQID":"EPI_ISL_13651693","GNODEID":"G-2.23.5","TAGID":"BA2-3-0016","cat_id":"client","type":"CD","date":44713,"category":"client","association":"KS","highlight":{},"emphasize":"Y","dint":1654041600000,"age":"","index":11,"edges":[],"neighbors":[],"degree":0,"dstr":"2022-06-01"},{"SEQID":"EPI_ISL_13651718","GNODEID":"G-2.11.3","TAGID":"BA2-3-0017","cat_id":"staff","type":"CD","date":44713,"category":"staff","association":"KS","highlight":{},"emphasize":"N","dint":1654041600000,"age":"","index":12,"edges":[],"neighbors":[],"degree":0,"dstr":"2022-06-01"},{"SEQID":"EPI_ISL_13651478","GNODEID":"G-2.7","TAGID":"BA2-3-0030","cat_id":"staff","type":"CD","date":44713,"category":"staff","association":"KS","highlight":{},"emphasize":"Y","dint":1654041600000,"age":"","index":13,"edges":[],"neighbors":[],"degree":0,"dstr":"2022-06-01"},{"SEQID":"EPI_ISL_13651475","GNODEID":"G-2.23.5","TAGID":"BA2-3-0031","cat_id":"staff","type":"CD","date":44713,"category":"staff","association":"KS","highlight":{},"emphasize":"N","dint":1654041600000,"age":"","index":14,"edges":[],"neighbors":[],"degree":0,"dstr":"2022-06-01"},{"SEQID":"EPI_ISL_13651455","GNODEID":"G-2","TAGID":"BA2-3-0034","cat_id":"client","type":"CD","date":44713,"category":"client","association":"KS","highlight":{},"emphasize":"N","dint":1654041600000,"age":"","index":15,"edges":[],"neighbors":[],"degree":0,"dstr":"2022-06-01"},{"SEQID":"EPI_ISL_13651470","GNODEID":"G-2.21","TAGID":"BA2-3-0035","cat_id":"staff","type":"CD","date":44713,"category":"staff","association":"KS","highlight":{},"emphasize":"Y","dint":1654041600000,"age":"","index":16,"edges":[],"neighbors":[],"degree":0,"dstr":"2022-06-01"},{"SEQID":"EPI_ISL_13651437","GNODEID":"G-2.21","TAGID":"BA2-3-0036","cat_id":"client","type":"CD","date":44713,"category":"client","association":"KS","highlight":{},"emphasize":"N","dint":1654041600000,"age":"","index":17,"edges":[],"neighbors":[],"degree":0,"dstr":"2022-06-01"},{"SEQID":"EPI_ISL_13651411","GNODEID":"G-2.11","TAGID":"BA2-3-0040","cat_id":"staff","type":"CD","date":44713,"category":"staff","association":"KS","highlight":{},"emphasize":"Y","dint":1654041600000,"age":"","index":18,"edges":[],"neighbors":[],"degree":0,"dstr":"2022-06-01"},{"SEQID":"EPI_ISL_13651412","GNODEID":"G-2.23","TAGID":"BA2-3-0041","cat_id":"staff","type":"CD","date":44713,"category":"staff","association":"KS","highlight":{},"emphasize":"N","dint":1654041600000,"age":"","index":19,"edges":[],"neighbors":[],"degree":0,"dstr":"2022-06-01"},{"SEQID":"EPI_ISL_13651430","GNODEID":"G-2.21.5","TAGID":"BA2-3-0042","cat_id":"client","type":"CD","date":44713,"category":"client","association":"KS","highlight":{},"emphasize":"Y","dint":1654041600000,"age":"","index":20,"edges":[],"neighbors":[],"degree":0,"dstr":"2022-06-01"},{"SEQID":"EPI_ISL_13651407","GNODEID":"G-2.21","TAGID":"BA2-3-0043","cat_id":"client","type":"CD","date":44713,"category":"client","association":"KS","highlight":{},"emphasize":"N","dint":1654041600000,"age":"","index":21,"edges":[],"neighbors":[],"degree":0,"dstr":"2022-06-01"},{"SEQID":"EPI_ISL_13650862","GNODEID":"G-2.3","TAGID":"BA2-3-0044","cat_id":"staff","type":"CD","date":44713,"category":"staff","association":"KS","highlight":{},"emphasize":"N","dint":1654041600000,"age":"","index":22,"edges":[],"neighbors":[],"degree":0,"dstr":"2022-06-01"},{"SEQID":"EPI_ISL_13650872","GNODEID":"G-2.23.5","TAGID":"BA2-3-0045","cat_id":"client","type":"CD","date":44713,"category":"client","association":"KS","highlight":{},"emphasize":"Y","dint":1654041600000,"age":"","index":23,"edges":[],"neighbors":[],"degree":0,"dstr":"2022-06-01"},{"SEQID":"EPI_ISL_13902426","GNODEID":"G-2.21.4.1","TAGID":"BA2-3-0046","cat_id":"client","type":"CD","date":44713,"category":"client","association":"TH","highlight":{},"emphasize":"Y","dint":1654041600000,"age":"","index":24,"edges":[],"neighbors":[],"degree":0,"dstr":"2022-06-01"},{"SEQID":"EPI_ISL_14093699","GNODEID":"G-2","TAGID":"BA2-3-0047","cat_id":"staff","type":"CD","date":44713,"category":"staff","association":"KN","highlight":{},"emphasize":"Y","dint":1654041600000,"age":"","index":25,"edges":[],"neighbors":[],"degree":0,"dstr":"2022-06-01"},{"SEQID":"EPI_ISL_14093701","GNODEID":"G-2.19","TAGID":"BA2-3-0048","cat_id":"staff","type":"CD","date":44713,"category":"staff","association":"KN","highlight":{},"emphasize":"N","dint":1654041600000,"age":"","index":26,"edges":[],"neighbors":[],"degree":0,"dstr":"2022-06-01"},{"SEQID":"EPI_ISL_14109934","GNODEID":"G-2.21.6","TAGID":"BA2-3-0050","cat_id":"client","type":"CD","date":44713,"category":"client","association":"KY","highlight":{},"emphasize":"N","dint":1654041600000,"age":"","index":27,"edges":[],"neighbors":[],"degree":0,"dstr":"2022-06-01"},{"SEQID":"EPI_ISL_14109936","GNODEID":"G-2.24","TAGID":"BA2-3-0051","cat_id":"client","type":"CD","date":44713,"category":"client","association":"KY","highlight":{},"emphasize":"N","dint":1654041600000,"age":"","index":28,"edges":[],"neighbors":[],"degree":0,"dstr":"2022-06-01"},{"SEQID":"EPI_ISL_14109960","GNODEID":"G-2.11.1","TAGID":"BA2-3-0052","cat_id":"client","type":"CD","date":44713,"category":"client","association":"KY","highlight":{},"emphasize":"N","dint":1654041600000,"age":"","index":29,"edges":[],"neighbors":[],"degree":0,"dstr":"2022-06-01"},{"SEQID":"EPI_ISL_14109951","GNODEID":"G-2","TAGID":"BA2-3-0053","cat_id":"client","type":"CD","date":44713,"category":"client","association":"KY","highlight":{},"emphasize":"Y","dint":1654041600000,"age":"","index":30,"edges":[],"neighbors":[],"degree":0,"dstr":"2022-06-01"},{"SEQID":"EPI_ISL_14110775","GNODEID":"G-2.7","TAGID":"BA2-3-0055","cat_id":"staff","type":"CD","date":44713,"category":"staff","association":"TH","highlight":{},"emphasize":"Y","dint":1654041600000,"age":"","index":31,"edges":[],"neighbors":[],"degree":0,"dstr":"2022-06-01"},{"SEQID":"EPI_ISL_14110786","GNODEID":"G-2.7.2","TAGID":"BA2-3-0056","cat_id":"client","type":"CD","date":44714,"category":"client","association":"TH","highlight":{},"emphasize":"N","dint":1654128000000,"age":"","index":32,"edges":[],"neighbors":[],"degree":0,"dstr":"2022-06-02"},{"SEQID":"EPI_ISL_14110862","GNODEID":"G-2.27","TAGID":"BA2-3-0057","cat_id":"client","type":"CD","date":44714,"category":"client","association":"なし","highlight":{},"emphasize":"Y","dint":1654128000000,"age":"","index":33,"edges":[],"neighbors":[],"degree":0,"dstr":"2022-06-02"},{"SEQID":"EPI_ISL_14110860","GNODEID":"G-2.9","TAGID":"BA2-3-0058","cat_id":"client","type":"CD","date":44713,"category":"client","association":"なし","highlight":{},"emphasize":"N","dint":1654041600000,"age":"","index":34,"edges":[],"neighbors":[],"degree":0,"dstr":"2022-06-01"},{"SEQID":"EPI_ISL_14110894","GNODEID":"G-2.12.1","TAGID":"BA2-3-0059","cat_id":"staff","type":"CD","date":44714,"category":"staff","association":"CS","highlight":{},"emphasize":"N","dint":1654128000000,"age":"","index":35,"edges":[],"neighbors":[],"degree":0,"dstr":"2022-06-02"},{"SEQID":"EPI_ISL_14111606","GNODEID":"G-2.11.2","TAGID":"BA2-3-0060","cat_id":"client","type":"CD","date":44714,"category":"client","association":"KS","highlight":{},"emphasize":"Y","dint":1654128000000,"age":"","index":36,"edges":[],"neighbors":[],"degree":0,"dstr":"2022-06-02"},{"SEQID":"EPI_ISL_14111607","GNODEID":"G-2.28","TAGID":"BA2-3-0062","cat_id":"client","type":"CD","date":44714,"category":"client","association":"KS","highlight":{},"emphasize":"Y","dint":1654128000000,"age":"","index":37,"edges":[],"neighbors":[],"degree":0,"dstr":"2022-06-02"},{"SEQID":"EPI_ISL_14112007","GNODEID":"G-2","TAGID":"BA2-3-0065","cat_id":"staff","type":"CD","date":44714,"category":"staff","association":"KY","highlight":{},"emphasize":"N","dint":1654128000000,"age":"","index":38,"edges":[],"neighbors":[],"degree":0,"dstr":"2022-06-02"},{"SEQID":"EPI_ISL_14112023","GNODEID":"G-2.22","TAGID":"BA2-3-0066","cat_id":"client","type":"CD","date":44714,"category":"client","association":"KY","highlight":{},"emphasize":"Y","dint":1654128000000,"age":"","index":39,"edges":[],"neighbors":[],"degree":0,"dstr":"2022-06-02"},{"SEQID":"EPI_ISL_14112022","GNODEID":"G-2.26","TAGID":"BA2-3-0067","cat_id":"staff","type":"CD","date":44714,"category":"staff","association":"KY","highlight":{},"emphasize":"Y","dint":1654128000000,"age":"","index":40,"edges":[],"neighbors":[],"degree":0,"dstr":"2022-06-02"},{"SEQID":"EPI_ISL_14112000","GNODEID":"G-2.27.1","TAGID":"BA2-3-0068","cat_id":"staff","type":"CD","date":44714,"category":"staff","association":"KY","highlight":{},"emphasize":"N","dint":1654128000000,"age":"","index":41,"edges":[],"neighbors":[],"degree":0,"dstr":"2022-06-02"},{"SEQID":"EPI_ISL_14112033","GNODEID":"G-2.14","TAGID":"BA2-3-0071","cat_id":"staff","type":"CD","date":44714,"category":"staff","association":"KY","highlight":{},"emphasize":"N","dint":1654128000000,"age":"","index":42,"edges":[],"neighbors":[],"degree":0,"dstr":"2022-06-02"},{"SEQID":"EPI_ISL_14112758","GNODEID":"G-2.11","TAGID":"BA2-3-0072","cat_id":"client","type":"CD","date":44713,"category":"client","association":"OK","highlight":{},"emphasize":"Y","dint":1654041600000,"age":"","index":43,"edges":[],"neighbors":[],"degree":0,"dstr":"2022-06-01"},{"SEQID":"EPI_ISL_14112760","GNODEID":"G-2.11","TAGID":"BA2-3-0073","cat_id":"client","type":"CD","date":44713,"category":"client","association":"OK","highlight":{},"emphasize":"N","dint":1654041600000,"age":"","index":44,"edges":[],"neighbors":[],"degree":0,"dstr":"2022-06-01"},{"SEQID":"EPI_ISL_14112763","GNODEID":"G-2.25","TAGID":"BA2-3-0074","cat_id":"client","type":"CD","date":44714,"category":"client","association":"OK","highlight":{},"emphasize":"Y","dint":1654128000000,"age":"","index":45,"edges":[],"neighbors":[],"degree":0,"dstr":"2022-06-02"},{"SEQID":"EPI_ISL_14112867","GNODEID":"G-2.21.8","TAGID":"BA2-3-0075","cat_id":"staff","type":"CD","date":44713,"category":"staff","association":"HO","highlight":{},"emphasize":"N","dint":1654041600000,"age":"","index":46,"edges":[],"neighbors":[],"degree":0,"dstr":"2022-06-01"},{"SEQID":"EPI_ISL_14112947","GNODEID":"G-2.21.7","TAGID":"BA2-3-0076","cat_id":"client","type":"CD","date":44714,"category":"client","association":"TO","highlight":{},"emphasize":"N","dint":1654128000000,"age":"","index":47,"edges":[],"neighbors":[],"degree":0,"dstr":"2022-06-02"},{"SEQID":"EPI_ISL_14112930","GNODEID":"G-2.23.5","TAGID":"BA2-3-0077","cat_id":"staff","type":"CD","date":44713,"category":"staff","association":"TO","highlight":{},"emphasize":"Y","dint":1654041600000,"age":"","index":48,"edges":[],"neighbors":[],"degree":0,"dstr":"2022-06-01"},{"SEQID":"EPI_ISL_14112935","GNODEID":"G-2.23.1","TAGID":"BA2-3-0078","cat_id":"staff","type":"CD","date":44713,"category":"staff","association":"TO","highlight":{},"emphasize":"N","dint":1654041600000,"age":"","index":49,"edges":[],"neighbors":[],"degree":0,"dstr":"2022-06-01"},{"SEQID":"EPI_ISL_14112934","GNODEID":"G-2.11.4","TAGID":"BA2-3-0079","cat_id":"client","type":"CD","date":44713,"category":"client","association":"TO","highlight":{},"emphasize":"Y","dint":1654041600000,"age":"","index":50,"edges":[],"neighbors":[],"degree":0,"dstr":"2022-06-01"},{"SEQID":"EPI_ISL_14113109","GNODEID":"G-2.21.6","TAGID":"BA2-3-0080","cat_id":"staff","type":"CD","date":44714,"category":"staff","association":"KY","highlight":{},"emphasize":"N","dint":1654128000000,"age":"","index":51,"edges":[],"neighbors":[],"degree":0,"dstr":"2022-06-02"},{"SEQID":"EPI_ISL_14113106","GNODEID":"G-2.11.5","TAGID":"BA2-3-0081","cat_id":"client","type":"CD","date":44713,"category":"client","association":"KY","highlight":{},"emphasize":"Y","dint":1654041600000,"age":"","index":52,"edges":[],"neighbors":[],"degree":0,"dstr":"2022-06-01"},{"SEQID":"EPI_ISL_14113380","GNODEID":"G-2.21.1","TAGID":"BA2-3-0082","cat_id":"staff","type":"CD","date":44713,"category":"staff","association":"KN","highlight":{},"emphasize":"Y","dint":1654041600000,"age":"","index":53,"edges":[],"neighbors":[],"degree":0,"dstr":"2022-06-01"},{"SEQID":"EPI_ISL_14113283","GNODEID":"G-2.21","TAGID":"BA2-3-0085","cat_id":"staff","type":"CD","date":44713,"category":"staff","association":"KY","highlight":{},"emphasize":"Y","dint":1654041600000,"age":"","index":54,"edges":[],"neighbors":[],"degree":0,"dstr":"2022-06-01"},{"SEQID":"EPI_ISL_14113292","GNODEID":"G-2.1","TAGID":"BA2-3-0086","cat_id":"staff","type":"CD","date":44714,"category":"staff","association":"KY","highlight":{},"emphasize":"N","dint":1654128000000,"age":"","index":55,"edges":[],"neighbors":[],"degree":0,"dstr":"2022-06-02"},{"SEQID":"EPI_ISL_14113313","GNODEID":"G-2.15","TAGID":"BA2-3-0088","cat_id":"staff","type":"CD","date":44713,"category":"staff","association":"KY","highlight":{},"emphasize":"N","dint":1654041600000,"age":"","index":56,"edges":[],"neighbors":[],"degree":0,"dstr":"2022-06-01"},{"SEQID":"EPI_ISL_14113589","GNODEID":"G-2.11.6","TAGID":"BA2-3-0089","cat_id":"staff","type":"CD","date":44713,"category":"staff","association":"なし","highlight":{},"emphasize":"N","dint":1654041600000,"age":"","index":57,"edges":[],"neighbors":[],"degree":0,"dstr":"2022-06-01"},{"SEQID":"EPI_ISL_14113615","GNODEID":"G-2.8","TAGID":"BA2-3-0090","cat_id":"client","type":"CD","date":44714,"category":"client","association":"なし","highlight":{},"emphasize":"N","dint":1654128000000,"age":"","index":58,"edges":[],"neighbors":[],"degree":0,"dstr":"2022-06-02"},{"SEQID":"EPI_ISL_14113602","GNODEID":"G-2.23","TAGID":"BA2-3-0091","cat_id":"client","type":"CD","date":44714,"category":"client","association":"なし","highlight":{},"emphasize":"N","dint":1654128000000,"age":"","index":59,"edges":[],"neighbors":[],"degree":0,"dstr":"2022-06-02"},{"SEQID":"EPI_ISL_14113605","GNODEID":"G-2.20","TAGID":"BA2-3-0092","cat_id":"client","type":"CD","date":44714,"category":"client","association":"なし","highlight":{},"emphasize":"Y","dint":1654128000000,"age":"","index":60,"edges":[],"neighbors":[],"degree":0,"dstr":"2022-06-02"},{"SEQID":"EPI_ISL_14113598","GNODEID":"G-2.33","TAGID":"BA2-3-0093","cat_id":"staff","type":"CD","date":44713,"category":"staff","association":"なし","highlight":{},"emphasize":"Y","dint":1654041600000,"age":"","index":61,"edges":[],"neighbors":[],"degree":0,"dstr":"2022-06-01"},{"SEQID":"EPI_ISL_14113597","GNODEID":"G-2.35","TAGID":"BA2-3-0094","cat_id":"client","type":"CD","date":44713,"category":"client","association":"なし","highlight":{},"emphasize":"Y","dint":1654041600000,"age":"","index":62,"edges":[],"neighbors":[],"degree":0,"dstr":"2022-06-01"},{"SEQID":"EPI_ISL_14114048","GNODEID":"G-2.31","TAGID":"BA2-3-0097","cat_id":"client","type":"CD","date":44713,"category":"client","association":"TO","highlight":{},"emphasize":"N","dint":1654041600000,"age":"","index":63,"edges":[],"neighbors":[],"degree":0,"dstr":"2022-06-01"},{"SEQID":"EPI_ISL_14114057","GNODEID":"G-2.7.1","TAGID":"BA2-3-0099","cat_id":"client","type":"CD","date":44714,"category":"client","association":"TO","highlight":{},"emphasize":"Y","dint":1654128000000,"age":"","index":64,"edges":[],"neighbors":[],"degree":0,"dstr":"2022-06-02"},{"SEQID":"EPI_ISL_14114405","GNODEID":"G-3","TAGID":"BA2-3-0104","cat_id":"staff","type":"CD","date":44714,"category":"staff","association":"CS","highlight":{},"emphasize":"Y","dint":1654128000000,"age":"","index":65,"edges":[],"neighbors":[],"degree":0,"dstr":"2022-06-02"},{"SEQID":"EPI_ISL_14114634","GNODEID":"G-2","TAGID":"BA2-3-0105","cat_id":"client","type":"CD","date":44714,"category":"client","association":"KY","highlight":{},"emphasize":"N","dint":1654128000000,"age":"","index":66,"edges":[],"neighbors":[],"degree":0,"dstr":"2022-06-02"},{"SEQID":"EPI_ISL_14114672","GNODEID":"G-2.20.1","TAGID":"BA2-3-0106","cat_id":"client","type":"CD","date":44714,"category":"client","association":"OK","highlight":{},"emphasize":"N","dint":1654128000000,"age":"","index":67,"edges":[],"neighbors":[],"degree":0,"dstr":"2022-06-02"},{"SEQID":"EPI_ISL_14114747","GNODEID":"G-2.12","TAGID":"BA2-3-0107","cat_id":"client","type":"CD","date":44714,"category":"client","association":"CS","highlight":{},"emphasize":"N","dint":1654128000000,"age":"","index":68,"edges":[],"neighbors":[],"degree":0,"dstr":"2022-06-02"},{"SEQID":"EPI_ISL_14114776","GNODEID":"G-2","TAGID":"BA2-3-0109","cat_id":"staff","type":"CD","date":44714,"category":"staff","association":"TH","highlight":{},"emphasize":"N","dint":1654128000000,"age":"","index":69,"edges":[],"neighbors":[],"degree":0,"dstr":"2022-06-02"},{"SEQID":"EPI_ISL_14114744","GNODEID":"G-2.10","TAGID":"BA2-3-0110","cat_id":"staff","type":"CD","date":44713,"category":"staff","association":"CS","highlight":{},"emphasize":"N","dint":1654041600000,"age":"","index":70,"edges":[],"neighbors":[],"degree":0,"dstr":"2022-06-01"},{"SEQID":"EPI_ISL_14114795","GNODEID":"G-2.11","TAGID":"BA2-3-0111","cat_id":"staff","type":"CD","date":44714,"category":"staff","association":"KN","highlight":{},"emphasize":"Y","dint":1654128000000,"age":"","index":71,"edges":[],"neighbors":[],"degree":0,"dstr":"2022-06-02"},{"SEQID":"EPI_ISL_14114817","GNODEID":"G-2.7","TAGID":"BA2-3-0113","cat_id":"staff","type":"CD","date":44713,"category":"staff","association":"TH","highlight":{},"emphasize":"N","dint":1654041600000,"age":"","index":72,"edges":[],"neighbors":[],"degree":0,"dstr":"2022-06-01"},{"SEQID":"EPI_ISL_14114823","GNODEID":"G-2.5","TAGID":"BA2-3-0114","cat_id":"client","type":"CD","date":44713,"category":"client","association":"TH","highlight":{},"emphasize":"Y","dint":1654041600000,"age":"","index":73,"edges":[],"neighbors":[],"degree":0,"dstr":"2022-06-01"},{"SEQID":"EPI_ISL_14114820","GNODEID":"G-2","TAGID":"BA2-3-0115","cat_id":"staff","type":"CD","date":44714,"category":"staff","association":"TH","highlight":{},"emphasize":"Y","dint":1654128000000,"age":"","index":74,"edges":[],"neighbors":[],"degree":0,"dstr":"2022-06-02"},{"SEQID":"EPI_ISL_14114797","GNODEID":"G-2.36","TAGID":"BA2-3-0116","cat_id":"client","type":"CD","date":44714,"category":"client","association":"KN","highlight":{},"emphasize":"Y","dint":1654128000000,"age":"","index":75,"edges":[],"neighbors":[],"degree":0,"dstr":"2022-06-02"},{"SEQID":"EPI_ISL_14114897","GNODEID":"G-2","TAGID":"BA2-3-0118","cat_id":"staff","type":"CD","date":44713,"category":"staff","association":"KS","highlight":{},"emphasize":"Y","dint":1654041600000,"age":"","index":76,"edges":[],"neighbors":[],"degree":0,"dstr":"2022-06-01"},{"SEQID":"EPI_ISL_14114904","GNODEID":"G-2.4","TAGID":"BA2-3-0119","cat_id":"staff","type":"CD","date":44713,"category":"staff","association":"KS","highlight":{},"emphasize":"N","dint":1654041600000,"age":"","index":77,"edges":[],"neighbors":[],"degree":0,"dstr":"2022-06-01"},{"SEQID":"EPI_ISL_14115395","GNODEID":"G-2.21","TAGID":"BA2-3-0121","cat_id":"client","type":"CD","date":44714,"category":"client","association":"KS","highlight":{},"emphasize":"N","dint":1654128000000,"age":"","index":78,"edges":[],"neighbors":[],"degree":0,"dstr":"2022-06-02"},{"SEQID":"EPI_ISL_14117986","GNODEID":"G-2.11","TAGID":"BA2-3-0122","cat_id":"client","type":"CD","date":44713,"category":"client","association":"KS","highlight":{},"emphasize":"Y","dint":1654041600000,"age":"","index":79,"edges":[],"neighbors":[],"degree":0,"dstr":"2022-06-01"},{"SEQID":"EPI_ISL_14116776","GNODEID":"G-2.23.5","TAGID":"BA2-3-0124","cat_id":"staff","type":"CD","date":44713,"category":"staff","association":"KS","highlight":{},"emphasize":"N","dint":1654041600000,"age":"","index":80,"edges":[],"neighbors":[],"degree":0,"dstr":"2022-06-01"},{"SEQID":"EPI_ISL_14116810","GNODEID":"G-2.23.3","TAGID":"BA2-3-0125","cat_id":"client","type":"CD","date":44713,"category":"client","association":"KS","highlight":{},"emphasize":"N","dint":1654041600000,"age":"","index":81,"edges":[],"neighbors":[],"degree":0,"dstr":"2022-06-01"},{"SEQID":"EPI_ISL_14116825","GNODEID":"G-2","TAGID":"BA2-3-0128","cat_id":"staff","type":"CD","date":44713,"category":"staff","association":"TH","highlight":{},"emphasize":"Y","dint":1654041600000,"age":"","index":82,"edges":[],"neighbors":[],"degree":0,"dstr":"2022-06-01"},{"SEQID":"EPI_ISL_14116863","GNODEID":"G-2.21.4","TAGID":"BA2-3-0129","cat_id":"client","type":"CD","date":44714,"category":"client","association":"KS","highlight":{},"emphasize":"Y","dint":1654128000000,"age":"","index":83,"edges":[],"neighbors":[],"degree":0,"dstr":"2022-06-02"},{"SEQID":"EPI_ISL_14116833","GNODEID":"G-2.23.5.3","TAGID":"BA2-3-0131","cat_id":"staff","type":"CD","date":44714,"category":"staff","association":"KS","highlight":{},"emphasize":"N","dint":1654128000000,"age":"","index":84,"edges":[],"neighbors":[],"degree":0,"dstr":"2022-06-02"},{"SEQID":"EPI_ISL_14116818","GNODEID":"G-2.21","TAGID":"BA2-3-0132","cat_id":"staff","type":"CD","date":44713,"category":"staff","association":"KS","highlight":{},"emphasize":"N","dint":1654041600000,"age":"","index":85,"edges":[],"neighbors":[],"degree":0,"dstr":"2022-06-01"},{"SEQID":"EPI_ISL_14116871","GNODEID":"G-2.34","TAGID":"BA2-3-0133","cat_id":"staff","type":"CD","date":44714,"category":"staff","association":"KS","highlight":{},"emphasize":"N","dint":1654128000000,"age":"","index":86,"edges":[],"neighbors":[],"degree":0,"dstr":"2022-06-02"},{"SEQID":"EPI_ISL_14116826","GNODEID":"G-2.13","TAGID":"BA2-3-0134","cat_id":"staff","type":"CD","date":44713,"category":"staff","association":"TH","highlight":{},"emphasize":"N","dint":1654041600000,"age":"","index":87,"edges":[],"neighbors":[],"degree":0,"dstr":"2022-06-01"},{"SEQID":"EPI_ISL_14116828","GNODEID":"G-2.2","TAGID":"BA2-3-0136","cat_id":"client","type":"CD","date":44714,"category":"client","association":"KS","highlight":{},"emphasize":"N","dint":1654128000000,"age":"","index":88,"edges":[],"neighbors":[],"degree":0,"dstr":"2022-06-02"},{"SEQID":"EPI_ISL_14116869","GNODEID":"G-2.2","TAGID":"BA2-3-0139","cat_id":"staff","type":"CD","date":44714,"category":"staff","association":"KS","highlight":{},"emphasize":"Y","dint":1654128000000,"age":"","index":89,"edges":[],"neighbors":[],"degree":0,"dstr":"2022-06-02"},{"SEQID":"EPI_ISL_14117418","GNODEID":"G-2.21.3.1","TAGID":"BA2-3-0140","cat_id":"client","type":"CD","date":44713,"category":"client","association":"KS","highlight":{},"emphasize":"Y","dint":1654041600000,"age":"","index":90,"edges":[],"neighbors":[],"degree":0,"dstr":"2022-06-01"},{"SEQID":"EPI_ISL_14117434","GNODEID":"G-2.23.5","TAGID":"BA2-3-0141","cat_id":"client","type":"CD","date":44713,"category":"client","association":"KS","highlight":{},"emphasize":"N","dint":1654041600000,"age":"","index":91,"edges":[],"neighbors":[],"degree":0,"dstr":"2022-06-01"},{"SEQID":"EPI_ISL_14117421","GNODEID":"G-2.2.1","TAGID":"BA2-3-0142","cat_id":"client","type":"CD","date":44713,"category":"client","association":"KS","highlight":{},"emphasize":"N","dint":1654041600000,"age":"","index":92,"edges":[],"neighbors":[],"degree":0,"dstr":"2022-06-01"},{"SEQID":"EPI_ISL_14117419","GNODEID":"G-2.21","TAGID":"BA2-3-0143","cat_id":"staff","type":"CD","date":44713,"category":"staff","association":"KS","highlight":{},"emphasize":"Y","dint":1654041600000,"age":"","index":93,"edges":[],"neighbors":[],"degree":0,"dstr":"2022-06-01"},{"SEQID":"EPI_ISL_14117431","GNODEID":"G-2.21","TAGID":"BA2-3-0144","cat_id":"staff","type":"CD","date":44713,"category":"staff","association":"KS","highlight":{},"emphasize":"Y","dint":1654041600000,"age":"","index":94,"edges":[],"neighbors":[],"degree":0,"dstr":"2022-06-01"},{"SEQID":"EPI_ISL_14117451","GNODEID":"G-2.23.2","TAGID":"BA2-3-0145","cat_id":"staff","type":"CD","date":44714,"category":"staff","association":"KS","highlight":{},"emphasize":"Y","dint":1654128000000,"age":"","index":95,"edges":[],"neighbors":[],"degree":0,"dstr":"2022-06-02"},{"SEQID":"EPI_ISL_14117452","GNODEID":"G-2.20.2","TAGID":"BA2-3-0146","cat_id":"client","type":"CD","date":44714,"category":"client","association":"KS","highlight":{},"emphasize":"N","dint":1654128000000,"age":"","index":96,"edges":[],"neighbors":[],"degree":0,"dstr":"2022-06-02"},{"SEQID":"EPI_ISL_14117851","GNODEID":"G-2.32","TAGID":"BA2-3-0149","cat_id":"staff","type":"CD","date":44714,"category":"staff","association":"CS","highlight":{},"emphasize":"N","dint":1654128000000,"age":"","index":97,"edges":[],"neighbors":[],"degree":0,"dstr":"2022-06-02"},{"SEQID":"EPI_ISL_14117845","GNODEID":"G-3","TAGID":"BA2-3-0150","cat_id":"client","type":"CD","date":44713,"category":"client","association":"CS","highlight":{},"emphasize":"Y","dint":1654041600000,"age":"","index":98,"edges":[],"neighbors":[],"degree":0,"dstr":"2022-06-01"},{"SEQID":"EPI_ISL_14117947","GNODEID":"G-2.21.9","TAGID":"BA2-3-0151","cat_id":"client","type":"CD","date":44714,"category":"client","association":"TO","highlight":{},"emphasize":"N","dint":1654128000000,"age":"","index":99,"edges":[],"neighbors":[],"degree":0,"dstr":"2022-06-02"},{"SEQID":"EPI_ISL_14117991","GNODEID":"G-2.11","TAGID":"BA2-3-0152","cat_id":"client","type":"CD","date":44714,"category":"client","association":"KS","highlight":{},"emphasize":"Y","dint":1654128000000,"age":"","index":100,"edges":[],"neighbors":[],"degree":0,"dstr":"2022-06-02"},{"SEQID":"EPI_ISL_14119266","GNODEID":"G-2.21","TAGID":"BA2-3-0154","cat_id":"staff","type":"CD","date":44714,"category":"staff","association":"TO","highlight":{},"emphasize":"Y","dint":1654128000000,"age":"","index":101,"edges":[],"neighbors":[],"degree":0,"dstr":"2022-06-02"},{"SEQID":"EPI_ISL_14120604","GNODEID":"G-2.18","TAGID":"BA2-3-0157","cat_id":"staff","type":"CD","date":44713,"category":"staff","association":"TO","highlight":{},"emphasize":"N","dint":1654041600000,"age":"","index":102,"edges":[],"neighbors":[],"degree":0,"dstr":"2022-06-01"},{"SEQID":"EPI_ISL_14120603","GNODEID":"G-2.29","TAGID":"BA2-3-0158","cat_id":"staff","type":"CD","date":44713,"category":"staff","association":"TO","highlight":{},"emphasize":"N","dint":1654041600000,"age":"","index":103,"edges":[],"neighbors":[],"degree":0,"dstr":"2022-06-01"},{"SEQID":"EPI_ISL_14122016","GNODEID":"G-2.37","TAGID":"BA2-3-0159","cat_id":"client","type":"CD","date":44714,"category":"client","association":"CS","highlight":{},"emphasize":"N","dint":1654128000000,"age":"","index":104,"edges":[],"neighbors":[],"degree":0,"dstr":"2022-06-02"},{"SEQID":"EPI_ISL_14123491","GNODEID":"G-2.21","TAGID":"BA2-3-0160","cat_id":"client","type":"CD","date":44713,"category":"client","association":"TO","highlight":{},"emphasize":"N","dint":1654041600000,"age":"","index":105,"edges":[],"neighbors":[],"degree":0,"dstr":"2022-06-01"},{"SEQID":"EPI_ISL_14124942","GNODEID":"G-2.21.4","TAGID":"BA2-3-0164","cat_id":"client","type":"CD","date":44713,"category":"client","association":"KS","highlight":{},"emphasize":"Y","dint":1654041600000,"age":"","index":106,"edges":[],"neighbors":[],"degree":0,"dstr":"2022-06-01"},{"SEQID":"EPI_ISL_14124964","GNODEID":"G-2.21.3.2","TAGID":"BA2-3-0165","cat_id":"staff","type":"CD","date":44713,"category":"staff","association":"KS","highlight":{},"emphasize":"Y","dint":1654041600000,"age":"","index":107,"edges":[],"neighbors":[],"degree":0,"dstr":"2022-06-01"},{"SEQID":"EPI_ISL_14124977","GNODEID":"G-2.6","TAGID":"BA2-3-0166","cat_id":"staff","type":"CD","date":44714,"category":"staff","association":"KS","highlight":{},"emphasize":"Y","dint":1654128000000,"age":"","index":108,"edges":[],"neighbors":[],"degree":0,"dstr":"2022-06-02"},{"SEQID":"EPI_ISL_14126032","GNODEID":"G-2.16","TAGID":"BA2-3-0168","cat_id":"client","type":"CD","date":44714,"category":"client","association":"KS","highlight":{},"emphasize":"N","dint":1654128000000,"age":"","index":109,"edges":[],"neighbors":[],"degree":0,"dstr":"2022-06-02"},{"SEQID":"EPI_ISL_14126181","GNODEID":"G-2","TAGID":"BA2-3-0169","cat_id":"staff","type":"CD","date":44714,"category":"staff","association":"KS","highlight":{},"emphasize":"Y","dint":1654128000000,"age":"","index":110,"edges":[],"neighbors":[],"degree":0,"dstr":"2022-06-02"},{"SEQID":"EPI_ISL_14146705","GNODEID":"G-2.20","TAGID":"BA2-3-0171","cat_id":"staff","type":"CD","date":44713,"category":"staff","association":"KN","highlight":{},"emphasize":"Y","dint":1654041600000,"age":"","index":111,"edges":[],"neighbors":[],"degree":0,"dstr":"2022-06-01"}],"edges":[{"LINKID":"L-1","TAG_from":"EPI_ISL_13199396","TAG_to":"EPI_ISL_13651709","label":"家族","src":-1,"dst":-1}],"epi":[{"SEQID":"REF","GNODEID":"G-1"},{"SEQID":"EPI_ISL_13651700","GNODEID":"G-2"},{"SEQID":"EPI_ISL_14114634","GNODEID":"G-2"},{"SEQID":"EPI_ISL_14126181","GNODEID":"G-2"},{"SEQID":"EPI_ISL_13651455","GNODEID":"G-2"},{"SEQID":"EPI_ISL_14109951","GNODEID":"G-2"},{"SEQID":"EPI_ISL_13651420","GNODEID":"G-2"},{"SEQID":"EPI_ISL_14112007","GNODEID":"G-2"},{"SEQID":"EPI_ISL_14114776","GNODEID":"G-2"},{"SEQID":"EPI_ISL_14114820","GNODEID":"G-2"},{"SEQID":"EPI_ISL_14114897","GNODEID":"G-2"},{"SEQID":"EPI_ISL_14093699","GNODEID":"G-2"},{"SEQID":"EPI_ISL_14116825","GNODEID":"G-2"},{"SEQID":"EPI_ISL_14113292","GNODEID":"G-2.1"},{"SEQID":"EPI_ISL_14116869","GNODEID":"G-2.2"},{"SEQID":"EPI_ISL_14116828","GNODEID":"G-2.2"},{"SEQID":"EPI_ISL_14117421","GNODEID":"G-2.2.1"},{"SEQID":"EPI_ISL_13650862","GNODEID":"G-2.3"},{"SEQID":"EPI_ISL_14114904","GNODEID":"G-2.4"},{"SEQID":"EPI_ISL_14114823","GNODEID":"G-2.5"},{"SEQID":"EPI_ISL_14124977","GNODEID":"G-2.6"},{"SEQID":"EPI_ISL_14110775","GNODEID":"G-2.7"},{"SEQID":"EPI_ISL_13651478","GNODEID":"G-2.7"},{"SEQID":"EPI_ISL_14114817","GNODEID":"G-2.7"},{"SEQID":"EPI_ISL_14114057","GNODEID":"G-2.7.1"},{"SEQID":"EPI_ISL_14110786","GNODEID":"G-2.7.2"},{"SEQID":"EPI_ISL_14113615","GNODEID":"G-2.8"},{"SEQID":"EPI_ISL_14110860","GNODEID":"G-2.9"},{"SEQID":"EPI_ISL_14114744","GNODEID":"G-2.10"},{"SEQID":"EPI_ISL_14114795","GNODEID":"G-2.11"},{"SEQID":"EPI_ISL_13651411","GNODEID":"G-2.11"},{"SEQID":"EPI_ISL_14117991","GNODEID":"G-2.11"},{"SEQID":"EPI_ISL_13650834","GNODEID":"G-2.11"},{"SEQID":"EPI_ISL_14112758","GNODEID":"G-2.11"},{"SEQID":"EPI_ISL_14112760","GNODEID":"G-2.11"},{"SEQID":"EPI_ISL_14117986","GNODEID":"G-2.11"},{"SEQID":"EPI_ISL_14540417","GNODEID":"G-2.11"},{"SEQID":"EPI_ISL_14109960","GNODEID":"G-2.11.1"},{"SEQID":"EPI_ISL_14111606","GNODEID":"G-2.11.2"},{"SEQID":"EPI_ISL_13651718","GNODEID":"G-2.11.3"},{"SEQID":"EPI_ISL_14112934","GNODEID":"G-2.11.4"},{"SEQID":"EPI_ISL_14113106","GNODEID":"G-2.11.5"},{"SEQID":"EPI_ISL_14113589","GNODEID":"G-2.11.6"},{"SEQID":"EPI_ISL_14114747","GNODEID":"G-2.12"},{"SEQID":"EPI_ISL_14110894","GNODEID":"G-2.12.1"},{"SEQID":"EPI_ISL_14116826","GNODEID":"G-2.13"},{"SEQID":"EPI_ISL_14112033","GNODEID":"G-2.14"},{"SEQID":"EPI_ISL_14113313","GNODEID":"G-2.15"},{"SEQID":"EPI_ISL_14126032","GNODEID":"G-2.16"},{"SEQID":"EPI_ISL_13351628","GNODEID":"G-2.17"},{"SEQID":"EPI_ISL_14120604","GNODEID":"G-2.18"},{"SEQID":"EPI_ISL_14093701","GNODEID":"G-2.19"},{"SEQID":"EPI_ISL_14112824","GNODEID":"G-2.20"},{"SEQID":"EPI_ISL_14540426","GNODEID":"G-2.20"},{"SEQID":"EPI_ISL_14146705","GNODEID":"G-2.20"},{"SEQID":"EPI_ISL_14113605","GNODEID":"G-2.20"},{"SEQID":"EPI_ISL_14112821","GNODEID":"G-2.20"},{"SEQID":"EPI_ISL_14114672","GNODEID":"G-2.20.1"},{"SEQID":"EPI_ISL_13650881","GNODEID":"G-2.20.2"},{"SEQID":"EPI_ISL_14117452","GNODEID":"G-2.20.2"},{"SEQID":"EPI_ISL_14113283","GNODEID":"G-2.21"},{"SEQID":"EPI_ISL_13651709","GNODEID":"G-2.21"},{"SEQID":"EPI_ISL_14116818","GNODEID":"G-2.21"},{"SEQID":"EPI_ISL_14119266","GNODEID":"G-2.21"},{"SEQID":"EPI_ISL_14123491","GNODEID":"G-2.21"},{"SEQID":"EPI_ISL_14115395","GNODEID":"G-2.21"},{"SEQID":"EPI_ISL_13651407","GNODEID":"G-2.21"},{"SEQID":"EPI_ISL_14117431","GNODEID":"G-2.21"},{"SEQID":"EPI_ISL_14117419","GNODEID":"G-2.21"},{"SEQID":"EPI_ISL_13651470","GNODEID":"G-2.21"},{"SEQID":"EPI_ISL_13651437","GNODEID":"G-2.21"},{"SEQID":"EPI_ISL_14113380","GNODEID":"G-2.21.1"},{"SEQID":"EPI_ISL_13650902","GNODEID":"G-2.21.2"},{"SEQID":"EPI_ISL_14117418","GNODEID":"G-2.21.3.1"},{"SEQID":"EPI_ISL_14124964","GNODEID":"G-2.21.3.2"},{"SEQID":"EPI_ISL_14116863","GNODEID":"G-2.21.4"},{"SEQID":"EPI_ISL_14124942","GNODEID":"G-2.21.4"},{"SEQID":"EPI_ISL_13902426","GNODEID":"G-2.21.4.1"},{"SEQID":"EPI_ISL_13651430","GNODEID":"G-2.21.5"},{"SEQID":"EPI_ISL_14109934","GNODEID":"G-2.21.6"},{"SEQID":"EPI_ISL_14113109","GNODEID":"G-2.21.6"},{"SEQID":"EPI_ISL_14112947","GNODEID":"G-2.21.7"},{"SEQID":"EPI_ISL_14112867","GNODEID":"G-2.21.8"},{"SEQID":"EPI_ISL_14117947","GNODEID":"G-2.21.9"},{"SEQID":"EPI_ISL_14112023","GNODEID":"G-2.22"},{"SEQID":"EPI_ISL_14113602","GNODEID":"G-2.23"},{"SEQID":"EPI_ISL_13651412","GNODEID":"G-2.23"},{"SEQID":"EPI_ISL_14112935","GNODEID":"G-2.23.1"},{"SEQID":"EPI_ISL_14117451","GNODEID":"G-2.23.2"},{"SEQID":"EPI_ISL_14116810","GNODEID":"G-2.23.3"},{"SEQID":"EPI_ISL_14540448","GNODEID":"G-2.23.4"},{"SEQID":"EPI_ISL_13650901","GNODEID":"G-2.23.5"},{"SEQID":"EPI_ISL_14112930","GNODEID":"G-2.23.5"},{"SEQID":"EPI_ISL_13651475","GNODEID":"G-2.23.5"},{"SEQID":"EPI_ISL_13650872","GNODEID":"G-2.23.5"},{"SEQID":"EPI_ISL_13651693","GNODEID":"G-2.23.5"},{"SEQID":"EPI_ISL_14117434","GNODEID":"G-2.23.5"},{"SEQID":"EPI_ISL_14116776","GNODEID":"G-2.23.5"},{"SEQID":"EPI_ISL_13651697","GNODEID":"G-2.23.5.1"},{"SEQID":"EPI_ISL_13651426","GNODEID":"G-2.23.5.2"},{"SEQID":"EPI_ISL_14116833","GNODEID":"G-2.23.5.3"},{"SEQID":"EPI_ISL_14109936","GNODEID":"G-2.24"},{"SEQID":"EPI_ISL_14112763","GNODEID":"G-2.25"},{"SEQID":"EPI_ISL_14112022","GNODEID":"G-2.26"},{"SEQID":"EPI_ISL_14110862","GNODEID":"G-2.27"},{"SEQID":"EPI_ISL_14112000","GNODEID":"G-2.27.1"},{"SEQID":"EPI_ISL_14111607","GNODEID":"G-2.28"},{"SEQID":"EPI_ISL_14120603","GNODEID":"G-2.29"},{"SEQID":"EPI_ISL_13199396","GNODEID":"G-2.30"},{"SEQID":"EPI_ISL_14114048","GNODEID":"G-2.31"},{"SEQID":"EPI_ISL_14117851","GNODEID":"G-2.32"},{"SEQID":"EPI_ISL_14113598","GNODEID":"G-2.33"},{"SEQID":"EPI_ISL_14116871","GNODEID":"G-2.34"},{"SEQID":"EPI_ISL_14113597","GNODEID":"G-2.35"},{"SEQID":"EPI_ISL_14114797","GNODEID":"G-2.36"},{"SEQID":"EPI_ISL_14122016","GNODEID":"G-2.37"},{"SEQID":"EPI_ISL_14117845","GNODEID":"G-3"},{"SEQID":"EPI_ISL_14114405","GNODEID":"G-3"}],"tree":[{"label":"G-0","length":0,"edges":["G-1","G-2","G-3"],"subs":0},{"label":"G-1","length":0.008856891,"edges":[],"subs":27},{"label":"G-2","length":0.0003262501,"edges":["G-2.1","G-2.2","G-2.3","G-2.4","G-2.5","G-2.6","G-2.7","G-2.8","G-2.9","G-2.10","G-2.11","G-2.12","G-2.13","G-2.14","G-2.15","G-2.16","G-2.17","G-2.18","G-2.19","G-2.20","G-2.21","G-2.22","G-2.23","G-2.24","G-2.25","G-2.26","G-2.27","G-2.28","G-2.29","G-2.30","G-2.31","G-2.32","G-2.33","G-2.34","G-2.35","G-2.36","G-2.37"],"subs":1},{"label":"G-2.1","length":0.0008319674999999999,"edges":[],"subs":2},{"label":"G-2.2","length":0.0006666116,"edges":["G-2.2.1"],"subs":2},{"label":"G-2.2.1","length":0.0003317035,"edges":[],"subs":1},{"label":"G-2.3","length":0.0006686050999999999,"edges":[],"subs":2},{"label":"G-2.4","length":0.0005026961999999999,"edges":[],"subs":1},{"label":"G-2.5","length":0.0005028607999999999,"edges":[],"subs":1},{"label":"G-2.6","length":0.0011691797999999998,"edges":[],"subs":3},{"label":"G-2.7","length":0.00033398609999999996,"edges":["G-2.7.1","G-2.7.2"],"subs":1},{"label":"G-2.7.1","length":0.0008274269,"edges":[],"subs":2},{"label":"G-2.7.2","length":0.0004973764,"edges":[],"subs":1},{"label":"G-2.8","length":0.0006655299999999999,"edges":[],"subs":2},{"label":"G-2.9","length":0.0006631301,"edges":[],"subs":2},{"label":"G-2.10","length":0.0004977032,"edges":[],"subs":1},{"label":"G-2.11","length":0.0006666812,"edges":["G-2.11.1","G-2.11.2","G-2.11.3","G-2.11.4","G-2.11.5","G-2.11.6"],"subs":2},{"label":"G-2.11.1","length":0.0004974311,"edges":[],"subs":1},{"label":"G-2.11.2","length":0.0003342763,"edges":[],"subs":1},{"label":"G-2.11.3","length":0.0003347462,"edges":[],"subs":1},{"label":"G-2.11.4","length":0.0003354781,"edges":[],"subs":1},{"label":"G-2.11.5","length":0.0006665604999999999,"edges":[],"subs":2},{"label":"G-2.11.6","length":0.0005019444,"edges":[],"subs":1},{"label":"G-2.12","length":0.0003342046,"edges":["G-2.12.1"],"subs":1},{"label":"G-2.12.1","length":0.0004976508,"edges":[],"subs":1},{"label":"G-2.13","length":0.0008339113,"edges":[],"subs":2},{"label":"G-2.14","length":0.0003364715,"edges":[],"subs":1},{"label":"G-2.15","length":0.00033591809999999997,"edges":[],"subs":1},{"label":"G-2.16","length":0.0008339373000000001,"edges":[],"subs":2},{"label":"G-2.17","length":0.0004952241,"edges":[],"subs":1},{"label":"G-2.18","length":0.0004959058999999999,"edges":[],"subs":1},{"label":"G-2.19","length":0.0008298556999999999,"edges":[],"subs":2},{"label":"G-2.20","length":0.0005013578000000001,"edges":["G-2.20.1","G-2.20.2"],"subs":1},{"label":"G-2.20.1","length":0.0009991709,"edges":[],"subs":3},{"label":"G-2.20.2","length":0.0003342569,"edges":[],"subs":1},{"label":"G-2.21","length":0.0005013983,"edges":["G-2.21.1","G-2.21.2","G-2.21.3","G-2.21.4","G-2.21.5","G-2.21.6","G-2.21.7","G-2.21.8","G-2.21.9"],"subs":1},{"label":"G-2.21.1","length":0.0003323755,"edges":[],"subs":1},{"label":"G-2.21.2","length":0.00033574359999999993,"edges":[],"subs":1},{"label":"G-2.21.3","length":0.0005063553,"edges":["G-2.21.3.1","G-2.21.3.2"],"subs":1},{"label":"G-2.21.3.1","length":0.0010032309,"edges":[],"subs":3},{"label":"G-2.21.3.2","length":0.0003303291,"edges":[],"subs":1},{"label":"G-2.21.4","length":0.0003362157,"edges":["G-2.21.4.1"],"subs":1},{"label":"G-2.21.4.1","length":0.0011678255000000001,"edges":[],"subs":3},{"label":"G-2.21.5","length":0.00033702509999999995,"edges":[],"subs":1},{"label":"G-2.21.6","length":0.0010104932,"edges":[],"subs":3},{"label":"G-2.21.7","length":0.000673124,"edges":[],"subs":2},{"label":"G-2.21.8","length":0.000833358,"edges":[],"subs":2},{"label":"G-2.21.9","length":0.000670281,"edges":[],"subs":2},{"label":"G-2.22","length":0.0006613198999999999,"edges":[],"subs":2},{"label":"G-2.23","length":0.0008281092999999999,"edges":["G-2.23.1","G-2.23.2","G-2.23.3","G-2.23.4","G-2.23.5"],"subs":2},{"label":"G-2.23.1","length":0.0008255821,"edges":[],"subs":2},{"label":"G-2.23.2","length":0.0013172179,"edges":[],"subs":4},{"label":"G-2.23.3","length":0.0006585218,"edges":[],"subs":2},{"label":"G-2.23.4","length":0.0006582522,"edges":[],"subs":2},{"label":"G-2.23.5","length":0.00032965969999999996,"edges":["G-2.23.5.1","G-2.23.5.2","G-2.23.5.3"],"subs":1},{"label":"G-2.23.5.1","length":0.00033141400000000004,"edges":[],"subs":1},{"label":"G-2.23.5.2","length":0.0003320046,"edges":[],"subs":1},{"label":"G-2.23.5.3","length":0.0003320368,"edges":[],"subs":1},{"label":"G-2.24","length":0.0006626206,"edges":[],"subs":2},{"label":"G-2.25","length":0.0006617126,"edges":[],"subs":2},{"label":"G-2.26","length":0.0004974007999999999,"edges":[],"subs":1},{"label":"G-2.27","length":0.0004960315,"edges":["G-2.27.1"],"subs":1},{"label":"G-2.27.1","length":0.0008247515,"edges":[],"subs":2},{"label":"G-2.28","length":0.0004979189,"edges":[],"subs":1},{"label":"G-2.29","length":0.0011572772999999998,"edges":[],"subs":3},{"label":"G-2.30","length":0.0008345333999999999,"edges":[],"subs":2},{"label":"G-2.31","length":0.000665234,"edges":[],"subs":2},{"label":"G-2.32","length":0.0006653274,"edges":[],"subs":2},{"label":"G-2.33","length":0.0004986248,"edges":[],"subs":1},{"label":"G-2.34","length":0.0006639042,"edges":[],"subs":2},{"label":"G-2.35","length":0.0008286537,"edges":[],"subs":2},{"label":"G-2.36","length":0.0008303727,"edges":[],"subs":2},{"label":"G-2.37","length":0.0003312024,"edges":[],"subs":1},{"label":"G-3","length":0.0009967963,"edges":[],"subs":3}],"dist":{"period":14.495651679447167,"phase":13.495651679447167,"interval":0.000022169213894324853}}