{"nodes":[{"SEQID":"EPI_ISL_12096785","GNODEID":"G-4.20.1","TAGID":"BA-2-10-1-0003","cat_id":"client","type":"CD","date":44646,"category":"client","association":"なし","highlight":{},"emphasize":"Y","dint":1648252800000,"age":"","index":0,"edges":[],"neighbors":[],"degree":0,"dstr":"2022-03-26"},{"SEQID":"EPI_ISL_11902759","GNODEID":"G-4","TAGID":"BA-2-10-1-0005","cat_id":"staff","type":"CD","date":44635,"category":"staff","association":"KS","highlight":{},"emphasize":"Y","dint":1647302400000,"age":"","index":1,"edges":[],"neighbors":[],"degree":0,"dstr":"2022-03-15"},{"SEQID":"EPI_ISL_12309481","GNODEID":"G-4.25.1","TAGID":"BA-2-10-1-0010","cat_id":"staff","type":"CD","date":44646,"category":"staff","association":"KS","highlight":{},"emphasize":"Y","dint":1648252800000,"age":"","index":2,"edges":[],"neighbors":[],"degree":0,"dstr":"2022-03-26"},{"SEQID":"EPI_ISL_12902636","GNODEID":"G-4.16","TAGID":"BA-2-10-1-0011","cat_id":"client","type":"CD","date":44662,"category":"client","association":"KS","highlight":{},"emphasize":"Y","dint":1649635200000,"age":"","index":3,"edges":[],"neighbors":[],"degree":0,"dstr":"2022-04-11"},{"SEQID":"EPI_ISL_12939792","GNODEID":"G-4.39","TAGID":"BA-2-10-1-0013","cat_id":"staff","type":"CD","date":44664,"category":"staff","association":"KS","highlight":{},"emphasize":"N","dint":1649808000000,"age":"","index":4,"edges":[],"neighbors":[],"degree":0,"dstr":"2022-04-13"},{"SEQID":"EPI_ISL_12984993","GNODEID":"G-4.37","TAGID":"BA-2-10-1-0016","cat_id":"staff","type":"CD","date":44625,"category":"staff","association":"KS","highlight":{},"emphasize":"Y","dint":1646438400000,"age":"","index":5,"edges":[],"neighbors":[],"degree":0,"dstr":"2022-03-05"},{"SEQID":"EPI_ISL_12985093","GNODEID":"G-4.43.4","TAGID":"BA-2-10-1-0017","cat_id":"staff","type":"CD","date":44651,"category":"staff","association":"KS","highlight":{},"emphasize":"N","dint":1648684800000,"age":"","index":6,"edges":[],"neighbors":[],"degree":0,"dstr":"2022-03-31"},{"SEQID":"EPI_ISL_13175693","GNODEID":"G-2","TAGID":"BA-2-10-1-0018","cat_id":"client","type":"CD","date":44663,"category":"client","association":"KS","highlight":{},"emphasize":"N","dint":1649721600000,"age":"","index":7,"edges":[],"neighbors":[],"degree":0,"dstr":"2022-04-12"},{"SEQID":"EPI_ISL_12179493","GNODEID":"G-3","TAGID":"BA-2-10-1-0019","cat_id":"staff","type":"CD","date":44652,"category":"staff","association":"KN","highlight":{},"emphasize":"Y","dint":1648771200000,"age":"","index":8,"edges":[],"neighbors":[],"degree":0,"dstr":"2022-04-01"},{"SEQID":"EPI_ISL_13091684","GNODEID":"G-4.3","TAGID":"BA-2-10-1-0021","cat_id":"client","type":"CD","date":44664,"category":"client","association":"KS","highlight":{},"emphasize":"N","dint":1649808000000,"age":"","index":9,"edges":[],"neighbors":[],"degree":0,"dstr":"2022-04-13"},{"SEQID":"EPI_ISL_13576247","GNODEID":"G-4","TAGID":"BA-2-10-1-0025","cat_id":"client","type":"CD","date":44648,"category":"client","association":"KN","highlight":{},"emphasize":"Y","dint":1648425600000,"age":"","index":10,"edges":[],"neighbors":[],"degree":0,"dstr":"2022-03-28"},{"SEQID":"EPI_ISL_13575768","GNODEID":"G-4.43.4.1","TAGID":"BA-2-10-1-0027","cat_id":"staff","type":"CD","date":44653,"category":"staff","association":"KN","highlight":{},"emphasize":"N","dint":1648857600000,"age":"","index":11,"edges":[],"neighbors":[],"degree":0,"dstr":"2022-04-02"},{"SEQID":"EPI_ISL_12938496","GNODEID":"G-4.25.2","TAGID":"BA-2-10-1-0029","cat_id":"staff","type":"CD","date":44658,"category":"staff","association":"KS","highlight":{},"emphasize":"Y","dint":1649289600000,"age":"","index":12,"edges":[],"neighbors":[],"degree":0,"dstr":"2022-04-07"},{"SEQID":"EPI_ISL_12939696","GNODEID":"G-4.43.3.2","TAGID":"BA-2-10-1-0030","cat_id":"staff","type":"CD","date":44665,"category":"staff","association":"KS","highlight":{},"emphasize":"Y","dint":1649894400000,"age":"","index":13,"edges":[],"neighbors":[],"degree":0,"dstr":"2022-04-14"},{"SEQID":"EPI_ISL_12179496","GNODEID":"G-5.1","TAGID":"BA-2-10-1-0033","cat_id":"client","type":"CD","date":44652,"category":"client","association":"KN","highlight":{},"emphasize":"Y","dint":1648771200000,"age":"","index":14,"edges":[],"neighbors":[],"degree":0,"dstr":"2022-04-01"},{"SEQID":"EPI_ISL_12604097","GNODEID":"G-4.42","TAGID":"BA-2-10-1-0034","cat_id":"staff","type":"CD","date":44649,"category":"staff","association":"TH","highlight":{},"emphasize":"Y","dint":1648512000000,"age":"","index":15,"edges":[],"neighbors":[],"degree":0,"dstr":"2022-03-29"},{"SEQID":"EPI_ISL_12179497","GNODEID":"G-3","TAGID":"BA-2-10-1-0035","cat_id":"staff","type":"CD","date":44652,"category":"staff","association":"KN","highlight":{},"emphasize":"N","dint":1648771200000,"age":"","index":16,"edges":[],"neighbors":[],"degree":0,"dstr":"2022-04-01"},{"SEQID":"EPI_ISL_12985964","GNODEID":"G-4.6.1","TAGID":"BA-2-10-1-0037","cat_id":"client","type":"CD","date":44648,"category":"client","association":"KN","highlight":{},"emphasize":"N","dint":1648425600000,"age":"","index":17,"edges":[],"neighbors":[],"degree":0,"dstr":"2022-03-28"},{"SEQID":"EPI_ISL_12942964","GNODEID":"G-4.23","TAGID":"BA-2-10-1-0038","cat_id":"client","type":"CD","date":44660,"category":"client","association":"KS","highlight":{},"emphasize":"N","dint":1649462400000,"age":"","index":18,"edges":[],"neighbors":[],"degree":0,"dstr":"2022-04-09"},{"SEQID":"EPI_ISL_13414442","GNODEID":"G-4.39","TAGID":"BA-2-10-1-0045","cat_id":"client","type":"CD","date":44666,"category":"client","association":"KS","highlight":{},"emphasize":"Y","dint":1649980800000,"age":"","index":19,"edges":[],"neighbors":[],"degree":0,"dstr":"2022-04-15"},{"SEQID":"EPI_ISL_13414585","GNODEID":"G-4.34","TAGID":"BA-2-10-1-0047","cat_id":"staff","type":"CD","date":44666,"category":"staff","association":"KS","highlight":{},"emphasize":"N","dint":1649980800000,"age":"","index":20,"edges":[],"neighbors":[],"degree":0,"dstr":"2022-04-15"},{"SEQID":"EPI_ISL_13091874","GNODEID":"G-4.23","TAGID":"BA-2-10-1-0051","cat_id":"staff","type":"CD","date":44664,"category":"staff","association":"KS","highlight":{},"emphasize":"N","dint":1649808000000,"age":"","index":21,"edges":[],"neighbors":[],"degree":0,"dstr":"2022-04-13"},{"SEQID":"EPI_ISL_13210372","GNODEID":"G-4.37.1","TAGID":"BA-2-10-1-0057","cat_id":"staff","type":"CD","date":44644,"category":"staff","association":"KS","highlight":{},"emphasize":"N","dint":1648080000000,"age":"","index":22,"edges":[],"neighbors":[],"degree":0,"dstr":"2022-03-24"},{"SEQID":"EPI_ISL_11725711","GNODEID":"G-4.21.3","TAGID":"BA-2-10-1-0059","cat_id":"staff","type":"CD","date":44634,"category":"staff","association":"なし","highlight":{},"emphasize":"Y","dint":1647216000000,"age":"","index":23,"edges":[],"neighbors":[],"degree":0,"dstr":"2022-03-14"},{"SEQID":"EPI_ISL_13213278","GNODEID":"G-4.2","TAGID":"BA-2-10-1-0060","cat_id":"staff","type":"CD","date":44651,"category":"staff","association":"KS","highlight":{},"emphasize":"N","dint":1648684800000,"age":"","index":24,"edges":[],"neighbors":[],"degree":0,"dstr":"2022-03-31"},{"SEQID":"EPI_ISL_12987358","GNODEID":"G-4.31","TAGID":"BA-2-10-1-0061","cat_id":"staff","type":"CD","date":44656,"category":"staff","association":"KS","highlight":{},"emphasize":"N","dint":1649116800000,"age":"","index":25,"edges":[],"neighbors":[],"degree":0,"dstr":"2022-04-05"},{"SEQID":"EPI_ISL_12685350","GNODEID":"G-4.9","TAGID":"BA-2-10-1-0063","cat_id":"staff","type":"CD","date":44651,"category":"staff","association":"KS","highlight":{},"emphasize":"Y","dint":1648684800000,"age":"","index":26,"edges":[],"neighbors":[],"degree":0,"dstr":"2022-03-31"},{"SEQID":"EPI_ISL_12939239","GNODEID":"G-4.15","TAGID":"BA-2-10-1-0068","cat_id":"client","type":"CD","date":44659,"category":"client","association":"KN","highlight":{},"emphasize":"Y","dint":1649376000000,"age":"","index":27,"edges":[],"neighbors":[],"degree":0,"dstr":"2022-04-08"},{"SEQID":"EPI_ISL_12938055","GNODEID":"G-4.39","TAGID":"BA-2-10-1-0069","cat_id":"client","type":"CD","date":44651,"category":"client","association":"TO","highlight":{},"emphasize":"N","dint":1648684800000,"age":"","index":28,"edges":[],"neighbors":[],"degree":0,"dstr":"2022-03-31"},{"SEQID":"EPI_ISL_12944738","GNODEID":"G-4.9.1.2.1","TAGID":"BA-2-10-1-0070","cat_id":"client","type":"CD","date":44665,"category":"client","association":"KY","highlight":{},"emphasize":"N","dint":1649894400000,"age":"","index":29,"edges":[],"neighbors":[],"degree":0,"dstr":"2022-04-14"},{"SEQID":"EPI_ISL_12985582","GNODEID":"G-4.7","TAGID":"BA-2-10-1-0074","cat_id":"staff","type":"CD","date":44645,"category":"staff","association":"KS","highlight":{},"emphasize":"N","dint":1648166400000,"age":"","index":30,"edges":[],"neighbors":[],"degree":0,"dstr":"2022-03-25"},{"SEQID":"EPI_ISL_12627729","GNODEID":"G-4.18","TAGID":"BA-2-10-1-0075","cat_id":"client","type":"CD","date":44657,"category":"client","association":"KS","highlight":{},"emphasize":"Y","dint":1649203200000,"age":"","index":31,"edges":[],"neighbors":[],"degree":0,"dstr":"2022-04-06"},{"SEQID":"EPI_ISL_12035989","GNODEID":"G-4.41","TAGID":"BA-2-10-1-0076","cat_id":"staff","type":"CD","date":44630,"category":"staff","association":"KS","highlight":{},"emphasize":"Y","dint":1646870400000,"age":"","index":32,"edges":[],"neighbors":[],"degree":0,"dstr":"2022-03-10"},{"SEQID":"EPI_ISL_12949258","GNODEID":"G-4.43","TAGID":"BA-2-10-1-0082","cat_id":"client","type":"CD","date":44646,"category":"client","association":"TO","highlight":{},"emphasize":"Y","dint":1648252800000,"age":"","index":33,"edges":[],"neighbors":[],"degree":0,"dstr":"2022-03-26"},{"SEQID":"EPI_ISL_12938220","GNODEID":"G-4.35","TAGID":"BA-2-10-1-0084","cat_id":"staff","type":"CD","date":44652,"category":"staff","association":"TH","highlight":{},"emphasize":"Y","dint":1648771200000,"age":"","index":34,"edges":[],"neighbors":[],"degree":0,"dstr":"2022-04-01"},{"SEQID":"EPI_ISL_11902588","GNODEID":"G-4.37","TAGID":"BA-2-10-1-0086","cat_id":"staff","type":"CD","date":44635,"category":"staff","association":"KS","highlight":{},"emphasize":"Y","dint":1647302400000,"age":"","index":35,"edges":[],"neighbors":[],"degree":0,"dstr":"2022-03-15"},{"SEQID":"EPI_ISL_12951231","GNODEID":"G-4.26.1","TAGID":"BA-2-10-1-0091","cat_id":"client","type":"CD","date":44651,"category":"client","association":"KS","highlight":{},"emphasize":"Y","dint":1648684800000,"age":"","index":36,"edges":[],"neighbors":[],"degree":0,"dstr":"2022-03-31"},{"SEQID":"EPI_ISL_12990518","GNODEID":"G-4.5","TAGID":"BA-2-10-1-0095","cat_id":"client","type":"CD","date":44628,"category":"client","association":"TO","highlight":{},"emphasize":"Y","dint":1646697600000,"age":"","index":37,"edges":[],"neighbors":[],"degree":0,"dstr":"2022-03-08"},{"SEQID":"EPI_ISL_12950200","GNODEID":"G-4.29","TAGID":"BA-2-10-1-0097","cat_id":"client","type":"CD","date":44663,"category":"client","association":"CS","highlight":{},"emphasize":"N","dint":1649721600000,"age":"","index":38,"edges":[],"neighbors":[],"degree":0,"dstr":"2022-04-12"},{"SEQID":"EPI_ISL_11718200","GNODEID":"G-4.20","TAGID":"BA-2-10-1-0098","cat_id":"staff","type":"CD","date":44622,"category":"staff","association":"KS","highlight":{},"emphasize":"N","dint":1646179200000,"age":"","index":39,"edges":[],"neighbors":[],"degree":0,"dstr":"2022-03-02"},{"SEQID":"EPI_ISL_13090901","GNODEID":"G-4.4","TAGID":"BA-2-10-1-0103","cat_id":"staff","type":"CD","date":44662,"category":"staff","association":"KS","highlight":{},"emphasize":"Y","dint":1649635200000,"age":"","index":40,"edges":[],"neighbors":[],"degree":0,"dstr":"2022-04-11"},{"SEQID":"EPI_ISL_12948705","GNODEID":"G-4.8","TAGID":"BA-2-10-1-0109","cat_id":"client","type":"CD","date":44657,"category":"client","association":"TH","highlight":{},"emphasize":"Y","dint":1649203200000,"age":"","index":41,"edges":[],"neighbors":[],"degree":0,"dstr":"2022-04-06"},{"SEQID":"EPI_ISL_12939707","GNODEID":"G-4.28.1","TAGID":"BA-2-10-1-0111","cat_id":"client","type":"CD","date":44665,"category":"client","association":"TO","highlight":{},"emphasize":"N","dint":1649894400000,"age":"","index":42,"edges":[],"neighbors":[],"degree":0,"dstr":"2022-04-14"},{"SEQID":"EPI_ISL_12950509","GNODEID":"G-4.43","TAGID":"BA-2-10-1-0116","cat_id":"client","type":"CD","date":44637,"category":"client","association":"KY","highlight":{},"emphasize":"N","dint":1647475200000,"age":"","index":43,"edges":[],"neighbors":[],"degree":0,"dstr":"2022-03-17"},{"SEQID":"EPI_ISL_12951209","GNODEID":"G-4.22","TAGID":"BA-2-10-1-0117","cat_id":"client","type":"CD","date":44645,"category":"client","association":"KS","highlight":{},"emphasize":"Y","dint":1648166400000,"age":"","index":44,"edges":[],"neighbors":[],"degree":0,"dstr":"2022-03-25"},{"SEQID":"EPI_ISL_12937012","GNODEID":"G-4.17","TAGID":"BA-2-10-1-0122","cat_id":"staff","type":"CD","date":44634,"category":"staff","association":"KS","highlight":{},"emphasize":"Y","dint":1647216000000,"age":"","index":45,"edges":[],"neighbors":[],"degree":0,"dstr":"2022-03-14"},{"SEQID":"EPI_ISL_11725619","GNODEID":"G-4.21.2","TAGID":"BA-2-10-1-0127","cat_id":"client","type":"CD","date":44631,"category":"client","association":"なし","highlight":{},"emphasize":"Y","dint":1646956800000,"age":"","index":46,"edges":[],"neighbors":[],"degree":0,"dstr":"2022-03-11"},{"SEQID":"EPI_ISL_13091720","GNODEID":"G-4.24","TAGID":"BA-2-10-1-0129","cat_id":"staff","type":"CD","date":44664,"category":"staff","association":"KS","highlight":{},"emphasize":"Y","dint":1649808000000,"age":"","index":47,"edges":[],"neighbors":[],"degree":0,"dstr":"2022-04-13"},{"SEQID":"EPI_ISL_12309321","GNODEID":"G-4.2","TAGID":"BA-2-10-1-0131","cat_id":"client","type":"CD","date":44644,"category":"client","association":"KS","highlight":{},"emphasize":"N","dint":1648080000000,"age":"","index":48,"edges":[],"neighbors":[],"degree":0,"dstr":"2022-03-24"},{"SEQID":"EPI_ISL_12991122","GNODEID":"G-4.28.1.1","TAGID":"BA-2-10-1-0132","cat_id":"client","type":"CD","date":44657,"category":"client","association":"TO","highlight":{},"emphasize":"Y","dint":1649203200000,"age":"","index":49,"edges":[],"neighbors":[],"degree":0,"dstr":"2022-04-06"},{"SEQID":"EPI_ISL_12097123","GNODEID":"G-4.21.6","TAGID":"BA-2-10-1-0134","cat_id":"client","type":"CD","date":44650,"category":"client","association":"なし","highlight":{},"emphasize":"Y","dint":1648598400000,"age":"","index":50,"edges":[],"neighbors":[],"degree":0,"dstr":"2022-03-30"},{"SEQID":"EPI_ISL_12685324","GNODEID":"G-4.11","TAGID":"BA-2-10-1-0135","cat_id":"client","type":"CD","date":44651,"category":"client","association":"KS","highlight":{},"emphasize":"N","dint":1648684800000,"age":"","index":51,"edges":[],"neighbors":[],"degree":0,"dstr":"2022-03-31"},{"SEQID":"EPI_ISL_12036424","GNODEID":"G-4.40","TAGID":"BA-2-10-1-0136","cat_id":"client","type":"CD","date":44628,"category":"client","association":"KS","highlight":{},"emphasize":"Y","dint":1646697600000,"age":"","index":52,"edges":[],"neighbors":[],"degree":0,"dstr":"2022-03-08"},{"SEQID":"EPI_ISL_12041024","GNODEID":"G-3","TAGID":"BA-2-10-1-0137","cat_id":"client","type":"CD","date":44662,"category":"client","association":"KN","highlight":{},"emphasize":"Y","dint":1649635200000,"age":"","index":53,"edges":[],"neighbors":[],"degree":0,"dstr":"2022-04-11"},{"SEQID":"EPI_ISL_11826424","GNODEID":"G-4.21.5","TAGID":"BA-2-10-1-0138","cat_id":"staff","type":"CD","date":44638,"category":"staff","association":"なし","highlight":{},"emphasize":"Y","dint":1647561600000,"age":"","index":54,"edges":[],"neighbors":[],"degree":0,"dstr":"2022-03-18"},{"SEQID":"EPI_ISL_12685625","GNODEID":"G-4.10","TAGID":"BA-2-10-1-0139","cat_id":"client","type":"CD","date":44652,"category":"client","association":"KS","highlight":{},"emphasize":"Y","dint":1648771200000,"age":"","index":55,"edges":[],"neighbors":[],"degree":0,"dstr":"2022-04-01"},{"SEQID":"EPI_ISL_12626530","GNODEID":"G-4.17.1","TAGID":"BA-2-10-1-0152","cat_id":"client","type":"CD","date":44655,"category":"client","association":"KS","highlight":{},"emphasize":"Y","dint":1649030400000,"age":"","index":56,"edges":[],"neighbors":[],"degree":0,"dstr":"2022-04-04"},{"SEQID":"EPI_ISL_11826132","GNODEID":"G-4.21","TAGID":"BA-2-10-1-0153","cat_id":"client","type":"CD","date":44638,"category":"client","association":"なし","highlight":{},"emphasize":"N","dint":1647561600000,"age":"","index":57,"edges":[],"neighbors":[],"degree":0,"dstr":"2022-03-18"},{"SEQID":"EPI_ISL_12950134","GNODEID":"G-4.29.1","TAGID":"BA-2-10-1-0157","cat_id":"client","type":"CD","date":44666,"category":"client","association":"CS","highlight":{},"emphasize":"N","dint":1649980800000,"age":"","index":58,"edges":[],"neighbors":[],"degree":0,"dstr":"2022-04-15"},{"SEQID":"EPI_ISL_12309637","GNODEID":"G-4.26","TAGID":"BA-2-10-1-0162","cat_id":"client","type":"CD","date":44646,"category":"client","association":"KS","highlight":{},"emphasize":"N","dint":1648252800000,"age":"","index":59,"edges":[],"neighbors":[],"degree":0,"dstr":"2022-03-26"},{"SEQID":"EPI_ISL_12990940","GNODEID":"G-4.28","TAGID":"BA-2-10-1-0164","cat_id":"client","type":"CD","date":44653,"category":"client","association":"TO","highlight":{},"emphasize":"N","dint":1648857600000,"age":"","index":60,"edges":[],"neighbors":[],"degree":0,"dstr":"2022-04-02"},{"SEQID":"EPI_ISL_12627341","GNODEID":"G-4.13","TAGID":"BA-2-10-1-0165","cat_id":"staff","type":"CD","date":44655,"category":"staff","association":"KS","highlight":{},"emphasize":"Y","dint":1649030400000,"age":"","index":61,"edges":[],"neighbors":[],"degree":0,"dstr":"2022-04-04"},{"SEQID":"EPI_ISL_12627541","GNODEID":"G-4.12","TAGID":"BA-2-10-1-0166","cat_id":"staff","type":"CD","date":44655,"category":"staff","association":"KS","highlight":{},"emphasize":"N","dint":1649030400000,"age":"","index":62,"edges":[],"neighbors":[],"degree":0,"dstr":"2022-04-04"},{"SEQID":"EPI_ISL_12260042","GNODEID":"G-4.14","TAGID":"BA-2-10-1-0170","cat_id":"client","type":"CD","date":44644,"category":"client","association":"KS","highlight":{},"emphasize":"Y","dint":1648080000000,"age":"","index":63,"edges":[],"neighbors":[],"degree":0,"dstr":"2022-03-24"},{"SEQID":"EPI_ISL_12437944","GNODEID":"G-4.21.1","TAGID":"BA-2-10-1-0171","cat_id":"client","type":"CD","date":44665,"category":"client","association":"なし","highlight":{},"emphasize":"N","dint":1649894400000,"age":"","index":64,"edges":[],"neighbors":[],"degree":0,"dstr":"2022-04-14"},{"SEQID":"EPI_ISL_12944744","GNODEID":"G-4.9.1.2","TAGID":"BA-2-10-1-0173","cat_id":"client","type":"CD","date":44664,"category":"client","association":"KY","highlight":{},"emphasize":"N","dint":1649808000000,"age":"","index":65,"edges":[],"neighbors":[],"degree":0,"dstr":"2022-04-13"},{"SEQID":"EPI_ISL_12626648","GNODEID":"G-4.36","TAGID":"BA-2-10-1-0178","cat_id":"staff","type":"CD","date":44655,"category":"staff","association":"KS","highlight":{},"emphasize":"Y","dint":1649030400000,"age":"","index":66,"edges":[],"neighbors":[],"degree":0,"dstr":"2022-04-04"},{"SEQID":"EPI_ISL_12939248","GNODEID":"G-4.1","TAGID":"BA-2-10-1-0180","cat_id":"client","type":"CD","date":44660,"category":"client","association":"KN","highlight":{},"emphasize":"N","dint":1649462400000,"age":"","index":67,"edges":[],"neighbors":[],"degree":0,"dstr":"2022-04-09"},{"SEQID":"EPI_ISL_12949654","GNODEID":"G-4.38","TAGID":"BA-2-10-1-0187","cat_id":"staff","type":"CD","date":44663,"category":"staff","association":"TO","highlight":{},"emphasize":"Y","dint":1649721600000,"age":"","index":68,"edges":[],"neighbors":[],"degree":0,"dstr":"2022-04-12"},{"SEQID":"EPI_ISL_12948255","GNODEID":"G-4.30","TAGID":"BA-2-10-1-0188","cat_id":"client","type":"CD","date":44654,"category":"client","association":"HO","highlight":{},"emphasize":"N","dint":1648944000000,"age":"","index":69,"edges":[],"neighbors":[],"degree":0,"dstr":"2022-04-03"},{"SEQID":"EPI_ISL_12627456","GNODEID":"G-4.43.3.1","TAGID":"BA-2-10-1-0189","cat_id":"client","type":"CD","date":44655,"category":"client","association":"KS","highlight":{},"emphasize":"N","dint":1649030400000,"age":"","index":70,"edges":[],"neighbors":[],"degree":0,"dstr":"2022-04-04"},{"SEQID":"EPI_ISL_12946401","GNODEID":"G-4.19","TAGID":"BA-2-10-1-0190","cat_id":"client","type":"CD","date":44650,"category":"client","association":"CS","highlight":{},"emphasize":"Y","dint":1648598400000,"age":"","index":71,"edges":[],"neighbors":[],"degree":0,"dstr":"2022-03-30"},{"SEQID":"EPI_ISL_13234663","GNODEID":"G-4.43.1","TAGID":"BA-2-10-1-0195","cat_id":"client","type":"CD","date":44666,"category":"client","association":"TH","highlight":{},"emphasize":"N","dint":1649980800000,"age":"","index":72,"edges":[],"neighbors":[],"degree":0,"dstr":"2022-04-15"},{"SEQID":"EPI_ISL_12948765","GNODEID":"G-4.21.4","TAGID":"BA-2-10-1-0200","cat_id":"client","type":"CD","date":44659,"category":"client","association":"TH","highlight":{},"emphasize":"N","dint":1649376000000,"age":"","index":73,"edges":[],"neighbors":[],"degree":0,"dstr":"2022-04-08"},{"SEQID":"EPI_ISL_12938367","GNODEID":"G-4.9.1.1","TAGID":"BA-2-10-1-0204","cat_id":"client","type":"CD","date":44656,"category":"client","association":"KS","highlight":{},"emphasize":"Y","dint":1649116800000,"age":"","index":74,"edges":[],"neighbors":[],"degree":0,"dstr":"2022-04-05"},{"SEQID":"EPI_ISL_12950871","GNODEID":"G-4.43.2","TAGID":"BA-2-10-1-0210","cat_id":"client","type":"CD","date":44665,"category":"client","association":"KY","highlight":{},"emphasize":"Y","dint":1649894400000,"age":"","index":75,"edges":[],"neighbors":[],"degree":0,"dstr":"2022-04-14"},{"SEQID":"EPI_ISL_12869874","GNODEID":"G-4.32","TAGID":"BA-2-10-1-0213","cat_id":"client","type":"CD","date":44642,"category":"client","association":"KS","highlight":{},"emphasize":"N","dint":1647907200000,"age":"","index":76,"edges":[],"neighbors":[],"degree":0,"dstr":"2022-03-22"},{"SEQID":"EPI_ISL_12061876","GNODEID":"G-4.6","TAGID":"BA-2-10-1-0220","cat_id":"client","type":"CD","date":44642,"category":"client","association":"KS","highlight":{},"emphasize":"Y","dint":1647907200000,"age":"","index":77,"edges":[],"neighbors":[],"degree":0,"dstr":"2022-03-22"},{"SEQID":"EPI_ISL_12309576","GNODEID":"G-4.27","TAGID":"BA-2-10-1-0221","cat_id":"staff","type":"CD","date":44646,"category":"staff","association":"KS","highlight":{},"emphasize":"Y","dint":1648252800000,"age":"","index":78,"edges":[],"neighbors":[],"degree":0,"dstr":"2022-03-26"},{"SEQID":"EPI_ISL_12179477","GNODEID":"G-3","TAGID":"BA-2-10-1-0222","cat_id":"client","type":"CD","date":44652,"category":"client","association":"KN","highlight":{},"emphasize":"N","dint":1648771200000,"age":"","index":79,"edges":[],"neighbors":[],"degree":0,"dstr":"2022-04-01"},{"SEQID":"EPI_ISL_12685578","GNODEID":"G-4.33","TAGID":"BA-2-10-1-0223","cat_id":"staff","type":"CD","date":44652,"category":"staff","association":"KS","highlight":{},"emphasize":"N","dint":1648771200000,"age":"","index":80,"edges":[],"neighbors":[],"degree":0,"dstr":"2022-04-01"},{"SEQID":"EPI_ISL_12985378","GNODEID":"G-4.18","TAGID":"BA-2-10-1-0224","cat_id":"client","type":"CD","date":44655,"category":"client","association":"KS","highlight":{},"emphasize":"Y","dint":1649030400000,"age":"","index":81,"edges":[],"neighbors":[],"degree":0,"dstr":"2022-04-04"},{"SEQID":"EPI_ISL_12985581","GNODEID":"G-4","TAGID":"BA-2-10-1-0227","cat_id":"staff","type":"CD","date":44643,"category":"staff","association":"KS","highlight":{},"emphasize":"N","dint":1647993600000,"age":"","index":82,"edges":[],"neighbors":[],"degree":0,"dstr":"2022-03-23"},{"SEQID":"EPI_ISL_12942883","GNODEID":"G-4.43.3.3","TAGID":"BA-2-10-1-0229","cat_id":"client","type":"CD","date":44666,"category":"client","association":"KS","highlight":{},"emphasize":"N","dint":1649980800000,"age":"","index":83,"edges":[],"neighbors":[],"degree":0,"dstr":"2022-04-15"},{"SEQID":"EPI_ISL_12248964","GNODEID":"G-5.2","TAGID":"BA-2-10-1-0230","cat_id":"client","type":"CD","date":44662,"category":"client","association":"KS","highlight":{},"emphasize":"Y","dint":1649635200000,"age":"","index":84,"edges":[],"neighbors":[],"degree":0,"dstr":"2022-04-11"},{"SEQID":"EPI_ISL_14088637","GNODEID":"G-4.1","TAGID":"BA-2-10-1-0231","cat_id":"staff","type":"CD","date":44665,"category":"staff","association":"KN","highlight":{},"emphasize":"Y","dint":1649894400000,"age":"","index":85,"edges":[],"neighbors":[],"degree":0,"dstr":"2022-04-14"},{"SEQID":"EPI_ISL_14101472","GNODEID":"G-4.43.4.2","TAGID":"BA-2-10-1-0237","cat_id":"staff","type":"CD","date":44651,"category":"staff","association":"KN","highlight":{},"emphasize":"N","dint":1648684800000,"age":"","index":86,"edges":[],"neighbors":[],"degree":0,"dstr":"2022-03-31"}],"edges":[{"LINKID":"L-1","TAG_from":"EPI_ISL_12083585","TAG_to":"EPI_ISL_13414073","label":"家族","src":-1,"dst":-1}],"epi":[{"SEQID":"REF","GNODEID":"G-1"},{"SEQID":"EPI_ISL_13175693","GNODEID":"G-2"},{"SEQID":"EPI_ISL_12041024","GNODEID":"G-3"},{"SEQID":"EPI_ISL_12179493","GNODEID":"G-3"},{"SEQID":"EPI_ISL_12179497","GNODEID":"G-3"},{"SEQID":"EPI_ISL_12179477","GNODEID":"G-3"},{"SEQID":"EPI_ISL_11902759","GNODEID":"G-4"},{"SEQID":"EPI_ISL_13576247","GNODEID":"G-4"},{"SEQID":"EPI_ISL_12985581","GNODEID":"G-4"},{"SEQID":"EPI_ISL_12939248","GNODEID":"G-4.1"},{"SEQID":"EPI_ISL_14088637","GNODEID":"G-4.1"},{"SEQID":"EPI_ISL_12309321","GNODEID":"G-4.2"},{"SEQID":"EPI_ISL_13213278","GNODEID":"G-4.2"},{"SEQID":"EPI_ISL_13091684","GNODEID":"G-4.3"},{"SEQID":"EPI_ISL_13090901","GNODEID":"G-4.4"},{"SEQID":"EPI_ISL_12990518","GNODEID":"G-4.5"},{"SEQID":"EPI_ISL_12061876","GNODEID":"G-4.6"},{"SEQID":"EPI_ISL_12985964","GNODEID":"G-4.6.1"},{"SEQID":"EPI_ISL_12985582","GNODEID":"G-4.7"},{"SEQID":"EPI_ISL_12948705","GNODEID":"G-4.8"},{"SEQID":"EPI_ISL_12685350","GNODEID":"G-4.9"},{"SEQID":"EPI_ISL_12938367","GNODEID":"G-4.9.1.1"},{"SEQID":"EPI_ISL_12944744","GNODEID":"G-4.9.1.2"},{"SEQID":"EPI_ISL_12944738","GNODEID":"G-4.9.1.2.1"},{"SEQID":"EPI_ISL_12685625","GNODEID":"G-4.10"},{"SEQID":"EPI_ISL_12685324","GNODEID":"G-4.11"},{"SEQID":"EPI_ISL_12627541","GNODEID":"G-4.12"},{"SEQID":"EPI_ISL_12627341","GNODEID":"G-4.13"},{"SEQID":"EPI_ISL_12260042","GNODEID":"G-4.14"},{"SEQID":"EPI_ISL_12939239","GNODEID":"G-4.15"},{"SEQID":"EPI_ISL_12902636","GNODEID":"G-4.16"},{"SEQID":"EPI_ISL_12937012","GNODEID":"G-4.17"},{"SEQID":"EPI_ISL_12626530","GNODEID":"G-4.17.1"},{"SEQID":"EPI_ISL_12627729","GNODEID":"G-4.18"},{"SEQID":"EPI_ISL_12985378","GNODEID":"G-4.18"},{"SEQID":"EPI_ISL_12946401","GNODEID":"G-4.19"},{"SEQID":"EPI_ISL_11718200","GNODEID":"G-4.20"},{"SEQID":"EPI_ISL_12096785","GNODEID":"G-4.20.1"},{"SEQID":"EPI_ISL_11826132","GNODEID":"G-4.21"},{"SEQID":"EPI_ISL_12437944","GNODEID":"G-4.21.1"},{"SEQID":"EPI_ISL_11725619","GNODEID":"G-4.21.2"},{"SEQID":"EPI_ISL_11725711","GNODEID":"G-4.21.3"},{"SEQID":"EPI_ISL_12948765","GNODEID":"G-4.21.4"},{"SEQID":"EPI_ISL_11826424","GNODEID":"G-4.21.5"},{"SEQID":"EPI_ISL_12097123","GNODEID":"G-4.21.6"},{"SEQID":"EPI_ISL_12951209","GNODEID":"G-4.22"},{"SEQID":"EPI_ISL_12942964","GNODEID":"G-4.23"},{"SEQID":"EPI_ISL_13091874","GNODEID":"G-4.23"},{"SEQID":"EPI_ISL_13091720","GNODEID":"G-4.24"},{"SEQID":"EPI_ISL_12309481","GNODEID":"G-4.25.1"},{"SEQID":"EPI_ISL_12938496","GNODEID":"G-4.25.2"},{"SEQID":"EPI_ISL_12309637","GNODEID":"G-4.26"},{"SEQID":"EPI_ISL_12951231","GNODEID":"G-4.26.1"},{"SEQID":"EPI_ISL_12309576","GNODEID":"G-4.27"},{"SEQID":"EPI_ISL_12990940","GNODEID":"G-4.28"},{"SEQID":"EPI_ISL_12939707","GNODEID":"G-4.28.1"},{"SEQID":"EPI_ISL_12991122","GNODEID":"G-4.28.1.1"},{"SEQID":"EPI_ISL_12950200","GNODEID":"G-4.29"},{"SEQID":"EPI_ISL_12950134","GNODEID":"G-4.29.1"},{"SEQID":"EPI_ISL_12948255","GNODEID":"G-4.30"},{"SEQID":"EPI_ISL_12987358","GNODEID":"G-4.31"},{"SEQID":"EPI_ISL_12869874","GNODEID":"G-4.32"},{"SEQID":"EPI_ISL_12685578","GNODEID":"G-4.33"},{"SEQID":"EPI_ISL_13414585","GNODEID":"G-4.34"},{"SEQID":"EPI_ISL_12938220","GNODEID":"G-4.35"},{"SEQID":"EPI_ISL_12626648","GNODEID":"G-4.36"},{"SEQID":"EPI_ISL_11902588","GNODEID":"G-4.37"},{"SEQID":"EPI_ISL_12984993","GNODEID":"G-4.37"},{"SEQID":"EPI_ISL_13210372","GNODEID":"G-4.37.1"},{"SEQID":"EPI_ISL_12949654","GNODEID":"G-4.38"},{"SEQID":"EPI_ISL_12938055","GNODEID":"G-4.39"},{"SEQID":"EPI_ISL_13414442","GNODEID":"G-4.39"},{"SEQID":"EPI_ISL_12939792","GNODEID":"G-4.39"},{"SEQID":"EPI_ISL_12036424","GNODEID":"G-4.40"},{"SEQID":"EPI_ISL_12035989","GNODEID":"G-4.41"},{"SEQID":"EPI_ISL_12604097","GNODEID":"G-4.42"},{"SEQID":"EPI_ISL_12950509","GNODEID":"G-4.43"},{"SEQID":"EPI_ISL_12949258","GNODEID":"G-4.43"},{"SEQID":"EPI_ISL_13234663","GNODEID":"G-4.43.1"},{"SEQID":"EPI_ISL_12950871","GNODEID":"G-4.43.2"},{"SEQID":"EPI_ISL_12627456","GNODEID":"G-4.43.3.1"},{"SEQID":"EPI_ISL_12939696","GNODEID":"G-4.43.3.2"},{"SEQID":"EPI_ISL_12942883","GNODEID":"G-4.43.3.3"},{"SEQID":"EPI_ISL_12985093","GNODEID":"G-4.43.4"},{"SEQID":"EPI_ISL_13575768","GNODEID":"G-4.43.4.1"},{"SEQID":"EPI_ISL_14101472","GNODEID":"G-4.43.4.2"},{"SEQID":"EPI_ISL_12179496","GNODEID":"G-5.1"},{"SEQID":"EPI_ISL_12248964","GNODEID":"G-5.2"}],"tree":[{"label":"G-0","length":0,"edges":["G-1","G-2","G-3","G-4","G-5"],"subs":0},{"label":"G-1","length":0.0243111915,"edges":[],"subs":58},{"label":"G-2","length":0.0008733352,"edges":[],"subs":2},{"label":"G-3","length":0.0008759038000000001,"edges":[],"subs":2},{"label":"G-4","length":0.0013199722999999999,"edges":["G-4.1","G-4.2","G-4.3","G-4.4","G-4.5","G-4.6","G-4.7","G-4.8","G-4.9","G-4.10","G-4.11","G-4.12","G-4.13","G-4.14","G-4.15","G-4.16","G-4.17","G-4.18","G-4.19","G-4.20","G-4.21","G-4.22","G-4.23","G-4.24","G-4.25","G-4.26","G-4.27","G-4.28","G-4.29","G-4.30","G-4.31","G-4.32","G-4.33","G-4.34","G-4.35","G-4.36","G-4.37","G-4.38","G-4.39","G-4.40","G-4.41","G-4.42","G-4.43"],"subs":3},{"label":"G-4.1","length":0.0004375259,"edges":[],"subs":1},{"label":"G-4.2","length":0.00044116240000000007,"edges":[],"subs":1},{"label":"G-4.3","length":0.00044219880000000004,"edges":[],"subs":1},{"label":"G-4.4","length":0.00044310000000000004,"edges":[],"subs":1},{"label":"G-4.5","length":0.0004435885000000001,"edges":[],"subs":1},{"label":"G-4.6","length":0.0004441056000000001,"edges":["G-4.6.1"],"subs":1},{"label":"G-4.6.1","length":0.0008751431,"edges":[],"subs":2},{"label":"G-4.7","length":0.0004445934000000001,"edges":[],"subs":1},{"label":"G-4.8","length":0.0004450818000000001,"edges":[],"subs":1},{"label":"G-4.9","length":0.00044564190000000013,"edges":["G-4.9.1"],"subs":1},{"label":"G-4.9.1","length":0.0004373687,"edges":["G-4.9.1.1","G-4.9.1.2"],"subs":1},{"label":"G-4.9.1.1","length":0.0008766852,"edges":[],"subs":2},{"label":"G-4.9.1.2","length":0.0004383144,"edges":["G-4.9.1.2.1"],"subs":1},{"label":"G-4.9.1.2.1","length":0.0004371413,"edges":[],"subs":1},{"label":"G-4.10","length":0.0004461278000000001,"edges":[],"subs":1},{"label":"G-4.11","length":0.0004466160000000001,"edges":[],"subs":1},{"label":"G-4.12","length":0.00044710430000000014,"edges":[],"subs":1},{"label":"G-4.13","length":0.00044759240000000016,"edges":[],"subs":1},{"label":"G-4.14","length":0.00044808060000000016,"edges":[],"subs":1},{"label":"G-4.15","length":0.00044944650000000016,"edges":[],"subs":1},{"label":"G-4.16","length":0.0004499346000000002,"edges":[],"subs":1},{"label":"G-4.17","length":0.00045114620000000016,"edges":["G-4.17.1"],"subs":1},{"label":"G-4.17.1","length":0.0008782024,"edges":[],"subs":2},{"label":"G-4.18","length":0.0008904461000000001,"edges":[],"subs":2},{"label":"G-4.19","length":0.0008910461,"edges":[],"subs":2},{"label":"G-4.20","length":0.00045522820000000014,"edges":["G-4.20.1"],"subs":1},{"label":"G-4.20.1","length":0.0004393768,"edges":[],"subs":1},{"label":"G-4.21","length":0.00045658860000000016,"edges":["G-4.21.1","G-4.21.2","G-4.21.3","G-4.21.4","G-4.21.5","G-4.21.6"],"subs":1},{"label":"G-4.21.1","length":0.0004409394,"edges":[],"subs":1},{"label":"G-4.21.2","length":0.0004418811,"edges":[],"subs":1},{"label":"G-4.21.3","length":0.00044320499999999996,"edges":[],"subs":1},{"label":"G-4.21.4","length":0.0008829746999999999,"edges":[],"subs":2},{"label":"G-4.21.5","length":0.0013225752,"edges":[],"subs":3},{"label":"G-4.21.6","length":0.0017672202,"edges":[],"subs":4},{"label":"G-4.22","length":0.0004555231000000002,"edges":[],"subs":1},{"label":"G-4.23","length":0.0008952674000000001,"edges":[],"subs":2},{"label":"G-4.24","length":0.0004580468000000002,"edges":[],"subs":1},{"label":"G-4.25","length":0.00045894620000000024,"edges":["G-4.25.1","G-4.25.2"],"subs":1},{"label":"G-4.25.1","length":0.0004384269,"edges":[],"subs":1},{"label":"G-4.25.2","length":0.0004388306,"edges":[],"subs":1},{"label":"G-4.26","length":0.0004605053000000002,"edges":["G-4.26.1"],"subs":1},{"label":"G-4.26.1","length":0.0008772607,"edges":[],"subs":2},{"label":"G-4.27","length":0.0004609918000000002,"edges":[],"subs":1},{"label":"G-4.28","length":0.00046250990000000025,"edges":["G-4.28.1"],"subs":1},{"label":"G-4.28.1","length":0.0004388296,"edges":["G-4.28.1.1"],"subs":1},{"label":"G-4.28.1.1","length":0.0008780008,"edges":[],"subs":2},{"label":"G-4.29","length":0.00046300910000000026,"edges":["G-4.29.1"],"subs":1},{"label":"G-4.29.1","length":0.0004388547,"edges":[],"subs":1},{"label":"G-4.30","length":0.0009033105000000001,"edges":[],"subs":2},{"label":"G-4.31","length":0.0004652961000000003,"edges":[],"subs":1},{"label":"G-4.32","length":0.0004657829000000003,"edges":[],"subs":1},{"label":"G-4.33","length":0.0004662697000000003,"edges":[],"subs":1},{"label":"G-4.34","length":0.0013491939,"edges":[],"subs":3},{"label":"G-4.35","length":0.0017968985,"edges":[],"subs":4},{"label":"G-4.36","length":0.0008805744,"edges":[],"subs":2},{"label":"G-4.37","length":0.000882028,"edges":["G-4.37.1"],"subs":2},{"label":"G-4.37.1","length":0.0008770287000000001,"edges":[],"subs":2},{"label":"G-4.38","length":0.0008829586999999999,"edges":[],"subs":2},{"label":"G-4.39","length":0.001322959,"edges":[],"subs":3},{"label":"G-4.40","length":0.0013250359,"edges":[],"subs":3},{"label":"G-4.41","length":0.0013277220000000001,"edges":[],"subs":3},{"label":"G-4.42","length":0.001754219,"edges":[],"subs":4},{"label":"G-4.43","length":0.0013174178999999999,"edges":["G-4.43.1","G-4.43.2","G-4.43.3","G-4.43.4"],"subs":3},{"label":"G-4.43.1","length":0.0013131433,"edges":[],"subs":3},{"label":"G-4.43.2","length":0.0004398918,"edges":[],"subs":1},{"label":"G-4.43.3","length":0.0004412273,"edges":["G-4.43.3.1","G-4.43.3.2","G-4.43.3.3"],"subs":1},{"label":"G-4.43.3.1","length":0.0004359516,"edges":[],"subs":1},{"label":"G-4.43.3.2","length":0.0013139969,"edges":[],"subs":3},{"label":"G-4.43.3.3","length":0.0004370215,"edges":[],"subs":1},{"label":"G-4.43.4","length":0.0004419656,"edges":["G-4.43.4.1","G-4.43.4.2"],"subs":1},{"label":"G-4.43.4.1","length":0.0008760772,"edges":[],"subs":2},{"label":"G-4.43.4.2","length":0.0004377915,"edges":[],"subs":1},{"label":"G-5","length":0.0008800160000000001,"edges":["G-5.1","G-5.2"],"subs":2},{"label":"G-5.1","length":0.0008796732,"edges":[],"subs":2},{"label":"G-5.2","length":0.00087971,"edges":[],"subs":2}],"dist":{"period":7.439499245736003,"phase":6.439499245736003,"interval":0.00005617183150684931}}