{"nodes":[{"SEQID":"EPI_ISL_13351633","GNODEID":"G-3.4.1","TAGID":"BA-2-3-1-0001","cat_id":"staff","type":"CD","date":44714,"age":"98","sex":"男","category":"staff","association":"KS","highlight":{},"emphasize":"Y","dint":1654128000000,"index":0,"edges":[],"neighbors":[],"degree":0,"dstr":"2022-06-02"},{"SEQID":"EPI_ISL_13650897","GNODEID":"G-3.15.1","TAGID":"BA-2-3-1-0002","cat_id":"staff","type":"CD","date":44713,"age":"32","sex":"男","category":"staff","association":"KS","highlight":{},"emphasize":"Y","dint":1654041600000,"index":1,"edges":[],"neighbors":[],"degree":0,"dstr":"2022-06-01"},{"SEQID":"EPI_ISL_13650893","GNODEID":"G-3.11","TAGID":"BA-2-3-1-0003","cat_id":"client","type":"CD","date":44713,"age":"3","sex":"男","category":"client","association":"KS","highlight":{},"emphasize":"N","dint":1654041600000,"index":2,"edges":[],"neighbors":[],"degree":0,"dstr":"2022-06-01"},{"SEQID":"EPI_ISL_13650861","GNODEID":"G-3.31.2","TAGID":"BA-2-3-1-0004","cat_id":"staff","type":"CD","date":44713,"age":"1","sex":"女","category":"staff","association":"KS","highlight":{},"emphasize":"Y","dint":1654041600000,"index":3,"edges":[],"neighbors":[],"degree":0,"dstr":"2022-06-01"},{"SEQID":"EPI_ISL_13650912","GNODEID":"G-3.23.1","TAGID":"BA-2-3-1-0005","cat_id":"staff","type":"CD","date":44713,"age":"44","sex":"男","category":"staff","association":"KS","highlight":{},"emphasize":"N","dint":1654041600000,"index":4,"edges":[],"neighbors":[],"degree":0,"dstr":"2022-06-01"},{"SEQID":"EPI_ISL_13651405","GNODEID":"G-3.46.1","TAGID":"BA-2-3-1-0007","cat_id":"staff","type":"CD","date":44713,"age":"20","sex":"男","category":"staff","association":"KS","highlight":{},"emphasize":"Y","dint":1654041600000,"index":5,"edges":[],"neighbors":[],"degree":0,"dstr":"2022-06-01"},{"SEQID":"EPI_ISL_13651422","GNODEID":"G-3.33","TAGID":"BA-2-3-1-0008","cat_id":"staff","type":"CD","date":44713,"age":"51","sex":"女","category":"staff","association":"KS","highlight":{},"emphasize":"N","dint":1654041600000,"index":6,"edges":[],"neighbors":[],"degree":0,"dstr":"2022-06-01"},{"SEQID":"EPI_ISL_13651691","GNODEID":"G-3.7","TAGID":"BA-2-3-1-0009","cat_id":"staff","type":"CD","date":44713,"age":"5","sex":"男","category":"staff","association":"KS","highlight":{},"emphasize":"N","dint":1654041600000,"index":7,"edges":[],"neighbors":[],"degree":0,"dstr":"2022-06-01"},{"SEQID":"EPI_ISL_13651714","GNODEID":"G-3.21","TAGID":"BA-2-3-1-0011","cat_id":"staff","type":"CD","date":44713,"age":"65","sex":"男","category":"staff","association":"KS","highlight":{},"emphasize":"Y","dint":1654041600000,"index":8,"edges":[],"neighbors":[],"degree":0,"dstr":"2022-06-01"},{"SEQID":"EPI_ISL_13651716","GNODEID":"G-3.42.4","TAGID":"BA-2-3-1-0012","cat_id":"client","type":"CD","date":44713,"age":"44","sex":"女","category":"client","association":"KS","highlight":{},"emphasize":"Y","dint":1654041600000,"index":9,"edges":[],"neighbors":[],"degree":0,"dstr":"2022-06-01"},{"SEQID":"EPI_ISL_13651710","GNODEID":"G-3.47.4","TAGID":"BA-2-3-1-0013","cat_id":"client","type":"CD","date":44713,"age":"51","sex":"女","category":"client","association":"KS","highlight":{},"emphasize":"Y","dint":1654041600000,"index":10,"edges":[],"neighbors":[],"degree":0,"dstr":"2022-06-01"},{"SEQID":"EPI_ISL_14044691","GNODEID":"G-3.27","TAGID":"BA-2-3-1-0023","cat_id":"staff","type":"CD","date":44714,"age":"22","sex":"女","category":"staff","association":"KS","highlight":{},"emphasize":"Y","dint":1654128000000,"index":11,"edges":[],"neighbors":[],"degree":0,"dstr":"2022-06-02"},{"SEQID":"EPI_ISL_13651490","GNODEID":"G-3.34.1","TAGID":"BA-2-3-1-0041","cat_id":"staff","type":"CD","date":44713,"age":"43","sex":"女","category":"staff","association":"KS","highlight":{},"emphasize":"Y","dint":1654041600000,"index":12,"edges":[],"neighbors":[],"degree":0,"dstr":"2022-06-01"},{"SEQID":"EPI_ISL_13651463","GNODEID":"G-3.15.2","TAGID":"BA-2-3-1-0042","cat_id":"client","type":"CD","date":44713,"age":"38","sex":"男","category":"client","association":"KS","highlight":{},"emphasize":"Y","dint":1654041600000,"index":13,"edges":[],"neighbors":[],"degree":0,"dstr":"2022-06-01"},{"SEQID":"EPI_ISL_13651461","GNODEID":"G-3.39","TAGID":"BA-2-3-1-0043","cat_id":"staff","type":"CD","date":44713,"age":"46","sex":"女","category":"staff","association":"KS","highlight":{},"emphasize":"Y","dint":1654041600000,"index":14,"edges":[],"neighbors":[],"degree":0,"dstr":"2022-06-01"},{"SEQID":"EPI_ISL_13651460","GNODEID":"G-3","TAGID":"BA-2-3-1-0044","cat_id":"client","type":"CD","date":44713,"age":"45","sex":"男","category":"client","association":"KS","highlight":{},"emphasize":"N","dint":1654041600000,"index":15,"edges":[],"neighbors":[],"degree":0,"dstr":"2022-06-01"},{"SEQID":"EPI_ISL_13651457","GNODEID":"G-3.34","TAGID":"BA-2-3-1-0046","cat_id":"client","type":"CD","date":44713,"age":"35","sex":"男","category":"client","association":"KS","highlight":{},"emphasize":"N","dint":1654041600000,"index":16,"edges":[],"neighbors":[],"degree":0,"dstr":"2022-06-01"},{"SEQID":"EPI_ISL_13651466","GNODEID":"G-3.43.1","TAGID":"BA-2-3-1-0047","cat_id":"client","type":"CD","date":44713,"age":"30","sex":"女","category":"client","association":"KS","highlight":{},"emphasize":"Y","dint":1654041600000,"index":17,"edges":[],"neighbors":[],"degree":0,"dstr":"2022-06-01"},{"SEQID":"EPI_ISL_13651440","GNODEID":"G-3.43.1.1","TAGID":"BA-2-3-1-0050","cat_id":"staff","type":"CD","date":44713,"age":"48","sex":"男","category":"staff","association":"KS","highlight":{},"emphasize":"N","dint":1654041600000,"index":18,"edges":[],"neighbors":[],"degree":0,"dstr":"2022-06-01"},{"SEQID":"EPI_ISL_13651446","GNODEID":"G-3.3.1","TAGID":"BA-2-3-1-0052","cat_id":"staff","type":"CD","date":44713,"age":"69","sex":"男","category":"staff","association":"KS","highlight":{},"emphasize":"N","dint":1654041600000,"index":19,"edges":[],"neighbors":[],"degree":0,"dstr":"2022-06-01"},{"SEQID":"EPI_ISL_13651410","GNODEID":"G-3.47","TAGID":"BA-2-3-1-0054","cat_id":"client","type":"CD","date":44713,"age":"20","sex":"女","category":"client","association":"KS","highlight":{},"emphasize":"Y","dint":1654041600000,"index":20,"edges":[],"neighbors":[],"degree":0,"dstr":"2022-06-01"},{"SEQID":"EPI_ISL_13651429","GNODEID":"G-3.47.3.2","TAGID":"BA-2-3-1-0056","cat_id":"staff","type":"CD","date":44713,"age":"8","sex":"女","category":"staff","association":"KS","highlight":{},"emphasize":"N","dint":1654041600000,"index":21,"edges":[],"neighbors":[],"degree":0,"dstr":"2022-06-01"},{"SEQID":"EPI_ISL_13651406","GNODEID":"G-3.42.2","TAGID":"BA-2-3-1-0057","cat_id":"staff","type":"CD","date":44713,"age":"71","sex":"男","category":"staff","association":"KS","highlight":{},"emphasize":"Y","dint":1654041600000,"index":22,"edges":[],"neighbors":[],"degree":0,"dstr":"2022-06-01"},{"SEQID":"EPI_ISL_13651707","GNODEID":"G-3.6","TAGID":"BA-2-3-1-0058","cat_id":"client","type":"CD","date":44713,"age":"31","sex":"女","category":"client","association":"KS","highlight":{},"emphasize":"N","dint":1654041600000,"index":23,"edges":[],"neighbors":[],"degree":0,"dstr":"2022-06-01"},{"SEQID":"EPI_ISL_13650852","GNODEID":"G-3.41","TAGID":"BA-2-3-1-0060","cat_id":"staff","type":"CD","date":44713,"age":"5","sex":"男","category":"staff","association":"KS","highlight":{},"emphasize":"N","dint":1654041600000,"index":24,"edges":[],"neighbors":[],"degree":0,"dstr":"2022-06-01"},{"SEQID":"EPI_ISL_14109932","GNODEID":"G-3.44","TAGID":"BA-2-3-1-0061","cat_id":"staff","type":"CD","date":44713,"age":"49","sex":"男","category":"staff","association":"KY","highlight":{},"emphasize":"Y","dint":1654041600000,"index":25,"edges":[],"neighbors":[],"degree":0,"dstr":"2022-06-01"},{"SEQID":"EPI_ISL_14110097","GNODEID":"G-3.4.4","TAGID":"BA-2-3-1-0063","cat_id":"client","type":"CD","date":44713,"age":"26","sex":"男","category":"client","association":"KS","highlight":{},"emphasize":"Y","dint":1654041600000,"index":26,"edges":[],"neighbors":[],"degree":0,"dstr":"2022-06-01"},{"SEQID":"EPI_ISL_14110098","GNODEID":"G-3.6.1","TAGID":"BA-2-3-1-0064","cat_id":"staff","type":"CD","date":44713,"age":"89","sex":"女","category":"staff","association":"KS","highlight":{},"emphasize":"Y","dint":1654041600000,"index":27,"edges":[],"neighbors":[],"degree":0,"dstr":"2022-06-01"},{"SEQID":"EPI_ISL_14110781","GNODEID":"G-3.40","TAGID":"BA-2-3-1-0066","cat_id":"client","type":"CD","date":44713,"age":"37","sex":"女","category":"client","association":"TH","highlight":{},"emphasize":"N","dint":1654041600000,"index":28,"edges":[],"neighbors":[],"degree":0,"dstr":"2022-06-01"},{"SEQID":"EPI_ISL_14111682","GNODEID":"G-3.48","TAGID":"BA-2-3-1-0069","cat_id":"client","type":"CD","date":44713,"age":"30","sex":"女","category":"client","association":"KY","highlight":{},"emphasize":"Y","dint":1654041600000,"index":29,"edges":[],"neighbors":[],"degree":0,"dstr":"2022-06-01"},{"SEQID":"EPI_ISL_14111685","GNODEID":"G-3.1.1.1","TAGID":"BA-2-3-1-0070","cat_id":"client","type":"CD","date":44713,"age":"7","sex":"女","category":"client","association":"KY","highlight":{},"emphasize":"Y","dint":1654041600000,"index":30,"edges":[],"neighbors":[],"degree":0,"dstr":"2022-06-01"},{"SEQID":"EPI_ISL_14111684","GNODEID":"G-3.48.1","TAGID":"BA-2-3-1-0071","cat_id":"staff","type":"CD","date":44713,"age":"91","sex":"男","category":"staff","association":"KY","highlight":{},"emphasize":"Y","dint":1654041600000,"index":31,"edges":[],"neighbors":[],"degree":0,"dstr":"2022-06-01"},{"SEQID":"EPI_ISL_14112009","GNODEID":"G-3.37","TAGID":"BA-2-3-1-0073","cat_id":"client","type":"CD","date":44714,"age":"21","sex":"女","category":"client","association":"KY","highlight":{},"emphasize":"Y","dint":1654128000000,"index":32,"edges":[],"neighbors":[],"degree":0,"dstr":"2022-06-02"},{"SEQID":"EPI_ISL_14112105","GNODEID":"G-3.42.5","TAGID":"BA-2-3-1-0074","cat_id":"staff","type":"CD","date":44714,"age":"74","sex":"男","category":"staff","association":"TO","highlight":{},"emphasize":"N","dint":1654128000000,"index":33,"edges":[],"neighbors":[],"degree":0,"dstr":"2022-06-02"},{"SEQID":"EPI_ISL_14112124","GNODEID":"G-3.43.2","TAGID":"BA-2-3-1-0075","cat_id":"staff","type":"CD","date":44713,"age":"95","sex":"男","category":"staff","association":"TH","highlight":{},"emphasize":"Y","dint":1654041600000,"index":34,"edges":[],"neighbors":[],"degree":0,"dstr":"2022-06-01"},{"SEQID":"EPI_ISL_14112126","GNODEID":"G-3.43.1.2","TAGID":"BA-2-3-1-0076","cat_id":"staff","type":"CD","date":44714,"age":"60","sex":"男","category":"staff","association":"TH","highlight":{},"emphasize":"N","dint":1654128000000,"index":35,"edges":[],"neighbors":[],"degree":0,"dstr":"2022-06-02"},{"SEQID":"EPI_ISL_14112866","GNODEID":"G-3","TAGID":"BA-2-3-1-0077","cat_id":"staff","type":"CD","date":44713,"age":"14","sex":"男","category":"staff","association":"HO","highlight":{},"emphasize":"Y","dint":1654041600000,"index":36,"edges":[],"neighbors":[],"degree":0,"dstr":"2022-06-01"},{"SEQID":"EPI_ISL_14112937","GNODEID":"G-3.47.2","TAGID":"BA-2-3-1-0079","cat_id":"client","type":"CD","date":44714,"age":"48","sex":"女","category":"client","association":"TO","highlight":{},"emphasize":"Y","dint":1654128000000,"index":37,"edges":[],"neighbors":[],"degree":0,"dstr":"2022-06-02"},{"SEQID":"EPI_ISL_14112945","GNODEID":"G-3.13","TAGID":"BA-2-3-1-0080","cat_id":"staff","type":"CD","date":44714,"age":"28","sex":"女","category":"staff","association":"TO","highlight":{},"emphasize":"N","dint":1654128000000,"index":38,"edges":[],"neighbors":[],"degree":0,"dstr":"2022-06-02"},{"SEQID":"EPI_ISL_14112932","GNODEID":"G-3.47.6.1.1","TAGID":"BA-2-3-1-0082","cat_id":"staff","type":"CD","date":44713,"age":"19","sex":"女","category":"staff","association":"TO","highlight":{},"emphasize":"Y","dint":1654041600000,"index":39,"edges":[],"neighbors":[],"degree":0,"dstr":"2022-06-01"},{"SEQID":"EPI_ISL_14112942","GNODEID":"G-3.29","TAGID":"BA-2-3-1-0083","cat_id":"staff","type":"CD","date":44714,"age":"58","sex":"女","category":"staff","association":"TO","highlight":{},"emphasize":"N","dint":1654128000000,"index":40,"edges":[],"neighbors":[],"degree":0,"dstr":"2022-06-02"},{"SEQID":"EPI_ISL_14112951","GNODEID":"G-3.47.6.2","TAGID":"BA-2-3-1-0084","cat_id":"staff","type":"CD","date":44714,"age":"28","sex":"女","category":"staff","association":"TO","highlight":{},"emphasize":"N","dint":1654128000000,"index":41,"edges":[],"neighbors":[],"degree":0,"dstr":"2022-06-02"},{"SEQID":"EPI_ISL_14112950","GNODEID":"G-3.47.6.1","TAGID":"BA-2-3-1-0085","cat_id":"staff","type":"CD","date":44714,"age":"47","sex":"男","category":"staff","association":"TO","highlight":{},"emphasize":"N","dint":1654128000000,"index":42,"edges":[],"neighbors":[],"degree":0,"dstr":"2022-06-02"},{"SEQID":"EPI_ISL_14113107","GNODEID":"G-3.1.1.2","TAGID":"BA-2-3-1-0086","cat_id":"staff","type":"CD","date":44713,"age":"81","sex":"男","category":"staff","association":"KY","highlight":{},"emphasize":"N","dint":1654041600000,"index":43,"edges":[],"neighbors":[],"degree":0,"dstr":"2022-06-01"},{"SEQID":"EPI_ISL_14113190","GNODEID":"G-3.8","TAGID":"BA-2-3-1-0087","cat_id":"staff","type":"CD","date":44714,"age":"61","sex":"女","category":"staff","association":"KY","highlight":{},"emphasize":"Y","dint":1654128000000,"index":44,"edges":[],"neighbors":[],"degree":0,"dstr":"2022-06-02"},{"SEQID":"EPI_ISL_14113191","GNODEID":"G-3.5","TAGID":"BA-2-3-1-0088","cat_id":"staff","type":"CD","date":44714,"age":"9","sex":"男","category":"staff","association":"KY","highlight":{},"emphasize":"Y","dint":1654128000000,"index":45,"edges":[],"neighbors":[],"degree":0,"dstr":"2022-06-02"},{"SEQID":"EPI_ISL_14113634","GNODEID":"G-3.19","TAGID":"BA-2-3-1-0089","cat_id":"staff","type":"CD","date":44714,"age":"9","sex":"男","category":"staff","highlight":{},"emphasize":"N","dint":1654128000000,"index":46,"edges":[],"neighbors":[],"degree":0,"association":0,"dstr":"2022-06-02"},{"SEQID":"EPI_ISL_14113646","GNODEID":"G-3.2","TAGID":"BA-2-3-1-0090","cat_id":"staff","type":"CD","date":44713,"age":"100","sex":"男","category":"staff","association":"CS","highlight":{},"emphasize":"N","dint":1654041600000,"index":47,"edges":[],"neighbors":[],"degree":0,"dstr":"2022-06-01"},{"SEQID":"EPI_ISL_14114058","GNODEID":"G-3.38.1","TAGID":"BA-2-3-1-0091","cat_id":"client","type":"CD","date":44714,"age":"44","sex":"男","category":"client","association":"TO","highlight":{},"emphasize":"N","dint":1654128000000,"index":48,"edges":[],"neighbors":[],"degree":0,"dstr":"2022-06-02"},{"SEQID":"EPI_ISL_14114230","GNODEID":"G-3.32.1","TAGID":"BA-2-3-1-0093","cat_id":"staff","type":"CD","date":44713,"age":"37","sex":"男","category":"staff","association":"TH","highlight":{},"emphasize":"N","dint":1654041600000,"index":49,"edges":[],"neighbors":[],"degree":0,"dstr":"2022-06-01"},{"SEQID":"EPI_ISL_14114315","GNODEID":"G-3.41.2","TAGID":"BA-2-3-1-0094","cat_id":"staff","type":"CD","date":44713,"age":"83","sex":"女","category":"staff","association":"KN","highlight":{},"emphasize":"N","dint":1654041600000,"index":50,"edges":[],"neighbors":[],"degree":0,"dstr":"2022-06-01"},{"SEQID":"EPI_ISL_14114370","GNODEID":"G-4","TAGID":"BA-2-3-1-0095","cat_id":"staff","type":"CD","date":44714,"age":"46","sex":"女","category":"staff","association":"CS","highlight":{},"emphasize":"Y","dint":1654128000000,"index":51,"edges":[],"neighbors":[],"degree":0,"dstr":"2022-06-02"},{"SEQID":"EPI_ISL_14114557","GNODEID":"G-3.22","TAGID":"BA-2-3-1-0096","cat_id":"client","type":"CD","date":44714,"age":"86","sex":"女","category":"client","association":"TO","highlight":{},"emphasize":"N","dint":1654128000000,"index":52,"edges":[],"neighbors":[],"degree":0,"dstr":"2022-06-02"},{"SEQID":"EPI_ISL_14114898","GNODEID":"G-3.25","TAGID":"BA-2-3-1-0097","cat_id":"staff","type":"CD","date":44713,"age":"85","sex":"男","category":"staff","association":"KS","highlight":{},"emphasize":"Y","dint":1654041600000,"index":53,"edges":[],"neighbors":[],"degree":0,"dstr":"2022-06-01"},{"SEQID":"EPI_ISL_14114619","GNODEID":"G-3.17","TAGID":"BA-2-3-1-0098","cat_id":"client","type":"CD","date":44713,"age":"80","sex":"男","category":"client","association":"KS","highlight":{},"emphasize":"Y","dint":1654041600000,"index":54,"edges":[],"neighbors":[],"degree":0,"dstr":"2022-06-01"},{"SEQID":"EPI_ISL_14114668","GNODEID":"G-3.14","TAGID":"BA-2-3-1-0099","cat_id":"staff","type":"CD","date":44714,"age":"79","sex":"男","category":"staff","association":"OK","highlight":{},"emphasize":"Y","dint":1654128000000,"index":55,"edges":[],"neighbors":[],"degree":0,"dstr":"2022-06-02"},{"SEQID":"EPI_ISL_14114698","GNODEID":"G-3.12","TAGID":"BA-2-3-1-0100","cat_id":"staff","type":"CD","date":44714,"age":"57","sex":"男","category":"staff","association":"HO","highlight":{},"emphasize":"N","dint":1654128000000,"index":56,"edges":[],"neighbors":[],"degree":0,"dstr":"2022-06-02"},{"SEQID":"EPI_ISL_14114706","GNODEID":"G-3.31.3","TAGID":"BA-2-3-1-0101","cat_id":"client","type":"CD","date":44713,"age":"79","sex":"男","category":"client","association":"HO","highlight":{},"emphasize":"N","dint":1654041600000,"index":57,"edges":[],"neighbors":[],"degree":0,"dstr":"2022-06-01"},{"SEQID":"EPI_ISL_14114742","GNODEID":"G-2","TAGID":"BA-2-3-1-0102","cat_id":"staff","type":"CD","date":44713,"age":"22","sex":"男","category":"staff","association":"CS","highlight":{},"emphasize":"Y","dint":1654041600000,"index":58,"edges":[],"neighbors":[],"degree":0,"dstr":"2022-06-01"},{"SEQID":"EPI_ISL_14114771","GNODEID":"G-3.4.5","TAGID":"BA-2-3-1-0103","cat_id":"client","type":"CD","date":44713,"age":"85","sex":"男","category":"client","association":"TH","highlight":{},"emphasize":"Y","dint":1654041600000,"index":59,"edges":[],"neighbors":[],"degree":0,"dstr":"2022-06-01"},{"SEQID":"EPI_ISL_14114844","GNODEID":"G-3.32.2","TAGID":"BA-2-3-1-0104","cat_id":"client","type":"CD","date":44714,"age":"0","sex":"男","category":"client","association":"TH","highlight":{},"emphasize":"N","dint":1654128000000,"index":60,"edges":[],"neighbors":[],"degree":0,"dstr":"2022-06-02"},{"SEQID":"EPI_ISL_14114889","GNODEID":"G-3.18","TAGID":"BA-2-3-1-0105","cat_id":"staff","type":"CD","date":44713,"age":"43","sex":"男","category":"staff","association":"TO","highlight":{},"emphasize":"Y","dint":1654041600000,"index":61,"edges":[],"neighbors":[],"degree":0,"dstr":"2022-06-01"},{"SEQID":"EPI_ISL_14114913","GNODEID":"G-3.3.2","TAGID":"BA-2-3-1-0106","cat_id":"staff","type":"CD","date":44714,"age":"44","sex":"女","category":"staff","association":"KS","highlight":{},"emphasize":"Y","dint":1654128000000,"index":62,"edges":[],"neighbors":[],"degree":0,"dstr":"2022-06-02"},{"SEQID":"EPI_ISL_14114946","GNODEID":"G-3.24.1","TAGID":"BA-2-3-1-0107","cat_id":"staff","type":"CD","date":44713,"age":"21","sex":"女","category":"staff","association":"HO","highlight":{},"emphasize":"N","dint":1654041600000,"index":63,"edges":[],"neighbors":[],"degree":0,"dstr":"2022-06-01"},{"SEQID":"EPI_ISL_14114947","GNODEID":"G-3.36","TAGID":"BA-2-3-1-0108","cat_id":"client","type":"CD","date":44713,"age":"81","sex":"女","category":"client","association":"HO","highlight":{},"emphasize":"Y","dint":1654041600000,"index":64,"edges":[],"neighbors":[],"degree":0,"dstr":"2022-06-01"},{"SEQID":"EPI_ISL_14117984","GNODEID":"G-3.41.1","TAGID":"BA-2-3-1-0109","cat_id":"client","type":"CD","date":44713,"age":"39","sex":"男","category":"client","association":"KS","highlight":{},"emphasize":"Y","dint":1654041600000,"index":65,"edges":[],"neighbors":[],"degree":0,"dstr":"2022-06-01"},{"SEQID":"EPI_ISL_14115229","GNODEID":"G-3.36.1","TAGID":"BA-2-3-1-0110","cat_id":"staff","type":"CD","date":44714,"age":"70","sex":"男","category":"staff","association":"KY","highlight":{},"emphasize":"N","dint":1654128000000,"index":66,"edges":[],"neighbors":[],"degree":0,"dstr":"2022-06-02"},{"SEQID":"EPI_ISL_14116772","GNODEID":"G-3.30","TAGID":"BA-2-3-1-0111","cat_id":"client","type":"CD","date":44713,"age":"35","sex":"男","category":"client","association":"KS","highlight":{},"emphasize":"Y","dint":1654041600000,"index":67,"edges":[],"neighbors":[],"degree":0,"dstr":"2022-06-01"},{"SEQID":"EPI_ISL_14116801","GNODEID":"G-3.41","TAGID":"BA-2-3-1-0112","cat_id":"staff","type":"CD","date":44713,"age":"28","sex":"女","category":"staff","association":"KS","highlight":{},"emphasize":"N","dint":1654041600000,"index":68,"edges":[],"neighbors":[],"degree":0,"dstr":"2022-06-01"},{"SEQID":"EPI_ISL_14116773","GNODEID":"G-3.42.1","TAGID":"BA-2-3-1-0113","cat_id":"staff","type":"CD","date":44713,"age":"62","sex":"女","category":"staff","association":"KS","highlight":{},"emphasize":"Y","dint":1654041600000,"index":69,"edges":[],"neighbors":[],"degree":0,"dstr":"2022-06-01"},{"SEQID":"EPI_ISL_14116786","GNODEID":"G-3.4.3","TAGID":"BA-2-3-1-0114","cat_id":"staff","type":"CD","date":44713,"age":"83","sex":"男","category":"staff","association":"KN","highlight":{},"emphasize":"Y","dint":1654041600000,"index":70,"edges":[],"neighbors":[],"degree":0,"dstr":"2022-06-01"},{"SEQID":"EPI_ISL_14116774","GNODEID":"G-3.47.3.1","TAGID":"BA-2-3-1-0115","cat_id":"staff","type":"CD","date":44713,"age":"80","sex":"女","category":"staff","association":"KS","highlight":{},"emphasize":"Y","dint":1654041600000,"index":71,"edges":[],"neighbors":[],"degree":0,"dstr":"2022-06-01"},{"SEQID":"EPI_ISL_14116814","GNODEID":"G-3.1.2.1","TAGID":"BA-2-3-1-0116","cat_id":"client","type":"CD","date":44713,"age":"38","sex":"男","category":"client","association":"OK","highlight":{},"emphasize":"Y","dint":1654041600000,"index":72,"edges":[],"neighbors":[],"degree":0,"dstr":"2022-06-01"},{"SEQID":"EPI_ISL_14116794","GNODEID":"G-3.4.2","TAGID":"BA-2-3-1-0117","cat_id":"staff","type":"CD","date":44713,"age":"78","sex":"男","category":"staff","association":"KN","highlight":{},"emphasize":"Y","dint":1654041600000,"index":73,"edges":[],"neighbors":[],"degree":0,"dstr":"2022-06-01"},{"SEQID":"EPI_ISL_14116852","GNODEID":"G-3.37.1","TAGID":"BA-2-3-1-0118","cat_id":"staff","type":"CD","date":44714,"age":"2","sex":"女","category":"staff","association":"KN","highlight":{},"emphasize":"Y","dint":1654128000000,"index":74,"edges":[],"neighbors":[],"degree":0,"dstr":"2022-06-02"},{"SEQID":"EPI_ISL_14116842","GNODEID":"G-3.9","TAGID":"BA-2-3-1-0119","cat_id":"client","type":"CD","date":44714,"age":"73","sex":"女","category":"client","highlight":{},"emphasize":"Y","dint":1654128000000,"index":75,"edges":[],"neighbors":[],"degree":0,"association":0,"dstr":"2022-06-02"},{"SEQID":"EPI_ISL_14116879","GNODEID":"G-3.26","TAGID":"BA-2-3-1-0120","cat_id":"client","type":"CD","date":44714,"age":"18","sex":"女","category":"client","association":"KS","highlight":{},"emphasize":"N","dint":1654128000000,"index":76,"edges":[],"neighbors":[],"degree":0,"dstr":"2022-06-02"},{"SEQID":"EPI_ISL_14116858","GNODEID":"G-3.10","TAGID":"BA-2-3-1-0121","cat_id":"staff","type":"CD","date":44714,"age":"99","sex":"男","category":"staff","association":"KS","highlight":{},"emphasize":"N","dint":1654128000000,"index":77,"edges":[],"neighbors":[],"degree":0,"dstr":"2022-06-02"},{"SEQID":"EPI_ISL_14116882","GNODEID":"G-3.47","TAGID":"BA-2-3-1-0122","cat_id":"staff","type":"CD","date":44714,"age":"37","sex":"男","category":"staff","association":"KS","highlight":{},"emphasize":"Y","dint":1654128000000,"index":78,"edges":[],"neighbors":[],"degree":0,"dstr":"2022-06-02"},{"SEQID":"EPI_ISL_14116854","GNODEID":"G-3.1.2.2","TAGID":"BA-2-3-1-0123","cat_id":"client","type":"CD","date":44714,"age":"2","sex":"女","category":"client","association":"KN","highlight":{},"emphasize":"N","dint":1654128000000,"index":79,"edges":[],"neighbors":[],"degree":0,"dstr":"2022-06-02"},{"SEQID":"EPI_ISL_14116866","GNODEID":"G-3.35","TAGID":"BA-2-3-1-0124","cat_id":"client","type":"CD","date":44714,"age":"44","sex":"男","category":"client","association":"TO","highlight":{},"emphasize":"Y","dint":1654128000000,"index":80,"edges":[],"neighbors":[],"degree":0,"dstr":"2022-06-02"},{"SEQID":"EPI_ISL_14116865","GNODEID":"G-3.46.2","TAGID":"BA-2-3-1-0125","cat_id":"staff","type":"CD","date":44714,"age":"40","sex":"女","category":"staff","association":"KS","highlight":{},"emphasize":"Y","dint":1654128000000,"index":81,"edges":[],"neighbors":[],"degree":0,"dstr":"2022-06-02"},{"SEQID":"EPI_ISL_14117374","GNODEID":"G-3.41.3.1","TAGID":"BA-2-3-1-0126","cat_id":"client","type":"CD","date":44714,"age":"93","sex":"女","category":"client","association":"TO","highlight":{},"emphasize":"N","dint":1654128000000,"index":82,"edges":[],"neighbors":[],"degree":0,"dstr":"2022-06-02"},{"SEQID":"EPI_ISL_14117449","GNODEID":"G-3.45","TAGID":"BA-2-3-1-0128","cat_id":"client","type":"CD","date":44714,"age":"22","sex":"男","category":"client","association":"KS","highlight":{},"emphasize":"Y","dint":1654128000000,"index":83,"edges":[],"neighbors":[],"degree":0,"dstr":"2022-06-02"},{"SEQID":"EPI_ISL_14117417","GNODEID":"G-3.16","TAGID":"BA-2-3-1-0129","cat_id":"staff","type":"CD","date":44713,"age":"86","sex":"男","category":"staff","association":"KS","highlight":{},"emphasize":"N","dint":1654041600000,"index":84,"edges":[],"neighbors":[],"degree":0,"dstr":"2022-06-01"},{"SEQID":"EPI_ISL_14117425","GNODEID":"G-3.43.1","TAGID":"BA-2-3-1-0130","cat_id":"staff","type":"CD","date":44713,"age":"48","sex":"女","category":"staff","association":"KS","highlight":{},"emphasize":"Y","dint":1654041600000,"index":85,"edges":[],"neighbors":[],"degree":0,"dstr":"2022-06-01"},{"SEQID":"EPI_ISL_14117427","GNODEID":"G-3.41.3","TAGID":"BA-2-3-1-0131","cat_id":"staff","type":"CD","date":44713,"age":"59","sex":"女","category":"staff","association":"KS","highlight":{},"emphasize":"N","dint":1654041600000,"index":86,"edges":[],"neighbors":[],"degree":0,"dstr":"2022-06-01"},{"SEQID":"EPI_ISL_14117433","GNODEID":"G-3.31.1","TAGID":"BA-2-3-1-0132","cat_id":"staff","type":"CD","date":44713,"age":"86","sex":"女","category":"staff","association":"KS","highlight":{},"emphasize":"Y","dint":1654041600000,"index":87,"edges":[],"neighbors":[],"degree":0,"dstr":"2022-06-01"},{"SEQID":"EPI_ISL_14117447","GNODEID":"G-3.20","TAGID":"BA-2-3-1-0133","cat_id":"staff","type":"CD","date":44714,"age":"76","sex":"女","category":"staff","association":"KS","highlight":{},"emphasize":"N","dint":1654128000000,"index":88,"edges":[],"neighbors":[],"degree":0,"dstr":"2022-06-02"},{"SEQID":"EPI_ISL_14117600","GNODEID":"G-3.42.3","TAGID":"BA-2-3-1-0135","cat_id":"staff","type":"CD","date":44714,"age":"52","sex":"女","category":"staff","association":"KS","highlight":{},"emphasize":"Y","dint":1654128000000,"index":89,"edges":[],"neighbors":[],"degree":0,"dstr":"2022-06-02"},{"SEQID":"EPI_ISL_14117604","GNODEID":"G-3.42","TAGID":"BA-2-3-1-0138","cat_id":"client","type":"CD","date":44714,"age":"63","sex":"女","category":"client","association":"KS","highlight":{},"emphasize":"N","dint":1654128000000,"index":90,"edges":[],"neighbors":[],"degree":0,"dstr":"2022-06-02"},{"SEQID":"EPI_ISL_14117737","GNODEID":"G-3.47.3.3","TAGID":"BA-2-3-1-0139","cat_id":"client","type":"CD","date":44714,"age":"11","sex":"女","category":"client","association":"CS","highlight":{},"emphasize":"N","dint":1654128000000,"index":91,"edges":[],"neighbors":[],"degree":0,"dstr":"2022-06-02"},{"SEQID":"EPI_ISL_14118294","GNODEID":"G-2.1","TAGID":"BA-2-3-1-0140","cat_id":"staff","type":"CD","date":44714,"age":"34","sex":"男","category":"staff","association":"CS","highlight":{},"emphasize":"N","dint":1654128000000,"index":92,"edges":[],"neighbors":[],"degree":0,"dstr":"2022-06-02"},{"SEQID":"EPI_ISL_14118585","GNODEID":"G-3.28","TAGID":"BA-2-3-1-0142","cat_id":"client","type":"CD","date":44714,"age":"34","sex":"男","category":"client","association":"KS","highlight":{},"emphasize":"Y","dint":1654128000000,"index":93,"edges":[],"neighbors":[],"degree":0,"dstr":"2022-06-02"},{"SEQID":"EPI_ISL_14119265","GNODEID":"G-3.47.2.1","TAGID":"BA-2-3-1-0143","cat_id":"client","type":"CD","date":44713,"age":"74","sex":"男","category":"client","association":"TO","highlight":{},"emphasize":"N","dint":1654041600000,"index":94,"edges":[],"neighbors":[],"degree":0,"dstr":"2022-06-01"},{"SEQID":"EPI_ISL_14119730","GNODEID":"G-3.38.2","TAGID":"BA-2-3-1-0144","cat_id":"client","type":"CD","date":44713,"age":"38","sex":"男","category":"client","association":"TO","highlight":{},"emphasize":"Y","dint":1654041600000,"index":95,"edges":[],"neighbors":[],"degree":0,"dstr":"2022-06-01"},{"SEQID":"EPI_ISL_14120587","GNODEID":"G-3.47.1","TAGID":"BA-2-3-1-0145","cat_id":"staff","type":"CD","date":44713,"age":"23","sex":"女","category":"staff","association":"TO","highlight":{},"emphasize":"N","dint":1654041600000,"index":96,"edges":[],"neighbors":[],"degree":0,"dstr":"2022-06-01"},{"SEQID":"EPI_ISL_14124957","GNODEID":"G-3.38.1.1","TAGID":"BA-2-3-1-0147","cat_id":"client","type":"CD","date":44713,"age":"78","sex":"女","category":"client","association":"KS","highlight":{},"emphasize":"Y","dint":1654041600000,"index":97,"edges":[],"neighbors":[],"degree":0,"dstr":"2022-06-01"},{"SEQID":"EPI_ISL_14124953","GNODEID":"G-3.24.2","TAGID":"BA-2-3-1-0150","cat_id":"staff","type":"CD","date":44713,"age":"69","sex":"女","category":"staff","association":"KS","highlight":{},"emphasize":"N","dint":1654041600000,"index":98,"edges":[],"neighbors":[],"degree":0,"dstr":"2022-06-01"},{"SEQID":"EPI_ISL_14141346","GNODEID":"G-3.23.2","TAGID":"BA-2-3-1-0162","cat_id":"staff","type":"CD","date":44713,"age":"43","sex":"男","category":"staff","association":"KS","highlight":{},"emphasize":"Y","dint":1654041600000,"index":99,"edges":[],"neighbors":[],"degree":0,"dstr":"2022-06-01"},{"SEQID":"EPI_ISL_14141343","GNODEID":"G-3.23.2.2","TAGID":"BA-2-3-1-0165","cat_id":"client","type":"CD","date":44713,"age":"89","sex":"女","category":"client","association":"KS","highlight":{},"emphasize":"N","dint":1654041600000,"index":100,"edges":[],"neighbors":[],"degree":0,"dstr":"2022-06-01"},{"SEQID":"EPI_ISL_14141342","GNODEID":"G-3.23.2.1","TAGID":"BA-2-3-1-0168","cat_id":"client","type":"CD","date":44713,"age":"58","sex":"女","category":"client","association":"KS","highlight":{},"emphasize":"N","dint":1654041600000,"index":101,"edges":[],"neighbors":[],"degree":0,"dstr":"2022-06-01"}],"edges":[{"LINKID":"L-1","TAG_from":"EPI_ISL_13651422","TAG_to":"EPI_ISL_13651705","label":"家族","src":-1,"dst":-1}],"epi":[{"SEQID":"REF","GNODEID":"G-1"},{"SEQID":"EPI_ISL_14114742","GNODEID":"G-2"},{"SEQID":"EPI_ISL_14118294","GNODEID":"G-2.1"},{"SEQID":"EPI_ISL_14112866","GNODEID":"G-3"},{"SEQID":"EPI_ISL_13651460","GNODEID":"G-3"},{"SEQID":"EPI_ISL_14111685","GNODEID":"G-3.1.1.1"},{"SEQID":"EPI_ISL_14113107","GNODEID":"G-3.1.1.2"},{"SEQID":"EPI_ISL_14116814","GNODEID":"G-3.1.2.1"},{"SEQID":"EPI_ISL_14116854","GNODEID":"G-3.1.2.2"},{"SEQID":"EPI_ISL_14113646","GNODEID":"G-3.2"},{"SEQID":"EPI_ISL_13651446","GNODEID":"G-3.3.1"},{"SEQID":"EPI_ISL_14114913","GNODEID":"G-3.3.2"},{"SEQID":"EPI_ISL_13351633","GNODEID":"G-3.4.1"},{"SEQID":"EPI_ISL_14116794","GNODEID":"G-3.4.2"},{"SEQID":"EPI_ISL_14116786","GNODEID":"G-3.4.3"},{"SEQID":"EPI_ISL_14110097","GNODEID":"G-3.4.4"},{"SEQID":"EPI_ISL_14114771","GNODEID":"G-3.4.5"},{"SEQID":"EPI_ISL_14113191","GNODEID":"G-3.5"},{"SEQID":"EPI_ISL_13651707","GNODEID":"G-3.6"},{"SEQID":"EPI_ISL_14110098","GNODEID":"G-3.6.1"},{"SEQID":"EPI_ISL_13651691","GNODEID":"G-3.7"},{"SEQID":"EPI_ISL_14113190","GNODEID":"G-3.8"},{"SEQID":"EPI_ISL_14116842","GNODEID":"G-3.9"},{"SEQID":"EPI_ISL_14116858","GNODEID":"G-3.10"},{"SEQID":"EPI_ISL_13650893","GNODEID":"G-3.11"},{"SEQID":"EPI_ISL_14114698","GNODEID":"G-3.12"},{"SEQID":"EPI_ISL_14112945","GNODEID":"G-3.13"},{"SEQID":"EPI_ISL_14114668","GNODEID":"G-3.14"},{"SEQID":"EPI_ISL_13650897","GNODEID":"G-3.15.1"},{"SEQID":"EPI_ISL_13651463","GNODEID":"G-3.15.2"},{"SEQID":"EPI_ISL_14117417","GNODEID":"G-3.16"},{"SEQID":"EPI_ISL_14114619","GNODEID":"G-3.17"},{"SEQID":"EPI_ISL_14114889","GNODEID":"G-3.18"},{"SEQID":"EPI_ISL_14113634","GNODEID":"G-3.19"},{"SEQID":"EPI_ISL_14117447","GNODEID":"G-3.20"},{"SEQID":"EPI_ISL_13651714","GNODEID":"G-3.21"},{"SEQID":"EPI_ISL_14114557","GNODEID":"G-3.22"},{"SEQID":"EPI_ISL_13650912","GNODEID":"G-3.23.1"},{"SEQID":"EPI_ISL_14141346","GNODEID":"G-3.23.2"},{"SEQID":"EPI_ISL_14141342","GNODEID":"G-3.23.2.1"},{"SEQID":"EPI_ISL_14141343","GNODEID":"G-3.23.2.2"},{"SEQID":"EPI_ISL_14114946","GNODEID":"G-3.24.1"},{"SEQID":"EPI_ISL_14124953","GNODEID":"G-3.24.2"},{"SEQID":"EPI_ISL_14114898","GNODEID":"G-3.25"},{"SEQID":"EPI_ISL_14116879","GNODEID":"G-3.26"},{"SEQID":"EPI_ISL_14044691","GNODEID":"G-3.27"},{"SEQID":"EPI_ISL_14118585","GNODEID":"G-3.28"},{"SEQID":"EPI_ISL_14112942","GNODEID":"G-3.29"},{"SEQID":"EPI_ISL_14116772","GNODEID":"G-3.30"},{"SEQID":"EPI_ISL_14117433","GNODEID":"G-3.31.1"},{"SEQID":"EPI_ISL_13650861","GNODEID":"G-3.31.2"},{"SEQID":"EPI_ISL_14114706","GNODEID":"G-3.31.3"},{"SEQID":"EPI_ISL_14114230","GNODEID":"G-3.32.1"},{"SEQID":"EPI_ISL_14114844","GNODEID":"G-3.32.2"},{"SEQID":"EPI_ISL_13651422","GNODEID":"G-3.33"},{"SEQID":"EPI_ISL_13651457","GNODEID":"G-3.34"},{"SEQID":"EPI_ISL_13651490","GNODEID":"G-3.34.1"},{"SEQID":"EPI_ISL_14116866","GNODEID":"G-3.35"},{"SEQID":"EPI_ISL_14114947","GNODEID":"G-3.36"},{"SEQID":"EPI_ISL_14115229","GNODEID":"G-3.36.1"},{"SEQID":"EPI_ISL_14112009","GNODEID":"G-3.37"},{"SEQID":"EPI_ISL_14116852","GNODEID":"G-3.37.1"},{"SEQID":"EPI_ISL_14114058","GNODEID":"G-3.38.1"},{"SEQID":"EPI_ISL_14124957","GNODEID":"G-3.38.1.1"},{"SEQID":"EPI_ISL_14119730","GNODEID":"G-3.38.2"},{"SEQID":"EPI_ISL_13651461","GNODEID":"G-3.39"},{"SEQID":"EPI_ISL_14110781","GNODEID":"G-3.40"},{"SEQID":"EPI_ISL_13650852","GNODEID":"G-3.41"},{"SEQID":"EPI_ISL_14116801","GNODEID":"G-3.41"},{"SEQID":"EPI_ISL_14117984","GNODEID":"G-3.41.1"},{"SEQID":"EPI_ISL_14114315","GNODEID":"G-3.41.2"},{"SEQID":"EPI_ISL_14117427","GNODEID":"G-3.41.3"},{"SEQID":"EPI_ISL_14117374","GNODEID":"G-3.41.3.1"},{"SEQID":"EPI_ISL_14117604","GNODEID":"G-3.42"},{"SEQID":"EPI_ISL_14116773","GNODEID":"G-3.42.1"},{"SEQID":"EPI_ISL_13651406","GNODEID":"G-3.42.2"},{"SEQID":"EPI_ISL_14117600","GNODEID":"G-3.42.3"},{"SEQID":"EPI_ISL_13651716","GNODEID":"G-3.42.4"},{"SEQID":"EPI_ISL_14112105","GNODEID":"G-3.42.5"},{"SEQID":"EPI_ISL_13651466","GNODEID":"G-3.43.1"},{"SEQID":"EPI_ISL_14117425","GNODEID":"G-3.43.1"},{"SEQID":"EPI_ISL_13651440","GNODEID":"G-3.43.1.1"},{"SEQID":"EPI_ISL_14112126","GNODEID":"G-3.43.1.2"},{"SEQID":"EPI_ISL_14112124","GNODEID":"G-3.43.2"},{"SEQID":"EPI_ISL_14109932","GNODEID":"G-3.44"},{"SEQID":"EPI_ISL_14117449","GNODEID":"G-3.45"},{"SEQID":"EPI_ISL_13651405","GNODEID":"G-3.46.1"},{"SEQID":"EPI_ISL_14116865","GNODEID":"G-3.46.2"},{"SEQID":"EPI_ISL_13651410","GNODEID":"G-3.47"},{"SEQID":"EPI_ISL_14116882","GNODEID":"G-3.47"},{"SEQID":"EPI_ISL_14120587","GNODEID":"G-3.47.1"},{"SEQID":"EPI_ISL_14112937","GNODEID":"G-3.47.2"},{"SEQID":"EPI_ISL_14119265","GNODEID":"G-3.47.2.1"},{"SEQID":"EPI_ISL_14116774","GNODEID":"G-3.47.3.1"},{"SEQID":"EPI_ISL_13651429","GNODEID":"G-3.47.3.2"},{"SEQID":"EPI_ISL_14117737","GNODEID":"G-3.47.3.3"},{"SEQID":"EPI_ISL_13651710","GNODEID":"G-3.47.4"},{"SEQID":"EPI_ISL_14112806","GNODEID":"G-3.47.5"},{"SEQID":"EPI_ISL_14112950","GNODEID":"G-3.47.6.1"},{"SEQID":"EPI_ISL_14112932","GNODEID":"G-3.47.6.1.1"},{"SEQID":"EPI_ISL_14112951","GNODEID":"G-3.47.6.2"},{"SEQID":"EPI_ISL_14111682","GNODEID":"G-3.48"},{"SEQID":"EPI_ISL_14111684","GNODEID":"G-3.48.1"},{"SEQID":"EPI_ISL_14112796","GNODEID":"G-3.49"},{"SEQID":"EPI_ISL_14112798","GNODEID":"G-3.49.1"},{"SEQID":"EPI_ISL_14114370","GNODEID":"G-4"}],"tree":[{"label":"G-0","length":0,"edges":["G-1","G-2","G-3","G-4"],"subs":0},{"label":"G-1","length":0.0165489529,"edges":[],"subs":56},{"label":"G-2","length":0.0015618132,"edges":["G-2.1"],"subs":5},{"label":"G-2.1","length":0.0003117754,"edges":[],"subs":1},{"label":"G-3","length":0.0009393146,"edges":["G-3.1","G-3.2","G-3.3","G-3.4","G-3.5","G-3.6","G-3.7","G-3.8","G-3.9","G-3.10","G-3.11","G-3.12","G-3.13","G-3.14","G-3.15","G-3.16","G-3.17","G-3.18","G-3.19","G-3.20","G-3.21","G-3.22","G-3.23","G-3.24","G-3.25","G-3.26","G-3.27","G-3.28","G-3.29","G-3.30","G-3.31","G-3.32","G-3.33","G-3.34","G-3.35","G-3.36","G-3.37","G-3.38","G-3.39","G-3.40","G-3.41","G-3.42","G-3.43","G-3.44","G-3.45","G-3.46","G-3.47","G-3.48","G-3.49"],"subs":3},{"label":"G-3.1","length":0.0003115228,"edges":["G-3.1.1","G-3.1.2"],"subs":1},{"label":"G-3.1.1","length":0.0003118637,"edges":["G-3.1.1.1","G-3.1.1.2"],"subs":1},{"label":"G-3.1.1.1","length":0.0003115084,"edges":[],"subs":1},{"label":"G-3.1.1.2","length":0.0006245432,"edges":[],"subs":2},{"label":"G-3.1.2","length":0.000311932,"edges":["G-3.1.2.1","G-3.1.2.2"],"subs":1},{"label":"G-3.1.2.1","length":0.001249308,"edges":[],"subs":4},{"label":"G-3.1.2.2","length":0.0015623356,"edges":[],"subs":5},{"label":"G-3.2","length":0.0012517471000000001,"edges":[],"subs":4},{"label":"G-3.3","length":0.000318531,"edges":["G-3.3.1","G-3.3.2"],"subs":1},{"label":"G-3.3.1","length":0.0009371595,"edges":[],"subs":3},{"label":"G-3.3.2","length":0.0003119806,"edges":[],"subs":1},{"label":"G-3.4","length":0.00032271939999999993,"edges":["G-3.4.1","G-3.4.2","G-3.4.3","G-3.4.4","G-3.4.5"],"subs":1},{"label":"G-3.4.1","length":0.0003124036,"edges":[],"subs":1},{"label":"G-3.4.2","length":0.0003134568,"edges":[],"subs":1},{"label":"G-3.4.3","length":0.0003143525,"edges":[],"subs":1},{"label":"G-3.4.4","length":0.00031517489999999997,"edges":[],"subs":1},{"label":"G-3.4.5","length":0.0009402747,"edges":[],"subs":3},{"label":"G-3.5","length":0.0006340564,"edges":[],"subs":2},{"label":"G-3.6","length":0.0006341067999999999,"edges":["G-3.6.1"],"subs":2},{"label":"G-3.6.1","length":0.0006238124,"edges":[],"subs":2},{"label":"G-3.7","length":0.0009479654,"edges":[],"subs":3},{"label":"G-3.8","length":0.0003282115999999999,"edges":[],"subs":1},{"label":"G-3.9","length":0.0003294315999999999,"edges":[],"subs":1},{"label":"G-3.10","length":0.0006432601999999998,"edges":[],"subs":2},{"label":"G-3.11","length":0.0006446505999999999,"edges":[],"subs":2},{"label":"G-3.12","length":0.0012707876000000022,"edges":[],"subs":4},{"label":"G-3.13","length":0.0006463639999999999,"edges":[],"subs":2},{"label":"G-3.14","length":0.0012736447000000026,"edges":[],"subs":4},{"label":"G-3.15","length":0.00033840329999999986,"edges":["G-3.15.1","G-3.15.2"],"subs":1},{"label":"G-3.15.1","length":0.0009373011,"edges":[],"subs":3},{"label":"G-3.15.2","length":0.0009370207,"edges":[],"subs":3},{"label":"G-3.16","length":0.0012749261000000026,"edges":[],"subs":4},{"label":"G-3.17","length":0.00033733179999999985,"edges":[],"subs":1},{"label":"G-3.18","length":0.0015872081000000023,"edges":[],"subs":5},{"label":"G-3.19","length":0.0009556712999999999,"edges":[],"subs":3},{"label":"G-3.20","length":0.0009553942999999999,"edges":[],"subs":3},{"label":"G-3.21","length":0.0006413600999999999,"edges":[],"subs":2},{"label":"G-3.22","length":0.0009541583999999999,"edges":[],"subs":3},{"label":"G-3.23","length":0.0006400227999999999,"edges":["G-3.23.1","G-3.23.2"],"subs":2},{"label":"G-3.23.1","length":0.0003117064,"edges":[],"subs":1},{"label":"G-3.23.2","length":0.0006240941,"edges":["G-3.23.2.1","G-3.23.2.2"],"subs":2},{"label":"G-3.23.2.1","length":0.0006245662,"edges":[],"subs":2},{"label":"G-3.23.2.2","length":0.0003132347,"edges":[],"subs":1},{"label":"G-3.24","length":0.0003281324999999999,"edges":["G-3.24.1","G-3.24.2"],"subs":1},{"label":"G-3.24.1","length":0.0003119991,"edges":[],"subs":1},{"label":"G-3.24.2","length":0.0003119446,"edges":[],"subs":1},{"label":"G-3.25","length":0.0003266261999999999,"edges":[],"subs":1},{"label":"G-3.26","length":0.0003271612999999999,"edges":[],"subs":1},{"label":"G-3.27","length":0.001887604600000001,"edges":[],"subs":6},{"label":"G-3.28","length":0.0006376719999999999,"edges":[],"subs":2},{"label":"G-3.29","length":0.0009496776999999999,"edges":[],"subs":3},{"label":"G-3.30","length":0.0006371599999999999,"edges":[],"subs":2},{"label":"G-3.31","length":0.00032066819999999993,"edges":["G-3.31.1","G-3.31.2","G-3.31.3"],"subs":1},{"label":"G-3.31.1","length":0.0012501514,"edges":[],"subs":4},{"label":"G-3.31.2","length":0.00031319109999999997,"edges":[],"subs":1},{"label":"G-3.31.3","length":0.0009374084,"edges":[],"subs":3},{"label":"G-3.32","length":0.00032074159999999997,"edges":["G-3.32.1","G-3.32.2"],"subs":1},{"label":"G-3.32.1","length":0.0006242064,"edges":[],"subs":2},{"label":"G-3.32.2","length":0.0006246209,"edges":[],"subs":2},{"label":"G-3.33","length":0.0012566251000000006,"edges":[],"subs":4},{"label":"G-3.34","length":0.0012566757000000005,"edges":["G-3.34.1"],"subs":4},{"label":"G-3.34.1","length":0.0003115339,"edges":[],"subs":1},{"label":"G-3.35","length":0.0003181385,"edges":[],"subs":1},{"label":"G-3.36","length":0.0009439998,"edges":["G-3.36.1"],"subs":3},{"label":"G-3.36.1","length":0.0003122346,"edges":[],"subs":1},{"label":"G-3.37","length":0.00031914939999999994,"edges":["G-3.37.1"],"subs":1},{"label":"G-3.37.1","length":0.0015616261,"edges":[],"subs":5},{"label":"G-3.38","length":0.00031923019999999995,"edges":["G-3.38.1","G-3.38.2"],"subs":1},{"label":"G-3.38.1","length":0.0003120688,"edges":["G-3.38.1.1"],"subs":1},{"label":"G-3.38.1.1","length":0.0003120862,"edges":[],"subs":1},{"label":"G-3.38.2","length":0.0003119552,"edges":[],"subs":1},{"label":"G-3.39","length":0.0015666152000000002,"edges":[],"subs":5},{"label":"G-3.40","length":0.0015680118000000003,"edges":[],"subs":5},{"label":"G-3.41","length":0.0003172142,"edges":["G-3.41.1","G-3.41.2","G-3.41.3"],"subs":1},{"label":"G-3.41.1","length":0.0006270245,"edges":[],"subs":2},{"label":"G-3.41.2","length":0.000939432,"edges":[],"subs":3},{"label":"G-3.41.3","length":0.0006273581,"edges":["G-3.41.3.1"],"subs":2},{"label":"G-3.41.3.1","length":0.0003126168,"edges":[],"subs":1},{"label":"G-3.42","length":0.0003176743,"edges":["G-3.42.1","G-3.42.2","G-3.42.3","G-3.42.4","G-3.42.5"],"subs":1},{"label":"G-3.42.1","length":0.0003121534,"edges":[],"subs":1},{"label":"G-3.42.2","length":0.0006276749,"edges":[],"subs":2},{"label":"G-3.42.3","length":0.00031488809999999996,"edges":[],"subs":1},{"label":"G-3.42.4","length":0.0006279519,"edges":[],"subs":2},{"label":"G-3.42.5","length":0.0009406389,"edges":[],"subs":3},{"label":"G-3.43","length":0.0003182741,"edges":["G-3.43.1","G-3.43.2"],"subs":1},{"label":"G-3.43.1","length":0.0003125778,"edges":["G-3.43.1.1","G-3.43.1.2"],"subs":1},{"label":"G-3.43.1.1","length":0.0006261733,"edges":[],"subs":2},{"label":"G-3.43.1.2","length":0.0006264093,"edges":[],"subs":2},{"label":"G-3.43.2","length":0.0009385023,"edges":[],"subs":3},{"label":"G-3.44","length":0.0006276003,"edges":[],"subs":2},{"label":"G-3.45","length":0.00031449209999999996,"edges":[],"subs":1},{"label":"G-3.46","length":0.0006322579999999999,"edges":["G-3.46.1","G-3.46.2"],"subs":2},{"label":"G-3.46.1","length":0.000312652,"edges":[],"subs":1},{"label":"G-3.46.2","length":0.0009397983,"edges":[],"subs":3},{"label":"G-3.47","length":0.0003191746,"edges":["G-3.47.1","G-3.47.2","G-3.47.3","G-3.47.4","G-3.47.5","G-3.47.6"],"subs":1},{"label":"G-3.47.1","length":0.0003121206,"edges":[],"subs":1},{"label":"G-3.47.2","length":0.000313056,"edges":["G-3.47.2.1"],"subs":1},{"label":"G-3.47.2.1","length":0.0003120191,"edges":[],"subs":1},{"label":"G-3.47.3","length":0.0003167998,"edges":["G-3.47.3.1","G-3.47.3.2","G-3.47.3.3"],"subs":1},{"label":"G-3.47.3.1","length":0.0009397449,"edges":[],"subs":3},{"label":"G-3.47.3.2","length":0.001253432,"edges":[],"subs":4},{"label":"G-3.47.3.3","length":0.0009395318,"edges":[],"subs":3},{"label":"G-3.47.4","length":0.00031682289999999995,"edges":[],"subs":1},{"label":"G-3.47.5","length":0.0021955594,"edges":[],"subs":7},{"label":"G-3.47.6","length":0.0009435158,"edges":["G-3.47.6.1","G-3.47.6.2"],"subs":3},{"label":"G-3.47.6.1","length":0.0006254804,"edges":["G-3.47.6.1.1"],"subs":2},{"label":"G-3.47.6.1.1","length":0.0003118878,"edges":[],"subs":1},{"label":"G-3.47.6.2","length":0.0003119283,"edges":[],"subs":1},{"label":"G-3.48","length":0.0009439688,"edges":["G-3.48.1"],"subs":3},{"label":"G-3.48.1","length":0.0003120107,"edges":[],"subs":1},{"label":"G-3.49","length":0.0003177561,"edges":["G-3.49.1"],"subs":1},{"label":"G-3.49.1","length":0.0003121979,"edges":[],"subs":1},{"label":"G-4","length":0.0021889889999999997,"edges":[],"subs":7}],"dist":{"period":7.499389198661553,"phase":6.499389198661553,"interval":0.000039144817025440314}}