{"nodes":[{"SEQID":"EPI_ISL_13351647","GNODEID":"G-4.10","TAGID":"BA-2-24-0001","cat_id":"staff","type":"CD","date":44713,"category":"staff","association":"KS","highlight":{},"emphasize":"N","dint":1654041600000,"age":"","index":0,"edges":[],"neighbors":[],"degree":0,"dstr":"2022-06-01"},{"SEQID":"EPI_ISL_13199397","GNODEID":"G-2","TAGID":"BA-2-24-0002","cat_id":"client","type":"CD","date":44714,"category":"client","association":"KN","highlight":{},"emphasize":"N","dint":1654128000000,"age":"","index":1,"edges":[],"neighbors":[],"degree":0,"dstr":"2022-06-02"},{"SEQID":"EPI_ISL_13512670","GNODEID":"G-4.19.2","TAGID":"BA-2-24-0003","cat_id":"staff","type":"CD","date":44715,"category":"staff","association":"KS","highlight":{},"emphasize":"N","dint":1654214400000,"age":"","index":2,"edges":[],"neighbors":[],"degree":0,"dstr":"2022-06-03"},{"SEQID":"EPI_ISL_13512688","GNODEID":"G-4.37.4.2.1","TAGID":"BA-2-24-0005","cat_id":"staff","type":"CD","date":44715,"category":"staff","association":"KS","highlight":{},"emphasize":"Y","dint":1654214400000,"age":"","index":3,"edges":[],"neighbors":[],"degree":0,"dstr":"2022-06-03"},{"SEQID":"EPI_ISL_13512730","GNODEID":"G-4.37","TAGID":"BA-2-24-0006","cat_id":"client","type":"CD","date":44715,"category":"client","association":"KS","highlight":{},"emphasize":"Y","dint":1654214400000,"age":"","index":4,"edges":[],"neighbors":[],"degree":0,"dstr":"2022-06-03"},{"SEQID":"EPI_ISL_13512705","GNODEID":"G-4.33","TAGID":"BA-2-24-0008","cat_id":"client","type":"CD","date":44715,"category":"client","association":"KS","highlight":{},"emphasize":"Y","dint":1654214400000,"age":"","index":5,"edges":[],"neighbors":[],"degree":0,"dstr":"2022-06-03"},{"SEQID":"EPI_ISL_13512735","GNODEID":"G-4.44.2","TAGID":"BA-2-24-0010","cat_id":"client","type":"CD","date":44715,"category":"client","association":"KS","highlight":{},"emphasize":"N","dint":1654214400000,"age":"","index":6,"edges":[],"neighbors":[],"degree":0,"dstr":"2022-06-03"},{"SEQID":"EPI_ISL_13512788","GNODEID":"G-4.22","TAGID":"BA-2-24-0011","cat_id":"client","type":"CD","date":44715,"category":"client","association":"KS","highlight":{},"emphasize":"N","dint":1654214400000,"age":"","index":7,"edges":[],"neighbors":[],"degree":0,"dstr":"2022-06-03"},{"SEQID":"EPI_ISL_13512806","GNODEID":"G-4.37.7.2","TAGID":"BA-2-24-0012","cat_id":"client","type":"CD","date":44715,"category":"client","association":"KS","highlight":{},"emphasize":"Y","dint":1654214400000,"age":"","index":8,"edges":[],"neighbors":[],"degree":0,"dstr":"2022-06-03"},{"SEQID":"EPI_ISL_13512786","GNODEID":"G-4.17","TAGID":"BA-2-24-0013","cat_id":"staff","type":"CD","date":44715,"category":"staff","association":"KS","highlight":{},"emphasize":"N","dint":1654214400000,"age":"","index":9,"edges":[],"neighbors":[],"degree":0,"dstr":"2022-06-03"},{"SEQID":"EPI_ISL_13512820","GNODEID":"G-4.9.1.1","TAGID":"BA-2-24-0015","cat_id":"staff","type":"CD","date":44715,"category":"staff","association":"KS","highlight":{},"emphasize":"N","dint":1654214400000,"age":"","index":10,"edges":[],"neighbors":[],"degree":0,"dstr":"2022-06-03"},{"SEQID":"EPI_ISL_13512825","GNODEID":"G-4.39.4","TAGID":"BA-2-24-0016","cat_id":"staff","type":"CD","date":44715,"category":"staff","association":"KS","highlight":{},"emphasize":"Y","dint":1654214400000,"age":"","index":11,"edges":[],"neighbors":[],"degree":0,"dstr":"2022-06-03"},{"SEQID":"EPI_ISL_13512775","GNODEID":"G-4.39.3","TAGID":"BA-2-24-0017","cat_id":"staff","type":"CD","date":44715,"category":"staff","association":"KS","highlight":{},"emphasize":"N","dint":1654214400000,"age":"","index":12,"edges":[],"neighbors":[],"degree":0,"dstr":"2022-06-03"},{"SEQID":"EPI_ISL_13512827","GNODEID":"G-4.28","TAGID":"BA-2-24-0018","cat_id":"staff","type":"CD","date":44715,"category":"staff","association":"KS","highlight":{},"emphasize":"N","dint":1654214400000,"age":"","index":13,"edges":[],"neighbors":[],"degree":0,"dstr":"2022-06-03"},{"SEQID":"EPI_ISL_13651498","GNODEID":"G-4.4.1","TAGID":"BA-2-24-0019","cat_id":"staff","type":"CD","date":44713,"category":"staff","association":"KS","highlight":{},"emphasize":"N","dint":1654041600000,"age":"","index":14,"edges":[],"neighbors":[],"degree":0,"dstr":"2022-06-01"},{"SEQID":"EPI_ISL_13651479","GNODEID":"G-4.26.1","TAGID":"BA-2-24-0020","cat_id":"staff","type":"CD","date":44713,"category":"staff","association":"KS","highlight":{},"emphasize":"Y","dint":1654041600000,"age":"","index":15,"edges":[],"neighbors":[],"degree":0,"dstr":"2022-06-01"},{"SEQID":"EPI_ISL_13651682","GNODEID":"G-4.20","TAGID":"BA-2-24-0021","cat_id":"client","type":"CD","date":44713,"category":"client","association":"KS","highlight":{},"emphasize":"Y","dint":1654041600000,"age":"","index":16,"edges":[],"neighbors":[],"degree":0,"dstr":"2022-06-01"},{"SEQID":"EPI_ISL_13512715","GNODEID":"G-4.37.3","TAGID":"BA-2-24-0034","cat_id":"client","type":"CD","date":44715,"category":"client","association":"KS","highlight":{},"emphasize":"Y","dint":1654214400000,"age":"","index":17,"edges":[],"neighbors":[],"degree":0,"dstr":"2022-06-03"},{"SEQID":"EPI_ISL_13512812","GNODEID":"G-5","TAGID":"BA-2-24-0036","cat_id":"client","type":"CD","date":44715,"category":"client","association":"KS","highlight":{},"emphasize":"N","dint":1654214400000,"age":"","index":18,"edges":[],"neighbors":[],"degree":0,"dstr":"2022-06-03"},{"SEQID":"EPI_ISL_14044690","GNODEID":"G-4.37","TAGID":"BA-2-24-0037","cat_id":"client","type":"CD","date":44713,"category":"client","association":"KS","highlight":{},"emphasize":"N","dint":1654041600000,"age":"","index":19,"edges":[],"neighbors":[],"degree":0,"dstr":"2022-06-01"},{"SEQID":"EPI_ISL_13651496","GNODEID":"G-4.44","TAGID":"BA-2-24-0043","cat_id":"client","type":"CD","date":44713,"category":"client","association":"KS","highlight":{},"emphasize":"Y","dint":1654041600000,"age":"","index":20,"edges":[],"neighbors":[],"degree":0,"dstr":"2022-06-01"},{"SEQID":"EPI_ISL_13651436","GNODEID":"G-4.35","TAGID":"BA-2-24-0045","cat_id":"staff","type":"CD","date":44713,"category":"staff","association":"KS","highlight":{},"emphasize":"N","dint":1654041600000,"age":"","index":21,"edges":[],"neighbors":[],"degree":0,"dstr":"2022-06-01"},{"SEQID":"EPI_ISL_13651452","GNODEID":"G-4.37.5","TAGID":"BA-2-24-0046","cat_id":"client","type":"CD","date":44713,"category":"client","association":"KS","highlight":{},"emphasize":"Y","dint":1654041600000,"age":"","index":22,"edges":[],"neighbors":[],"degree":0,"dstr":"2022-06-01"},{"SEQID":"EPI_ISL_13651684","GNODEID":"G-4","TAGID":"BA-2-24-0048","cat_id":"client","type":"CD","date":44713,"category":"client","association":"KS","highlight":{},"emphasize":"Y","dint":1654041600000,"age":"","index":23,"edges":[],"neighbors":[],"degree":0,"dstr":"2022-06-01"},{"SEQID":"EPI_ISL_13651416","GNODEID":"G-3","TAGID":"BA-2-24-0049","cat_id":"staff","type":"CD","date":44713,"category":"staff","association":"KS","highlight":{},"emphasize":"Y","dint":1654041600000,"age":"","index":24,"edges":[],"neighbors":[],"degree":0,"dstr":"2022-06-01"},{"SEQID":"EPI_ISL_13651409","GNODEID":"G-4.2.1","TAGID":"BA-2-24-0050","cat_id":"client","type":"CD","date":44713,"category":"client","association":"KS","highlight":{},"emphasize":"N","dint":1654041600000,"age":"","index":25,"edges":[],"neighbors":[],"degree":0,"dstr":"2022-06-01"},{"SEQID":"EPI_ISL_13651703","GNODEID":"G-4.9.1.2","TAGID":"BA-2-24-0051","cat_id":"client","type":"CD","date":44713,"category":"client","association":"KS","highlight":{},"emphasize":"N","dint":1654041600000,"age":"","index":26,"edges":[],"neighbors":[],"degree":0,"dstr":"2022-06-01"},{"SEQID":"EPI_ISL_14109940","GNODEID":"G-4.30","TAGID":"BA-2-24-0054","cat_id":"client","type":"CD","date":44713,"category":"client","association":"KY","highlight":{},"emphasize":"Y","dint":1654041600000,"age":"","index":27,"edges":[],"neighbors":[],"degree":0,"dstr":"2022-06-01"},{"SEQID":"EPI_ISL_14109928","GNODEID":"G-4.11","TAGID":"BA-2-24-0055","cat_id":"staff","type":"CD","date":44713,"category":"staff","association":"KY","highlight":{},"emphasize":"Y","dint":1654041600000,"age":"","index":28,"edges":[],"neighbors":[],"degree":0,"dstr":"2022-06-01"},{"SEQID":"EPI_ISL_14109963","GNODEID":"G-4.18","TAGID":"BA-2-24-0056","cat_id":"client","type":"CD","date":44713,"category":"client","association":"KY","highlight":{},"emphasize":"N","dint":1654041600000,"age":"","index":29,"edges":[],"neighbors":[],"degree":0,"dstr":"2022-06-01"},{"SEQID":"EPI_ISL_14109926","GNODEID":"G-4.37.6.2","TAGID":"BA-2-24-0058","cat_id":"staff","type":"CD","date":44713,"category":"staff","association":"KY","highlight":{},"emphasize":"N","dint":1654041600000,"age":"","index":30,"edges":[],"neighbors":[],"degree":0,"dstr":"2022-06-01"},{"SEQID":"EPI_ISL_14109930","GNODEID":"G-4.2.2","TAGID":"BA-2-24-0060","cat_id":"client","type":"CD","date":44713,"category":"client","association":"KY","highlight":{},"emphasize":"Y","dint":1654041600000,"age":"","index":31,"edges":[],"neighbors":[],"degree":0,"dstr":"2022-06-01"},{"SEQID":"EPI_ISL_14109927","GNODEID":"G-4.2.2","TAGID":"BA-2-24-0061","cat_id":"staff","type":"CD","date":44713,"category":"staff","association":"KY","highlight":{},"emphasize":"N","dint":1654041600000,"age":"","index":32,"edges":[],"neighbors":[],"degree":0,"dstr":"2022-06-01"},{"SEQID":"EPI_ISL_14109946","GNODEID":"G-4.31.2","TAGID":"BA-2-24-0062","cat_id":"client","type":"CD","date":44713,"category":"client","association":"KY","highlight":{},"emphasize":"N","dint":1654041600000,"age":"","index":33,"edges":[],"neighbors":[],"degree":0,"dstr":"2022-06-01"},{"SEQID":"EPI_ISL_14112965","GNODEID":"G-4.40.1","TAGID":"BA-2-24-0066","cat_id":"staff","type":"CD","date":44715,"category":"staff","association":"TO","highlight":{},"emphasize":"N","dint":1654214400000,"age":"","index":34,"edges":[],"neighbors":[],"degree":0,"dstr":"2022-06-03"},{"SEQID":"EPI_ISL_14110787","GNODEID":"G-4.37.4.2.2","TAGID":"BA-2-24-0067","cat_id":"client","type":"CD","date":44714,"category":"client","association":"TH","highlight":{},"emphasize":"N","dint":1654128000000,"age":"","index":35,"edges":[],"neighbors":[],"degree":0,"dstr":"2022-06-02"},{"SEQID":"EPI_ISL_14110881","GNODEID":"G-4.39","TAGID":"BA-2-24-0080","cat_id":"staff","type":"CD","date":44713,"category":"staff","association":"CS","highlight":{},"emphasize":"N","dint":1654041600000,"age":"","index":36,"edges":[],"neighbors":[],"degree":0,"dstr":"2022-06-01"},{"SEQID":"EPI_ISL_14111616","GNODEID":"G-4.27","TAGID":"BA-2-24-0081","cat_id":"client","type":"CD","date":44714,"category":"client","association":"KS","highlight":{},"emphasize":"Y","dint":1654128000000,"age":"","index":37,"edges":[],"neighbors":[],"degree":0,"dstr":"2022-06-02"},{"SEQID":"EPI_ISL_14111689","GNODEID":"G-4.15","TAGID":"BA-2-24-0082","cat_id":"staff","type":"CD","date":44714,"category":"staff","association":"KY","highlight":{},"emphasize":"N","dint":1654128000000,"age":"","index":38,"edges":[],"neighbors":[],"degree":0,"dstr":"2022-06-02"},{"SEQID":"EPI_ISL_14112029","GNODEID":"G-4","TAGID":"BA-2-24-0083","cat_id":"staff","type":"CD","date":44714,"category":"staff","association":"KY","highlight":{},"emphasize":"Y","dint":1654128000000,"age":"","index":39,"edges":[],"neighbors":[],"degree":0,"dstr":"2022-06-02"},{"SEQID":"EPI_ISL_14112100","GNODEID":"G-4.40","TAGID":"BA-2-24-0085","cat_id":"staff","type":"CD","date":44713,"category":"staff","association":"TO","highlight":{},"emphasize":"N","dint":1654041600000,"age":"","index":40,"edges":[],"neighbors":[],"degree":0,"dstr":"2022-06-01"},{"SEQID":"EPI_ISL_14112129","GNODEID":"G-4.9.2","TAGID":"BA-2-24-0086","cat_id":"staff","type":"CD","date":44715,"category":"staff","association":"TH","highlight":{},"emphasize":"Y","dint":1654214400000,"age":"","index":41,"edges":[],"neighbors":[],"degree":0,"dstr":"2022-06-03"},{"SEQID":"EPI_ISL_14112759","GNODEID":"G-4.45.1","TAGID":"BA-2-24-0087","cat_id":"client","type":"CD","date":44713,"category":"client","association":"OK","highlight":{},"emphasize":"Y","dint":1654041600000,"age":"","index":42,"edges":[],"neighbors":[],"degree":0,"dstr":"2022-06-01"},{"SEQID":"EPI_ISL_14112761","GNODEID":"G-4.45","TAGID":"BA-2-24-0088","cat_id":"client","type":"CD","date":44713,"category":"client","association":"OK","highlight":{},"emphasize":"Y","dint":1654041600000,"age":"","index":43,"edges":[],"neighbors":[],"degree":0,"dstr":"2022-06-01"},{"SEQID":"EPI_ISL_14112747","GNODEID":"G-4.31.6","TAGID":"BA-2-24-0089","cat_id":"staff","type":"CD","date":44713,"category":"staff","association":"OK","highlight":{},"emphasize":"N","dint":1654041600000,"age":"","index":44,"edges":[],"neighbors":[],"degree":0,"dstr":"2022-06-01"},{"SEQID":"EPI_ISL_14112941","GNODEID":"G-4.40.2","TAGID":"BA-2-24-0090","cat_id":"client","type":"CD","date":44714,"category":"client","association":"TO","highlight":{},"emphasize":"Y","dint":1654128000000,"age":"","index":45,"edges":[],"neighbors":[],"degree":0,"dstr":"2022-06-02"},{"SEQID":"EPI_ISL_14112939","GNODEID":"G-4.16","TAGID":"BA-2-24-0091","cat_id":"client","type":"CD","date":44714,"category":"client","association":"TO","highlight":{},"emphasize":"Y","dint":1654128000000,"age":"","index":46,"edges":[],"neighbors":[],"degree":0,"dstr":"2022-06-02"},{"SEQID":"EPI_ISL_14113300","GNODEID":"G-4.46.2","TAGID":"BA-2-24-0093","cat_id":"client","type":"CD","date":44715,"category":"client","association":"KY","highlight":{},"emphasize":"N","dint":1654214400000,"age":"","index":47,"edges":[],"neighbors":[],"degree":0,"dstr":"2022-06-03"},{"SEQID":"EPI_ISL_14112952","GNODEID":"G-4.29","TAGID":"BA-2-24-0095","cat_id":"staff","type":"CD","date":44714,"category":"staff","association":"TO","highlight":{},"emphasize":"Y","dint":1654128000000,"age":"","index":48,"edges":[],"neighbors":[],"degree":0,"dstr":"2022-06-02"},{"SEQID":"EPI_ISL_14112959","GNODEID":"G-4.37.11","TAGID":"BA-2-24-0096","cat_id":"staff","type":"CD","date":44715,"category":"staff","association":"TO","highlight":{},"emphasize":"Y","dint":1654214400000,"age":"","index":49,"edges":[],"neighbors":[],"degree":0,"dstr":"2022-06-03"},{"SEQID":"EPI_ISL_14112955","GNODEID":"G-4.31.3","TAGID":"BA-2-24-0097","cat_id":"staff","type":"CD","date":44715,"category":"staff","association":"TO","highlight":{},"emphasize":"Y","dint":1654214400000,"age":"","index":50,"edges":[],"neighbors":[],"degree":0,"dstr":"2022-06-03"},{"SEQID":"EPI_ISL_14112958","GNODEID":"G-4.37.11.1","TAGID":"BA-2-24-0099","cat_id":"staff","type":"CD","date":44715,"category":"staff","association":"TO","highlight":{},"emphasize":"Y","dint":1654214400000,"age":"","index":51,"edges":[],"neighbors":[],"degree":0,"dstr":"2022-06-03"},{"SEQID":"EPI_ISL_14112969","GNODEID":"G-4.37.8","TAGID":"BA-2-24-0101","cat_id":"client","type":"CD","date":44715,"category":"client","association":"TO","highlight":{},"emphasize":"Y","dint":1654214400000,"age":"","index":52,"edges":[],"neighbors":[],"degree":0,"dstr":"2022-06-03"},{"SEQID":"EPI_ISL_14113108","GNODEID":"G-4.12","TAGID":"BA-2-24-0102","cat_id":"client","type":"CD","date":44714,"category":"client","association":"KY","highlight":{},"emphasize":"N","dint":1654128000000,"age":"","index":53,"edges":[],"neighbors":[],"degree":0,"dstr":"2022-06-02"},{"SEQID":"EPI_ISL_14113110","GNODEID":"G-4.46.1","TAGID":"BA-2-24-0103","cat_id":"client","type":"CD","date":44714,"category":"client","association":"KY","highlight":{},"emphasize":"N","dint":1654128000000,"age":"","index":54,"edges":[],"neighbors":[],"degree":0,"dstr":"2022-06-02"},{"SEQID":"EPI_ISL_14113111","GNODEID":"G-4.30.1","TAGID":"BA-2-24-0104","cat_id":"client","type":"CD","date":44714,"category":"client","association":"KY","highlight":{},"emphasize":"Y","dint":1654128000000,"age":"","index":55,"edges":[],"neighbors":[],"degree":0,"dstr":"2022-06-02"},{"SEQID":"EPI_ISL_14113187","GNODEID":"G-4.37.2","TAGID":"BA-2-24-0105","cat_id":"client","type":"CD","date":44713,"category":"client","association":"KY","highlight":{},"emphasize":"Y","dint":1654041600000,"age":"","index":56,"edges":[],"neighbors":[],"degree":0,"dstr":"2022-06-01"},{"SEQID":"EPI_ISL_14113284","GNODEID":"G-4.40.3","TAGID":"BA-2-24-0106","cat_id":"staff","type":"CD","date":44714,"category":"staff","association":"KY","highlight":{},"emphasize":"Y","dint":1654128000000,"age":"","index":57,"edges":[],"neighbors":[],"degree":0,"dstr":"2022-06-02"},{"SEQID":"EPI_ISL_14113378","GNODEID":"G-4.44","TAGID":"BA-2-24-0107","cat_id":"client","type":"CD","date":44713,"category":"client","association":"KN","highlight":{},"emphasize":"Y","dint":1654041600000,"age":"","index":58,"edges":[],"neighbors":[],"degree":0,"dstr":"2022-06-01"},{"SEQID":"EPI_ISL_14113384","GNODEID":"G-4.44.1","TAGID":"BA-2-24-0108","cat_id":"staff","type":"CD","date":44714,"category":"staff","association":"KN","highlight":{},"emphasize":"Y","dint":1654128000000,"age":"","index":59,"edges":[],"neighbors":[],"degree":0,"dstr":"2022-06-02"},{"SEQID":"EPI_ISL_14113388","GNODEID":"G-4.44.3","TAGID":"BA-2-24-0109","cat_id":"staff","type":"CD","date":44714,"category":"staff","association":"KN","highlight":{},"emphasize":"Y","dint":1654128000000,"age":"","index":60,"edges":[],"neighbors":[],"degree":0,"dstr":"2022-06-02"},{"SEQID":"EPI_ISL_14113393","GNODEID":"G-4.47","TAGID":"BA-2-24-0110","cat_id":"client","type":"CD","date":44715,"category":"client","association":"KN","highlight":{},"emphasize":"N","dint":1654214400000,"age":"","index":61,"edges":[],"neighbors":[],"degree":0,"dstr":"2022-06-03"},{"SEQID":"EPI_ISL_14113601","GNODEID":"G-4.37.9.1.1","TAGID":"BA-2-24-0111","cat_id":"staff","type":"CD","date":44714,"category":"staff","association":"なし","highlight":{},"emphasize":"N","dint":1654128000000,"age":"","index":62,"edges":[],"neighbors":[],"degree":0,"dstr":"2022-06-02"},{"SEQID":"EPI_ISL_14113612","GNODEID":"G-4.39.5","TAGID":"BA-2-24-0112","cat_id":"staff","type":"CD","date":44714,"category":"staff","association":"なし","highlight":{},"emphasize":"N","dint":1654128000000,"age":"","index":63,"edges":[],"neighbors":[],"degree":0,"dstr":"2022-06-02"},{"SEQID":"EPI_ISL_14113704","GNODEID":"G-4.48","TAGID":"BA-2-24-0115","cat_id":"staff","type":"CD","date":44715,"category":"staff","association":"KY","highlight":{},"emphasize":"Y","dint":1654214400000,"age":"","index":64,"edges":[],"neighbors":[],"degree":0,"dstr":"2022-06-03"},{"SEQID":"EPI_ISL_14113702","GNODEID":"G-4.23","TAGID":"BA-2-24-0116","cat_id":"client","type":"CD","date":44715,"category":"client","association":"KY","highlight":{},"emphasize":"Y","dint":1654214400000,"age":"","index":65,"edges":[],"neighbors":[],"degree":0,"dstr":"2022-06-03"},{"SEQID":"EPI_ISL_14113693","GNODEID":"G-4.37.6.3.1.2","TAGID":"BA-2-24-0117","cat_id":"staff","type":"CD","date":44713,"category":"staff","association":"CS","highlight":{},"emphasize":"N","dint":1654041600000,"age":"","index":66,"edges":[],"neighbors":[],"degree":0,"dstr":"2022-06-01"},{"SEQID":"EPI_ISL_14113717","GNODEID":"G-4.42","TAGID":"BA-2-24-0119","cat_id":"staff","type":"CD","date":44715,"category":"staff","association":"KY","highlight":{},"emphasize":"N","dint":1654214400000,"age":"","index":67,"edges":[],"neighbors":[],"degree":0,"dstr":"2022-06-03"},{"SEQID":"EPI_ISL_14113976","GNODEID":"G-4.49","TAGID":"BA-2-24-0121","cat_id":"client","type":"CD","date":44713,"category":"client","association":"HO","highlight":{},"emphasize":"N","dint":1654041600000,"age":"","index":68,"edges":[],"neighbors":[],"degree":0,"dstr":"2022-06-01"},{"SEQID":"EPI_ISL_14113974","GNODEID":"G-4.37.9.1.2","TAGID":"BA-2-24-0122","cat_id":"client","type":"CD","date":44713,"category":"client","association":"HO","highlight":{},"emphasize":"Y","dint":1654041600000,"age":"","index":69,"edges":[],"neighbors":[],"degree":0,"dstr":"2022-06-01"},{"SEQID":"EPI_ISL_14114212","GNODEID":"G-4.5.1","TAGID":"BA-2-24-0123","cat_id":"client","type":"CD","date":44715,"category":"client","association":"KN","highlight":{},"emphasize":"N","dint":1654214400000,"age":"","index":70,"edges":[],"neighbors":[],"degree":0,"dstr":"2022-06-03"},{"SEQID":"EPI_ISL_14114300","GNODEID":"G-4.37.7.4","TAGID":"BA-2-24-0125","cat_id":"client","type":"CD","date":44714,"category":"client","association":"KN","highlight":{},"emphasize":"N","dint":1654128000000,"age":"","index":71,"edges":[],"neighbors":[],"degree":0,"dstr":"2022-06-02"},{"SEQID":"EPI_ISL_14114316","GNODEID":"G-4.37.7.5","TAGID":"BA-2-24-0126","cat_id":"staff","type":"CD","date":44713,"category":"staff","association":"KN","highlight":{},"emphasize":"N","dint":1654041600000,"age":"","index":72,"edges":[],"neighbors":[],"degree":0,"dstr":"2022-06-01"},{"SEQID":"EPI_ISL_14114348","GNODEID":"G-4.46.3","TAGID":"BA-2-24-0127","cat_id":"client","type":"CD","date":44713,"category":"client","association":"なし","highlight":{},"emphasize":"N","dint":1654041600000,"age":"","index":73,"edges":[],"neighbors":[],"degree":0,"dstr":"2022-06-01"},{"SEQID":"EPI_ISL_14114351","GNODEID":"G-4.21","TAGID":"BA-2-24-0128","cat_id":"staff","type":"CD","date":44713,"category":"staff","association":"なし","highlight":{},"emphasize":"Y","dint":1654041600000,"age":"","index":74,"edges":[],"neighbors":[],"degree":0,"dstr":"2022-06-01"},{"SEQID":"EPI_ISL_14114404","GNODEID":"G-4.37.6.4.1","TAGID":"BA-2-24-0129","cat_id":"staff","type":"CD","date":44714,"category":"staff","association":"CS","highlight":{},"emphasize":"N","dint":1654128000000,"age":"","index":75,"edges":[],"neighbors":[],"degree":0,"dstr":"2022-06-02"},{"SEQID":"EPI_ISL_14114402","GNODEID":"G-4.37.1","TAGID":"BA-2-24-0130","cat_id":"staff","type":"CD","date":44714,"category":"staff","association":"CS","highlight":{},"emphasize":"Y","dint":1654128000000,"age":"","index":76,"edges":[],"neighbors":[],"degree":0,"dstr":"2022-06-02"},{"SEQID":"EPI_ISL_14114542","GNODEID":"G-4.1.3","TAGID":"BA-2-24-0131","cat_id":"client","type":"CD","date":44715,"category":"client","association":"KS","highlight":{},"emphasize":"Y","dint":1654214400000,"age":"","index":77,"edges":[],"neighbors":[],"degree":0,"dstr":"2022-06-03"},{"SEQID":"EPI_ISL_14114540","GNODEID":"G-4.37.12","TAGID":"BA-2-24-0132","cat_id":"client","type":"CD","date":44715,"category":"client","association":"KS","highlight":{},"emphasize":"Y","dint":1654214400000,"age":"","index":78,"edges":[],"neighbors":[],"degree":0,"dstr":"2022-06-03"},{"SEQID":"EPI_ISL_14114546","GNODEID":"G-4.1.4","TAGID":"BA-2-24-0133","cat_id":"client","type":"CD","date":44714,"category":"client","association":"KS","highlight":{},"emphasize":"N","dint":1654128000000,"age":"","index":79,"edges":[],"neighbors":[],"degree":0,"dstr":"2022-06-02"},{"SEQID":"EPI_ISL_14114520","GNODEID":"G-4.31.1","TAGID":"BA-2-24-0134","cat_id":"staff","type":"CD","date":44713,"category":"staff","association":"KY","highlight":{},"emphasize":"Y","dint":1654041600000,"age":"","index":80,"edges":[],"neighbors":[],"degree":0,"dstr":"2022-06-01"},{"SEQID":"EPI_ISL_14114565","GNODEID":"G-4.6","TAGID":"BA-2-24-0135","cat_id":"client","type":"CD","date":44715,"category":"client","association":"KS","highlight":{},"emphasize":"N","dint":1654214400000,"age":"","index":81,"edges":[],"neighbors":[],"degree":0,"dstr":"2022-06-03"},{"SEQID":"EPI_ISL_14114638","GNODEID":"G-4.32","TAGID":"BA-2-24-0137","cat_id":"staff","type":"CD","date":44714,"category":"staff","association":"KY","highlight":{},"emphasize":"Y","dint":1654128000000,"age":"","index":82,"edges":[],"neighbors":[],"degree":0,"dstr":"2022-06-02"},{"SEQID":"EPI_ISL_14114639","GNODEID":"G-4","TAGID":"BA-2-24-0138","cat_id":"staff","type":"CD","date":44714,"category":"staff","association":"KY","highlight":{},"emphasize":"N","dint":1654128000000,"age":"","index":83,"edges":[],"neighbors":[],"degree":0,"dstr":"2022-06-02"},{"SEQID":"EPI_ISL_14114644","GNODEID":"G-4.13","TAGID":"BA-2-24-0139","cat_id":"client","type":"CD","date":44714,"category":"client","association":"KY","highlight":{},"emphasize":"N","dint":1654128000000,"age":"","index":84,"edges":[],"neighbors":[],"degree":0,"dstr":"2022-06-02"},{"SEQID":"EPI_ISL_14114616","GNODEID":"G-4.34.3","TAGID":"BA-2-24-0141","cat_id":"client","type":"CD","date":44715,"category":"client","association":"KS","highlight":{},"emphasize":"Y","dint":1654214400000,"age":"","index":85,"edges":[],"neighbors":[],"degree":0,"dstr":"2022-06-03"},{"SEQID":"EPI_ISL_14114684","GNODEID":"G-4.34","TAGID":"BA-2-24-0142","cat_id":"client","type":"CD","date":44714,"category":"client","association":"TO","highlight":{},"emphasize":"N","dint":1654128000000,"age":"","index":86,"edges":[],"neighbors":[],"degree":0,"dstr":"2022-06-02"},{"SEQID":"EPI_ISL_14114646","GNODEID":"G-4.39.7","TAGID":"BA-2-24-0143","cat_id":"client","type":"CD","date":44714,"category":"client","association":"KY","highlight":{},"emphasize":"Y","dint":1654128000000,"age":"","index":87,"edges":[],"neighbors":[],"degree":0,"dstr":"2022-06-02"},{"SEQID":"EPI_ISL_14114643","GNODEID":"G-4.31.4","TAGID":"BA-2-24-0144","cat_id":"client","type":"CD","date":44714,"category":"client","association":"KY","highlight":{},"emphasize":"Y","dint":1654128000000,"age":"","index":88,"edges":[],"neighbors":[],"degree":0,"dstr":"2022-06-02"},{"SEQID":"EPI_ISL_14114746","GNODEID":"G-4.37.6.3.1.1","TAGID":"BA-2-24-0148","cat_id":"client","type":"CD","date":44714,"category":"client","association":"CS","highlight":{},"emphasize":"N","dint":1654128000000,"age":"","index":89,"edges":[],"neighbors":[],"degree":0,"dstr":"2022-06-02"},{"SEQID":"EPI_ISL_14114748","GNODEID":"G-4.50","TAGID":"BA-2-24-0149","cat_id":"staff","type":"CD","date":44714,"category":"staff","association":"CS","highlight":{},"emphasize":"Y","dint":1654128000000,"age":"","index":90,"edges":[],"neighbors":[],"degree":0,"dstr":"2022-06-02"},{"SEQID":"EPI_ISL_14114789","GNODEID":"G-4.24","TAGID":"BA-2-24-0151","cat_id":"client","type":"CD","date":44713,"category":"client","association":"KN","highlight":{},"emphasize":"N","dint":1654041600000,"age":"","index":91,"edges":[],"neighbors":[],"degree":0,"dstr":"2022-06-01"},{"SEQID":"EPI_ISL_14114787","GNODEID":"G-4.41","TAGID":"BA-2-24-0152","cat_id":"staff","type":"CD","date":44713,"category":"staff","association":"なし","highlight":{},"emphasize":"N","dint":1654041600000,"age":"","index":92,"edges":[],"neighbors":[],"degree":0,"dstr":"2022-06-01"},{"SEQID":"EPI_ISL_14114816","GNODEID":"G-4.44.3.1","TAGID":"BA-2-24-0153","cat_id":"client","type":"CD","date":44715,"category":"client","association":"TH","highlight":{},"emphasize":"N","dint":1654214400000,"age":"","index":93,"edges":[],"neighbors":[],"degree":0,"dstr":"2022-06-03"},{"SEQID":"EPI_ISL_14114853","GNODEID":"G-4.39.8","TAGID":"BA-2-24-0155","cat_id":"staff","type":"CD","date":44715,"category":"staff","association":"TH","highlight":{},"emphasize":"Y","dint":1654214400000,"age":"","index":94,"edges":[],"neighbors":[],"degree":0,"dstr":"2022-06-03"},{"SEQID":"EPI_ISL_14114847","GNODEID":"G-4.34.2","TAGID":"BA-2-24-0156","cat_id":"staff","type":"CD","date":44713,"category":"staff","association":"KN","highlight":{},"emphasize":"Y","dint":1654041600000,"age":"","index":95,"edges":[],"neighbors":[],"degree":0,"dstr":"2022-06-01"},{"SEQID":"EPI_ISL_14114885","GNODEID":"G-4.1.1","TAGID":"BA-2-24-0157","cat_id":"client","type":"CD","date":44713,"category":"client","association":"KS","highlight":{},"emphasize":"N","dint":1654041600000,"age":"","index":96,"edges":[],"neighbors":[],"degree":0,"dstr":"2022-06-01"},{"SEQID":"EPI_ISL_14114886","GNODEID":"G-4.8","TAGID":"BA-2-24-0158","cat_id":"staff","type":"CD","date":44713,"category":"staff","association":"KS","highlight":{},"emphasize":"Y","dint":1654041600000,"age":"","index":97,"edges":[],"neighbors":[],"degree":0,"dstr":"2022-06-01"},{"SEQID":"EPI_ISL_14114918","GNODEID":"G-4.39.6","TAGID":"BA-2-24-0159","cat_id":"client","type":"CD","date":44714,"category":"client","association":"KS","highlight":{},"emphasize":"N","dint":1654128000000,"age":"","index":98,"edges":[],"neighbors":[],"degree":0,"dstr":"2022-06-02"},{"SEQID":"EPI_ISL_14114929","GNODEID":"G-4.41","TAGID":"BA-2-24-0160","cat_id":"staff","type":"CD","date":44715,"category":"staff","association":"なし","highlight":{},"emphasize":"Y","dint":1654214400000,"age":"","index":99,"edges":[],"neighbors":[],"degree":0,"dstr":"2022-06-03"},{"SEQID":"EPI_ISL_14117997","GNODEID":"G-4.37.10","TAGID":"BA-2-24-0161","cat_id":"client","type":"CD","date":44715,"category":"client","association":"KS","highlight":{},"emphasize":"Y","dint":1654214400000,"age":"","index":100,"edges":[],"neighbors":[],"degree":0,"dstr":"2022-06-03"},{"SEQID":"EPI_ISL_14116648","GNODEID":"G-4.25","TAGID":"BA-2-24-0162","cat_id":"client","type":"CD","date":44713,"category":"client","association":"KY","highlight":{},"emphasize":"N","dint":1654041600000,"age":"","index":101,"edges":[],"neighbors":[],"degree":0,"dstr":"2022-06-01"},{"SEQID":"EPI_ISL_14116780","GNODEID":"G-4.37.7.4","TAGID":"BA-2-24-0167","cat_id":"client","type":"CD","date":44713,"category":"client","association":"KN","highlight":{},"emphasize":"Y","dint":1654041600000,"age":"","index":102,"edges":[],"neighbors":[],"degree":0,"dstr":"2022-06-01"},{"SEQID":"EPI_ISL_14116822","GNODEID":"G-4.7","TAGID":"BA-2-24-0168","cat_id":"staff","type":"CD","date":44713,"category":"staff","association":"KS","highlight":{},"emphasize":"N","dint":1654041600000,"age":"","index":103,"edges":[],"neighbors":[],"degree":0,"dstr":"2022-06-01"},{"SEQID":"EPI_ISL_14116800","GNODEID":"G-4.38","TAGID":"BA-2-24-0169","cat_id":"client","type":"CD","date":44713,"category":"client","association":"KN","highlight":{},"emphasize":"N","dint":1654041600000,"age":"","index":104,"edges":[],"neighbors":[],"degree":0,"dstr":"2022-06-01"},{"SEQID":"EPI_ISL_14116789","GNODEID":"G-4.37.7.3","TAGID":"BA-2-24-0170","cat_id":"client","type":"CD","date":44713,"category":"client","association":"KN","highlight":{},"emphasize":"Y","dint":1654041600000,"age":"","index":105,"edges":[],"neighbors":[],"degree":0,"dstr":"2022-06-01"},{"SEQID":"EPI_ISL_14116808","GNODEID":"G-4.31.7","TAGID":"BA-2-24-0172","cat_id":"staff","type":"CD","date":44713,"category":"staff","association":"KS","highlight":{},"emphasize":"Y","dint":1654041600000,"age":"","index":106,"edges":[],"neighbors":[],"degree":0,"dstr":"2022-06-01"},{"SEQID":"EPI_ISL_14116807","GNODEID":"G-4.3","TAGID":"BA-2-24-0173","cat_id":"staff","type":"CD","date":44713,"category":"staff","association":"KS","highlight":{},"emphasize":"N","dint":1654041600000,"age":"","index":107,"edges":[],"neighbors":[],"degree":0,"dstr":"2022-06-01"},{"SEQID":"EPI_ISL_14116839","GNODEID":"G-4.5.2","TAGID":"BA-2-24-0175","cat_id":"client","type":"CD","date":44714,"category":"client","association":"KN","highlight":{},"emphasize":"Y","dint":1654128000000,"age":"","index":108,"edges":[],"neighbors":[],"degree":0,"dstr":"2022-06-02"},{"SEQID":"EPI_ISL_14116824","GNODEID":"G-4.37.9.1","TAGID":"BA-2-24-0176","cat_id":"staff","type":"CD","date":44713,"category":"staff","association":"TH","highlight":{},"emphasize":"Y","dint":1654041600000,"age":"","index":109,"edges":[],"neighbors":[],"degree":0,"dstr":"2022-06-01"},{"SEQID":"EPI_ISL_14116877","GNODEID":"G-4.19.1","TAGID":"BA-2-24-0179","cat_id":"staff","type":"CD","date":44714,"category":"staff","association":"KS","highlight":{},"emphasize":"Y","dint":1654128000000,"age":"","index":110,"edges":[],"neighbors":[],"degree":0,"dstr":"2022-06-02"},{"SEQID":"EPI_ISL_14116881","GNODEID":"G-4.43","TAGID":"BA-2-24-0180","cat_id":"staff","type":"CD","date":44714,"category":"staff","association":"KS","highlight":{},"emphasize":"Y","dint":1654128000000,"age":"","index":111,"edges":[],"neighbors":[],"degree":0,"dstr":"2022-06-02"},{"SEQID":"EPI_ISL_14116935","GNODEID":"G-4.4.1","TAGID":"BA-2-24-0181","cat_id":"staff","type":"CD","date":44715,"category":"staff","association":"KS","highlight":{},"emphasize":"N","dint":1654214400000,"age":"","index":112,"edges":[],"neighbors":[],"degree":0,"dstr":"2022-06-03"},{"SEQID":"EPI_ISL_14116899","GNODEID":"G-4.34.1","TAGID":"BA-2-24-0183","cat_id":"client","type":"CD","date":44715,"category":"client","association":"KN","highlight":{},"emphasize":"N","dint":1654214400000,"age":"","index":113,"edges":[],"neighbors":[],"degree":0,"dstr":"2022-06-03"},{"SEQID":"EPI_ISL_14116936","GNODEID":"G-4.37.9.2","TAGID":"BA-2-24-0184","cat_id":"client","type":"CD","date":44715,"category":"client","association":"KS","highlight":{},"emphasize":"Y","dint":1654214400000,"age":"","index":114,"edges":[],"neighbors":[],"degree":0,"dstr":"2022-06-03"},{"SEQID":"EPI_ISL_14116939","GNODEID":"G-4.19","TAGID":"BA-2-24-0185","cat_id":"client","type":"CD","date":44715,"category":"client","association":"KS","highlight":{},"emphasize":"N","dint":1654214400000,"age":"","index":115,"edges":[],"neighbors":[],"degree":0,"dstr":"2022-06-03"},{"SEQID":"EPI_ISL_14116946","GNODEID":"G-4.4.2","TAGID":"BA-2-24-0186","cat_id":"client","type":"CD","date":44715,"category":"client","association":"KS","highlight":{},"emphasize":"Y","dint":1654214400000,"age":"","index":116,"edges":[],"neighbors":[],"degree":0,"dstr":"2022-06-03"},{"SEQID":"EPI_ISL_14117454","GNODEID":"G-4.46.4","TAGID":"BA-2-24-0187","cat_id":"client","type":"CD","date":44714,"category":"client","association":"KS","highlight":{},"emphasize":"Y","dint":1654128000000,"age":"","index":117,"edges":[],"neighbors":[],"degree":0,"dstr":"2022-06-02"},{"SEQID":"EPI_ISL_14117430","GNODEID":"G-4.39.2","TAGID":"BA-2-24-0188","cat_id":"client","type":"CD","date":44713,"category":"client","association":"KS","highlight":{},"emphasize":"Y","dint":1654041600000,"age":"","index":118,"edges":[],"neighbors":[],"degree":0,"dstr":"2022-06-01"},{"SEQID":"EPI_ISL_14117424","GNODEID":"G-4.26.2","TAGID":"BA-2-24-0189","cat_id":"client","type":"CD","date":44713,"category":"client","association":"KS","highlight":{},"emphasize":"N","dint":1654041600000,"age":"","index":119,"edges":[],"neighbors":[],"degree":0,"dstr":"2022-06-01"},{"SEQID":"EPI_ISL_14117460","GNODEID":"G-4.39.1","TAGID":"BA-2-24-0190","cat_id":"staff","type":"CD","date":44714,"category":"staff","association":"KS","highlight":{},"emphasize":"N","dint":1654128000000,"age":"","index":120,"edges":[],"neighbors":[],"degree":0,"dstr":"2022-06-02"},{"SEQID":"EPI_ISL_14117435","GNODEID":"G-4.35","TAGID":"BA-2-24-0193","cat_id":"client","type":"CD","date":44713,"category":"client","association":"KS","highlight":{},"emphasize":"N","dint":1654041600000,"age":"","index":121,"edges":[],"neighbors":[],"degree":0,"dstr":"2022-06-01"},{"SEQID":"EPI_ISL_14117461","GNODEID":"G-4.48.1","TAGID":"BA-2-24-0194","cat_id":"client","type":"CD","date":44715,"category":"client","association":"KS","highlight":{},"emphasize":"Y","dint":1654214400000,"age":"","index":122,"edges":[],"neighbors":[],"degree":0,"dstr":"2022-06-03"},{"SEQID":"EPI_ISL_14117713","GNODEID":"G-4.37.7.1","TAGID":"BA-2-24-0195","cat_id":"client","type":"CD","date":44715,"category":"client","association":"KN","highlight":{},"emphasize":"Y","dint":1654214400000,"age":"","index":123,"edges":[],"neighbors":[],"degree":0,"dstr":"2022-06-03"},{"SEQID":"EPI_ISL_14117789","GNODEID":"G-4.37.6.3.1.3","TAGID":"BA-2-24-0197","cat_id":"staff","type":"CD","date":44714,"category":"staff","association":"CS","highlight":{},"emphasize":"Y","dint":1654128000000,"age":"","index":124,"edges":[],"neighbors":[],"degree":0,"dstr":"2022-06-02"},{"SEQID":"EPI_ISL_14117793","GNODEID":"G-4.37.6.4.2","TAGID":"BA-2-24-0198","cat_id":"staff","type":"CD","date":44715,"category":"staff","association":"CS","highlight":{},"emphasize":"Y","dint":1654214400000,"age":"","index":125,"edges":[],"neighbors":[],"degree":0,"dstr":"2022-06-03"},{"SEQID":"EPI_ISL_14117843","GNODEID":"G-4.37.6.2.1","TAGID":"BA-2-24-0200","cat_id":"client","type":"CD","date":44713,"category":"client","association":"CS","highlight":{},"emphasize":"Y","dint":1654041600000,"age":"","index":126,"edges":[],"neighbors":[],"degree":0,"dstr":"2022-06-01"},{"SEQID":"EPI_ISL_14117850","GNODEID":"G-4.37.6.3.2","TAGID":"BA-2-24-0201","cat_id":"staff","type":"CD","date":44714,"category":"staff","association":"CS","highlight":{},"emphasize":"N","dint":1654128000000,"age":"","index":127,"edges":[],"neighbors":[],"degree":0,"dstr":"2022-06-02"},{"SEQID":"EPI_ISL_14118065","GNODEID":"G-4.46","TAGID":"BA-2-24-0202","cat_id":"client","type":"CD","date":44714,"category":"client","association":"KY","highlight":{},"emphasize":"Y","dint":1654128000000,"age":"","index":128,"edges":[],"neighbors":[],"degree":0,"dstr":"2022-06-02"},{"SEQID":"EPI_ISL_14118068","GNODEID":"G-4.36","TAGID":"BA-2-24-0203","cat_id":"client","type":"CD","date":44715,"category":"client","association":"KY","highlight":{},"emphasize":"Y","dint":1654214400000,"age":"","index":129,"edges":[],"neighbors":[],"degree":0,"dstr":"2022-06-03"},{"SEQID":"EPI_ISL_14118062","GNODEID":"G-4.37.2.1","TAGID":"BA-2-24-0204","cat_id":"staff","type":"CD","date":44713,"category":"staff","association":"KY","highlight":{},"emphasize":"Y","dint":1654041600000,"age":"","index":130,"edges":[],"neighbors":[],"degree":0,"dstr":"2022-06-01"},{"SEQID":"EPI_ISL_14118287","GNODEID":"G-4.37.4.1","TAGID":"BA-2-24-0206","cat_id":"client","type":"CD","date":44714,"category":"client","association":"CS","highlight":{},"emphasize":"N","dint":1654128000000,"age":"","index":131,"edges":[],"neighbors":[],"degree":0,"dstr":"2022-06-02"},{"SEQID":"EPI_ISL_14119686","GNODEID":"G-4.37.4.3","TAGID":"BA-2-24-0207","cat_id":"client","type":"CD","date":44715,"category":"client","association":"CS","highlight":{},"emphasize":"N","dint":1654214400000,"age":"","index":132,"edges":[],"neighbors":[],"degree":0,"dstr":"2022-06-03"},{"SEQID":"EPI_ISL_14120605","GNODEID":"G-4.33","TAGID":"BA-2-24-0209","cat_id":"staff","type":"CD","date":44715,"category":"staff","association":"TO","highlight":{},"emphasize":"N","dint":1654214400000,"age":"","index":133,"edges":[],"neighbors":[],"degree":0,"dstr":"2022-06-03"},{"SEQID":"EPI_ISL_14124946","GNODEID":"G-4.37.9.3","TAGID":"BA-2-24-0211","cat_id":"client","type":"CD","date":44713,"category":"client","association":"KS","highlight":{},"emphasize":"Y","dint":1654041600000,"age":"","index":134,"edges":[],"neighbors":[],"degree":0,"dstr":"2022-06-01"},{"SEQID":"EPI_ISL_14124976","GNODEID":"G-4.39.3","TAGID":"BA-2-24-0213","cat_id":"staff","type":"CD","date":44714,"category":"staff","association":"KS","highlight":{},"emphasize":"Y","dint":1654128000000,"age":"","index":135,"edges":[],"neighbors":[],"degree":0,"dstr":"2022-06-02"},{"SEQID":"EPI_ISL_14124995","GNODEID":"G-4.31.5","TAGID":"BA-2-24-0214","cat_id":"client","type":"CD","date":44715,"category":"client","association":"KS","highlight":{},"emphasize":"Y","dint":1654214400000,"age":"","index":136,"edges":[],"neighbors":[],"degree":0,"dstr":"2022-06-03"},{"SEQID":"EPI_ISL_14124993","GNODEID":"G-4.37.6.3.1","TAGID":"BA-2-24-0215","cat_id":"client","type":"CD","date":44715,"category":"client","association":"KS","highlight":{},"emphasize":"N","dint":1654214400000,"age":"","index":137,"edges":[],"neighbors":[],"degree":0,"dstr":"2022-06-03"},{"SEQID":"EPI_ISL_14126157","GNODEID":"G-4.1.2","TAGID":"BA-2-24-0216","cat_id":"staff","type":"CD","date":44714,"category":"staff","association":"KS","highlight":{},"emphasize":"Y","dint":1654128000000,"age":"","index":138,"edges":[],"neighbors":[],"degree":0,"dstr":"2022-06-02"},{"SEQID":"EPI_ISL_14126825","GNODEID":"G-4.46","TAGID":"BA-2-24-0217","cat_id":"staff","type":"CD","date":44714,"category":"staff","association":"KY","highlight":{},"emphasize":"Y","dint":1654128000000,"age":"","index":139,"edges":[],"neighbors":[],"degree":0,"dstr":"2022-06-02"}],"edges":[{"LINKID":"L-1","TAG_from":"EPI_ISL_13512691","TAG_to":"EPI_ISL_13652565","label":"家族","src":-1,"dst":-1}],"epi":[{"SEQID":"REF","GNODEID":"G-1"},{"SEQID":"EPI_ISL_13199397","GNODEID":"G-2"},{"SEQID":"EPI_ISL_13651416","GNODEID":"G-3"},{"SEQID":"EPI_ISL_13651684","GNODEID":"G-4"},{"SEQID":"EPI_ISL_14114639","GNODEID":"G-4"},{"SEQID":"EPI_ISL_14112029","GNODEID":"G-4"},{"SEQID":"EPI_ISL_14114885","GNODEID":"G-4.1.1"},{"SEQID":"EPI_ISL_14126157","GNODEID":"G-4.1.2"},{"SEQID":"EPI_ISL_14114542","GNODEID":"G-4.1.3"},{"SEQID":"EPI_ISL_14114546","GNODEID":"G-4.1.4"},{"SEQID":"EPI_ISL_13651409","GNODEID":"G-4.2.1"},{"SEQID":"EPI_ISL_14109927","GNODEID":"G-4.2.2"},{"SEQID":"EPI_ISL_14109930","GNODEID":"G-4.2.2"},{"SEQID":"EPI_ISL_14116807","GNODEID":"G-4.3"},{"SEQID":"EPI_ISL_13651498","GNODEID":"G-4.4.1"},{"SEQID":"EPI_ISL_14116935","GNODEID":"G-4.4.1"},{"SEQID":"EPI_ISL_14116946","GNODEID":"G-4.4.2"},{"SEQID":"EPI_ISL_14114212","GNODEID":"G-4.5.1"},{"SEQID":"EPI_ISL_14116839","GNODEID":"G-4.5.2"},{"SEQID":"EPI_ISL_14114565","GNODEID":"G-4.6"},{"SEQID":"EPI_ISL_14116822","GNODEID":"G-4.7"},{"SEQID":"EPI_ISL_14114886","GNODEID":"G-4.8"},{"SEQID":"EPI_ISL_13512820","GNODEID":"G-4.9.1.1"},{"SEQID":"EPI_ISL_13651703","GNODEID":"G-4.9.1.2"},{"SEQID":"EPI_ISL_14112129","GNODEID":"G-4.9.2"},{"SEQID":"EPI_ISL_13351647","GNODEID":"G-4.10"},{"SEQID":"EPI_ISL_14109928","GNODEID":"G-4.11"},{"SEQID":"EPI_ISL_14113108","GNODEID":"G-4.12"},{"SEQID":"EPI_ISL_14114644","GNODEID":"G-4.13"},{"SEQID":"EPI_ISL_14540407","GNODEID":"G-4.14"},{"SEQID":"EPI_ISL_14111689","GNODEID":"G-4.15"},{"SEQID":"EPI_ISL_14112939","GNODEID":"G-4.16"},{"SEQID":"EPI_ISL_13512786","GNODEID":"G-4.17"},{"SEQID":"EPI_ISL_14109963","GNODEID":"G-4.18"},{"SEQID":"EPI_ISL_14116939","GNODEID":"G-4.19"},{"SEQID":"EPI_ISL_14116877","GNODEID":"G-4.19.1"},{"SEQID":"EPI_ISL_13512670","GNODEID":"G-4.19.2"},{"SEQID":"EPI_ISL_13651682","GNODEID":"G-4.20"},{"SEQID":"EPI_ISL_14114351","GNODEID":"G-4.21"},{"SEQID":"EPI_ISL_13512788","GNODEID":"G-4.22"},{"SEQID":"EPI_ISL_14113702","GNODEID":"G-4.23"},{"SEQID":"EPI_ISL_14114789","GNODEID":"G-4.24"},{"SEQID":"EPI_ISL_14116648","GNODEID":"G-4.25"},{"SEQID":"EPI_ISL_13651479","GNODEID":"G-4.26.1"},{"SEQID":"EPI_ISL_14117424","GNODEID":"G-4.26.2"},{"SEQID":"EPI_ISL_14111616","GNODEID":"G-4.27"},{"SEQID":"EPI_ISL_13512827","GNODEID":"G-4.28"},{"SEQID":"EPI_ISL_14112952","GNODEID":"G-4.29"},{"SEQID":"EPI_ISL_14109940","GNODEID":"G-4.30"},{"SEQID":"EPI_ISL_14113111","GNODEID":"G-4.30.1"},{"SEQID":"EPI_ISL_14114520","GNODEID":"G-4.31.1"},{"SEQID":"EPI_ISL_14109946","GNODEID":"G-4.31.2"},{"SEQID":"EPI_ISL_14112955","GNODEID":"G-4.31.3"},{"SEQID":"EPI_ISL_14114643","GNODEID":"G-4.31.4"},{"SEQID":"EPI_ISL_14124995","GNODEID":"G-4.31.5"},{"SEQID":"EPI_ISL_14112747","GNODEID":"G-4.31.6"},{"SEQID":"EPI_ISL_14116808","GNODEID":"G-4.31.7"},{"SEQID":"EPI_ISL_14114638","GNODEID":"G-4.32"},{"SEQID":"EPI_ISL_13512705","GNODEID":"G-4.33"},{"SEQID":"EPI_ISL_14120605","GNODEID":"G-4.33"},{"SEQID":"EPI_ISL_14114684","GNODEID":"G-4.34"},{"SEQID":"EPI_ISL_14116899","GNODEID":"G-4.34.1"},{"SEQID":"EPI_ISL_14114847","GNODEID":"G-4.34.2"},{"SEQID":"EPI_ISL_14114616","GNODEID":"G-4.34.3"},{"SEQID":"EPI_ISL_13651436","GNODEID":"G-4.35"},{"SEQID":"EPI_ISL_14117435","GNODEID":"G-4.35"},{"SEQID":"EPI_ISL_14118068","GNODEID":"G-4.36"},{"SEQID":"EPI_ISL_14044690","GNODEID":"G-4.37"},{"SEQID":"EPI_ISL_13512730","GNODEID":"G-4.37"},{"SEQID":"EPI_ISL_14114402","GNODEID":"G-4.37.1"},{"SEQID":"EPI_ISL_14113187","GNODEID":"G-4.37.2"},{"SEQID":"EPI_ISL_14118062","GNODEID":"G-4.37.2.1"},{"SEQID":"EPI_ISL_13512715","GNODEID":"G-4.37.3"},{"SEQID":"EPI_ISL_14118287","GNODEID":"G-4.37.4.1"},{"SEQID":"EPI_ISL_13512688","GNODEID":"G-4.37.4.2.1"},{"SEQID":"EPI_ISL_14110787","GNODEID":"G-4.37.4.2.2"},{"SEQID":"EPI_ISL_14119686","GNODEID":"G-4.37.4.3"},{"SEQID":"EPI_ISL_13651452","GNODEID":"G-4.37.5"},{"SEQID":"EPI_ISL_14112812","GNODEID":"G-4.37.6.1"},{"SEQID":"EPI_ISL_14109926","GNODEID":"G-4.37.6.2"},{"SEQID":"EPI_ISL_14117843","GNODEID":"G-4.37.6.2.1"},{"SEQID":"EPI_ISL_14124993","GNODEID":"G-4.37.6.3.1"},{"SEQID":"EPI_ISL_14114746","GNODEID":"G-4.37.6.3.1.1"},{"SEQID":"EPI_ISL_14113693","GNODEID":"G-4.37.6.3.1.2"},{"SEQID":"EPI_ISL_14117789","GNODEID":"G-4.37.6.3.1.3"},{"SEQID":"EPI_ISL_14117850","GNODEID":"G-4.37.6.3.2"},{"SEQID":"EPI_ISL_14114404","GNODEID":"G-4.37.6.4.1"},{"SEQID":"EPI_ISL_14117793","GNODEID":"G-4.37.6.4.2"},{"SEQID":"EPI_ISL_14117713","GNODEID":"G-4.37.7.1"},{"SEQID":"EPI_ISL_13512806","GNODEID":"G-4.37.7.2"},{"SEQID":"EPI_ISL_14116789","GNODEID":"G-4.37.7.3"},{"SEQID":"EPI_ISL_14114300","GNODEID":"G-4.37.7.4"},{"SEQID":"EPI_ISL_14116780","GNODEID":"G-4.37.7.4"},{"SEQID":"EPI_ISL_14114316","GNODEID":"G-4.37.7.5"},{"SEQID":"EPI_ISL_14112969","GNODEID":"G-4.37.8"},{"SEQID":"EPI_ISL_14116824","GNODEID":"G-4.37.9.1"},{"SEQID":"EPI_ISL_14113601","GNODEID":"G-4.37.9.1.1"},{"SEQID":"EPI_ISL_14113974","GNODEID":"G-4.37.9.1.2"},{"SEQID":"EPI_ISL_14116936","GNODEID":"G-4.37.9.2"},{"SEQID":"EPI_ISL_14124946","GNODEID":"G-4.37.9.3"},{"SEQID":"EPI_ISL_14117997","GNODEID":"G-4.37.10"},{"SEQID":"EPI_ISL_14112959","GNODEID":"G-4.37.11"},{"SEQID":"EPI_ISL_14112958","GNODEID":"G-4.37.11.1"},{"SEQID":"EPI_ISL_14114540","GNODEID":"G-4.37.12"},{"SEQID":"EPI_ISL_14116800","GNODEID":"G-4.38"},{"SEQID":"EPI_ISL_14110881","GNODEID":"G-4.39"},{"SEQID":"EPI_ISL_14117460","GNODEID":"G-4.39.1"},{"SEQID":"EPI_ISL_14117430","GNODEID":"G-4.39.2"},{"SEQID":"EPI_ISL_13512775","GNODEID":"G-4.39.3"},{"SEQID":"EPI_ISL_14124976","GNODEID":"G-4.39.3"},{"SEQID":"EPI_ISL_13512825","GNODEID":"G-4.39.4"},{"SEQID":"EPI_ISL_14113612","GNODEID":"G-4.39.5"},{"SEQID":"EPI_ISL_14114918","GNODEID":"G-4.39.6"},{"SEQID":"EPI_ISL_14114646","GNODEID":"G-4.39.7"},{"SEQID":"EPI_ISL_14114853","GNODEID":"G-4.39.8"},{"SEQID":"EPI_ISL_14112100","GNODEID":"G-4.40"},{"SEQID":"EPI_ISL_14112965","GNODEID":"G-4.40.1"},{"SEQID":"EPI_ISL_14112941","GNODEID":"G-4.40.2"},{"SEQID":"EPI_ISL_14113284","GNODEID":"G-4.40.3"},{"SEQID":"EPI_ISL_14114787","GNODEID":"G-4.41"},{"SEQID":"EPI_ISL_14114929","GNODEID":"G-4.41"},{"SEQID":"EPI_ISL_14113717","GNODEID":"G-4.42"},{"SEQID":"EPI_ISL_14116881","GNODEID":"G-4.43"},{"SEQID":"EPI_ISL_13651496","GNODEID":"G-4.44"},{"SEQID":"EPI_ISL_14113378","GNODEID":"G-4.44"},{"SEQID":"EPI_ISL_14113384","GNODEID":"G-4.44.1"},{"SEQID":"EPI_ISL_13512735","GNODEID":"G-4.44.2"},{"SEQID":"EPI_ISL_14113388","GNODEID":"G-4.44.3"},{"SEQID":"EPI_ISL_14114816","GNODEID":"G-4.44.3.1"},{"SEQID":"EPI_ISL_14112761","GNODEID":"G-4.45"},{"SEQID":"EPI_ISL_14112759","GNODEID":"G-4.45.1"},{"SEQID":"EPI_ISL_14126825","GNODEID":"G-4.46"},{"SEQID":"EPI_ISL_14118065","GNODEID":"G-4.46"},{"SEQID":"EPI_ISL_14113110","GNODEID":"G-4.46.1"},{"SEQID":"EPI_ISL_14113300","GNODEID":"G-4.46.2"},{"SEQID":"EPI_ISL_14114348","GNODEID":"G-4.46.3"},{"SEQID":"EPI_ISL_14117454","GNODEID":"G-4.46.4"},{"SEQID":"EPI_ISL_14113393","GNODEID":"G-4.47"},{"SEQID":"EPI_ISL_14113704","GNODEID":"G-4.48"},{"SEQID":"EPI_ISL_14117461","GNODEID":"G-4.48.1"},{"SEQID":"EPI_ISL_14113976","GNODEID":"G-4.49"},{"SEQID":"EPI_ISL_14114748","GNODEID":"G-4.50"},{"SEQID":"EPI_ISL_13512812","GNODEID":"G-5"}],"tree":[{"label":"G-0","length":0,"edges":["G-1","G-2","G-3","G-4","G-5"],"subs":0},{"label":"G-1","length":0.0168294128,"edges":[],"subs":55},{"label":"G-2","length":0.0015857979,"edges":[],"subs":5},{"label":"G-3","length":0.00031703600000000003,"edges":[],"subs":1},{"label":"G-4","length":0.0009501098,"edges":["G-4.1","G-4.2","G-4.3","G-4.4","G-4.5","G-4.6","G-4.7","G-4.8","G-4.9","G-4.10","G-4.11","G-4.12","G-4.13","G-4.14","G-4.15","G-4.16","G-4.17","G-4.18","G-4.19","G-4.20","G-4.21","G-4.22","G-4.23","G-4.24","G-4.25","G-4.26","G-4.27","G-4.28","G-4.29","G-4.30","G-4.31","G-4.32","G-4.33","G-4.34","G-4.35","G-4.36","G-4.37","G-4.38","G-4.39","G-4.40","G-4.41","G-4.42","G-4.43","G-4.44","G-4.45","G-4.46","G-4.47","G-4.48","G-4.49","G-4.50"],"subs":3},{"label":"G-4.1","length":0.0003152462,"edges":["G-4.1.1","G-4.1.2","G-4.1.3","G-4.1.4"],"subs":1},{"label":"G-4.1.1","length":0.0006296058,"edges":[],"subs":2},{"label":"G-4.1.2","length":0.0003161891,"edges":[],"subs":1},{"label":"G-4.1.3","length":0.0006322322,"edges":[],"subs":2},{"label":"G-4.1.4","length":0.0006327259000000001,"edges":[],"subs":2},{"label":"G-4.2","length":0.000316886,"edges":["G-4.2.1","G-4.2.2"],"subs":1},{"label":"G-4.2.1","length":0.0003148229,"edges":[],"subs":1},{"label":"G-4.2.2","length":0.000315801,"edges":[],"subs":1},{"label":"G-4.3","length":0.0006333420000000001,"edges":[],"subs":2},{"label":"G-4.4","length":0.0006365460000000001,"edges":["G-4.4.1","G-4.4.2"],"subs":2},{"label":"G-4.4.1","length":0.0003153206,"edges":[],"subs":1},{"label":"G-4.4.2","length":0.0003152873,"edges":[],"subs":1},{"label":"G-4.5","length":0.0006389925000000001,"edges":["G-4.5.1","G-4.5.2"],"subs":2},{"label":"G-4.5.1","length":0.0003138011,"edges":[],"subs":1},{"label":"G-4.5.2","length":0.0012634708,"edges":[],"subs":4},{"label":"G-4.6","length":0.00032327920000000017,"edges":[],"subs":1},{"label":"G-4.7","length":0.0006403498000000002,"edges":[],"subs":2},{"label":"G-4.8","length":0.0006411040000000002,"edges":[],"subs":2},{"label":"G-4.9","length":0.0006457629000000002,"edges":["G-4.9.1","G-4.9.2"],"subs":2},{"label":"G-4.9.1","length":0.0003151884,"edges":["G-4.9.1.1","G-4.9.1.2"],"subs":1},{"label":"G-4.9.1.1","length":0.0012634937,"edges":[],"subs":4},{"label":"G-4.9.1.2","length":0.0006316515,"edges":[],"subs":2},{"label":"G-4.9.2","length":0.0009461306,"edges":[],"subs":3},{"label":"G-4.10","length":0.0003310998000000003,"edges":[],"subs":1},{"label":"G-4.11","length":0.0003311351000000003,"edges":[],"subs":1},{"label":"G-4.12","length":0.0009628434000000004,"edges":[],"subs":3},{"label":"G-4.13","length":0.0009642760000000003,"edges":[],"subs":3},{"label":"G-4.14","length":0.0009646482000000003,"edges":[],"subs":3},{"label":"G-4.15","length":0.0006504457000000004,"edges":[],"subs":2},{"label":"G-4.16","length":0.0009677001000000004,"edges":[],"subs":3},{"label":"G-4.17","length":0.0003388010000000004,"edges":[],"subs":1},{"label":"G-4.18","length":0.00034108430000000044,"edges":[],"subs":1},{"label":"G-4.19","length":0.0006602681000000006,"edges":["G-4.19.1","G-4.19.2"],"subs":2},{"label":"G-4.19.1","length":0.0003143816,"edges":[],"subs":1},{"label":"G-4.19.2","length":0.0003156953,"edges":[],"subs":1},{"label":"G-4.20","length":0.00034667620000000053,"edges":[],"subs":1},{"label":"G-4.21","length":0.0006613943000000006,"edges":[],"subs":2},{"label":"G-4.22","length":0.00034569040000000047,"edges":[],"subs":1},{"label":"G-4.23","length":0.0003455860000000005,"edges":[],"subs":1},{"label":"G-4.24","length":0.0009750297000000005,"edges":[],"subs":3},{"label":"G-4.25","length":0.0006594502000000005,"edges":[],"subs":2},{"label":"G-4.26","length":0.0003435662000000004,"edges":["G-4.26.1","G-4.26.2"],"subs":1},{"label":"G-4.26.1","length":0.0006302891,"edges":[],"subs":2},{"label":"G-4.26.2","length":0.0006299262,"edges":[],"subs":2},{"label":"G-4.27","length":0.0003433061000000004,"edges":[],"subs":1},{"label":"G-4.28","length":0.0012834380999999988,"edges":[],"subs":4},{"label":"G-4.29","length":0.0009686254000000004,"edges":[],"subs":3},{"label":"G-4.30","length":0.00033218430000000023,"edges":["G-4.30.1"],"subs":1},{"label":"G-4.30.1","length":0.0009459494,"edges":[],"subs":3},{"label":"G-4.31","length":0.00033412700000000025,"edges":["G-4.31.1","G-4.31.2","G-4.31.3","G-4.31.4","G-4.31.5","G-4.31.6","G-4.31.7"],"subs":1},{"label":"G-4.31.1","length":0.00031623350000000003,"edges":[],"subs":1},{"label":"G-4.31.2","length":0.0009486718,"edges":[],"subs":3},{"label":"G-4.31.3","length":0.0006345624000000001,"edges":[],"subs":2},{"label":"G-4.31.4","length":0.0006356066000000001,"edges":[],"subs":2},{"label":"G-4.31.5","length":0.0009501445,"edges":[],"subs":3},{"label":"G-4.31.6","length":0.0003162384,"edges":[],"subs":1},{"label":"G-4.31.7","length":0.0009461314,"edges":[],"subs":3},{"label":"G-4.32","length":0.0003332131000000002,"edges":[],"subs":1},{"label":"G-4.33","length":0.0003312095000000002,"edges":[],"subs":1},{"label":"G-4.34","length":0.0003311735000000002,"edges":["G-4.34.1","G-4.34.2","G-4.34.3"],"subs":1},{"label":"G-4.34.1","length":0.0006303955,"edges":[],"subs":2},{"label":"G-4.34.2","length":0.00031622240000000004,"edges":[],"subs":1},{"label":"G-4.34.3","length":0.0006330823000000001,"edges":[],"subs":2},{"label":"G-4.35","length":0.0006431651000000003,"edges":[],"subs":2},{"label":"G-4.36","length":0.0012746259999999992,"edges":[],"subs":4},{"label":"G-4.37","length":0.00032279960000000007,"edges":["G-4.37.1","G-4.37.2","G-4.37.3","G-4.37.4","G-4.37.5","G-4.37.6","G-4.37.7","G-4.37.8","G-4.37.9","G-4.37.10","G-4.37.11","G-4.37.12"],"subs":1},{"label":"G-4.37.1","length":0.001894628,"edges":[],"subs":6},{"label":"G-4.37.2","length":0.0006324508000000001,"edges":["G-4.37.2.1"],"subs":2},{"label":"G-4.37.2.1","length":0.0022146131,"edges":[],"subs":7},{"label":"G-4.37.3","length":0.0003211111000000001,"edges":[],"subs":1},{"label":"G-4.37.4","length":0.00032252460000000013,"edges":["G-4.37.4.1","G-4.37.4.2","G-4.37.4.3"],"subs":1},{"label":"G-4.37.4.1","length":0.0012645468,"edges":[],"subs":4},{"label":"G-4.37.4.2","length":0.00031727000000000003,"edges":["G-4.37.4.2.1","G-4.37.4.2.2"],"subs":1},{"label":"G-4.37.4.2.1","length":0.0009485212,"edges":[],"subs":3},{"label":"G-4.37.4.2.2","length":0.0003157019,"edges":[],"subs":1},{"label":"G-4.37.4.3","length":0.00031684160000000004,"edges":[],"subs":1},{"label":"G-4.37.5","length":0.0006383887000000002,"edges":[],"subs":2},{"label":"G-4.37.6","length":0.00032135050000000004,"edges":["G-4.37.6.1","G-4.37.6.2","G-4.37.6.3","G-4.37.6.4"],"subs":1},{"label":"G-4.37.6.1","length":0.0015785072,"edges":[],"subs":5},{"label":"G-4.37.6.2","length":0.00031679420000000003,"edges":["G-4.37.6.2.1"],"subs":1},{"label":"G-4.37.6.2.1","length":0.0003156499,"edges":[],"subs":1},{"label":"G-4.37.6.3","length":0.00031833720000000004,"edges":["G-4.37.6.3.1","G-4.37.6.3.2"],"subs":1},{"label":"G-4.37.6.3.1","length":0.0006314059,"edges":["G-4.37.6.3.1.1","G-4.37.6.3.1.2","G-4.37.6.3.1.3"],"subs":2},{"label":"G-4.37.6.3.1.1","length":0.0003154281,"edges":[],"subs":1},{"label":"G-4.37.6.3.1.2","length":0.0006333725000000001,"edges":[],"subs":2},{"label":"G-4.37.6.3.1.3","length":0.0009488673,"edges":[],"subs":3},{"label":"G-4.37.6.3.2","length":0.0006313931,"edges":[],"subs":2},{"label":"G-4.37.6.4","length":0.00031841230000000006,"edges":["G-4.37.6.4.1","G-4.37.6.4.2"],"subs":1},{"label":"G-4.37.6.4.1","length":0.0012653222,"edges":[],"subs":4},{"label":"G-4.37.6.4.2","length":0.000630253,"edges":[],"subs":2},{"label":"G-4.37.7","length":0.00032230770000000005,"edges":["G-4.37.7.1","G-4.37.7.2","G-4.37.7.3","G-4.37.7.4","G-4.37.7.5"],"subs":1},{"label":"G-4.37.7.1","length":0.0006306856,"edges":[],"subs":2},{"label":"G-4.37.7.2","length":0.0003175388,"edges":[],"subs":1},{"label":"G-4.37.7.3","length":0.0012644842999999998,"edges":[],"subs":4},{"label":"G-4.37.7.4","length":0.000317612,"edges":[],"subs":1},{"label":"G-4.37.7.5","length":0.00031763399999999996,"edges":[],"subs":1},{"label":"G-4.37.8","length":0.0015859372999999996,"edges":[],"subs":5},{"label":"G-4.37.9","length":0.000321239,"edges":["G-4.37.9.1","G-4.37.9.2","G-4.37.9.3"],"subs":1},{"label":"G-4.37.9.1","length":0.0003154329,"edges":["G-4.37.9.1.1","G-4.37.9.1.2"],"subs":1},{"label":"G-4.37.9.1.1","length":0.0003164539,"edges":[],"subs":1},{"label":"G-4.37.9.1.2","length":0.0003164614,"edges":[],"subs":1},{"label":"G-4.37.9.2","length":0.00031651330000000003,"edges":[],"subs":1},{"label":"G-4.37.9.3","length":0.0015842381,"edges":[],"subs":5},{"label":"G-4.37.10","length":0.0012684723,"edges":[],"subs":4},{"label":"G-4.37.11","length":0.0009514314999999999,"edges":["G-4.37.11.1"],"subs":3},{"label":"G-4.37.11.1","length":0.0003151701,"edges":[],"subs":1},{"label":"G-4.37.12","length":0.0003199072,"edges":[],"subs":1},{"label":"G-4.38","length":0.0006391678000000001,"edges":[],"subs":2},{"label":"G-4.39","length":0.00032181280000000004,"edges":["G-4.39.1","G-4.39.2","G-4.39.3","G-4.39.4","G-4.39.5","G-4.39.6","G-4.39.7","G-4.39.8"],"subs":1},{"label":"G-4.39.1","length":0.0018988706,"edges":[],"subs":6},{"label":"G-4.39.2","length":0.00032070150000000007,"edges":[],"subs":1},{"label":"G-4.39.3","length":0.0003217375000000001,"edges":[],"subs":1},{"label":"G-4.39.4","length":0.0015899041999999995,"edges":[],"subs":5},{"label":"G-4.39.5","length":0.0006357537000000001,"edges":[],"subs":2},{"label":"G-4.39.6","length":0.0003195945,"edges":[],"subs":1},{"label":"G-4.39.7","length":0.0003184442,"edges":[],"subs":1},{"label":"G-4.39.8","length":0.0006345154,"edges":[],"subs":2},{"label":"G-4.40","length":0.00032161620000000006,"edges":["G-4.40.1","G-4.40.2","G-4.40.3"],"subs":1},{"label":"G-4.40.1","length":0.0003157789,"edges":[],"subs":1},{"label":"G-4.40.2","length":0.0009500753000000001,"edges":[],"subs":3},{"label":"G-4.40.3","length":0.0003183383,"edges":[],"subs":1},{"label":"G-4.41","length":0.0006465215999999999,"edges":[],"subs":2},{"label":"G-4.42","length":0.0003323557,"edges":[],"subs":1},{"label":"G-4.43","length":0.0012802286,"edges":[],"subs":4},{"label":"G-4.44","length":0.0003233553,"edges":["G-4.44.1","G-4.44.2","G-4.44.3"],"subs":1},{"label":"G-4.44.1","length":0.0003161354,"edges":[],"subs":1},{"label":"G-4.44.2","length":0.00031861150000000006,"edges":[],"subs":1},{"label":"G-4.44.3","length":0.00031846340000000003,"edges":["G-4.44.3.1"],"subs":1},{"label":"G-4.44.3.1","length":0.0003160664,"edges":[],"subs":1},{"label":"G-4.45","length":0.00032290870000000003,"edges":["G-4.45.1"],"subs":1},{"label":"G-4.45.1","length":0.0009515193,"edges":[],"subs":3},{"label":"G-4.46","length":0.0003218489,"edges":["G-4.46.1","G-4.46.2","G-4.46.3","G-4.46.4"],"subs":1},{"label":"G-4.46.1","length":0.0009489376,"edges":[],"subs":3},{"label":"G-4.46.2","length":0.0003169809,"edges":[],"subs":1},{"label":"G-4.46.3","length":0.0003192751000000001,"edges":[],"subs":1},{"label":"G-4.46.4","length":0.0006349347000000001,"edges":[],"subs":2},{"label":"G-4.47","length":0.0009552546,"edges":[],"subs":3},{"label":"G-4.48","length":0.0012718291,"edges":["G-4.48.1"],"subs":4},{"label":"G-4.48.1","length":0.0003158486,"edges":[],"subs":1},{"label":"G-4.49","length":0.0006450290000000001,"edges":[],"subs":2},{"label":"G-4.50","length":0.0009612602000000001,"edges":[],"subs":3},{"label":"G-5","length":0.0012639887999999998,"edges":[],"subs":4}],"dist":{"period":7.404944014787254,"phase":6.404944014787254,"interval":0.00004099684168297456}}