{"nodes":[{"SEQID":"EPI_ISL_13762804","GNODEID":"G-0","TAGID":"BA-2-3-18-0001","cat_id":"client","type":"CD","date":44747,"category":"client","association":"KS","highlight":{},"emphasize":"N","dint":1656979200000,"age":"","index":0,"edges":[],"neighbors":[],"degree":0,"dstr":"2022-07-05"},{"SEQID":"EPI_ISL_14082020","GNODEID":"G-0","TAGID":"BA-2-3-18-0003","cat_id":"client","type":"CD","date":44743,"category":"client","association":"KS","highlight":{},"emphasize":"N","dint":1656633600000,"age":"","index":1,"edges":[],"neighbors":[],"degree":0,"dstr":"2022-07-01"},{"SEQID":"EPI_ISL_14082195","GNODEID":"G-10","TAGID":"BA-2-3-18-0004","cat_id":"client","type":"CD","date":44744,"category":"client","association":"KS","highlight":{},"emphasize":"N","dint":1656720000000,"age":"","index":2,"edges":[],"neighbors":[],"degree":0,"dstr":"2022-07-02"},{"SEQID":"EPI_ISL_14510190","GNODEID":"G-5","TAGID":"BA-2-3-18-0005","cat_id":"client","type":"CD","date":44747,"category":"client","association":"KS","highlight":{},"emphasize":"N","dint":1656979200000,"age":"","index":3,"edges":[],"neighbors":[],"degree":0,"dstr":"2022-07-05"},{"SEQID":"EPI_ISL_14510534","GNODEID":"G-5","TAGID":"BA-2-3-18-0006","cat_id":"client","type":"CD","date":44747,"category":"client","association":"KS","highlight":{},"emphasize":"N","dint":1656979200000,"age":"","index":4,"edges":[],"neighbors":[],"degree":0,"dstr":"2022-07-05"},{"SEQID":"EPI_ISL_14510825","GNODEID":"G-5","TAGID":"BA-2-3-18-0007","cat_id":"staff","type":"CD","date":44748,"category":"staff","association":"KS","highlight":{},"emphasize":"N","dint":1657065600000,"age":"","index":5,"edges":[],"neighbors":[],"degree":0,"dstr":"2022-07-06"},{"SEQID":"EPI_ISL_14126642","GNODEID":"G-5","TAGID":"BA-2-3-18-0008","cat_id":"staff","type":"CD","date":44744,"category":"staff","association":"KS","highlight":{},"emphasize":"N","dint":1656720000000,"age":"","index":6,"edges":[],"neighbors":[],"degree":0,"dstr":"2022-07-02"},{"SEQID":"EPI_ISL_14127136","GNODEID":"G-4","TAGID":"BA-2-3-18-0009","cat_id":"client","type":"CD","date":44744,"category":"client","association":"CS","highlight":{},"emphasize":"N","dint":1656720000000,"age":"","index":7,"edges":[],"neighbors":[],"degree":0,"dstr":"2022-07-02"},{"SEQID":"EPI_ISL_14127130","GNODEID":"G-0","TAGID":"BA-2-3-18-0011","cat_id":"client","type":"CD","date":44743,"category":"client","association":"CS","highlight":{},"emphasize":"N","dint":1656633600000,"age":"","index":8,"edges":[],"neighbors":[],"degree":0,"dstr":"2022-07-01"},{"SEQID":"EPI_ISL_14127125","GNODEID":"G-0","TAGID":"BA-2-3-18-0012","cat_id":"client","type":"CD","date":44744,"category":"client","association":"CS","highlight":{},"emphasize":"Y","dint":1656720000000,"age":"","index":9,"edges":[],"neighbors":[],"degree":0,"dstr":"2022-07-02"},{"SEQID":"EPI_ISL_14536160","GNODEID":"G-5.2","TAGID":"BA-2-3-18-0014","cat_id":"client","type":"CD","date":44746,"category":"client","association":"KS","highlight":{},"emphasize":"Y","dint":1656892800000,"age":"","index":10,"edges":[],"neighbors":[],"degree":0,"dstr":"2022-07-04"},{"SEQID":"EPI_ISL_14130184","GNODEID":"G-0","TAGID":"BA-2-3-18-0015","cat_id":"staff","type":"CD","date":44743,"category":"staff","association":"CS","highlight":{},"emphasize":"Y","dint":1656633600000,"age":"","index":11,"edges":[],"neighbors":[],"degree":0,"dstr":"2022-07-01"},{"SEQID":"EPI_ISL_14130431","GNODEID":"G-11","TAGID":"BA-2-3-18-0016","cat_id":"staff","type":"CD","date":44744,"category":"staff","association":"KS","highlight":{},"emphasize":"Y","dint":1656720000000,"age":"","index":12,"edges":[],"neighbors":[],"degree":0,"dstr":"2022-07-02"},{"SEQID":"EPI_ISL_14133685","GNODEID":"G-12","TAGID":"BA-2-3-18-0017","cat_id":"staff","type":"CD","date":44748,"category":"staff","association":"TO","highlight":{},"emphasize":"Y","dint":1657065600000,"age":"","index":13,"edges":[],"neighbors":[],"degree":0,"dstr":"2022-07-06"},{"SEQID":"EPI_ISL_14133682","GNODEID":"G-12.1","TAGID":"BA-2-3-18-0018","cat_id":"staff","type":"CD","date":44747,"category":"staff","association":"TO","highlight":{},"emphasize":"N","dint":1656979200000,"age":"","index":14,"edges":[],"neighbors":[],"degree":0,"dstr":"2022-07-05"},{"SEQID":"EPI_ISL_14138226","GNODEID":"G-5","TAGID":"BA-2-3-18-0021","cat_id":"client","type":"CD","date":44743,"category":"client","association":"KS","highlight":{},"emphasize":"Y","dint":1656633600000,"age":"","index":15,"edges":[],"neighbors":[],"degree":0,"dstr":"2022-07-01"},{"SEQID":"EPI_ISL_14133687","GNODEID":"G-5","TAGID":"BA-2-3-18-0023","cat_id":"client","type":"CD","date":44746,"category":"client","association":"KS","highlight":{},"emphasize":"N","dint":1656892800000,"age":"","index":16,"edges":[],"neighbors":[],"degree":0,"dstr":"2022-07-04"},{"SEQID":"EPI_ISL_14133706","GNODEID":"G-5","TAGID":"BA-2-3-18-0024","cat_id":"staff","type":"CD","date":44749,"category":"staff","association":"KS","highlight":{},"emphasize":"Y","dint":1657152000000,"age":"","index":17,"edges":[],"neighbors":[],"degree":0,"dstr":"2022-07-07"},{"SEQID":"EPI_ISL_14133556","GNODEID":"G-0","TAGID":"BA-2-3-18-0025","cat_id":"staff","type":"CD","date":44744,"category":"staff","association":"CS","highlight":{},"emphasize":"N","dint":1656720000000,"age":"","index":18,"edges":[],"neighbors":[],"degree":0,"dstr":"2022-07-02"},{"SEQID":"EPI_ISL_14133460","GNODEID":"G-4","TAGID":"BA-2-3-18-0026","cat_id":"client","type":"CD","date":44748,"category":"client","association":"CS","highlight":{},"emphasize":"Y","dint":1657065600000,"age":"","index":19,"edges":[],"neighbors":[],"degree":0,"dstr":"2022-07-06"},{"SEQID":"EPI_ISL_14133478","GNODEID":"G-6","TAGID":"BA-2-3-18-0027","cat_id":"staff","type":"CD","date":44744,"category":"staff","association":"CS","highlight":{},"emphasize":"N","dint":1656720000000,"age":"","index":20,"edges":[],"neighbors":[],"degree":0,"dstr":"2022-07-02"},{"SEQID":"EPI_ISL_14540394","GNODEID":"G-5","TAGID":"BA-2-3-18-0031","cat_id":"staff","type":"CD","date":44743,"category":"staff","association":"KS","highlight":{},"emphasize":"N","dint":1656633600000,"age":"","index":21,"edges":[],"neighbors":[],"degree":0,"dstr":"2022-07-01"},{"SEQID":"EPI_ISL_14142233","GNODEID":"G-0","TAGID":"BA-2-3-18-0032","cat_id":"client","type":"CD","date":44749,"category":"client","association":"OK","highlight":{},"emphasize":"N","dint":1657152000000,"age":"","index":22,"edges":[],"neighbors":[],"degree":0,"dstr":"2022-07-07"},{"SEQID":"EPI_ISL_14142418","GNODEID":"G-12","TAGID":"BA-2-3-18-0033","cat_id":"client","type":"CD","date":44747,"category":"client","association":"TO","highlight":{},"emphasize":"Y","dint":1656979200000,"age":"","index":23,"edges":[],"neighbors":[],"degree":0,"dstr":"2022-07-05"},{"SEQID":"EPI_ISL_14540625","GNODEID":"G-2","TAGID":"BA-2-3-18-0035","cat_id":"client","type":"CD","date":44746,"category":"client","association":"KS","highlight":{},"emphasize":"N","dint":1656892800000,"age":"","index":24,"edges":[],"neighbors":[],"degree":0,"dstr":"2022-07-04"},{"SEQID":"EPI_ISL_14637430","GNODEID":"G-13","TAGID":"BA-2-3-18-0046","cat_id":"client","type":"CD","date":44762,"category":"client","association":"TO","highlight":{},"emphasize":"N","dint":1658275200000,"age":"","index":25,"edges":[],"neighbors":[],"degree":0,"dstr":"2022-07-20"},{"SEQID":"EPI_ISL_14638294","GNODEID":"G-8","TAGID":"BA-2-3-18-0047","cat_id":"staff","type":"CD","date":44761,"category":"staff","association":"TO","highlight":{},"emphasize":"N","dint":1658188800000,"age":"","index":26,"edges":[],"neighbors":[],"degree":0,"dstr":"2022-07-19"},{"SEQID":"EPI_ISL_14340728","GNODEID":"G-0","TAGID":"BA-2-3-18-0051","cat_id":"staff","type":"CD","date":44754,"category":"staff","association":"TO","highlight":{},"emphasize":"Y","dint":1657584000000,"age":"","index":27,"edges":[],"neighbors":[],"degree":0,"dstr":"2022-07-12"},{"SEQID":"EPI_ISL_14340931","GNODEID":"G-12","TAGID":"BA-2-3-18-0052","cat_id":"client","type":"CD","date":44753,"category":"client","association":"TO","highlight":{},"emphasize":"N","dint":1657497600000,"age":"","index":28,"edges":[],"neighbors":[],"degree":0,"dstr":"2022-07-11"},{"SEQID":"EPI_ISL_14340923","GNODEID":"G-12","TAGID":"BA-2-3-18-0053","cat_id":"staff","type":"CD","date":44749,"category":"staff","association":"TO","highlight":{},"emphasize":"N","dint":1657152000000,"age":"","index":29,"edges":[],"neighbors":[],"degree":0,"dstr":"2022-07-07"},{"SEQID":"EPI_ISL_14341707","GNODEID":"G-5","TAGID":"BA-2-3-18-0056","cat_id":"client","type":"CD","date":44752,"category":"client","association":"KS","highlight":{},"emphasize":"N","dint":1657411200000,"age":"","index":30,"edges":[],"neighbors":[],"degree":0,"dstr":"2022-07-10"},{"SEQID":"EPI_ISL_14342324","GNODEID":"G-7","TAGID":"BA-2-3-18-0057","cat_id":"staff","type":"CD","date":44747,"category":"staff","association":"KS","highlight":{},"emphasize":"N","dint":1656979200000,"age":"","index":31,"edges":[],"neighbors":[],"degree":0,"dstr":"2022-07-05"},{"SEQID":"EPI_ISL_14344511","GNODEID":"G-0","TAGID":"BA-2-3-18-0060","cat_id":"staff","type":"CD","date":44748,"category":"staff","association":"CS","highlight":{},"emphasize":"N","dint":1657065600000,"age":"","index":32,"edges":[],"neighbors":[],"degree":0,"dstr":"2022-07-06"},{"SEQID":"EPI_ISL_14344752","GNODEID":"G-3","TAGID":"BA-2-3-18-0061","cat_id":"client","type":"CD","date":44760,"category":"client","association":"KY","highlight":{},"emphasize":"N","dint":1658102400000,"age":"","index":33,"edges":[],"neighbors":[],"degree":0,"dstr":"2022-07-18"},{"SEQID":"EPI_ISL_14345556","GNODEID":"G-9","TAGID":"BA-2-3-18-0062","cat_id":"client","type":"CD","date":44755,"category":"client","association":"CS","highlight":{},"emphasize":"Y","dint":1657670400000,"age":"","index":34,"edges":[],"neighbors":[],"degree":0,"dstr":"2022-07-13"},{"SEQID":"EPI_ISL_14345871","GNODEID":"G-5.1","TAGID":"BA-2-3-18-0064","cat_id":"staff","type":"CD","date":44759,"category":"staff","association":"KS","highlight":{},"emphasize":"N","dint":1658016000000,"age":"","index":35,"edges":[],"neighbors":[],"degree":0,"dstr":"2022-07-17"},{"SEQID":"EPI_ISL_14346419","GNODEID":"G-5","TAGID":"BA-2-3-18-0066","cat_id":"staff","type":"CD","date":44757,"category":"staff","association":"TH","highlight":{},"emphasize":"N","dint":1657843200000,"age":"","index":36,"edges":[],"neighbors":[],"degree":0,"dstr":"2022-07-15"},{"SEQID":"EPI_ISL_14352815","GNODEID":"G-5","TAGID":"BA-2-3-18-0070","cat_id":"staff","type":"CD","date":44750,"category":"staff","association":"KS","highlight":{},"emphasize":"N","dint":1657238400000,"age":"","index":37,"edges":[],"neighbors":[],"degree":0,"dstr":"2022-07-08"}],"edges":[{"LINKID":"L-1","TAG_from":"EPI_ISL_14082195","TAG_to":"EPI_ISL_14340931","label":"家族","src":-1,"dst":-1}],"epi":[{"SEQID":"EPI_ISL_14130184","GNODEID":"G-0"},{"SEQID":"EPI_ISL_14082020","GNODEID":"G-0"},{"SEQID":"EPI_ISL_14127130","GNODEID":"G-0"},{"SEQID":"EPI_ISL_14344511","GNODEID":"G-0"},{"SEQID":"EPI_ISL_14127125","GNODEID":"G-0"},{"SEQID":"EPI_ISL_14340728","GNODEID":"G-0"},{"SEQID":"EPI_ISL_13762804","GNODEID":"G-0"},{"SEQID":"EPI_ISL_14142233","GNODEID":"G-0"},{"SEQID":"EPI_ISL_14133556","GNODEID":"G-0"},{"SEQID":"REF","GNODEID":"G-1"},{"SEQID":"EPI_ISL_14540625","GNODEID":"G-2"},{"SEQID":"EPI_ISL_14344752","GNODEID":"G-3"},{"SEQID":"EPI_ISL_14127136","GNODEID":"G-4"},{"SEQID":"EPI_ISL_14133460","GNODEID":"G-4"},{"SEQID":"EPI_ISL_14133687","GNODEID":"G-5"},{"SEQID":"EPI_ISL_14540394","GNODEID":"G-5"},{"SEQID":"EPI_ISL_14510534","GNODEID":"G-5"},{"SEQID":"EPI_ISL_14510825","GNODEID":"G-5"},{"SEQID":"EPI_ISL_14133706","GNODEID":"G-5"},{"SEQID":"EPI_ISL_14126642","GNODEID":"G-5"},{"SEQID":"EPI_ISL_14138226","GNODEID":"G-5"},{"SEQID":"EPI_ISL_14510190","GNODEID":"G-5"},{"SEQID":"EPI_ISL_14352815","GNODEID":"G-5"},{"SEQID":"EPI_ISL_14346419","GNODEID":"G-5"},{"SEQID":"EPI_ISL_14341707","GNODEID":"G-5"},{"SEQID":"EPI_ISL_14345871","GNODEID":"G-5.1"},{"SEQID":"EPI_ISL_14536160","GNODEID":"G-5.2"},{"SEQID":"EPI_ISL_14133478","GNODEID":"G-6"},{"SEQID":"EPI_ISL_14342324","GNODEID":"G-7"},{"SEQID":"EPI_ISL_14638294","GNODEID":"G-8"},{"SEQID":"EPI_ISL_14345556","GNODEID":"G-9"},{"SEQID":"EPI_ISL_14082195","GNODEID":"G-10"},{"SEQID":"EPI_ISL_14130431","GNODEID":"G-11"},{"SEQID":"EPI_ISL_14142418","GNODEID":"G-12"},{"SEQID":"EPI_ISL_14340923","GNODEID":"G-12"},{"SEQID":"EPI_ISL_14133685","GNODEID":"G-12"},{"SEQID":"EPI_ISL_14340931","GNODEID":"G-12"},{"SEQID":"EPI_ISL_14133682","GNODEID":"G-12.1"},{"SEQID":"EPI_ISL_14637430","GNODEID":"G-13"}],"tree":[{"label":"G-0","length":0,"edges":["G-1","G-2","G-3","G-4","G-5","G-6","G-7","G-8","G-9","G-10","G-11","G-12","G-12.1","G-13"],"subs":0},{"label":"G-1","length":0.0542644343,"edges":[],"subs":61},{"label":"G-2","length":0.0046056418,"edges":[],"subs":5},{"label":"G-3","length":0.0064597666,"edges":[],"subs":7},{"label":"G-4","length":0.005534018700000001,"edges":[],"subs":6},{"label":"G-5","length":0.0027618673000000004,"edges":["G-5.1","G-5.2"],"subs":3},{"label":"G-5.1","length":0.0027580286000000002,"edges":[],"subs":3},{"label":"G-5.2","length":0.0027591367000000004,"edges":[],"subs":3},{"label":"G-6","length":0.0027604011,"edges":[],"subs":3},{"label":"G-7","length":0.0036795608000000004,"edges":[],"subs":4},{"label":"G-8","length":0.0036805887999999997,"edges":[],"subs":4},{"label":"G-9","length":0.0036810254,"edges":[],"subs":4},{"label":"G-10","length":0.0046009942,"edges":[],"subs":5},{"label":"G-11","length":0.0036839443000000003,"edges":[],"subs":4},{"label":"G-12","length":0.0036827244,"edges":["G-12.1"],"subs":4},{"label":"G-12.1","length":0.0036841549999999997,"edges":[],"subs":4},{"label":"G-13","length":0.0027637802000000005,"edges":[],"subs":3}],"dist":{"period":7.427506093862172,"phase":7.427506093862172,"interval":0.00011883405264187867}}