{"nodes":[{"SEQID":"EPI_ISL_13351630","GNODEID":"G-2.19","TAGID":"BA-2-29-0002","cat_id":"client","type":"CD","date":44715,"category":"client","association":"KS","highlight":{},"emphasize":"Y","dint":1654214400000,"age":"","index":0,"edges":[],"neighbors":[],"degree":0,"dstr":"2022-06-03"},{"SEQID":"EPI_ISL_13512724","GNODEID":"G-2.1.5","TAGID":"BA-2-29-0004","cat_id":"staff","type":"CD","date":44715,"category":"staff","association":"KS","highlight":{},"emphasize":"Y","dint":1654214400000,"age":"","index":1,"edges":[],"neighbors":[],"degree":0,"dstr":"2022-06-03"},{"SEQID":"EPI_ISL_13512753","GNODEID":"G-2.34","TAGID":"BA-2-29-0005","cat_id":"staff","type":"CD","date":44715,"category":"staff","association":"KS","highlight":{},"emphasize":"N","dint":1654214400000,"age":"","index":2,"edges":[],"neighbors":[],"degree":0,"dstr":"2022-06-03"},{"SEQID":"EPI_ISL_13512701","GNODEID":"G-2.7.7","TAGID":"BA-2-29-0006","cat_id":"staff","type":"CD","date":44715,"category":"staff","association":"KS","highlight":{},"emphasize":"N","dint":1654214400000,"age":"","index":3,"edges":[],"neighbors":[],"degree":0,"dstr":"2022-06-03"},{"SEQID":"EPI_ISL_13650900","GNODEID":"G-2.8","TAGID":"BA-2-29-0009","cat_id":"client","type":"CD","date":44713,"category":"client","association":"KS","highlight":{},"emphasize":"N","dint":1654041600000,"age":"","index":4,"edges":[],"neighbors":[],"degree":0,"dstr":"2022-06-01"},{"SEQID":"EPI_ISL_13650914","GNODEID":"G-2.25.1","TAGID":"BA-2-29-0010","cat_id":"client","type":"CD","date":44713,"category":"client","association":"KS","highlight":{},"emphasize":"Y","dint":1654041600000,"age":"","index":5,"edges":[],"neighbors":[],"degree":0,"dstr":"2022-06-01"},{"SEQID":"EPI_ISL_13651483","GNODEID":"G-3.1","TAGID":"BA-2-29-0011","cat_id":"client","type":"CD","date":44713,"category":"client","association":"KS","highlight":{},"emphasize":"Y","dint":1654041600000,"age":"","index":6,"edges":[],"neighbors":[],"degree":0,"dstr":"2022-06-01"},{"SEQID":"EPI_ISL_13651683","GNODEID":"G-2.15.1","TAGID":"BA-2-29-0013","cat_id":"client","type":"CD","date":44713,"category":"client","association":"KS","highlight":{},"emphasize":"Y","dint":1654041600000,"age":"","index":7,"edges":[],"neighbors":[],"degree":0,"dstr":"2022-06-01"},{"SEQID":"EPI_ISL_13651442","GNODEID":"G-2.21","TAGID":"BA-2-29-0026","cat_id":"staff","type":"CD","date":44713,"category":"staff","association":"KS","highlight":{},"emphasize":"N","dint":1654041600000,"age":"","index":8,"edges":[],"neighbors":[],"degree":0,"dstr":"2022-06-01"},{"SEQID":"EPI_ISL_13651408","GNODEID":"G-2.30.1","TAGID":"BA-2-29-0027","cat_id":"staff","type":"CD","date":44713,"category":"staff","association":"KS","highlight":{},"emphasize":"Y","dint":1654041600000,"age":"","index":9,"edges":[],"neighbors":[],"degree":0,"dstr":"2022-06-01"},{"SEQID":"EPI_ISL_13650911","GNODEID":"G-2.20.1","TAGID":"BA-2-29-0028","cat_id":"client","type":"CD","date":44713,"category":"client","association":"KS","highlight":{},"emphasize":"N","dint":1654041600000,"age":"","index":10,"edges":[],"neighbors":[],"degree":0,"dstr":"2022-06-01"},{"SEQID":"EPI_ISL_13650825","GNODEID":"G-2.32","TAGID":"BA-2-29-0030","cat_id":"client","type":"CD","date":44713,"category":"client","association":"KS","highlight":{},"emphasize":"N","dint":1654041600000,"age":"","index":11,"edges":[],"neighbors":[],"degree":0,"dstr":"2022-06-01"},{"SEQID":"EPI_ISL_14109942","GNODEID":"G-2.33","TAGID":"BA-2-29-0031","cat_id":"client","type":"CD","date":44713,"category":"client","association":"KY","highlight":{},"emphasize":"Y","dint":1654041600000,"age":"","index":12,"edges":[],"neighbors":[],"degree":0,"dstr":"2022-06-01"},{"SEQID":"EPI_ISL_14109935","GNODEID":"G-2.7.5.2.1","TAGID":"BA-2-29-0032","cat_id":"client","type":"CD","date":44713,"category":"client","association":"KY","highlight":{},"emphasize":"Y","dint":1654041600000,"age":"","index":13,"edges":[],"neighbors":[],"degree":0,"dstr":"2022-06-01"},{"SEQID":"EPI_ISL_14109937","GNODEID":"G-2.7.5.2","TAGID":"BA-2-29-0033","cat_id":"staff","type":"CD","date":44713,"category":"staff","association":"KY","highlight":{},"emphasize":"N","dint":1654041600000,"age":"","index":14,"edges":[],"neighbors":[],"degree":0,"dstr":"2022-06-01"},{"SEQID":"EPI_ISL_14109931","GNODEID":"G-2.2","TAGID":"BA-2-29-0035","cat_id":"client","type":"CD","date":44713,"category":"client","association":"KY","highlight":{},"emphasize":"N","dint":1654041600000,"age":"","index":15,"edges":[],"neighbors":[],"degree":0,"dstr":"2022-06-01"},{"SEQID":"EPI_ISL_14109925","GNODEID":"G-2","TAGID":"BA-2-29-0036","cat_id":"client","type":"CD","date":44713,"category":"client","association":"KY","highlight":{},"emphasize":"N","dint":1654041600000,"age":"","index":16,"edges":[],"neighbors":[],"degree":0,"dstr":"2022-06-01"},{"SEQID":"EPI_ISL_14110173","GNODEID":"G-2.1.1","TAGID":"BA-2-29-0037","cat_id":"client","type":"CD","date":44714,"category":"client","association":"KY","highlight":{},"emphasize":"N","dint":1654128000000,"age":"","index":17,"edges":[],"neighbors":[],"degree":0,"dstr":"2022-06-02"},{"SEQID":"EPI_ISL_14110172","GNODEID":"G-2.5","TAGID":"BA-2-29-0038","cat_id":"client","type":"CD","date":44713,"category":"client","association":"KY","highlight":{},"emphasize":"Y","dint":1654041600000,"age":"","index":18,"edges":[],"neighbors":[],"degree":0,"dstr":"2022-06-01"},{"SEQID":"EPI_ISL_14110785","GNODEID":"G-2.12.1","TAGID":"BA-2-29-0039","cat_id":"client","type":"CD","date":44714,"category":"client","association":"TH","highlight":{},"emphasize":"N","dint":1654128000000,"age":"","index":19,"edges":[],"neighbors":[],"degree":0,"dstr":"2022-06-02"},{"SEQID":"EPI_ISL_14110797","GNODEID":"G-2.14.1","TAGID":"BA-2-29-0041","cat_id":"client","type":"CD","date":44714,"category":"client","association":"TH","highlight":{},"emphasize":"N","dint":1654128000000,"age":"","index":20,"edges":[],"neighbors":[],"degree":0,"dstr":"2022-06-02"},{"SEQID":"EPI_ISL_14110884","GNODEID":"G-2.1.4","TAGID":"BA-2-29-0042","cat_id":"staff","type":"CD","date":44713,"category":"staff","association":"CS","highlight":{},"emphasize":"Y","dint":1654041600000,"age":"","index":21,"edges":[],"neighbors":[],"degree":0,"dstr":"2022-06-01"},{"SEQID":"EPI_ISL_14110859","GNODEID":"G-2.35","TAGID":"BA-2-29-0043","cat_id":"staff","type":"CD","date":44713,"category":"staff","association":"なし","highlight":{},"emphasize":"N","dint":1654041600000,"age":"","index":22,"edges":[],"neighbors":[],"degree":0,"dstr":"2022-06-01"},{"SEQID":"EPI_ISL_14111683","GNODEID":"G-2.22","TAGID":"BA-2-29-0044","cat_id":"client","type":"CD","date":44713,"category":"client","association":"KY","highlight":{},"emphasize":"Y","dint":1654041600000,"age":"","index":23,"edges":[],"neighbors":[],"degree":0,"dstr":"2022-06-01"},{"SEQID":"EPI_ISL_14111690","GNODEID":"G-2.7.2","TAGID":"BA-2-29-0045","cat_id":"client","type":"CD","date":44715,"category":"client","association":"KY","highlight":{},"emphasize":"N","dint":1654214400000,"age":"","index":24,"edges":[],"neighbors":[],"degree":0,"dstr":"2022-06-03"},{"SEQID":"EPI_ISL_14112019","GNODEID":"G-2.34.1.1","TAGID":"BA-2-29-0047","cat_id":"client","type":"CD","date":44714,"category":"client","association":"KY","highlight":{},"emphasize":"N","dint":1654128000000,"age":"","index":25,"edges":[],"neighbors":[],"degree":0,"dstr":"2022-06-02"},{"SEQID":"EPI_ISL_14112024","GNODEID":"G-2.12.2","TAGID":"BA-2-29-0048","cat_id":"staff","type":"CD","date":44714,"category":"staff","association":"KY","highlight":{},"emphasize":"Y","dint":1654128000000,"age":"","index":26,"edges":[],"neighbors":[],"degree":0,"dstr":"2022-06-02"},{"SEQID":"EPI_ISL_14112036","GNODEID":"G-2.7.5.1","TAGID":"BA-2-29-0049","cat_id":"staff","type":"CD","date":44714,"category":"staff","association":"KY","highlight":{},"emphasize":"Y","dint":1654128000000,"age":"","index":27,"edges":[],"neighbors":[],"degree":0,"dstr":"2022-06-02"},{"SEQID":"EPI_ISL_14112031","GNODEID":"G-2.23","TAGID":"BA-2-29-0050","cat_id":"client","type":"CD","date":44714,"category":"client","association":"KY","highlight":{},"emphasize":"Y","dint":1654128000000,"age":"","index":28,"edges":[],"neighbors":[],"degree":0,"dstr":"2022-06-02"},{"SEQID":"EPI_ISL_14111998","GNODEID":"G-2.7.5","TAGID":"BA-2-29-0052","cat_id":"staff","type":"CD","date":44714,"category":"staff","association":"KY","highlight":{},"emphasize":"Y","dint":1654128000000,"age":"","index":29,"edges":[],"neighbors":[],"degree":0,"dstr":"2022-06-02"},{"SEQID":"EPI_ISL_14112125","GNODEID":"G-2.24","TAGID":"BA-2-29-0053","cat_id":"client","type":"CD","date":44713,"category":"client","association":"TH","highlight":{},"emphasize":"N","dint":1654041600000,"age":"","index":30,"edges":[],"neighbors":[],"degree":0,"dstr":"2022-06-01"},{"SEQID":"EPI_ISL_14112936","GNODEID":"G-2.34","TAGID":"BA-2-29-0054","cat_id":"client","type":"CD","date":44713,"category":"client","association":"TO","highlight":{},"emphasize":"N","dint":1654041600000,"age":"","index":31,"edges":[],"neighbors":[],"degree":0,"dstr":"2022-06-01"},{"SEQID":"EPI_ISL_14113195","GNODEID":"G-2.31","TAGID":"BA-2-29-0055","cat_id":"client","type":"CD","date":44715,"category":"client","association":"KY","highlight":{},"emphasize":"N","dint":1654214400000,"age":"","index":32,"edges":[],"neighbors":[],"degree":0,"dstr":"2022-06-03"},{"SEQID":"EPI_ISL_14113192","GNODEID":"G-2.1.2","TAGID":"BA-2-29-0056","cat_id":"staff","type":"CD","date":44714,"category":"staff","association":"KY","highlight":{},"emphasize":"N","dint":1654128000000,"age":"","index":33,"edges":[],"neighbors":[],"degree":0,"dstr":"2022-06-02"},{"SEQID":"EPI_ISL_14113219","GNODEID":"G-2.1.5","TAGID":"BA-2-29-0060","cat_id":"staff","type":"CD","date":44713,"category":"staff","association":"KY","highlight":{},"emphasize":"Y","dint":1654041600000,"age":"","index":34,"edges":[],"neighbors":[],"degree":0,"dstr":"2022-06-01"},{"SEQID":"EPI_ISL_14113389","GNODEID":"G-2.14.2","TAGID":"BA-2-29-0062","cat_id":"staff","type":"CD","date":44714,"category":"staff","association":"KN","highlight":{},"emphasize":"Y","dint":1654128000000,"age":"","index":35,"edges":[],"neighbors":[],"degree":0,"dstr":"2022-06-02"},{"SEQID":"EPI_ISL_14113391","GNODEID":"G-2.10","TAGID":"BA-2-29-0063","cat_id":"client","type":"CD","date":44715,"category":"client","association":"KN","highlight":{},"emphasize":"N","dint":1654214400000,"age":"","index":36,"edges":[],"neighbors":[],"degree":0,"dstr":"2022-06-03"},{"SEQID":"EPI_ISL_14113381","GNODEID":"G-3.2","TAGID":"BA-2-29-0064","cat_id":"client","type":"CD","date":44713,"category":"client","association":"KN","highlight":{},"emphasize":"Y","dint":1654041600000,"age":"","index":37,"edges":[],"neighbors":[],"degree":0,"dstr":"2022-06-01"},{"SEQID":"EPI_ISL_14113706","GNODEID":"G-2.1.6","TAGID":"BA-2-29-0070","cat_id":"client","type":"CD","date":44715,"category":"client","association":"KY","highlight":{},"emphasize":"Y","dint":1654214400000,"age":"","index":38,"edges":[],"neighbors":[],"degree":0,"dstr":"2022-06-03"},{"SEQID":"EPI_ISL_14113734","GNODEID":"G-2.20","TAGID":"BA-2-29-0073","cat_id":"staff","type":"CD","date":44715,"category":"staff","association":"KY","highlight":{},"emphasize":"N","dint":1654214400000,"age":"","index":39,"edges":[],"neighbors":[],"degree":0,"dstr":"2022-06-03"},{"SEQID":"EPI_ISL_14113981","GNODEID":"G-2.7.2.1","TAGID":"BA-2-29-0074","cat_id":"staff","type":"CD","date":44715,"category":"staff","association":"HO","highlight":{},"emphasize":"N","dint":1654214400000,"age":"","index":40,"edges":[],"neighbors":[],"degree":0,"dstr":"2022-06-03"},{"SEQID":"EPI_ISL_14114433","GNODEID":"G-2.35.4.1","TAGID":"BA-2-29-0076","cat_id":"staff","type":"CD","date":44713,"category":"staff","association":"KY","highlight":{},"emphasize":"N","dint":1654041600000,"age":"","index":41,"edges":[],"neighbors":[],"degree":0,"dstr":"2022-06-01"},{"SEQID":"EPI_ISL_14114426","GNODEID":"G-2.7.4","TAGID":"BA-2-29-0077","cat_id":"client","type":"CD","date":44713,"category":"client","association":"KY","highlight":{},"emphasize":"N","dint":1654041600000,"age":"","index":42,"edges":[],"neighbors":[],"degree":0,"dstr":"2022-06-01"},{"SEQID":"EPI_ISL_14114535","GNODEID":"G-2.7.8","TAGID":"BA-2-29-0080","cat_id":"staff","type":"CD","date":44715,"category":"staff","association":"KY","highlight":{},"emphasize":"N","dint":1654214400000,"age":"","index":43,"edges":[],"neighbors":[],"degree":0,"dstr":"2022-06-03"},{"SEQID":"EPI_ISL_14114428","GNODEID":"G-2.7.4.1","TAGID":"BA-2-29-0083","cat_id":"staff","type":"CD","date":44713,"category":"staff","association":"KY","highlight":{},"emphasize":"Y","dint":1654041600000,"age":"","index":44,"edges":[],"neighbors":[],"degree":0,"dstr":"2022-06-01"},{"SEQID":"EPI_ISL_14114657","GNODEID":"G-2.28","TAGID":"BA-2-29-0087","cat_id":"staff","type":"CD","date":44714,"category":"staff","association":"KY","highlight":{},"emphasize":"Y","dint":1654128000000,"age":"","index":45,"edges":[],"neighbors":[],"degree":0,"dstr":"2022-06-02"},{"SEQID":"EPI_ISL_14114651","GNODEID":"G-2.13","TAGID":"BA-2-29-0089","cat_id":"client","type":"CD","date":44714,"category":"client","association":"KY","highlight":{},"emphasize":"N","dint":1654128000000,"age":"","index":46,"edges":[],"neighbors":[],"degree":0,"dstr":"2022-06-02"},{"SEQID":"EPI_ISL_14114670","GNODEID":"G-2.15.2","TAGID":"BA-2-29-0091","cat_id":"client","type":"CD","date":44714,"category":"client","association":"OK","highlight":{},"emphasize":"N","dint":1654128000000,"age":"","index":47,"edges":[],"neighbors":[],"degree":0,"dstr":"2022-06-02"},{"SEQID":"EPI_ISL_14114756","GNODEID":"G-2.16.1","TAGID":"BA-2-29-0093","cat_id":"client","type":"CD","date":44713,"category":"client","association":"TH","highlight":{},"emphasize":"Y","dint":1654041600000,"age":"","index":48,"edges":[],"neighbors":[],"degree":0,"dstr":"2022-06-01"},{"SEQID":"EPI_ISL_14114741","GNODEID":"G-2.1.4.1","TAGID":"BA-2-29-0094","cat_id":"staff","type":"CD","date":44713,"category":"staff","association":"CS","highlight":{},"emphasize":"Y","dint":1654041600000,"age":"","index":49,"edges":[],"neighbors":[],"degree":0,"dstr":"2022-06-01"},{"SEQID":"EPI_ISL_14114777","GNODEID":"G-2.35.2","TAGID":"BA-2-29-0095","cat_id":"staff","type":"CD","date":44714,"category":"staff","association":"TH","highlight":{},"emphasize":"Y","dint":1654128000000,"age":"","index":50,"edges":[],"neighbors":[],"degree":0,"dstr":"2022-06-02"},{"SEQID":"EPI_ISL_14114838","GNODEID":"G-2.6","TAGID":"BA-2-29-0096","cat_id":"client","type":"CD","date":44713,"category":"client","association":"KN","highlight":{},"emphasize":"Y","dint":1654041600000,"age":"","index":51,"edges":[],"neighbors":[],"degree":0,"dstr":"2022-06-01"},{"SEQID":"EPI_ISL_14114895","GNODEID":"G-2.34.1.2","TAGID":"BA-2-29-0097","cat_id":"staff","type":"CD","date":44713,"category":"staff","association":"KS","highlight":{},"emphasize":"N","dint":1654041600000,"age":"","index":52,"edges":[],"neighbors":[],"degree":0,"dstr":"2022-06-01"},{"SEQID":"EPI_ISL_14114903","GNODEID":"G-2.12.3","TAGID":"BA-2-29-0098","cat_id":"staff","type":"CD","date":44713,"category":"staff","association":"KS","highlight":{},"emphasize":"Y","dint":1654041600000,"age":"","index":53,"edges":[],"neighbors":[],"degree":0,"dstr":"2022-06-01"},{"SEQID":"EPI_ISL_14114928","GNODEID":"G-2.3","TAGID":"BA-2-29-0100","cat_id":"client","type":"CD","date":44713,"category":"client","association":"KN","highlight":{},"emphasize":"Y","dint":1654041600000,"age":"","index":54,"edges":[],"neighbors":[],"degree":0,"dstr":"2022-06-01"},{"SEQID":"EPI_ISL_14114901","GNODEID":"G-2.9","TAGID":"BA-2-29-0101","cat_id":"staff","type":"CD","date":44713,"category":"staff","association":"KS","highlight":{},"emphasize":"N","dint":1654041600000,"age":"","index":55,"edges":[],"neighbors":[],"degree":0,"dstr":"2022-06-01"},{"SEQID":"EPI_ISL_14115004","GNODEID":"G-2.35.1","TAGID":"BA-2-29-0102","cat_id":"staff","type":"CD","date":44714,"category":"staff","association":"なし","highlight":{},"emphasize":"N","dint":1654128000000,"age":"","index":56,"edges":[],"neighbors":[],"degree":0,"dstr":"2022-06-02"},{"SEQID":"EPI_ISL_14115232","GNODEID":"G-2.18.1","TAGID":"BA-2-29-0105","cat_id":"staff","type":"CD","date":44713,"category":"staff","association":"KY","highlight":{},"emphasize":"Y","dint":1654041600000,"age":"","index":57,"edges":[],"neighbors":[],"degree":0,"dstr":"2022-06-01"},{"SEQID":"EPI_ISL_14115250","GNODEID":"G-2.11","TAGID":"BA-2-29-0106","cat_id":"client","type":"CD","date":44715,"category":"client","association":"KY","highlight":{},"emphasize":"N","dint":1654214400000,"age":"","index":58,"edges":[],"neighbors":[],"degree":0,"dstr":"2022-06-03"},{"SEQID":"EPI_ISL_14115154","GNODEID":"G-2.1.6.1","TAGID":"BA-2-29-0107","cat_id":"staff","type":"CD","date":44715,"category":"staff","association":"KY","highlight":{},"emphasize":"N","dint":1654214400000,"age":"","index":59,"edges":[],"neighbors":[],"degree":0,"dstr":"2022-06-03"},{"SEQID":"EPI_ISL_14115219","GNODEID":"G-2.16","TAGID":"BA-2-29-0108","cat_id":"staff","type":"CD","date":44713,"category":"staff","association":"KY","highlight":{},"emphasize":"N","dint":1654041600000,"age":"","index":60,"edges":[],"neighbors":[],"degree":0,"dstr":"2022-06-01"},{"SEQID":"EPI_ISL_14117987","GNODEID":"G-2.32","TAGID":"BA-2-29-0114","cat_id":"staff","type":"CD","date":44713,"category":"staff","association":"KS","highlight":{},"emphasize":"N","dint":1654041600000,"age":"","index":61,"edges":[],"neighbors":[],"degree":0,"dstr":"2022-06-01"},{"SEQID":"EPI_ISL_14116654","GNODEID":"G-2.1","TAGID":"BA-2-29-0116","cat_id":"client","type":"CD","date":44715,"category":"client","association":"KY","highlight":{},"emphasize":"N","dint":1654214400000,"age":"","index":62,"edges":[],"neighbors":[],"degree":0,"dstr":"2022-06-03"},{"SEQID":"EPI_ISL_14116815","GNODEID":"G-2.30.2","TAGID":"BA-2-29-0117","cat_id":"client","type":"CD","date":44713,"category":"client","association":"KS","highlight":{},"emphasize":"N","dint":1654041600000,"age":"","index":63,"edges":[],"neighbors":[],"degree":0,"dstr":"2022-06-01"},{"SEQID":"EPI_ISL_14116796","GNODEID":"G-2.6.1","TAGID":"BA-2-29-0118","cat_id":"staff","type":"CD","date":44713,"category":"staff","association":"なし","highlight":{},"emphasize":"Y","dint":1654041600000,"age":"","index":64,"edges":[],"neighbors":[],"degree":0,"dstr":"2022-06-01"},{"SEQID":"EPI_ISL_14116804","GNODEID":"G-2.25.2","TAGID":"BA-2-29-0119","cat_id":"client","type":"CD","date":44713,"category":"client","association":"KS","highlight":{},"emphasize":"Y","dint":1654041600000,"age":"","index":65,"edges":[],"neighbors":[],"degree":0,"dstr":"2022-06-01"},{"SEQID":"EPI_ISL_14116876","GNODEID":"G-2.8","TAGID":"BA-2-29-0121","cat_id":"client","type":"CD","date":44714,"category":"client","association":"KS","highlight":{},"emphasize":"N","dint":1654128000000,"age":"","index":66,"edges":[],"neighbors":[],"degree":0,"dstr":"2022-06-02"},{"SEQID":"EPI_ISL_14116875","GNODEID":"G-3.1","TAGID":"BA-2-29-0122","cat_id":"staff","type":"CD","date":44714,"category":"staff","association":"KS","highlight":{},"emphasize":"Y","dint":1654128000000,"age":"","index":67,"edges":[],"neighbors":[],"degree":0,"dstr":"2022-06-02"},{"SEQID":"EPI_ISL_14116897","GNODEID":"G-2.14.2.1","TAGID":"BA-2-29-0123","cat_id":"client","type":"CD","date":44715,"category":"client","association":"KN","highlight":{},"emphasize":"N","dint":1654214400000,"age":"","index":68,"edges":[],"neighbors":[],"degree":0,"dstr":"2022-06-03"},{"SEQID":"EPI_ISL_14116914","GNODEID":"G-2.4.2","TAGID":"BA-2-29-0127","cat_id":"staff","type":"CD","date":44715,"category":"staff","association":"KS","highlight":{},"emphasize":"Y","dint":1654214400000,"age":"","index":69,"edges":[],"neighbors":[],"degree":0,"dstr":"2022-06-03"},{"SEQID":"EPI_ISL_14116938","GNODEID":"G-2.26","TAGID":"BA-2-29-0128","cat_id":"staff","type":"CD","date":44715,"category":"staff","association":"KS","highlight":{},"emphasize":"N","dint":1654214400000,"age":"","index":70,"edges":[],"neighbors":[],"degree":0,"dstr":"2022-06-03"},{"SEQID":"EPI_ISL_14116937","GNODEID":"G-2.29","TAGID":"BA-2-29-0129","cat_id":"staff","type":"CD","date":44715,"category":"staff","association":"KS","highlight":{},"emphasize":"N","dint":1654214400000,"age":"","index":71,"edges":[],"neighbors":[],"degree":0,"dstr":"2022-06-03"},{"SEQID":"EPI_ISL_14117432","GNODEID":"G-2.7.6","TAGID":"BA-2-29-0130","cat_id":"client","type":"CD","date":44713,"category":"client","association":"KS","highlight":{},"emphasize":"N","dint":1654041600000,"age":"","index":72,"edges":[],"neighbors":[],"degree":0,"dstr":"2022-06-01"},{"SEQID":"EPI_ISL_14117475","GNODEID":"G-2.34.1.3","TAGID":"BA-2-29-0131","cat_id":"staff","type":"CD","date":44715,"category":"staff","association":"KS","highlight":{},"emphasize":"Y","dint":1654214400000,"age":"","index":73,"edges":[],"neighbors":[],"degree":0,"dstr":"2022-06-03"},{"SEQID":"EPI_ISL_14117455","GNODEID":"G-2.17","TAGID":"BA-2-29-0132","cat_id":"client","type":"CD","date":44714,"category":"client","association":"KS","highlight":{},"emphasize":"Y","dint":1654128000000,"age":"","index":74,"edges":[],"neighbors":[],"degree":0,"dstr":"2022-06-02"},{"SEQID":"EPI_ISL_14119432","GNODEID":"G-2.7.3.2","TAGID":"BA-2-29-0138","cat_id":"client","type":"CD","date":44715,"category":"client","association":"KY","highlight":{},"emphasize":"Y","dint":1654214400000,"age":"","index":75,"edges":[],"neighbors":[],"degree":0,"dstr":"2022-06-03"},{"SEQID":"EPI_ISL_14119431","GNODEID":"G-2.7.3.1","TAGID":"BA-2-29-0139","cat_id":"client","type":"CD","date":44715,"category":"client","association":"KY","highlight":{},"emphasize":"Y","dint":1654214400000,"age":"","index":76,"edges":[],"neighbors":[],"degree":0,"dstr":"2022-06-03"},{"SEQID":"EPI_ISL_14119678","GNODEID":"G-2.7.1","TAGID":"BA-2-29-0140","cat_id":"staff","type":"CD","date":44714,"category":"staff","association":"CS","highlight":{},"emphasize":"N","dint":1654128000000,"age":"","index":77,"edges":[],"neighbors":[],"degree":0,"dstr":"2022-06-02"},{"SEQID":"EPI_ISL_14119984","GNODEID":"G-2.35.4","TAGID":"BA-2-29-0141","cat_id":"staff","type":"CD","date":44713,"category":"staff","association":"なし","highlight":{},"emphasize":"N","dint":1654041600000,"age":"","index":78,"edges":[],"neighbors":[],"degree":0,"dstr":"2022-06-01"},{"SEQID":"EPI_ISL_14120943","GNODEID":"G-2.27","TAGID":"BA-2-29-0142","cat_id":"staff","type":"CD","date":44715,"category":"staff","association":"CS","highlight":{},"emphasize":"Y","dint":1654214400000,"age":"","index":79,"edges":[],"neighbors":[],"degree":0,"dstr":"2022-06-03"},{"SEQID":"EPI_ISL_14139744","GNODEID":"G-2.35.3","TAGID":"BA-2-29-0144","cat_id":"client","type":"CD","date":44715,"category":"client","association":"TO","highlight":{},"emphasize":"N","dint":1654214400000,"age":"","index":80,"edges":[],"neighbors":[],"degree":0,"dstr":"2022-06-03"}],"edges":[{"LINKID":"L-1","TAG_from":"EPI_ISL_13351640","TAG_to":"EPI_ISL_13843071","label":"家族","src":-1,"dst":-1}],"epi":[{"SEQID":"REF","GNODEID":"G-1"},{"SEQID":"EPI_ISL_14109925","GNODEID":"G-2"},{"SEQID":"EPI_ISL_14116654","GNODEID":"G-2.1"},{"SEQID":"EPI_ISL_14110173","GNODEID":"G-2.1.1"},{"SEQID":"EPI_ISL_14113192","GNODEID":"G-2.1.2"},{"SEQID":"EPI_ISL_14112823","GNODEID":"G-2.1.3"},{"SEQID":"EPI_ISL_14110884","GNODEID":"G-2.1.4"},{"SEQID":"EPI_ISL_14114741","GNODEID":"G-2.1.4.1"},{"SEQID":"EPI_ISL_13512724","GNODEID":"G-2.1.5"},{"SEQID":"EPI_ISL_14113219","GNODEID":"G-2.1.5"},{"SEQID":"EPI_ISL_14113706","GNODEID":"G-2.1.6"},{"SEQID":"EPI_ISL_14115154","GNODEID":"G-2.1.6.1"},{"SEQID":"EPI_ISL_14109931","GNODEID":"G-2.2"},{"SEQID":"EPI_ISL_14114928","GNODEID":"G-2.3"},{"SEQID":"EPI_ISL_14112810","GNODEID":"G-2.4.1"},{"SEQID":"EPI_ISL_14116914","GNODEID":"G-2.4.2"},{"SEQID":"EPI_ISL_14110172","GNODEID":"G-2.5"},{"SEQID":"EPI_ISL_14114838","GNODEID":"G-2.6"},{"SEQID":"EPI_ISL_14116796","GNODEID":"G-2.6.1"},{"SEQID":"EPI_ISL_14119678","GNODEID":"G-2.7.1"},{"SEQID":"EPI_ISL_14111690","GNODEID":"G-2.7.2"},{"SEQID":"EPI_ISL_14113981","GNODEID":"G-2.7.2.1"},{"SEQID":"EPI_ISL_14119431","GNODEID":"G-2.7.3.1"},{"SEQID":"EPI_ISL_14119432","GNODEID":"G-2.7.3.2"},{"SEQID":"EPI_ISL_14114426","GNODEID":"G-2.7.4"},{"SEQID":"EPI_ISL_14114428","GNODEID":"G-2.7.4.1"},{"SEQID":"EPI_ISL_14111998","GNODEID":"G-2.7.5"},{"SEQID":"EPI_ISL_14112036","GNODEID":"G-2.7.5.1"},{"SEQID":"EPI_ISL_14109937","GNODEID":"G-2.7.5.2"},{"SEQID":"EPI_ISL_14109935","GNODEID":"G-2.7.5.2.1"},{"SEQID":"EPI_ISL_14117432","GNODEID":"G-2.7.6"},{"SEQID":"EPI_ISL_13512701","GNODEID":"G-2.7.7"},{"SEQID":"EPI_ISL_14114535","GNODEID":"G-2.7.8"},{"SEQID":"EPI_ISL_13650900","GNODEID":"G-2.8"},{"SEQID":"EPI_ISL_14116876","GNODEID":"G-2.8"},{"SEQID":"EPI_ISL_14114901","GNODEID":"G-2.9"},{"SEQID":"EPI_ISL_14113391","GNODEID":"G-2.10"},{"SEQID":"EPI_ISL_14115250","GNODEID":"G-2.11"},{"SEQID":"EPI_ISL_14110785","GNODEID":"G-2.12.1"},{"SEQID":"EPI_ISL_14112024","GNODEID":"G-2.12.2"},{"SEQID":"EPI_ISL_14114903","GNODEID":"G-2.12.3"},{"SEQID":"EPI_ISL_14114651","GNODEID":"G-2.13"},{"SEQID":"EPI_ISL_14110797","GNODEID":"G-2.14.1"},{"SEQID":"EPI_ISL_14113389","GNODEID":"G-2.14.2"},{"SEQID":"EPI_ISL_14116897","GNODEID":"G-2.14.2.1"},{"SEQID":"EPI_ISL_14112827","GNODEID":"G-2.15"},{"SEQID":"EPI_ISL_13651683","GNODEID":"G-2.15.1"},{"SEQID":"EPI_ISL_14114670","GNODEID":"G-2.15.2"},{"SEQID":"EPI_ISL_14115219","GNODEID":"G-2.16"},{"SEQID":"EPI_ISL_14114756","GNODEID":"G-2.16.1"},{"SEQID":"EPI_ISL_14117455","GNODEID":"G-2.17"},{"SEQID":"EPI_ISL_14112829","GNODEID":"G-2.18"},{"SEQID":"EPI_ISL_14115232","GNODEID":"G-2.18.1"},{"SEQID":"EPI_ISL_13351630","GNODEID":"G-2.19"},{"SEQID":"EPI_ISL_14113734","GNODEID":"G-2.20"},{"SEQID":"EPI_ISL_13650911","GNODEID":"G-2.20.1"},{"SEQID":"EPI_ISL_13651442","GNODEID":"G-2.21"},{"SEQID":"EPI_ISL_14111683","GNODEID":"G-2.22"},{"SEQID":"EPI_ISL_14112031","GNODEID":"G-2.23"},{"SEQID":"EPI_ISL_14112125","GNODEID":"G-2.24"},{"SEQID":"EPI_ISL_13650914","GNODEID":"G-2.25.1"},{"SEQID":"EPI_ISL_14116804","GNODEID":"G-2.25.2"},{"SEQID":"EPI_ISL_14116938","GNODEID":"G-2.26"},{"SEQID":"EPI_ISL_14120943","GNODEID":"G-2.27"},{"SEQID":"EPI_ISL_14114657","GNODEID":"G-2.28"},{"SEQID":"EPI_ISL_14116937","GNODEID":"G-2.29"},{"SEQID":"EPI_ISL_13651408","GNODEID":"G-2.30.1"},{"SEQID":"EPI_ISL_14116815","GNODEID":"G-2.30.2"},{"SEQID":"EPI_ISL_14113195","GNODEID":"G-2.31"},{"SEQID":"EPI_ISL_13650825","GNODEID":"G-2.32"},{"SEQID":"EPI_ISL_14117987","GNODEID":"G-2.32"},{"SEQID":"EPI_ISL_14109942","GNODEID":"G-2.33"},{"SEQID":"EPI_ISL_13512753","GNODEID":"G-2.34"},{"SEQID":"EPI_ISL_14112936","GNODEID":"G-2.34"},{"SEQID":"EPI_ISL_14112019","GNODEID":"G-2.34.1.1"},{"SEQID":"EPI_ISL_14114895","GNODEID":"G-2.34.1.2"},{"SEQID":"EPI_ISL_14117475","GNODEID":"G-2.34.1.3"},{"SEQID":"EPI_ISL_14540329","GNODEID":"G-2.34.2"},{"SEQID":"EPI_ISL_14110859","GNODEID":"G-2.35"},{"SEQID":"EPI_ISL_14115004","GNODEID":"G-2.35.1"},{"SEQID":"EPI_ISL_14114777","GNODEID":"G-2.35.2"},{"SEQID":"EPI_ISL_14139744","GNODEID":"G-2.35.3"},{"SEQID":"EPI_ISL_14119984","GNODEID":"G-2.35.4"},{"SEQID":"EPI_ISL_14114433","GNODEID":"G-2.35.4.1"},{"SEQID":"EPI_ISL_13651483","GNODEID":"G-3.1"},{"SEQID":"EPI_ISL_14116875","GNODEID":"G-3.1"},{"SEQID":"EPI_ISL_14113381","GNODEID":"G-3.2"}],"tree":[{"label":"G-0","length":0,"edges":["G-1","G-2","G-3"],"subs":0},{"label":"G-1","length":0.0013519477,"edges":[],"subs":58},{"label":"G-2","length":0.0000251385,"edges":["G-2.1","G-2.2","G-2.3","G-2.4","G-2.5","G-2.6","G-2.7","G-2.8","G-2.9","G-2.10","G-2.11","G-2.12","G-2.13","G-2.14","G-2.15","G-2.16","G-2.17","G-2.18","G-2.19","G-2.20","G-2.21","G-2.22","G-2.23","G-2.24","G-2.25","G-2.26","G-2.27","G-2.28","G-2.29","G-2.30","G-2.31","G-2.32","G-2.33","G-2.34","G-2.35"],"subs":1},{"label":"G-2.1","length":0.0000753783,"edges":["G-2.1.1","G-2.1.2","G-2.1.3","G-2.1.4","G-2.1.5","G-2.1.6"],"subs":3},{"label":"G-2.1.1","length":0.0000502341,"edges":[],"subs":2},{"label":"G-2.1.2","length":0.0000251341,"edges":[],"subs":1},{"label":"G-2.1.3","length":0.00007542800000000002,"edges":[],"subs":3},{"label":"G-2.1.4","length":0.000025180099999999996,"edges":["G-2.1.4.1"],"subs":1},{"label":"G-2.1.4.1","length":0.0000502464,"edges":[],"subs":2},{"label":"G-2.1.5","length":0.000025201899999999997,"edges":[],"subs":1},{"label":"G-2.1.6","length":0.0000252029,"edges":["G-2.1.6.1"],"subs":1},{"label":"G-2.1.6.1","length":0.000025128,"edges":[],"subs":1},{"label":"G-2.2","length":0.00007536000000000001,"edges":[],"subs":3},{"label":"G-2.3","length":0.000050262,"edges":[],"subs":2},{"label":"G-2.4","length":0.000025148299999999998,"edges":["G-2.4.1","G-2.4.2"],"subs":1},{"label":"G-2.4.1","length":0.0000502076,"edges":[],"subs":2},{"label":"G-2.4.2","length":0.000050222,"edges":[],"subs":2},{"label":"G-2.5","length":0.000025169699999999997,"edges":[],"subs":1},{"label":"G-2.6","length":0.000025180199999999997,"edges":["G-2.6.1"],"subs":1},{"label":"G-2.6.1","length":0.0000501844,"edges":[],"subs":2},{"label":"G-2.7","length":0.000025176499999999995,"edges":["G-2.7.1","G-2.7.2","G-2.7.3","G-2.7.4","G-2.7.5","G-2.7.6","G-2.7.7","G-2.7.8"],"subs":1},{"label":"G-2.7.1","length":0.0000250166,"edges":[],"subs":1},{"label":"G-2.7.2","length":0.0000500712,"edges":["G-2.7.2.1"],"subs":2},{"label":"G-2.7.2.1","length":0.0000752797,"edges":[],"subs":3},{"label":"G-2.7.3","length":0.0000251138,"edges":["G-2.7.3.1","G-2.7.3.2"],"subs":1},{"label":"G-2.7.3.1","length":0.0000501522,"edges":[],"subs":2},{"label":"G-2.7.3.2","length":0.0000249902,"edges":[],"subs":1},{"label":"G-2.7.4","length":0.0000501194,"edges":["G-2.7.4.1"],"subs":2},{"label":"G-2.7.4.1","length":0.0000250301,"edges":[],"subs":1},{"label":"G-2.7.5","length":0.000050203499999999995,"edges":["G-2.7.5.1","G-2.7.5.2"],"subs":2},{"label":"G-2.7.5.1","length":0.0000250806,"edges":[],"subs":1},{"label":"G-2.7.5.2","length":0.0000250939,"edges":["G-2.7.5.2.1"],"subs":1},{"label":"G-2.7.5.2.1","length":0.0000250761,"edges":[],"subs":1},{"label":"G-2.7.6","length":0.0000501496,"edges":[],"subs":2},{"label":"G-2.7.7","length":0.000025124299999999996,"edges":[],"subs":1},{"label":"G-2.7.8","length":0.000025129599999999997,"edges":[],"subs":1},{"label":"G-2.8","length":0.000050246399999999994,"edges":[],"subs":2},{"label":"G-2.9","length":0.000025197299999999993,"edges":[],"subs":1},{"label":"G-2.10","length":0.0000502697,"edges":[],"subs":2},{"label":"G-2.11","length":0.00005028849999999999,"edges":[],"subs":2},{"label":"G-2.12","length":0.000025223699999999994,"edges":["G-2.12.1","G-2.12.2","G-2.12.3"],"subs":1},{"label":"G-2.12.1","length":0.0001755299,"edges":[],"subs":7},{"label":"G-2.12.2","length":0.0000250703,"edges":[],"subs":1},{"label":"G-2.12.3","length":0.000050129,"edges":[],"subs":2},{"label":"G-2.13","length":0.00010040700000000008,"edges":[],"subs":4},{"label":"G-2.14","length":0.00005029999999999999,"edges":["G-2.14.1","G-2.14.2"],"subs":2},{"label":"G-2.14.1","length":0.0000751414,"edges":[],"subs":3},{"label":"G-2.14.2","length":0.0000250118,"edges":["G-2.14.2.1"],"subs":1},{"label":"G-2.14.2.1","length":0.0000500656,"edges":[],"subs":2},{"label":"G-2.15","length":0.000025249399999999992,"edges":["G-2.15.1","G-2.15.2"],"subs":1},{"label":"G-2.15.1","length":0.000025034099999999998,"edges":[],"subs":1},{"label":"G-2.15.2","length":0.0000250389,"edges":[],"subs":1},{"label":"G-2.16","length":0.000025261799999999992,"edges":["G-2.16.1"],"subs":1},{"label":"G-2.16.1","length":0.0001001749,"edges":[],"subs":4},{"label":"G-2.17","length":0.00005029749999999999,"edges":[],"subs":2},{"label":"G-2.18","length":0.00002528449999999999,"edges":["G-2.18.1"],"subs":1},{"label":"G-2.18.1","length":0.0000250113,"edges":[],"subs":1},{"label":"G-2.19","length":0.00002530169999999999,"edges":[],"subs":1},{"label":"G-2.20","length":0.00002531139999999999,"edges":["G-2.20.1"],"subs":1},{"label":"G-2.20.1","length":0.0000250078,"edges":[],"subs":1},{"label":"G-2.21","length":0.00002532539999999999,"edges":[],"subs":1},{"label":"G-2.22","length":0.00007538100000000014,"edges":[],"subs":3},{"label":"G-2.23","length":0.00005037419999999999,"edges":[],"subs":2},{"label":"G-2.24","length":0.00007550160000000016,"edges":[],"subs":3},{"label":"G-2.25","length":0.000025385399999999986,"edges":["G-2.25.1","G-2.25.2"],"subs":1},{"label":"G-2.25.1","length":0.0000500093,"edges":[],"subs":2},{"label":"G-2.25.2","length":0.0000499999,"edges":[],"subs":2},{"label":"G-2.26","length":0.000025400599999999985,"edges":[],"subs":1},{"label":"G-2.27","length":0.000025417899999999986,"edges":[],"subs":1},{"label":"G-2.28","length":0.00010046560000000019,"edges":[],"subs":4},{"label":"G-2.29","length":0.000050427499999999984,"edges":[],"subs":2},{"label":"G-2.30","length":0.000025451099999999984,"edges":["G-2.30.1","G-2.30.2"],"subs":1},{"label":"G-2.30.1","length":0.0000249765,"edges":[],"subs":1},{"label":"G-2.30.2","length":0.000049959,"edges":[],"subs":2},{"label":"G-2.31","length":0.00007544630000000019,"edges":[],"subs":3},{"label":"G-2.32","length":0.000025206,"edges":[],"subs":1},{"label":"G-2.33","length":0.0000252234,"edges":[],"subs":1},{"label":"G-2.34","length":0.0000252388,"edges":["G-2.34.1","G-2.34.2"],"subs":1},{"label":"G-2.34.1","length":0.0000252222,"edges":["G-2.34.1.1","G-2.34.1.2","G-2.34.1.3"],"subs":1},{"label":"G-2.34.1.1","length":0.0000251909,"edges":[],"subs":1},{"label":"G-2.34.1.2","length":0.0000504262,"edges":[],"subs":2},{"label":"G-2.34.1.3","length":0.0000504146,"edges":[],"subs":2},{"label":"G-2.34.2","length":0.000025220999999999998,"edges":[],"subs":1},{"label":"G-2.35","length":0.000025248,"edges":["G-2.35.1","G-2.35.2","G-2.35.3","G-2.35.4"],"subs":1},{"label":"G-2.35.1","length":0.0000252034,"edges":[],"subs":1},{"label":"G-2.35.2","length":0.0001008785,"edges":[],"subs":4},{"label":"G-2.35.3","length":0.0000504502,"edges":[],"subs":2},{"label":"G-2.35.4","length":0.0000252633,"edges":["G-2.35.4.1"],"subs":1},{"label":"G-2.35.4.1","length":0.0000251661,"edges":[],"subs":1},{"label":"G-3","length":0.0000504002,"edges":["G-3.1","G-3.2"],"subs":2},{"label":"G-3.1","length":0.0000504005,"edges":[],"subs":2},{"label":"G-3.2","length":0.0000755953,"edges":[],"subs":3}],"dist":{"period":7.53047240124825,"phase":6.53047240124825,"interval":0.000003087749119373777}}