{"nodes":[{"SEQID":"EPI_ISL_13692293","GNODEID":"G-2.2","TAGID":"BA-2-3-13-0001","cat_id":"staff","type":"CD","date":44743,"category":"staff","association":"KN","highlight":{},"emphasize":"Y","dint":1656633600000,"age":"","index":0,"edges":[],"neighbors":[],"degree":0,"dstr":"2022-07-01"},{"SEQID":"EPI_ISL_13692305","GNODEID":"G-3","TAGID":"BA-2-3-13-0002","cat_id":"staff","type":"CD","date":44745,"category":"staff","association":"KN","highlight":{},"emphasize":"N","dint":1656806400000,"age":"","index":1,"edges":[],"neighbors":[],"degree":0,"dstr":"2022-07-03"},{"SEQID":"EPI_ISL_13762811","GNODEID":"G-2.1.2","TAGID":"BA-2-3-13-0003","cat_id":"client","type":"CD","date":44748,"category":"client","association":"KS","highlight":{},"emphasize":"N","dint":1657065600000,"age":"","index":2,"edges":[],"neighbors":[],"degree":0,"dstr":"2022-07-06"},{"SEQID":"EPI_ISL_13843051","GNODEID":"G-2.1.1","TAGID":"BA-2-3-13-0004","cat_id":"client","type":"CD","date":44749,"category":"client","association":"KN","highlight":{},"emphasize":"N","dint":1657152000000,"age":"","index":3,"edges":[],"neighbors":[],"degree":0,"dstr":"2022-07-07"},{"SEQID":"EPI_ISL_13843048","GNODEID":"G-2","TAGID":"BA-2-3-13-0006","cat_id":"client","type":"CD","date":44749,"category":"client","association":"KN","highlight":{},"emphasize":"N","dint":1657152000000,"age":"","index":4,"edges":[],"neighbors":[],"degree":0,"dstr":"2022-07-07"},{"SEQID":"EPI_ISL_13843047","GNODEID":"G-2.1","TAGID":"BA-2-3-13-0007","cat_id":"staff","type":"CD","date":44749,"category":"staff","association":"KN","highlight":{},"emphasize":"Y","dint":1657152000000,"age":"","index":5,"edges":[],"neighbors":[],"degree":0,"dstr":"2022-07-07"},{"SEQID":"EPI_ISL_14082014","GNODEID":"G-2.3","TAGID":"BA-2-3-13-0016","cat_id":"staff","type":"CD","date":44746,"category":"staff","association":"KS","highlight":{},"emphasize":"Y","dint":1656892800000,"age":"","index":6,"edges":[],"neighbors":[],"degree":0,"dstr":"2022-07-04"},{"SEQID":"EPI_ISL_14082028","GNODEID":"G-2.3.20","TAGID":"BA-2-3-13-0017","cat_id":"client","type":"CD","date":44743,"category":"client","association":"KS","highlight":{},"emphasize":"Y","dint":1656633600000,"age":"","index":7,"edges":[],"neighbors":[],"degree":0,"dstr":"2022-07-01"},{"SEQID":"EPI_ISL_14081916","GNODEID":"G-2.3","TAGID":"BA-2-3-13-0018","cat_id":"client","type":"CD","date":44746,"category":"client","association":"KS","highlight":{},"emphasize":"Y","dint":1656892800000,"age":"","index":8,"edges":[],"neighbors":[],"degree":0,"dstr":"2022-07-04"},{"SEQID":"EPI_ISL_14081873","GNODEID":"G-2.3","TAGID":"BA-2-3-13-0020","cat_id":"client","type":"CD","date":44746,"category":"client","association":"KS","highlight":{},"emphasize":"N","dint":1656892800000,"age":"","index":9,"edges":[],"neighbors":[],"degree":0,"dstr":"2022-07-04"},{"SEQID":"EPI_ISL_14082275","GNODEID":"G-2.3.10","TAGID":"BA-2-3-13-0022","cat_id":"client","type":"CD","date":44743,"category":"client","association":"KS","highlight":{},"emphasize":"N","dint":1656633600000,"age":"","index":10,"edges":[],"neighbors":[],"degree":0,"dstr":"2022-07-01"},{"SEQID":"EPI_ISL_14082284","GNODEID":"G-2.3.12","TAGID":"BA-2-3-13-0023","cat_id":"staff","type":"CD","date":44743,"category":"staff","association":"KS","highlight":{},"emphasize":"Y","dint":1656633600000,"age":"","index":11,"edges":[],"neighbors":[],"degree":0,"dstr":"2022-07-01"},{"SEQID":"EPI_ISL_14089148","GNODEID":"G-2.3","TAGID":"BA-2-3-13-0027","cat_id":"client","type":"CD","date":44743,"category":"client","association":"KS","highlight":{},"emphasize":"N","dint":1656633600000,"age":"","index":12,"edges":[],"neighbors":[],"degree":0,"dstr":"2022-07-01"},{"SEQID":"EPI_ISL_14089230","GNODEID":"G-2.3.18","TAGID":"BA-2-3-13-0029","cat_id":"client","type":"CD","date":44744,"category":"client","association":"KS","highlight":{},"emphasize":"Y","dint":1656720000000,"age":"","index":13,"edges":[],"neighbors":[],"degree":0,"dstr":"2022-07-02"},{"SEQID":"EPI_ISL_14089212","GNODEID":"G-2.3","TAGID":"BA-2-3-13-0030","cat_id":"staff","type":"CD","date":44744,"category":"staff","association":"KS","highlight":{},"emphasize":"Y","dint":1656720000000,"age":"","index":14,"edges":[],"neighbors":[],"degree":0,"dstr":"2022-07-02"},{"SEQID":"EPI_ISL_14089494","GNODEID":"G-2.3.1","TAGID":"BA-2-3-13-0033","cat_id":"staff","type":"CD","date":44746,"category":"staff","association":"KS","highlight":{},"emphasize":"Y","dint":1656892800000,"age":"","index":15,"edges":[],"neighbors":[],"degree":0,"dstr":"2022-07-04"},{"SEQID":"EPI_ISL_14510508","GNODEID":"G-2.3.14.2","TAGID":"BA-2-3-13-0035","cat_id":"client","type":"CD","date":44747,"category":"client","association":"KS","highlight":{},"emphasize":"N","dint":1656979200000,"age":"","index":16,"edges":[],"neighbors":[],"degree":0,"dstr":"2022-07-05"},{"SEQID":"EPI_ISL_14510612","GNODEID":"G-2.3.14.1","TAGID":"BA-2-3-13-0037","cat_id":"staff","type":"CD","date":44748,"category":"staff","association":"KS","highlight":{},"emphasize":"Y","dint":1657065600000,"age":"","index":17,"edges":[],"neighbors":[],"degree":0,"dstr":"2022-07-06"},{"SEQID":"EPI_ISL_14510579","GNODEID":"G-2.3.23","TAGID":"BA-2-3-13-0038","cat_id":"staff","type":"CD","date":44748,"category":"staff","association":"KS","highlight":{},"emphasize":"Y","dint":1657065600000,"age":"","index":18,"edges":[],"neighbors":[],"degree":0,"dstr":"2022-07-06"},{"SEQID":"EPI_ISL_14510889","GNODEID":"G-2.3","TAGID":"BA-2-3-13-0039","cat_id":"staff","type":"CD","date":44748,"category":"staff","association":"KS","highlight":{},"emphasize":"Y","dint":1657065600000,"age":"","index":19,"edges":[],"neighbors":[],"degree":0,"dstr":"2022-07-06"},{"SEQID":"EPI_ISL_14510907","GNODEID":"G-2.3.14.1","TAGID":"BA-2-3-13-0041","cat_id":"staff","type":"CD","date":44748,"category":"staff","association":"KS","highlight":{},"emphasize":"N","dint":1657065600000,"age":"","index":20,"edges":[],"neighbors":[],"degree":0,"dstr":"2022-07-06"},{"SEQID":"EPI_ISL_14511085","GNODEID":"G-2.3.36","TAGID":"BA-2-3-13-0044","cat_id":"client","type":"CD","date":44748,"category":"client","association":"KS","highlight":{},"emphasize":"Y","dint":1657065600000,"age":"","index":21,"edges":[],"neighbors":[],"degree":0,"dstr":"2022-07-06"},{"SEQID":"EPI_ISL_14094130","GNODEID":"G-2.3.19.2","TAGID":"BA-2-3-13-0047","cat_id":"client","type":"CD","date":44744,"category":"client","association":"KS","highlight":{},"emphasize":"Y","dint":1656720000000,"age":"","index":22,"edges":[],"neighbors":[],"degree":0,"dstr":"2022-07-02"},{"SEQID":"EPI_ISL_14094382","GNODEID":"G-2.3.14.2","TAGID":"BA-2-3-13-0048","cat_id":"staff","type":"CD","date":44746,"category":"staff","association":"KS","highlight":{},"emphasize":"Y","dint":1656892800000,"age":"","index":23,"edges":[],"neighbors":[],"degree":0,"dstr":"2022-07-04"},{"SEQID":"EPI_ISL_14094332","GNODEID":"G-2.3","TAGID":"BA-2-3-13-0049","cat_id":"client","type":"CD","date":44746,"category":"client","association":"KS","highlight":{},"emphasize":"N","dint":1656892800000,"age":"","index":24,"edges":[],"neighbors":[],"degree":0,"dstr":"2022-07-04"},{"SEQID":"EPI_ISL_14095885","GNODEID":"G-2.3","TAGID":"BA-2-3-13-0051","cat_id":"client","type":"CD","date":44746,"category":"client","association":"KS","highlight":{},"emphasize":"N","dint":1656892800000,"age":"","index":25,"edges":[],"neighbors":[],"degree":0,"dstr":"2022-07-04"},{"SEQID":"EPI_ISL_14095646","GNODEID":"G-2.3.14","TAGID":"BA-2-3-13-0053","cat_id":"client","type":"CD","date":44746,"category":"client","association":"KS","highlight":{},"emphasize":"N","dint":1656892800000,"age":"","index":26,"edges":[],"neighbors":[],"degree":0,"dstr":"2022-07-04"},{"SEQID":"EPI_ISL_14524125","GNODEID":"G-2.3.13","TAGID":"BA-2-3-13-0063","cat_id":"client","type":"CD","date":44750,"category":"client","association":"KS","highlight":{},"emphasize":"N","dint":1657238400000,"age":"","index":27,"edges":[],"neighbors":[],"degree":0,"dstr":"2022-07-08"},{"SEQID":"EPI_ISL_14534699","GNODEID":"G-2.3.12","TAGID":"BA-2-3-13-0064","cat_id":"staff","type":"CD","date":44749,"category":"staff","association":"KS","highlight":{},"emphasize":"Y","dint":1657152000000,"age":"","index":28,"edges":[],"neighbors":[],"degree":0,"dstr":"2022-07-07"},{"SEQID":"EPI_ISL_14128162","GNODEID":"G-2.3","TAGID":"BA-2-3-13-0065","cat_id":"client","type":"CD","date":44744,"category":"client","association":"KY","highlight":{},"emphasize":"Y","dint":1656720000000,"age":"","index":29,"edges":[],"neighbors":[],"degree":0,"dstr":"2022-07-02"},{"SEQID":"EPI_ISL_14128321","GNODEID":"G-2.3.25","TAGID":"BA-2-3-13-0066","cat_id":"staff","type":"CD","date":44744,"category":"staff","association":"KY","highlight":{},"emphasize":"Y","dint":1656720000000,"age":"","index":30,"edges":[],"neighbors":[],"degree":0,"dstr":"2022-07-02"},{"SEQID":"EPI_ISL_14128317","GNODEID":"G-2.3.15","TAGID":"BA-2-3-13-0067","cat_id":"client","type":"CD","date":44744,"category":"client","association":"KY","highlight":{},"emphasize":"Y","dint":1656720000000,"age":"","index":31,"edges":[],"neighbors":[],"degree":0,"dstr":"2022-07-02"},{"SEQID":"EPI_ISL_14128949","GNODEID":"G-2.3.11","TAGID":"BA-2-3-13-0069","cat_id":"client","type":"CD","date":44743,"category":"client","association":"なし","highlight":{},"emphasize":"Y","dint":1656633600000,"age":"","index":32,"edges":[],"neighbors":[],"degree":0,"dstr":"2022-07-01"},{"SEQID":"EPI_ISL_14129451","GNODEID":"G-2.3.19.1","TAGID":"BA-2-3-13-0070","cat_id":"client","type":"CD","date":44744,"category":"client","association":"TO","highlight":{},"emphasize":"Y","dint":1656720000000,"age":"","index":33,"edges":[],"neighbors":[],"degree":0,"dstr":"2022-07-02"},{"SEQID":"EPI_ISL_14130103","GNODEID":"G-2.3","TAGID":"BA-2-3-13-0071","cat_id":"client","type":"CD","date":44746,"category":"client","association":"CS","highlight":{},"emphasize":"N","dint":1656892800000,"age":"","index":34,"edges":[],"neighbors":[],"degree":0,"dstr":"2022-07-04"},{"SEQID":"EPI_ISL_14130020","GNODEID":"G-2.3.12","TAGID":"BA-2-3-13-0072","cat_id":"staff","type":"CD","date":44746,"category":"staff","association":"なし","highlight":{},"emphasize":"Y","dint":1656892800000,"age":"","index":35,"edges":[],"neighbors":[],"degree":0,"dstr":"2022-07-04"},{"SEQID":"EPI_ISL_14130133","GNODEID":"G-2.3","TAGID":"BA-2-3-13-0073","cat_id":"staff","type":"CD","date":44743,"category":"staff","association":"CS","highlight":{},"emphasize":"Y","dint":1656633600000,"age":"","index":36,"edges":[],"neighbors":[],"degree":0,"dstr":"2022-07-01"},{"SEQID":"EPI_ISL_14130137","GNODEID":"G-2.3.37","TAGID":"BA-2-3-13-0074","cat_id":"staff","type":"CD","date":44745,"category":"staff","association":"CS","highlight":{},"emphasize":"Y","dint":1656806400000,"age":"","index":37,"edges":[],"neighbors":[],"degree":0,"dstr":"2022-07-03"},{"SEQID":"EPI_ISL_14130147","GNODEID":"G-2.3","TAGID":"BA-2-3-13-0075","cat_id":"client","type":"CD","date":44743,"category":"client","association":"CS","highlight":{},"emphasize":"Y","dint":1656633600000,"age":"","index":38,"edges":[],"neighbors":[],"degree":0,"dstr":"2022-07-01"},{"SEQID":"EPI_ISL_14130109","GNODEID":"G-2.4.1","TAGID":"BA-2-3-13-0076","cat_id":"staff","type":"CD","date":44746,"category":"staff","association":"CS","highlight":{},"emphasize":"N","dint":1656892800000,"age":"","index":39,"edges":[],"neighbors":[],"degree":0,"dstr":"2022-07-04"},{"SEQID":"EPI_ISL_14130116","GNODEID":"G-2.3.35.1","TAGID":"BA-2-3-13-0077","cat_id":"client","type":"CD","date":44746,"category":"client","association":"CS","highlight":{},"emphasize":"N","dint":1656892800000,"age":"","index":40,"edges":[],"neighbors":[],"degree":0,"dstr":"2022-07-04"},{"SEQID":"EPI_ISL_14130232","GNODEID":"G-2.3.25","TAGID":"BA-2-3-13-0079","cat_id":"client","type":"CD","date":44743,"category":"client","association":"KY","highlight":{},"emphasize":"Y","dint":1656633600000,"age":"","index":41,"edges":[],"neighbors":[],"degree":0,"dstr":"2022-07-01"},{"SEQID":"EPI_ISL_14130281","GNODEID":"G-2.3.25","TAGID":"BA-2-3-13-0081","cat_id":"client","type":"CD","date":44746,"category":"client","association":"KY","highlight":{},"emphasize":"Y","dint":1656892800000,"age":"","index":42,"edges":[],"neighbors":[],"degree":0,"dstr":"2022-07-04"},{"SEQID":"EPI_ISL_14130306","GNODEID":"G-2.3.17","TAGID":"BA-2-3-13-0082","cat_id":"client","type":"CD","date":44746,"category":"client","association":"KY","highlight":{},"emphasize":"Y","dint":1656892800000,"age":"","index":43,"edges":[],"neighbors":[],"degree":0,"dstr":"2022-07-04"},{"SEQID":"EPI_ISL_14130523","GNODEID":"G-2.3.5","TAGID":"BA-2-3-13-0083","cat_id":"staff","type":"CD","date":44743,"category":"staff","association":"KS","highlight":{},"emphasize":"N","dint":1656633600000,"age":"","index":44,"edges":[],"neighbors":[],"degree":0,"dstr":"2022-07-01"},{"SEQID":"EPI_ISL_14130531","GNODEID":"G-2.3.17","TAGID":"BA-2-3-13-0084","cat_id":"client","type":"CD","date":44743,"category":"client","association":"KS","highlight":{},"emphasize":"Y","dint":1656633600000,"age":"","index":45,"edges":[],"neighbors":[],"degree":0,"dstr":"2022-07-01"},{"SEQID":"EPI_ISL_14131502","GNODEID":"G-2.3.29","TAGID":"BA-2-3-13-0085","cat_id":"staff","type":"CD","date":44744,"category":"staff","association":"KY","highlight":{},"emphasize":"Y","dint":1656720000000,"age":"","index":46,"edges":[],"neighbors":[],"degree":0,"dstr":"2022-07-02"},{"SEQID":"EPI_ISL_14133316","GNODEID":"G-2.3.22","TAGID":"BA-2-3-13-0086","cat_id":"staff","type":"CD","date":44746,"category":"staff","association":"TH","highlight":{},"emphasize":"Y","dint":1656892800000,"age":"","index":47,"edges":[],"neighbors":[],"degree":0,"dstr":"2022-07-04"},{"SEQID":"EPI_ISL_14133303","GNODEID":"G-2.3.22","TAGID":"BA-2-3-13-0087","cat_id":"client","type":"CD","date":44743,"category":"client","association":"TH","highlight":{},"emphasize":"Y","dint":1656633600000,"age":"","index":48,"edges":[],"neighbors":[],"degree":0,"dstr":"2022-07-01"},{"SEQID":"EPI_ISL_14133321","GNODEID":"G-2.3.22","TAGID":"BA-2-3-13-0090","cat_id":"staff","type":"CD","date":44743,"category":"staff","association":"TH","highlight":{},"emphasize":"N","dint":1656633600000,"age":"","index":49,"edges":[],"neighbors":[],"degree":0,"dstr":"2022-07-01"},{"SEQID":"EPI_ISL_14133281","GNODEID":"G-2.3","TAGID":"BA-2-3-13-0092","cat_id":"client","type":"CD","date":44743,"category":"client","association":"KS","highlight":{},"emphasize":"N","dint":1656633600000,"age":"","index":50,"edges":[],"neighbors":[],"degree":0,"dstr":"2022-07-01"},{"SEQID":"EPI_ISL_14134650","GNODEID":"G-2.3","TAGID":"BA-2-3-13-0094","cat_id":"client","type":"CD","date":44746,"category":"client","association":"KY","highlight":{},"emphasize":"N","dint":1656892800000,"age":"","index":51,"edges":[],"neighbors":[],"degree":0,"dstr":"2022-07-04"},{"SEQID":"EPI_ISL_14134696","GNODEID":"G-2.3.31","TAGID":"BA-2-3-13-0095","cat_id":"client","type":"CD","date":44746,"category":"client","association":"KY","highlight":{},"emphasize":"N","dint":1656892800000,"age":"","index":52,"edges":[],"neighbors":[],"degree":0,"dstr":"2022-07-04"},{"SEQID":"EPI_ISL_14133652","GNODEID":"G-2.3.2","TAGID":"BA-2-3-13-0097","cat_id":"client","type":"CD","date":44744,"category":"client","association":"HO","highlight":{},"emphasize":"N","dint":1656720000000,"age":"","index":53,"edges":[],"neighbors":[],"degree":0,"dstr":"2022-07-02"},{"SEQID":"EPI_ISL_14134996","GNODEID":"G-2.3.4","TAGID":"BA-2-3-13-0099","cat_id":"client","type":"CD","date":44749,"category":"client","association":"TH","highlight":{},"emphasize":"Y","dint":1657152000000,"age":"","index":54,"edges":[],"neighbors":[],"degree":0,"dstr":"2022-07-07"},{"SEQID":"EPI_ISL_14133656","GNODEID":"G-2.3.2","TAGID":"BA-2-3-13-0100","cat_id":"client","type":"CD","date":44745,"category":"client","association":"HO","highlight":{},"emphasize":"Y","dint":1656806400000,"age":"","index":55,"edges":[],"neighbors":[],"degree":0,"dstr":"2022-07-03"},{"SEQID":"EPI_ISL_14133679","GNODEID":"G-2.3","TAGID":"BA-2-3-13-0101","cat_id":"client","type":"CD","date":44747,"category":"client","association":"TO","highlight":{},"emphasize":"N","dint":1656979200000,"age":"","index":56,"edges":[],"neighbors":[],"degree":0,"dstr":"2022-07-05"},{"SEQID":"EPI_ISL_14133660","GNODEID":"G-2.3.3","TAGID":"BA-2-3-13-0102","cat_id":"client","type":"CD","date":44746,"category":"client","association":"HO","highlight":{},"emphasize":"N","dint":1656892800000,"age":"","index":57,"edges":[],"neighbors":[],"degree":0,"dstr":"2022-07-04"},{"SEQID":"EPI_ISL_14136247","GNODEID":"G-2.3.30","TAGID":"BA-2-3-13-0103","cat_id":"staff","type":"CD","date":44743,"category":"staff","association":"KY","highlight":{},"emphasize":"N","dint":1656633600000,"age":"","index":58,"edges":[],"neighbors":[],"degree":0,"dstr":"2022-07-01"},{"SEQID":"EPI_ISL_14136190","GNODEID":"G-2.3","TAGID":"BA-2-3-13-0104","cat_id":"staff","type":"CD","date":44746,"category":"staff","association":"KY","highlight":{},"emphasize":"N","dint":1656892800000,"age":"","index":59,"edges":[],"neighbors":[],"degree":0,"dstr":"2022-07-04"},{"SEQID":"EPI_ISL_14135499","GNODEID":"G-2.3.9","TAGID":"BA-2-3-13-0106","cat_id":"staff","type":"CD","date":44744,"category":"staff","association":"KN","highlight":{},"emphasize":"N","dint":1656720000000,"age":"","index":60,"edges":[],"neighbors":[],"degree":0,"dstr":"2022-07-02"},{"SEQID":"EPI_ISL_14138107","GNODEID":"G-2.3.3","TAGID":"BA-2-3-13-0108","cat_id":"client","type":"CD","date":44750,"category":"client","association":"HO","highlight":{},"emphasize":"N","dint":1657238400000,"age":"","index":61,"edges":[],"neighbors":[],"degree":0,"dstr":"2022-07-08"},{"SEQID":"EPI_ISL_14138116","GNODEID":"G-2.3.12","TAGID":"BA-2-3-13-0109","cat_id":"client","type":"CD","date":44748,"category":"client","association":"HO","highlight":{},"emphasize":"N","dint":1657065600000,"age":"","index":62,"edges":[],"neighbors":[],"degree":0,"dstr":"2022-07-06"},{"SEQID":"EPI_ISL_14137805","GNODEID":"G-2.3","TAGID":"BA-2-3-13-0111","cat_id":"staff","type":"CD","date":44743,"category":"staff","association":"CS","highlight":{},"emphasize":"N","dint":1656633600000,"age":"","index":63,"edges":[],"neighbors":[],"degree":0,"dstr":"2022-07-01"},{"SEQID":"EPI_ISL_14137855","GNODEID":"G-2.3.21","TAGID":"BA-2-3-13-0112","cat_id":"staff","type":"CD","date":44744,"category":"staff","association":"TH","highlight":{},"emphasize":"Y","dint":1656720000000,"age":"","index":64,"edges":[],"neighbors":[],"degree":0,"dstr":"2022-07-02"},{"SEQID":"EPI_ISL_14137854","GNODEID":"G-2.3.4","TAGID":"BA-2-3-13-0113","cat_id":"client","type":"CD","date":44743,"category":"client","association":"TH","highlight":{},"emphasize":"N","dint":1656633600000,"age":"","index":65,"edges":[],"neighbors":[],"degree":0,"dstr":"2022-07-01"},{"SEQID":"EPI_ISL_14137754","GNODEID":"G-2.3","TAGID":"BA-2-3-13-0114","cat_id":"client","type":"CD","date":44744,"category":"client","association":"CS","highlight":{},"emphasize":"Y","dint":1656720000000,"age":"","index":66,"edges":[],"neighbors":[],"degree":0,"dstr":"2022-07-02"},{"SEQID":"EPI_ISL_14137750","GNODEID":"G-2.3","TAGID":"BA-2-3-13-0115","cat_id":"staff","type":"CD","date":44744,"category":"staff","association":"CS","highlight":{},"emphasize":"Y","dint":1656720000000,"age":"","index":67,"edges":[],"neighbors":[],"degree":0,"dstr":"2022-07-02"},{"SEQID":"EPI_ISL_14137654","GNODEID":"G-2.3","TAGID":"BA-2-3-13-0116","cat_id":"staff","type":"CD","date":44743,"category":"staff","association":"TO","highlight":{},"emphasize":"Y","dint":1656633600000,"age":"","index":68,"edges":[],"neighbors":[],"degree":0,"dstr":"2022-07-01"},{"SEQID":"EPI_ISL_14137871","GNODEID":"G-2.3.13","TAGID":"BA-2-3-13-0117","cat_id":"client","type":"CD","date":44743,"category":"client","association":"OK","highlight":{},"emphasize":"Y","dint":1656633600000,"age":"","index":69,"edges":[],"neighbors":[],"degree":0,"dstr":"2022-07-01"},{"SEQID":"EPI_ISL_14133597","GNODEID":"G-2.3.35.2","TAGID":"BA-2-3-13-0120","cat_id":"staff","type":"CD","date":44747,"category":"staff","association":"なし","highlight":{},"emphasize":"N","dint":1656979200000,"age":"","index":70,"edges":[],"neighbors":[],"degree":0,"dstr":"2022-07-05"},{"SEQID":"EPI_ISL_14135436","GNODEID":"G-2.3.14.1","TAGID":"BA-2-3-13-0121","cat_id":"staff","type":"CD","date":44750,"category":"staff","association":"なし","highlight":{},"emphasize":"Y","dint":1657238400000,"age":"","index":71,"edges":[],"neighbors":[],"degree":0,"dstr":"2022-07-08"},{"SEQID":"EPI_ISL_14138246","GNODEID":"G-2.3.14.2","TAGID":"BA-2-3-13-0123","cat_id":"staff","type":"CD","date":44750,"category":"staff","association":"KS","highlight":{},"emphasize":"Y","dint":1657238400000,"age":"","index":72,"edges":[],"neighbors":[],"degree":0,"dstr":"2022-07-08"},{"SEQID":"EPI_ISL_14135628","GNODEID":"G-2.3.29.1","TAGID":"BA-2-3-13-0125","cat_id":"client","type":"CD","date":44747,"category":"client","association":"CS","highlight":{},"emphasize":"Y","dint":1656979200000,"age":"","index":73,"edges":[],"neighbors":[],"degree":0,"dstr":"2022-07-05"},{"SEQID":"EPI_ISL_14133409","GNODEID":"G-2.3","TAGID":"BA-2-3-13-0127","cat_id":"staff","type":"CD","date":44749,"category":"staff","association":"なし","highlight":{},"emphasize":"N","dint":1657152000000,"age":"","index":74,"edges":[],"neighbors":[],"degree":0,"dstr":"2022-07-07"},{"SEQID":"EPI_ISL_14138915","GNODEID":"G-2.3.12","TAGID":"BA-2-3-13-0131","cat_id":"client","type":"CD","date":44744,"category":"client","association":"TO","highlight":{},"emphasize":"Y","dint":1656720000000,"age":"","index":75,"edges":[],"neighbors":[],"degree":0,"dstr":"2022-07-02"},{"SEQID":"EPI_ISL_14139540","GNODEID":"G-2.3.33","TAGID":"BA-2-3-13-0133","cat_id":"staff","type":"CD","date":44746,"category":"staff","association":"TO","highlight":{},"emphasize":"Y","dint":1656892800000,"age":"","index":76,"edges":[],"neighbors":[],"degree":0,"dstr":"2022-07-04"},{"SEQID":"EPI_ISL_14139649","GNODEID":"G-2.3.29.2.1","TAGID":"BA-2-3-13-0134","cat_id":"client","type":"CD","date":44747,"category":"client","association":"KY","highlight":{},"emphasize":"Y","dint":1656979200000,"age":"","index":77,"edges":[],"neighbors":[],"degree":0,"dstr":"2022-07-05"},{"SEQID":"EPI_ISL_14139662","GNODEID":"G-2.3.26","TAGID":"BA-2-3-13-0135","cat_id":"client","type":"CD","date":44747,"category":"client","association":"KY","highlight":{},"emphasize":"Y","dint":1656979200000,"age":"","index":78,"edges":[],"neighbors":[],"degree":0,"dstr":"2022-07-05"},{"SEQID":"EPI_ISL_14139732","GNODEID":"G-2.3.34","TAGID":"BA-2-3-13-0137","cat_id":"client","type":"CD","date":44747,"category":"client","association":"TO","highlight":{},"emphasize":"Y","dint":1656979200000,"age":"","index":79,"edges":[],"neighbors":[],"degree":0,"dstr":"2022-07-05"},{"SEQID":"EPI_ISL_14139845","GNODEID":"G-2.3.29.2","TAGID":"BA-2-3-13-0139","cat_id":"staff","type":"CD","date":44749,"category":"staff","association":"KY","highlight":{},"emphasize":"Y","dint":1657152000000,"age":"","index":80,"edges":[],"neighbors":[],"degree":0,"dstr":"2022-07-07"},{"SEQID":"EPI_ISL_14139844","GNODEID":"G-2.3.29.2","TAGID":"BA-2-3-13-0140","cat_id":"staff","type":"CD","date":44749,"category":"staff","association":"KY","highlight":{},"emphasize":"N","dint":1657152000000,"age":"","index":81,"edges":[],"neighbors":[],"degree":0,"dstr":"2022-07-07"},{"SEQID":"EPI_ISL_14140145","GNODEID":"G-2.4.2","TAGID":"BA-2-3-13-0142","cat_id":"staff","type":"CD","date":44743,"category":"staff","association":"KN","highlight":{},"emphasize":"N","dint":1656633600000,"age":"","index":82,"edges":[],"neighbors":[],"degree":0,"dstr":"2022-07-01"},{"SEQID":"EPI_ISL_14140184","GNODEID":"G-2.1.2","TAGID":"BA-2-3-13-0143","cat_id":"client","type":"CD","date":44743,"category":"client","association":"KN","highlight":{},"emphasize":"N","dint":1656633600000,"age":"","index":83,"edges":[],"neighbors":[],"degree":0,"dstr":"2022-07-01"},{"SEQID":"EPI_ISL_14140196","GNODEID":"G-2.3","TAGID":"BA-2-3-13-0144","cat_id":"staff","type":"CD","date":44744,"category":"staff","association":"KN","highlight":{},"emphasize":"Y","dint":1656720000000,"age":"","index":84,"edges":[],"neighbors":[],"degree":0,"dstr":"2022-07-02"},{"SEQID":"EPI_ISL_14140536","GNODEID":"G-2.3.17.1","TAGID":"BA-2-3-13-0148","cat_id":"staff","type":"CD","date":44748,"category":"staff","association":"なし","highlight":{},"emphasize":"N","dint":1657065600000,"age":"","index":85,"edges":[],"neighbors":[],"degree":0,"dstr":"2022-07-06"},{"SEQID":"EPI_ISL_14140797","GNODEID":"G-2.3","TAGID":"BA-2-3-13-0150","cat_id":"staff","type":"CD","date":44750,"category":"staff","association":"KS","highlight":{},"emphasize":"N","dint":1657238400000,"age":"","index":86,"edges":[],"neighbors":[],"degree":0,"dstr":"2022-07-08"},{"SEQID":"EPI_ISL_14140732","GNODEID":"G-2.3.30.1","TAGID":"BA-2-3-13-0151","cat_id":"client","type":"CD","date":44748,"category":"client","association":"TO","highlight":{},"emphasize":"Y","dint":1657065600000,"age":"","index":87,"edges":[],"neighbors":[],"degree":0,"dstr":"2022-07-06"},{"SEQID":"EPI_ISL_14141028","GNODEID":"G-2.3.6","TAGID":"BA-2-3-13-0153","cat_id":"staff","type":"CD","date":44749,"category":"staff","association":"KY","highlight":{},"emphasize":"N","dint":1657152000000,"age":"","index":88,"edges":[],"neighbors":[],"degree":0,"dstr":"2022-07-07"},{"SEQID":"EPI_ISL_14141016","GNODEID":"G-2.3.38","TAGID":"BA-2-3-13-0155","cat_id":"staff","type":"CD","date":44748,"category":"staff","association":"CS","highlight":{},"emphasize":"Y","dint":1657065600000,"age":"","index":89,"edges":[],"neighbors":[],"degree":0,"dstr":"2022-07-06"},{"SEQID":"EPI_ISL_14141040","GNODEID":"G-2.3.25","TAGID":"BA-2-3-13-0158","cat_id":"client","type":"CD","date":44749,"category":"client","association":"KY","highlight":{},"emphasize":"N","dint":1657152000000,"age":"","index":90,"edges":[],"neighbors":[],"degree":0,"dstr":"2022-07-07"},{"SEQID":"EPI_ISL_14141084","GNODEID":"G-2.3.32","TAGID":"BA-2-3-13-0159","cat_id":"client","type":"CD","date":44750,"category":"client","association":"KY","highlight":{},"emphasize":"N","dint":1657238400000,"age":"","index":91,"edges":[],"neighbors":[],"degree":0,"dstr":"2022-07-08"},{"SEQID":"EPI_ISL_14141498","GNODEID":"G-2.3.29.2","TAGID":"BA-2-3-13-0161","cat_id":"staff","type":"CD","date":44747,"category":"staff","association":"KY","highlight":{},"emphasize":"N","dint":1656979200000,"age":"","index":92,"edges":[],"neighbors":[],"degree":0,"dstr":"2022-07-05"},{"SEQID":"EPI_ISL_14141776","GNODEID":"G-2.3.39","TAGID":"BA-2-3-13-0165","cat_id":"staff","type":"CD","date":44746,"category":"staff","association":"なし","highlight":{},"emphasize":"N","dint":1656892800000,"age":"","index":93,"edges":[],"neighbors":[],"degree":0,"dstr":"2022-07-04"},{"SEQID":"EPI_ISL_14141791","GNODEID":"G-2.3.15","TAGID":"BA-2-3-13-0167","cat_id":"staff","type":"CD","date":44746,"category":"staff","association":"なし","highlight":{},"emphasize":"Y","dint":1656892800000,"age":"","index":94,"edges":[],"neighbors":[],"degree":0,"dstr":"2022-07-04"},{"SEQID":"EPI_ISL_14142163","GNODEID":"G-2.3.14.1","TAGID":"BA-2-3-13-0174","cat_id":"staff","type":"CD","date":44746,"category":"staff","association":"なし","highlight":{},"emphasize":"Y","dint":1656892800000,"age":"","index":95,"edges":[],"neighbors":[],"degree":0,"dstr":"2022-07-04"},{"SEQID":"EPI_ISL_14142249","GNODEID":"G-2.3","TAGID":"BA-2-3-13-0177","cat_id":"client","type":"CD","date":44748,"category":"client","association":"HO","highlight":{},"emphasize":"Y","dint":1657065600000,"age":"","index":96,"edges":[],"neighbors":[],"degree":0,"dstr":"2022-07-06"},{"SEQID":"EPI_ISL_14142265","GNODEID":"G-2.3.29.2","TAGID":"BA-2-3-13-0178","cat_id":"client","type":"CD","date":44749,"category":"client","association":"CS","highlight":{},"emphasize":"Y","dint":1657152000000,"age":"","index":97,"edges":[],"neighbors":[],"degree":0,"dstr":"2022-07-07"},{"SEQID":"EPI_ISL_14142227","GNODEID":"G-2.3.7","TAGID":"BA-2-3-13-0180","cat_id":"staff","type":"CD","date":44748,"category":"staff","association":"KS","highlight":{},"emphasize":"Y","dint":1657065600000,"age":"","index":98,"edges":[],"neighbors":[],"degree":0,"dstr":"2022-07-06"},{"SEQID":"EPI_ISL_14540506","GNODEID":"G-2.3.29.2","TAGID":"BA-2-3-13-0181","cat_id":"client","type":"CD","date":44743,"category":"client","association":"KS","highlight":{},"emphasize":"Y","dint":1656633600000,"age":"","index":99,"edges":[],"neighbors":[],"degree":0,"dstr":"2022-07-01"},{"SEQID":"EPI_ISL_14142323","GNODEID":"G-2.3.16","TAGID":"BA-2-3-13-0182","cat_id":"client","type":"CD","date":44748,"category":"client","association":"TH","highlight":{},"emphasize":"N","dint":1657065600000,"age":"","index":100,"edges":[],"neighbors":[],"degree":0,"dstr":"2022-07-06"},{"SEQID":"EPI_ISL_14142329","GNODEID":"G-2.3.14.2","TAGID":"BA-2-3-13-0184","cat_id":"staff","type":"CD","date":44746,"category":"staff","association":"KN","highlight":{},"emphasize":"Y","dint":1656892800000,"age":"","index":101,"edges":[],"neighbors":[],"degree":0,"dstr":"2022-07-04"},{"SEQID":"EPI_ISL_14142325","GNODEID":"G-2.3.27","TAGID":"BA-2-3-13-0186","cat_id":"staff","type":"CD","date":44747,"category":"staff","association":"HO","highlight":{},"emphasize":"Y","dint":1656979200000,"age":"","index":102,"edges":[],"neighbors":[],"degree":0,"dstr":"2022-07-05"},{"SEQID":"EPI_ISL_14142327","GNODEID":"G-2.3.24","TAGID":"BA-2-3-13-0187","cat_id":"client","type":"CD","date":44746,"category":"client","association":"KN","highlight":{},"emphasize":"Y","dint":1656892800000,"age":"","index":103,"edges":[],"neighbors":[],"degree":0,"dstr":"2022-07-04"},{"SEQID":"EPI_ISL_14142345","GNODEID":"G-2.3.3","TAGID":"BA-2-3-13-0188","cat_id":"staff","type":"CD","date":44747,"category":"staff","association":"CS","highlight":{},"emphasize":"Y","dint":1656979200000,"age":"","index":104,"edges":[],"neighbors":[],"degree":0,"dstr":"2022-07-05"},{"SEQID":"EPI_ISL_14142369","GNODEID":"G-2.3.4.1","TAGID":"BA-2-3-13-0189","cat_id":"client","type":"CD","date":44750,"category":"client","association":"TH","highlight":{},"emphasize":"N","dint":1657238400000,"age":"","index":105,"edges":[],"neighbors":[],"degree":0,"dstr":"2022-07-08"},{"SEQID":"EPI_ISL_14142410","GNODEID":"G-2.3.13","TAGID":"BA-2-3-13-0190","cat_id":"staff","type":"CD","date":44748,"category":"staff","association":"TH","highlight":{},"emphasize":"Y","dint":1657065600000,"age":"","index":106,"edges":[],"neighbors":[],"degree":0,"dstr":"2022-07-06"},{"SEQID":"EPI_ISL_14142437","GNODEID":"G-2.3.13","TAGID":"BA-2-3-13-0191","cat_id":"staff","type":"CD","date":44748,"category":"staff","association":"OK","highlight":{},"emphasize":"N","dint":1657065600000,"age":"","index":107,"edges":[],"neighbors":[],"degree":0,"dstr":"2022-07-06"},{"SEQID":"EPI_ISL_14540573","GNODEID":"G-2.3.12","TAGID":"BA-2-3-13-0193","cat_id":"staff","type":"CD","date":44746,"category":"staff","association":"KS","highlight":{},"emphasize":"N","dint":1656892800000,"age":"","index":108,"edges":[],"neighbors":[],"degree":0,"dstr":"2022-07-04"},{"SEQID":"EPI_ISL_14146995","GNODEID":"G-2.3.28","TAGID":"BA-2-3-13-0195","cat_id":"client","type":"CD","date":44746,"category":"client","association":"KN","highlight":{},"emphasize":"N","dint":1656892800000,"age":"","index":109,"edges":[],"neighbors":[],"degree":0,"dstr":"2022-07-04"},{"SEQID":"EPI_ISL_14584380","GNODEID":"G-2.3.29.2","TAGID":"BA-2-3-13-0220","cat_id":"client","type":"CD","date":44748,"category":"client","association":"KY","highlight":{},"emphasize":"N","dint":1657065600000,"age":"","index":110,"edges":[],"neighbors":[],"degree":0,"dstr":"2022-07-06"},{"SEQID":"EPI_ISL_14299553","GNODEID":"G-2.3.8","TAGID":"BA-2-3-13-0222","cat_id":"client","type":"CD","date":44749,"category":"client","association":"KN","highlight":{},"emphasize":"Y","dint":1657152000000,"age":"","index":111,"edges":[],"neighbors":[],"degree":0,"dstr":"2022-07-07"},{"SEQID":"EPI_ISL_14302579","GNODEID":"G-2.3.17.2","TAGID":"BA-2-3-13-0224","cat_id":"staff","type":"CD","date":44747,"category":"staff","association":"KN","highlight":{},"emphasize":"N","dint":1656979200000,"age":"","index":112,"edges":[],"neighbors":[],"degree":0,"dstr":"2022-07-05"},{"SEQID":"EPI_ISL_14340082","GNODEID":"G-2.3.12","TAGID":"BA-2-3-13-0230","cat_id":"staff","type":"CD","date":44747,"category":"staff","association":"KS","highlight":{},"emphasize":"Y","dint":1656979200000,"age":"","index":113,"edges":[],"neighbors":[],"degree":0,"dstr":"2022-07-05"},{"SEQID":"EPI_ISL_14340854","GNODEID":"G-2.3","TAGID":"BA-2-3-13-0234","cat_id":"client","type":"CD","date":44749,"category":"client","association":"なし","highlight":{},"emphasize":"N","dint":1657152000000,"age":"","index":114,"edges":[],"neighbors":[],"degree":0,"dstr":"2022-07-07"},{"SEQID":"EPI_ISL_14340866","GNODEID":"G-2.3.12","TAGID":"BA-2-3-13-0235","cat_id":"staff","type":"CD","date":44750,"category":"staff","association":"なし","highlight":{},"emphasize":"Y","dint":1657238400000,"age":"","index":115,"edges":[],"neighbors":[],"degree":0,"dstr":"2022-07-08"},{"SEQID":"EPI_ISL_14340906","GNODEID":"G-2.3","TAGID":"BA-2-3-13-0237","cat_id":"client","type":"CD","date":44750,"category":"client","association":"なし","highlight":{},"emphasize":"Y","dint":1657238400000,"age":"","index":116,"edges":[],"neighbors":[],"degree":0,"dstr":"2022-07-08"},{"SEQID":"EPI_ISL_14341105","GNODEID":"G-2.3.39","TAGID":"BA-2-3-13-0238","cat_id":"staff","type":"CD","date":44750,"category":"staff","association":"KN","highlight":{},"emphasize":"N","dint":1657238400000,"age":"","index":117,"edges":[],"neighbors":[],"degree":0,"dstr":"2022-07-08"},{"SEQID":"EPI_ISL_14341084","GNODEID":"G-2.3.12","TAGID":"BA-2-3-13-0239","cat_id":"client","type":"CD","date":44749,"category":"client","association":"KN","highlight":{},"emphasize":"N","dint":1657152000000,"age":"","index":118,"edges":[],"neighbors":[],"degree":0,"dstr":"2022-07-07"},{"SEQID":"EPI_ISL_14341482","GNODEID":"G-2.3.17.3","TAGID":"BA-2-3-13-0241","cat_id":"client","type":"CD","date":44748,"category":"client","association":"KN","highlight":{},"emphasize":"Y","dint":1657065600000,"age":"","index":119,"edges":[],"neighbors":[],"degree":0,"dstr":"2022-07-06"},{"SEQID":"EPI_ISL_14341509","GNODEID":"G-2.3.14.2","TAGID":"BA-2-3-13-0244","cat_id":"client","type":"CD","date":44748,"category":"client","association":"KS","highlight":{},"emphasize":"Y","dint":1657065600000,"age":"","index":120,"edges":[],"neighbors":[],"degree":0,"dstr":"2022-07-06"},{"SEQID":"EPI_ISL_14341893","GNODEID":"G-2.1","TAGID":"BA-2-3-13-0246","cat_id":"client","type":"CD","date":44747,"category":"client","association":"KS","highlight":{},"emphasize":"N","dint":1656979200000,"age":"","index":121,"edges":[],"neighbors":[],"degree":0,"dstr":"2022-07-05"},{"SEQID":"EPI_ISL_14342202","GNODEID":"G-2.3","TAGID":"BA-2-3-13-0247","cat_id":"client","type":"CD","date":44745,"category":"client","association":"CS","highlight":{},"emphasize":"N","dint":1656806400000,"age":"","index":122,"edges":[],"neighbors":[],"degree":0,"dstr":"2022-07-03"},{"SEQID":"EPI_ISL_14342348","GNODEID":"G-2.3.15","TAGID":"BA-2-3-13-0248","cat_id":"client","type":"CD","date":44747,"category":"client","association":"KS","highlight":{},"emphasize":"N","dint":1656979200000,"age":"","index":123,"edges":[],"neighbors":[],"degree":0,"dstr":"2022-07-05"},{"SEQID":"EPI_ISL_14342439","GNODEID":"G-2.3.17","TAGID":"BA-2-3-13-0249","cat_id":"client","type":"CD","date":44744,"category":"client","association":"KY","highlight":{},"emphasize":"Y","dint":1656720000000,"age":"","index":124,"edges":[],"neighbors":[],"degree":0,"dstr":"2022-07-02"},{"SEQID":"EPI_ISL_14342584","GNODEID":"G-2.3.14.2","TAGID":"BA-2-3-13-0251","cat_id":"client","type":"CD","date":44747,"category":"client","association":"KS","highlight":{},"emphasize":"Y","dint":1656979200000,"age":"","index":125,"edges":[],"neighbors":[],"degree":0,"dstr":"2022-07-05"},{"SEQID":"EPI_ISL_14342643","GNODEID":"G-2.3.23","TAGID":"BA-2-3-13-0252","cat_id":"client","type":"CD","date":44747,"category":"client","association":"KS","highlight":{},"emphasize":"Y","dint":1656979200000,"age":"","index":126,"edges":[],"neighbors":[],"degree":0,"dstr":"2022-07-05"},{"SEQID":"EPI_ISL_14343762","GNODEID":"G-2.3.34","TAGID":"BA-2-3-13-0254","cat_id":"staff","type":"CD","date":44749,"category":"staff","association":"TO","highlight":{},"emphasize":"N","dint":1657152000000,"age":"","index":127,"edges":[],"neighbors":[],"degree":0,"dstr":"2022-07-07"},{"SEQID":"EPI_ISL_14343792","GNODEID":"G-2.3.22","TAGID":"BA-2-3-13-0256","cat_id":"client","type":"CD","date":44749,"category":"client","association":"KS","highlight":{},"emphasize":"Y","dint":1657152000000,"age":"","index":128,"edges":[],"neighbors":[],"degree":0,"dstr":"2022-07-07"},{"SEQID":"EPI_ISL_14346876","GNODEID":"G-2.3.19","TAGID":"BA-2-3-13-0262","cat_id":"client","type":"CD","date":44750,"category":"client","association":"KS","highlight":{},"emphasize":"N","dint":1657238400000,"age":"","index":129,"edges":[],"neighbors":[],"degree":0,"dstr":"2022-07-08"},{"SEQID":"EPI_ISL_14348091","GNODEID":"G-2.3","TAGID":"BA-2-3-13-0265","cat_id":"staff","type":"CD","date":44748,"category":"staff","association":"CS","highlight":{},"emphasize":"Y","dint":1657065600000,"age":"","index":130,"edges":[],"neighbors":[],"degree":0,"dstr":"2022-07-06"},{"SEQID":"EPI_ISL_14350551","GNODEID":"G-2.3.39","TAGID":"BA-2-3-13-0268","cat_id":"client","type":"CD","date":44747,"category":"client","association":"KN","highlight":{},"emphasize":"Y","dint":1656979200000,"age":"","index":131,"edges":[],"neighbors":[],"degree":0,"dstr":"2022-07-05"}],"edges":[{"LINKID":"L-1","TAG_from":"EPI_ISL_14044651","TAG_to":"EPI_ISL_14095646","label":"家族","src":-1,"dst":-1}],"epi":[{"SEQID":"REF","GNODEID":"G-1"},{"SEQID":"EPI_ISL_13843048","GNODEID":"G-2"},{"SEQID":"EPI_ISL_13843047","GNODEID":"G-2.1"},{"SEQID":"EPI_ISL_14341893","GNODEID":"G-2.1"},{"SEQID":"EPI_ISL_13843051","GNODEID":"G-2.1.1"},{"SEQID":"EPI_ISL_13762811","GNODEID":"G-2.1.2"},{"SEQID":"EPI_ISL_14140184","GNODEID":"G-2.1.2"},{"SEQID":"EPI_ISL_13692293","GNODEID":"G-2.2"},{"SEQID":"EPI_ISL_14089148","GNODEID":"G-2.3"},{"SEQID":"EPI_ISL_14140196","GNODEID":"G-2.3"},{"SEQID":"EPI_ISL_14081873","GNODEID":"G-2.3"},{"SEQID":"EPI_ISL_14340906","GNODEID":"G-2.3"},{"SEQID":"EPI_ISL_14340854","GNODEID":"G-2.3"},{"SEQID":"EPI_ISL_14140797","GNODEID":"G-2.3"},{"SEQID":"EPI_ISL_14089212","GNODEID":"G-2.3"},{"SEQID":"EPI_ISL_14081916","GNODEID":"G-2.3"},{"SEQID":"EPI_ISL_14094332","GNODEID":"G-2.3"},{"SEQID":"EPI_ISL_14128162","GNODEID":"G-2.3"},{"SEQID":"EPI_ISL_14082014","GNODEID":"G-2.3"},{"SEQID":"EPI_ISL_14142249","GNODEID":"G-2.3"},{"SEQID":"EPI_ISL_14095885","GNODEID":"G-2.3"},{"SEQID":"EPI_ISL_14137654","GNODEID":"G-2.3"},{"SEQID":"EPI_ISL_14133679","GNODEID":"G-2.3"},{"SEQID":"EPI_ISL_14136190","GNODEID":"G-2.3"},{"SEQID":"EPI_ISL_14134650","GNODEID":"G-2.3"},{"SEQID":"EPI_ISL_14130103","GNODEID":"G-2.3"},{"SEQID":"EPI_ISL_14510889","GNODEID":"G-2.3"},{"SEQID":"EPI_ISL_14130147","GNODEID":"G-2.3"},{"SEQID":"EPI_ISL_14133409","GNODEID":"G-2.3"},{"SEQID":"EPI_ISL_14133281","GNODEID":"G-2.3"},{"SEQID":"EPI_ISL_14137754","GNODEID":"G-2.3"},{"SEQID":"EPI_ISL_14348091","GNODEID":"G-2.3"},{"SEQID":"EPI_ISL_14137750","GNODEID":"G-2.3"},{"SEQID":"EPI_ISL_14137805","GNODEID":"G-2.3"},{"SEQID":"EPI_ISL_14342202","GNODEID":"G-2.3"},{"SEQID":"EPI_ISL_14130133","GNODEID":"G-2.3"},{"SEQID":"EPI_ISL_14089494","GNODEID":"G-2.3.1"},{"SEQID":"EPI_ISL_14133652","GNODEID":"G-2.3.2"},{"SEQID":"EPI_ISL_14133656","GNODEID":"G-2.3.2"},{"SEQID":"EPI_ISL_14133660","GNODEID":"G-2.3.3"},{"SEQID":"EPI_ISL_14138107","GNODEID":"G-2.3.3"},{"SEQID":"EPI_ISL_14142345","GNODEID":"G-2.3.3"},{"SEQID":"EPI_ISL_14137854","GNODEID":"G-2.3.4"},{"SEQID":"EPI_ISL_14134996","GNODEID":"G-2.3.4"},{"SEQID":"EPI_ISL_14142369","GNODEID":"G-2.3.4.1"},{"SEQID":"EPI_ISL_14130523","GNODEID":"G-2.3.5"},{"SEQID":"EPI_ISL_14141028","GNODEID":"G-2.3.6"},{"SEQID":"EPI_ISL_14142227","GNODEID":"G-2.3.7"},{"SEQID":"EPI_ISL_14299553","GNODEID":"G-2.3.8"},{"SEQID":"EPI_ISL_14135499","GNODEID":"G-2.3.9"},{"SEQID":"EPI_ISL_14082275","GNODEID":"G-2.3.10"},{"SEQID":"EPI_ISL_14128949","GNODEID":"G-2.3.11"},{"SEQID":"EPI_ISL_14082284","GNODEID":"G-2.3.12"},{"SEQID":"EPI_ISL_14340082","GNODEID":"G-2.3.12"},{"SEQID":"EPI_ISL_14130020","GNODEID":"G-2.3.12"},{"SEQID":"EPI_ISL_14138915","GNODEID":"G-2.3.12"},{"SEQID":"EPI_ISL_14341084","GNODEID":"G-2.3.12"},{"SEQID":"EPI_ISL_14138116","GNODEID":"G-2.3.12"},{"SEQID":"EPI_ISL_14340866","GNODEID":"G-2.3.12"},{"SEQID":"EPI_ISL_14534699","GNODEID":"G-2.3.12"},{"SEQID":"EPI_ISL_14540573","GNODEID":"G-2.3.12"},{"SEQID":"EPI_ISL_14142437","GNODEID":"G-2.3.13"},{"SEQID":"EPI_ISL_14137871","GNODEID":"G-2.3.13"},{"SEQID":"EPI_ISL_14142410","GNODEID":"G-2.3.13"},{"SEQID":"EPI_ISL_14524125","GNODEID":"G-2.3.13"},{"SEQID":"EPI_ISL_14095646","GNODEID":"G-2.3.14"},{"SEQID":"EPI_ISL_14510612","GNODEID":"G-2.3.14.1"},{"SEQID":"EPI_ISL_14142163","GNODEID":"G-2.3.14.1"},{"SEQID":"EPI_ISL_14510907","GNODEID":"G-2.3.14.1"},{"SEQID":"EPI_ISL_14135436","GNODEID":"G-2.3.14.1"},{"SEQID":"EPI_ISL_14341509","GNODEID":"G-2.3.14.2"},{"SEQID":"EPI_ISL_14142329","GNODEID":"G-2.3.14.2"},{"SEQID":"EPI_ISL_14138246","GNODEID":"G-2.3.14.2"},{"SEQID":"EPI_ISL_14510508","GNODEID":"G-2.3.14.2"},{"SEQID":"EPI_ISL_14094382","GNODEID":"G-2.3.14.2"},{"SEQID":"EPI_ISL_14342584","GNODEID":"G-2.3.14.2"},{"SEQID":"EPI_ISL_14128317","GNODEID":"G-2.3.15"},{"SEQID":"EPI_ISL_14141791","GNODEID":"G-2.3.15"},{"SEQID":"EPI_ISL_14342348","GNODEID":"G-2.3.15"},{"SEQID":"EPI_ISL_14142323","GNODEID":"G-2.3.16"},{"SEQID":"EPI_ISL_14342439","GNODEID":"G-2.3.17"},{"SEQID":"EPI_ISL_14130306","GNODEID":"G-2.3.17"},{"SEQID":"EPI_ISL_14130531","GNODEID":"G-2.3.17"},{"SEQID":"EPI_ISL_14140536","GNODEID":"G-2.3.17.1"},{"SEQID":"EPI_ISL_14302579","GNODEID":"G-2.3.17.2"},{"SEQID":"EPI_ISL_14341482","GNODEID":"G-2.3.17.3"},{"SEQID":"EPI_ISL_14089230","GNODEID":"G-2.3.18"},{"SEQID":"EPI_ISL_14346876","GNODEID":"G-2.3.19"},{"SEQID":"EPI_ISL_14129451","GNODEID":"G-2.3.19.1"},{"SEQID":"EPI_ISL_14094130","GNODEID":"G-2.3.19.2"},{"SEQID":"EPI_ISL_14082028","GNODEID":"G-2.3.20"},{"SEQID":"EPI_ISL_14137855","GNODEID":"G-2.3.21"},{"SEQID":"EPI_ISL_14133303","GNODEID":"G-2.3.22"},{"SEQID":"EPI_ISL_14133321","GNODEID":"G-2.3.22"},{"SEQID":"EPI_ISL_14133316","GNODEID":"G-2.3.22"},{"SEQID":"EPI_ISL_14343792","GNODEID":"G-2.3.22"},{"SEQID":"EPI_ISL_14342643","GNODEID":"G-2.3.23"},{"SEQID":"EPI_ISL_14510579","GNODEID":"G-2.3.23"},{"SEQID":"EPI_ISL_14142327","GNODEID":"G-2.3.24"},{"SEQID":"EPI_ISL_14130281","GNODEID":"G-2.3.25"},{"SEQID":"EPI_ISL_14128321","GNODEID":"G-2.3.25"},{"SEQID":"EPI_ISL_14130232","GNODEID":"G-2.3.25"},{"SEQID":"EPI_ISL_14141040","GNODEID":"G-2.3.25"},{"SEQID":"EPI_ISL_14139662","GNODEID":"G-2.3.26"},{"SEQID":"EPI_ISL_14142325","GNODEID":"G-2.3.27"},{"SEQID":"EPI_ISL_14146995","GNODEID":"G-2.3.28"},{"SEQID":"EPI_ISL_14131502","GNODEID":"G-2.3.29"},{"SEQID":"EPI_ISL_14135628","GNODEID":"G-2.3.29.1"},{"SEQID":"EPI_ISL_14540506","GNODEID":"G-2.3.29.2"},{"SEQID":"EPI_ISL_14142265","GNODEID":"G-2.3.29.2"},{"SEQID":"EPI_ISL_14141498","GNODEID":"G-2.3.29.2"},{"SEQID":"EPI_ISL_14139844","GNODEID":"G-2.3.29.2"},{"SEQID":"EPI_ISL_14139845","GNODEID":"G-2.3.29.2"},{"SEQID":"EPI_ISL_14584380","GNODEID":"G-2.3.29.2"},{"SEQID":"EPI_ISL_14139649","GNODEID":"G-2.3.29.2.1"},{"SEQID":"EPI_ISL_14136247","GNODEID":"G-2.3.30"},{"SEQID":"EPI_ISL_14140732","GNODEID":"G-2.3.30.1"},{"SEQID":"EPI_ISL_14134696","GNODEID":"G-2.3.31"},{"SEQID":"EPI_ISL_14141084","GNODEID":"G-2.3.32"},{"SEQID":"EPI_ISL_14139540","GNODEID":"G-2.3.33"},{"SEQID":"EPI_ISL_14139732","GNODEID":"G-2.3.34"},{"SEQID":"EPI_ISL_14343762","GNODEID":"G-2.3.34"},{"SEQID":"EPI_ISL_14130116","GNODEID":"G-2.3.35.1"},{"SEQID":"EPI_ISL_14133597","GNODEID":"G-2.3.35.2"},{"SEQID":"EPI_ISL_14511085","GNODEID":"G-2.3.36"},{"SEQID":"EPI_ISL_14130137","GNODEID":"G-2.3.37"},{"SEQID":"EPI_ISL_14141016","GNODEID":"G-2.3.38"},{"SEQID":"EPI_ISL_14341105","GNODEID":"G-2.3.39"},{"SEQID":"EPI_ISL_14350551","GNODEID":"G-2.3.39"},{"SEQID":"EPI_ISL_14141776","GNODEID":"G-2.3.39"},{"SEQID":"EPI_ISL_14130109","GNODEID":"G-2.4.1"},{"SEQID":"EPI_ISL_14140145","GNODEID":"G-2.4.2"},{"SEQID":"EPI_ISL_13692305","GNODEID":"G-3"}],"tree":[{"label":"G-0","length":0,"edges":["G-1","G-2","G-3"],"subs":0},{"label":"G-1","length":0.0141610093,"edges":[],"subs":17},{"label":"G-2","length":0.0013482806,"edges":["G-2.1","G-2.2","G-2.3","G-2.4"],"subs":1},{"label":"G-2.1","length":0.0014275785,"edges":["G-2.1.1","G-2.1.2"],"subs":1},{"label":"G-2.1.1","length":0.0014277565999999998,"edges":[],"subs":1},{"label":"G-2.1.2","length":0.0011439552,"edges":[],"subs":1},{"label":"G-2.2","length":0.0008524311999999999,"edges":[],"subs":1},{"label":"G-2.3","length":0.0008539696999999999,"edges":["G-2.3.1","G-2.3.2","G-2.3.3","G-2.3.4","G-2.3.5","G-2.3.6","G-2.3.7","G-2.3.8","G-2.3.9","G-2.3.10","G-2.3.11","G-2.3.12","G-2.3.13","G-2.3.14","G-2.3.15","G-2.3.16","G-2.3.17","G-2.3.18","G-2.3.19","G-2.3.20","G-2.3.21","G-2.3.22","G-2.3.23","G-2.3.24","G-2.3.25","G-2.3.26","G-2.3.27","G-2.3.28","G-2.3.29","G-2.3.30","G-2.3.31","G-2.3.32","G-2.3.33","G-2.3.34","G-2.3.35","G-2.3.36","G-2.3.37","G-2.3.38","G-2.3.39"],"subs":1},{"label":"G-2.3.1","length":0.0008527923999999999,"edges":[],"subs":1},{"label":"G-2.3.2","length":0.0011342576,"edges":[],"subs":1},{"label":"G-2.3.3","length":0.0011374653,"edges":[],"subs":1},{"label":"G-2.3.4","length":0.0014230114,"edges":["G-2.3.4.1"],"subs":1},{"label":"G-2.3.4.1","length":0.0008532263,"edges":[],"subs":1},{"label":"G-2.3.5","length":0.0014271223999999998,"edges":[],"subs":1},{"label":"G-2.3.6","length":0.0014274517999999998,"edges":[],"subs":1},{"label":"G-2.3.7","length":0.0020005021,"edges":[],"subs":2},{"label":"G-2.3.8","length":0.0020005078999999998,"edges":[],"subs":2},{"label":"G-2.3.9","length":0.000857053,"edges":[],"subs":1},{"label":"G-2.3.10","length":0.0011431972,"edges":[],"subs":1},{"label":"G-2.3.11","length":0.0014298002999999998,"edges":[],"subs":1},{"label":"G-2.3.12","length":0.0011349189,"edges":[],"subs":1},{"label":"G-2.3.13","length":0.0008510068999999999,"edges":[],"subs":1},{"label":"G-2.3.14","length":0.0008544170999999999,"edges":["G-2.3.14.1","G-2.3.14.2"],"subs":1},{"label":"G-2.3.14.1","length":0.0017049366,"edges":[],"subs":2},{"label":"G-2.3.14.2","length":0.0014175979000000001,"edges":[],"subs":1},{"label":"G-2.3.15","length":0.0008564651000000001,"edges":[],"subs":1},{"label":"G-2.3.16","length":0.0014291005000000002,"edges":[],"subs":1},{"label":"G-2.3.17","length":0.0008535448,"edges":["G-2.3.17.1","G-2.3.17.2","G-2.3.17.3"],"subs":1},{"label":"G-2.3.17.1","length":0.0008499944,"edges":[],"subs":1},{"label":"G-2.3.17.2","length":0.000842633,"edges":[],"subs":1},{"label":"G-2.3.17.3","length":0.0014078017,"edges":[],"subs":1},{"label":"G-2.3.18","length":0.0011396561999999998,"edges":[],"subs":1},{"label":"G-2.3.19","length":0.0014270258999999998,"edges":["G-2.3.19.1","G-2.3.19.2"],"subs":1},{"label":"G-2.3.19.1","length":0.0017113515,"edges":[],"subs":2},{"label":"G-2.3.19.2","length":0.0014250792,"edges":[],"subs":1},{"label":"G-2.3.20","length":0.0017128376999999998,"edges":[],"subs":2},{"label":"G-2.3.21","length":0.0019992564999999998,"edges":[],"subs":2},{"label":"G-2.3.22","length":0.0014268633999999997,"edges":[],"subs":1},{"label":"G-2.3.23","length":0.0011440991999999998,"edges":[],"subs":1},{"label":"G-2.3.24","length":0.0014286629999999997,"edges":[],"subs":1},{"label":"G-2.3.25","length":0.0014174924,"edges":[],"subs":1},{"label":"G-2.3.26","length":0.0014209087,"edges":[],"subs":1},{"label":"G-2.3.27","length":0.0011353431,"edges":[],"subs":1},{"label":"G-2.3.28","length":0.0014150871,"edges":[],"subs":1},{"label":"G-2.3.29","length":0.0016985095999999997,"edges":["G-2.3.29.1","G-2.3.29.2"],"subs":2},{"label":"G-2.3.29.1","length":0.000845406,"edges":[],"subs":1},{"label":"G-2.3.29.2","length":0.000847766,"edges":["G-2.3.29.2.1"],"subs":1},{"label":"G-2.3.29.2.1","length":0.0008426378999999999,"edges":[],"subs":1},{"label":"G-2.3.30","length":0.0011351801,"edges":["G-2.3.30.1"],"subs":1},{"label":"G-2.3.30.1","length":0.0014149559,"edges":[],"subs":1},{"label":"G-2.3.31","length":0.001419571,"edges":[],"subs":1},{"label":"G-2.3.32","length":0.0008515791000000001,"edges":[],"subs":1},{"label":"G-2.3.33","length":0.0019866666,"edges":[],"subs":2},{"label":"G-2.3.34","length":0.0014188908,"edges":[],"subs":1},{"label":"G-2.3.35","length":0.0022764508,"edges":["G-2.3.35.1","G-2.3.35.2"],"subs":2},{"label":"G-2.3.35.1","length":0.0008504631,"edges":[],"subs":1},{"label":"G-2.3.35.2","length":0.0008475404,"edges":[],"subs":1},{"label":"G-2.3.36","length":0.0025538174,"edges":[],"subs":3},{"label":"G-2.3.37","length":0.001985503,"edges":[],"subs":2},{"label":"G-2.3.38","length":0.0031249487,"edges":[],"subs":3},{"label":"G-2.3.39","length":0.0011334925,"edges":[],"subs":1},{"label":"G-2.4","length":0.0008551670999999999,"edges":["G-2.4.1","G-2.4.2"],"subs":1},{"label":"G-2.4.1","length":0.0011361676,"edges":[],"subs":1},{"label":"G-2.4.2","length":0.001417024,"edges":[],"subs":1},{"label":"G-3","length":0.0023808479,"edges":[],"subs":2}],"dist":{"period":21.51515784708901,"phase":20.51515784708901,"interval":0.0000386539590998043}}