{"nodes":[{"SEQID":"EPI_ISL_13593226","GNODEID":"G-2.1","TAGID":"BA-2-18-0001","cat_id":"staff","type":"CD","date":44739,"category":"staff","association":"KN","highlight":{},"emphasize":"N","dint":1656288000000,"age":"","index":0,"edges":[],"neighbors":[],"degree":0,"dstr":"2022-06-27"},{"SEQID":"EPI_ISL_13593229","GNODEID":"G-2.7","TAGID":"BA-2-18-0002","cat_id":"staff","type":"CD","date":44739,"category":"staff","association":"KN","highlight":{},"emphasize":"N","dint":1656288000000,"age":"","index":1,"edges":[],"neighbors":[],"degree":0,"dstr":"2022-06-27"},{"SEQID":"EPI_ISL_13692284","GNODEID":"G-2.1.1","TAGID":"BA-2-18-0003","cat_id":"client","type":"CD","date":44740,"category":"client","association":"KN","highlight":{},"emphasize":"Y","dint":1656374400000,"age":"","index":2,"edges":[],"neighbors":[],"degree":0,"dstr":"2022-06-28"},{"SEQID":"EPI_ISL_13762829","GNODEID":"G-0","TAGID":"BA-2-18-0006","cat_id":"staff","type":"CD","date":44732,"category":"staff","association":"KS","highlight":{},"emphasize":"Y","dint":1655683200000,"age":"","index":3,"edges":[],"neighbors":[],"degree":0,"dstr":"2022-06-20"},{"SEQID":"EPI_ISL_13765588","GNODEID":"G-2.2.1","TAGID":"BA-2-18-0008","cat_id":"staff","type":"CD","date":44732,"category":"staff","association":"KS","highlight":{},"emphasize":"N","dint":1655683200000,"age":"","index":4,"edges":[],"neighbors":[],"degree":0,"dstr":"2022-06-20"},{"SEQID":"EPI_ISL_13765772","GNODEID":"G-2","TAGID":"BA-2-18-0010","cat_id":"staff","type":"CD","date":44736,"category":"staff","association":"KS","highlight":{},"emphasize":"Y","dint":1656028800000,"age":"","index":5,"edges":[],"neighbors":[],"degree":0,"dstr":"2022-06-24"},{"SEQID":"EPI_ISL_13765744","GNODEID":"G-0","TAGID":"BA-2-18-0012","cat_id":"staff","type":"CD","date":44736,"category":"staff","association":"KS","highlight":{},"emphasize":"N","dint":1656028800000,"age":"","index":6,"edges":[],"neighbors":[],"degree":0,"dstr":"2022-06-24"},{"SEQID":"EPI_ISL_13765771","GNODEID":"G-2","TAGID":"BA-2-18-0015","cat_id":"client","type":"CD","date":44736,"category":"client","association":"KS","highlight":{},"emphasize":"N","dint":1656028800000,"age":"","index":7,"edges":[],"neighbors":[],"degree":0,"dstr":"2022-06-24"},{"SEQID":"EPI_ISL_13512882","GNODEID":"G-3","TAGID":"BA-2-18-0020","cat_id":"staff","type":"CD","date":44718,"category":"staff","association":"KS","highlight":{},"emphasize":"Y","dint":1654473600000,"age":"","index":8,"edges":[],"neighbors":[],"degree":0,"dstr":"2022-06-06"},{"SEQID":"EPI_ISL_13513715","GNODEID":"G-2.3","TAGID":"BA-2-18-0021","cat_id":"client","type":"CD","date":44720,"category":"client","association":"KS","highlight":{},"emphasize":"N","dint":1654646400000,"age":"","index":9,"edges":[],"neighbors":[],"degree":0,"dstr":"2022-06-08"},{"SEQID":"EPI_ISL_13513639","GNODEID":"G-3","TAGID":"BA-2-18-0023","cat_id":"staff","type":"CD","date":44718,"category":"staff","association":"KS","highlight":{},"emphasize":"N","dint":1654473600000,"age":"","index":10,"edges":[],"neighbors":[],"degree":0,"dstr":"2022-06-06"},{"SEQID":"EPI_ISL_13513793","GNODEID":"G-2.1","TAGID":"BA-2-18-0024","cat_id":"staff","type":"CD","date":44720,"category":"staff","association":"KS","highlight":{},"emphasize":"Y","dint":1654646400000,"age":"","index":11,"edges":[],"neighbors":[],"degree":0,"dstr":"2022-06-08"},{"SEQID":"EPI_ISL_13514848","GNODEID":"G-2.1","TAGID":"BA-2-18-0025","cat_id":"client","type":"CD","date":44725,"category":"client","association":"KS","highlight":{},"emphasize":"Y","dint":1655078400000,"age":"","index":12,"edges":[],"neighbors":[],"degree":0,"dstr":"2022-06-13"},{"SEQID":"EPI_ISL_13650860","GNODEID":"G-3","TAGID":"BA-2-18-0029","cat_id":"client","type":"CD","date":44713,"category":"client","association":"KS","highlight":{},"emphasize":"N","dint":1654041600000,"age":"","index":13,"edges":[],"neighbors":[],"degree":0,"dstr":"2022-06-01"},{"SEQID":"EPI_ISL_13650909","GNODEID":"G-2.1","TAGID":"BA-2-18-0030","cat_id":"staff","type":"CD","date":44713,"category":"staff","association":"KS","highlight":{},"emphasize":"N","dint":1654041600000,"age":"","index":14,"edges":[],"neighbors":[],"degree":0,"dstr":"2022-06-01"},{"SEQID":"EPI_ISL_14017682","GNODEID":"G-2.1","TAGID":"BA-2-18-0031","cat_id":"client","type":"CD","date":44729,"category":"client","association":"KS","highlight":{},"emphasize":"Y","dint":1655424000000,"age":"","index":15,"edges":[],"neighbors":[],"degree":0,"dstr":"2022-06-17"},{"SEQID":"EPI_ISL_13514601","GNODEID":"G-3","TAGID":"BA-2-18-0042","cat_id":"staff","type":"CD","date":44722,"category":"staff","association":"KS","highlight":{},"emphasize":"N","dint":1654819200000,"age":"","index":16,"edges":[],"neighbors":[],"degree":0,"dstr":"2022-06-10"},{"SEQID":"EPI_ISL_14081987","GNODEID":"G-2","TAGID":"BA-2-18-0055","cat_id":"staff","type":"CD","date":44743,"category":"staff","association":"KS","highlight":{},"emphasize":"N","dint":1656633600000,"age":"","index":17,"edges":[],"neighbors":[],"degree":0,"dstr":"2022-07-01"},{"SEQID":"EPI_ISL_14082095","GNODEID":"G-2.1","TAGID":"BA-2-18-0058","cat_id":"client","type":"CD","date":44743,"category":"client","association":"KS","highlight":{},"emphasize":"N","dint":1656633600000,"age":"","index":18,"edges":[],"neighbors":[],"degree":0,"dstr":"2022-07-01"},{"SEQID":"EPI_ISL_14082084","GNODEID":"G-2","TAGID":"BA-2-18-0061","cat_id":"client","type":"CD","date":44743,"category":"client","association":"KS","highlight":{},"emphasize":"Y","dint":1656633600000,"age":"","index":19,"edges":[],"neighbors":[],"degree":0,"dstr":"2022-07-01"},{"SEQID":"EPI_ISL_14082169","GNODEID":"G-2","TAGID":"BA-2-18-0064","cat_id":"staff","type":"CD","date":44743,"category":"staff","association":"KS","highlight":{},"emphasize":"Y","dint":1656633600000,"age":"","index":20,"edges":[],"neighbors":[],"degree":0,"dstr":"2022-07-01"},{"SEQID":"EPI_ISL_14082190","GNODEID":"G-2","TAGID":"BA-2-18-0068","cat_id":"staff","type":"CD","date":44743,"category":"staff","association":"KS","highlight":{},"emphasize":"N","dint":1656633600000,"age":"","index":21,"edges":[],"neighbors":[],"degree":0,"dstr":"2022-07-01"},{"SEQID":"EPI_ISL_14082202","GNODEID":"G-2.19","TAGID":"BA-2-18-0070","cat_id":"staff","type":"CD","date":44743,"category":"staff","association":"KS","highlight":{},"emphasize":"N","dint":1656633600000,"age":"","index":22,"edges":[],"neighbors":[],"degree":0,"dstr":"2022-07-01"},{"SEQID":"EPI_ISL_14082200","GNODEID":"G-2.1.3","TAGID":"BA-2-18-0071","cat_id":"staff","type":"CD","date":44743,"category":"staff","association":"KS","highlight":{},"emphasize":"N","dint":1656633600000,"age":"","index":23,"edges":[],"neighbors":[],"degree":0,"dstr":"2022-07-01"},{"SEQID":"EPI_ISL_14082118","GNODEID":"G-2","TAGID":"BA-2-18-0074","cat_id":"staff","type":"CD","date":44743,"category":"staff","association":"KS","highlight":{},"emphasize":"N","dint":1656633600000,"age":"","index":24,"edges":[],"neighbors":[],"degree":0,"dstr":"2022-07-01"},{"SEQID":"EPI_ISL_13901018","GNODEID":"G-2.15","TAGID":"BA-2-18-0084","cat_id":"staff","type":"CD","date":44739,"category":"staff","association":"KS","highlight":{},"emphasize":"Y","dint":1656288000000,"age":"","index":25,"edges":[],"neighbors":[],"degree":0,"dstr":"2022-06-27"},{"SEQID":"EPI_ISL_14089228","GNODEID":"G-2","TAGID":"BA-2-18-0100","cat_id":"staff","type":"CD","date":44743,"category":"staff","association":"KS","highlight":{},"emphasize":"N","dint":1656633600000,"age":"","index":26,"edges":[],"neighbors":[],"degree":0,"dstr":"2022-07-01"},{"SEQID":"EPI_ISL_14110120","GNODEID":"G-2.1","TAGID":"BA-2-18-0102","cat_id":"client","type":"CD","date":44713,"category":"client","association":"KS","highlight":{},"emphasize":"N","dint":1654041600000,"age":"","index":27,"edges":[],"neighbors":[],"degree":0,"dstr":"2022-06-01"},{"SEQID":"EPI_ISL_14111613","GNODEID":"G-3","TAGID":"BA-2-18-0103","cat_id":"client","type":"CD","date":44715,"category":"client","association":"KS","highlight":{},"emphasize":"N","dint":1654214400000,"age":"","index":28,"edges":[],"neighbors":[],"degree":0,"dstr":"2022-06-03"},{"SEQID":"EPI_ISL_14113445","GNODEID":"G-2","TAGID":"BA-2-18-0104","cat_id":"staff","type":"CD","date":44716,"category":"staff","association":"KN","highlight":{},"emphasize":"N","dint":1654300800000,"age":"","index":29,"edges":[],"neighbors":[],"degree":0,"dstr":"2022-06-04"},{"SEQID":"EPI_ISL_14114181","GNODEID":"G-3","TAGID":"BA-2-18-0105","cat_id":"client","type":"CD","date":44718,"category":"client","association":"KN","highlight":{},"emphasize":"Y","dint":1654473600000,"age":"","index":30,"edges":[],"neighbors":[],"degree":0,"dstr":"2022-06-06"},{"SEQID":"EPI_ISL_14115005","GNODEID":"G-2","TAGID":"BA-2-18-0110","cat_id":"staff","type":"CD","date":44715,"category":"staff","association":"なし","highlight":{},"emphasize":"Y","dint":1654214400000,"age":"","index":31,"edges":[],"neighbors":[],"degree":0,"dstr":"2022-06-03"},{"SEQID":"EPI_ISL_14115403","GNODEID":"G-2.1","TAGID":"BA-2-18-0111","cat_id":"staff","type":"CD","date":44716,"category":"staff","association":"KS","highlight":{},"emphasize":"Y","dint":1654300800000,"age":"","index":32,"edges":[],"neighbors":[],"degree":0,"dstr":"2022-06-04"},{"SEQID":"EPI_ISL_14117505","GNODEID":"G-2.3","TAGID":"BA-2-18-0113","cat_id":"staff","type":"CD","date":44719,"category":"staff","association":"KS","highlight":{},"emphasize":"N","dint":1654560000000,"age":"","index":33,"edges":[],"neighbors":[],"degree":0,"dstr":"2022-06-07"},{"SEQID":"EPI_ISL_14118200","GNODEID":"G-2.2","TAGID":"BA-2-18-0115","cat_id":"client","type":"CD","date":44717,"category":"client","association":"なし","highlight":{},"emphasize":"Y","dint":1654387200000,"age":"","index":34,"edges":[],"neighbors":[],"degree":0,"dstr":"2022-06-05"},{"SEQID":"EPI_ISL_14118227","GNODEID":"G-2.14","TAGID":"BA-2-18-0116","cat_id":"client","type":"CD","date":44713,"category":"client","association":"なし","highlight":{},"emphasize":"Y","dint":1654041600000,"age":"","index":35,"edges":[],"neighbors":[],"degree":0,"dstr":"2022-06-01"},{"SEQID":"EPI_ISL_14118620","GNODEID":"G-3.4","TAGID":"BA-2-18-0118","cat_id":"client","type":"CD","date":44725,"category":"client","association":"KY","highlight":{},"emphasize":"N","dint":1655078400000,"age":"","index":36,"edges":[],"neighbors":[],"degree":0,"dstr":"2022-06-13"},{"SEQID":"EPI_ISL_14118732","GNODEID":"G-2.6","TAGID":"BA-2-18-0119","cat_id":"staff","type":"CD","date":44723,"category":"staff","association":"なし","highlight":{},"emphasize":"Y","dint":1654905600000,"age":"","index":37,"edges":[],"neighbors":[],"degree":0,"dstr":"2022-06-11"},{"SEQID":"EPI_ISL_14119378","GNODEID":"G-3","TAGID":"BA-2-18-0125","cat_id":"client","type":"CD","date":44727,"category":"client","association":"KS","highlight":{},"emphasize":"N","dint":1655251200000,"age":"","index":38,"edges":[],"neighbors":[],"degree":0,"dstr":"2022-06-15"},{"SEQID":"EPI_ISL_14119860","GNODEID":"G-2.5","TAGID":"BA-2-18-0126","cat_id":"staff","type":"CD","date":44726,"category":"staff","association":"なし","highlight":{},"emphasize":"Y","dint":1655164800000,"age":"","index":39,"edges":[],"neighbors":[],"degree":0,"dstr":"2022-06-14"},{"SEQID":"EPI_ISL_14119884","GNODEID":"G-2.2.2","TAGID":"BA-2-18-0127","cat_id":"staff","type":"CD","date":44728,"category":"staff","association":"なし","highlight":{},"emphasize":"N","dint":1655337600000,"age":"","index":40,"edges":[],"neighbors":[],"degree":0,"dstr":"2022-06-16"},{"SEQID":"EPI_ISL_14120038","GNODEID":"G-2","TAGID":"BA-2-18-0131","cat_id":"client","type":"CD","date":44729,"category":"client","association":"KN","highlight":{},"emphasize":"N","dint":1655424000000,"age":"","index":41,"edges":[],"neighbors":[],"degree":0,"dstr":"2022-06-17"},{"SEQID":"EPI_ISL_14120243","GNODEID":"G-3","TAGID":"BA-2-18-0136","cat_id":"client","type":"CD","date":44719,"category":"client","association":"なし","highlight":{},"emphasize":"N","dint":1654560000000,"age":"","index":42,"edges":[],"neighbors":[],"degree":0,"dstr":"2022-06-07"},{"SEQID":"EPI_ISL_14120326","GNODEID":"G-2.2","TAGID":"BA-2-18-0137","cat_id":"client","type":"CD","date":44721,"category":"client","association":"KN","highlight":{},"emphasize":"N","dint":1654732800000,"age":"","index":43,"edges":[],"neighbors":[],"degree":0,"dstr":"2022-06-09"},{"SEQID":"EPI_ISL_14120550","GNODEID":"G-2.2","TAGID":"BA-2-18-0139","cat_id":"staff","type":"CD","date":44723,"category":"staff","association":"KN","highlight":{},"emphasize":"N","dint":1654905600000,"age":"","index":44,"edges":[],"neighbors":[],"degree":0,"dstr":"2022-06-11"},{"SEQID":"EPI_ISL_14120435","GNODEID":"G-3","TAGID":"BA-2-18-0140","cat_id":"client","type":"CD","date":44722,"category":"client","association":"なし","highlight":{},"emphasize":"Y","dint":1654819200000,"age":"","index":45,"edges":[],"neighbors":[],"degree":0,"dstr":"2022-06-10"},{"SEQID":"EPI_ISL_14120535","GNODEID":"G-2.7","TAGID":"BA-2-18-0142","cat_id":"staff","type":"CD","date":44723,"category":"staff","association":"KN","highlight":{},"emphasize":"N","dint":1654905600000,"age":"","index":46,"edges":[],"neighbors":[],"degree":0,"dstr":"2022-06-11"},{"SEQID":"EPI_ISL_14121114","GNODEID":"G-2.1","TAGID":"BA-2-18-0145","cat_id":"staff","type":"CD","date":44726,"category":"staff","association":"KS","highlight":{},"emphasize":"Y","dint":1655164800000,"age":"","index":47,"edges":[],"neighbors":[],"degree":0,"dstr":"2022-06-14"},{"SEQID":"EPI_ISL_14121436","GNODEID":"G-3","TAGID":"BA-2-18-0148","cat_id":"client","type":"CD","date":44731,"category":"client","association":"KN","highlight":{},"emphasize":"Y","dint":1655596800000,"age":"","index":48,"edges":[],"neighbors":[],"degree":0,"dstr":"2022-06-19"},{"SEQID":"EPI_ISL_14121696","GNODEID":"G-3","TAGID":"BA-2-18-0149","cat_id":"client","type":"CD","date":44727,"category":"client","association":"KY","highlight":{},"emphasize":"N","dint":1655251200000,"age":"","index":49,"edges":[],"neighbors":[],"degree":0,"dstr":"2022-06-15"},{"SEQID":"EPI_ISL_14121896","GNODEID":"G-3","TAGID":"BA-2-18-0150","cat_id":"staff","type":"CD","date":44735,"category":"staff","association":"KN","highlight":{},"emphasize":"N","dint":1655942400000,"age":"","index":50,"edges":[],"neighbors":[],"degree":0,"dstr":"2022-06-23"},{"SEQID":"EPI_ISL_14122094","GNODEID":"G-0","TAGID":"BA-2-18-0154","cat_id":"staff","type":"CD","date":44728,"category":"staff","association":"KS","highlight":{},"emphasize":"N","dint":1655337600000,"age":"","index":51,"edges":[],"neighbors":[],"degree":0,"dstr":"2022-06-16"},{"SEQID":"EPI_ISL_14122169","GNODEID":"G-3.2","TAGID":"BA-2-18-0155","cat_id":"staff","type":"CD","date":44728,"category":"staff","association":"KS","highlight":{},"emphasize":"N","dint":1655337600000,"age":"","index":52,"edges":[],"neighbors":[],"degree":0,"dstr":"2022-06-16"},{"SEQID":"EPI_ISL_14123361","GNODEID":"G-2","TAGID":"BA-2-18-0159","cat_id":"client","type":"CD","date":44729,"category":"client","association":"KN","highlight":{},"emphasize":"N","dint":1655424000000,"age":"","index":53,"edges":[],"neighbors":[],"degree":0,"dstr":"2022-06-17"},{"SEQID":"EPI_ISL_14123860","GNODEID":"G-2.5","TAGID":"BA-2-18-0167","cat_id":"staff","type":"CD","date":44732,"category":"staff","association":"なし","highlight":{},"emphasize":"Y","dint":1655683200000,"age":"","index":54,"edges":[],"neighbors":[],"degree":0,"dstr":"2022-06-20"},{"SEQID":"EPI_ISL_14124665","GNODEID":"G-2.12","TAGID":"BA-2-18-0170","cat_id":"staff","type":"CD","date":44732,"category":"staff","association":"CS","highlight":{},"emphasize":"Y","dint":1655683200000,"age":"","index":55,"edges":[],"neighbors":[],"degree":0,"dstr":"2022-06-20"},{"SEQID":"EPI_ISL_14125068","GNODEID":"G-2.10","TAGID":"BA-2-18-0176","cat_id":"staff","type":"CD","date":44737,"category":"staff","association":"なし","highlight":{},"emphasize":"Y","dint":1656115200000,"age":"","index":56,"edges":[],"neighbors":[],"degree":0,"dstr":"2022-06-25"},{"SEQID":"EPI_ISL_14125390","GNODEID":"G-2.1","TAGID":"BA-2-18-0181","cat_id":"client","type":"CD","date":44728,"category":"client","association":"KS","highlight":{},"emphasize":"N","dint":1655337600000,"age":"","index":57,"edges":[],"neighbors":[],"degree":0,"dstr":"2022-06-16"},{"SEQID":"EPI_ISL_14126075","GNODEID":"G-3","TAGID":"BA-2-18-0185","cat_id":"client","type":"CD","date":44743,"category":"client","association":"KY","highlight":{},"emphasize":"N","dint":1656633600000,"age":"","index":58,"edges":[],"neighbors":[],"degree":0,"dstr":"2022-07-01"},{"SEQID":"EPI_ISL_14126337","GNODEID":"G-2","TAGID":"BA-2-18-0187","cat_id":"client","type":"CD","date":44732,"category":"client","association":"CS","highlight":{},"emphasize":"Y","dint":1655683200000,"age":"","index":59,"edges":[],"neighbors":[],"degree":0,"dstr":"2022-06-20"},{"SEQID":"EPI_ISL_14127411","GNODEID":"G-3","TAGID":"BA-2-18-0193","cat_id":"client","type":"CD","date":44736,"category":"client","association":"KS","highlight":{},"emphasize":"N","dint":1656028800000,"age":"","index":60,"edges":[],"neighbors":[],"degree":0,"dstr":"2022-06-24"},{"SEQID":"EPI_ISL_14127451","GNODEID":"G-2.1","TAGID":"BA-2-18-0194","cat_id":"client","type":"CD","date":44733,"category":"client","association":"CS","highlight":{},"emphasize":"Y","dint":1655769600000,"age":"","index":61,"edges":[],"neighbors":[],"degree":0,"dstr":"2022-06-21"},{"SEQID":"EPI_ISL_14127474","GNODEID":"G-2.1","TAGID":"BA-2-18-0195","cat_id":"staff","type":"CD","date":44735,"category":"staff","association":"KS","highlight":{},"emphasize":"Y","dint":1655942400000,"age":"","index":62,"edges":[],"neighbors":[],"degree":0,"dstr":"2022-06-23"},{"SEQID":"EPI_ISL_14127813","GNODEID":"G-3.3","TAGID":"BA-2-18-0202","cat_id":"client","type":"CD","date":44743,"category":"client","association":"KS","highlight":{},"emphasize":"N","dint":1656633600000,"age":"","index":63,"edges":[],"neighbors":[],"degree":0,"dstr":"2022-07-01"},{"SEQID":"EPI_ISL_14127859","GNODEID":"G-2.20","TAGID":"BA-2-18-0204","cat_id":"staff","type":"CD","date":44739,"category":"staff","association":"KS","highlight":{},"emphasize":"N","dint":1656288000000,"age":"","index":64,"edges":[],"neighbors":[],"degree":0,"dstr":"2022-06-27"},{"SEQID":"EPI_ISL_14128615","GNODEID":"G-3.1","TAGID":"BA-2-18-0208","cat_id":"client","type":"CD","date":44736,"category":"client","association":"KS","highlight":{},"emphasize":"N","dint":1656028800000,"age":"","index":65,"edges":[],"neighbors":[],"degree":0,"dstr":"2022-06-24"},{"SEQID":"EPI_ISL_14129077","GNODEID":"G-2.17","TAGID":"BA-2-18-0210","cat_id":"client","type":"CD","date":44734,"category":"client","association":"KN","highlight":{},"emphasize":"Y","dint":1655856000000,"age":"","index":66,"edges":[],"neighbors":[],"degree":0,"dstr":"2022-06-22"},{"SEQID":"EPI_ISL_14130209","GNODEID":"G-2.21","TAGID":"BA-2-18-0216","cat_id":"staff","type":"CD","date":44742,"category":"staff","association":"KY","highlight":{},"emphasize":"Y","dint":1656547200000,"age":"","index":67,"edges":[],"neighbors":[],"degree":0,"dstr":"2022-06-30"},{"SEQID":"EPI_ISL_14130210","GNODEID":"G-2","TAGID":"BA-2-18-0217","cat_id":"client","type":"CD","date":44742,"category":"client","association":"KY","highlight":{},"emphasize":"N","dint":1656547200000,"age":"","index":68,"edges":[],"neighbors":[],"degree":0,"dstr":"2022-06-30"},{"SEQID":"EPI_ISL_14130375","GNODEID":"G-2","TAGID":"BA-2-18-0219","cat_id":"client","type":"CD","date":44741,"category":"client","association":"TO","highlight":{},"emphasize":"N","dint":1656460800000,"age":"","index":69,"edges":[],"neighbors":[],"degree":0,"dstr":"2022-06-29"},{"SEQID":"EPI_ISL_14130248","GNODEID":"G-2","TAGID":"BA-2-18-0220","cat_id":"staff","type":"CD","date":44743,"category":"staff","association":"KY","highlight":{},"emphasize":"N","dint":1656633600000,"age":"","index":70,"edges":[],"neighbors":[],"degree":0,"dstr":"2022-07-01"},{"SEQID":"EPI_ISL_14130463","GNODEID":"G-3","TAGID":"BA-2-18-0221","cat_id":"client","type":"CD","date":44740,"category":"client","association":"KS","highlight":{},"emphasize":"Y","dint":1656374400000,"age":"","index":71,"edges":[],"neighbors":[],"degree":0,"dstr":"2022-06-28"},{"SEQID":"EPI_ISL_14130498","GNODEID":"G-3","TAGID":"BA-2-18-0222","cat_id":"staff","type":"CD","date":44742,"category":"staff","association":"KS","highlight":{},"emphasize":"N","dint":1656547200000,"age":"","index":72,"edges":[],"neighbors":[],"degree":0,"dstr":"2022-06-30"},{"SEQID":"EPI_ISL_14130496","GNODEID":"G-3","TAGID":"BA-2-18-0223","cat_id":"client","type":"CD","date":44742,"category":"client","association":"KS","highlight":{},"emphasize":"Y","dint":1656547200000,"age":"","index":73,"edges":[],"neighbors":[],"degree":0,"dstr":"2022-06-30"},{"SEQID":"EPI_ISL_14130774","GNODEID":"G-2","TAGID":"BA-2-18-0225","cat_id":"client","type":"CD","date":44736,"category":"client","association":"KS","highlight":{},"emphasize":"N","dint":1656028800000,"age":"","index":74,"edges":[],"neighbors":[],"degree":0,"dstr":"2022-06-24"},{"SEQID":"EPI_ISL_14130641","GNODEID":"G-2.1","TAGID":"BA-2-18-0226","cat_id":"client","type":"CD","date":44733,"category":"client","association":"KS","highlight":{},"emphasize":"N","dint":1655769600000,"age":"","index":75,"edges":[],"neighbors":[],"degree":0,"dstr":"2022-06-21"},{"SEQID":"EPI_ISL_14137203","GNODEID":"G-4","TAGID":"BA-2-18-0234","cat_id":"client","type":"CD","date":44742,"category":"client","association":"KS","highlight":{},"emphasize":"Y","dint":1656547200000,"age":"","index":76,"edges":[],"neighbors":[],"degree":0,"dstr":"2022-06-30"},{"SEQID":"EPI_ISL_14137651","GNODEID":"G-2.8","TAGID":"BA-2-18-0235","cat_id":"client","type":"CD","date":44743,"category":"client","association":"TO","highlight":{},"emphasize":"Y","dint":1656633600000,"age":"","index":77,"edges":[],"neighbors":[],"degree":0,"dstr":"2022-07-01"},{"SEQID":"EPI_ISL_14137531","GNODEID":"G-2.1.2","TAGID":"BA-2-18-0236","cat_id":"staff","type":"CD","date":44740,"category":"staff","association":"KS","highlight":{},"emphasize":"N","dint":1656374400000,"age":"","index":78,"edges":[],"neighbors":[],"degree":0,"dstr":"2022-06-28"},{"SEQID":"EPI_ISL_14139786","GNODEID":"G-2.16","TAGID":"BA-2-18-0247","cat_id":"client","type":"CD","date":44726,"category":"client","association":"KN","highlight":{},"emphasize":"N","dint":1655164800000,"age":"","index":79,"edges":[],"neighbors":[],"degree":0,"dstr":"2022-06-14"},{"SEQID":"EPI_ISL_14139782","GNODEID":"G-2","TAGID":"BA-2-18-0249","cat_id":"staff","type":"CD","date":44724,"category":"staff","association":"KN","highlight":{},"emphasize":"Y","dint":1654992000000,"age":"","index":80,"edges":[],"neighbors":[],"degree":0,"dstr":"2022-06-12"},{"SEQID":"EPI_ISL_14140147","GNODEID":"G-2.9","TAGID":"BA-2-18-0253","cat_id":"staff","type":"CD","date":44743,"category":"staff","association":"KN","highlight":{},"emphasize":"N","dint":1656633600000,"age":"","index":81,"edges":[],"neighbors":[],"degree":0,"dstr":"2022-07-01"},{"SEQID":"EPI_ISL_14146794","GNODEID":"G-2.6","TAGID":"BA-2-18-0262","cat_id":"client","type":"CD","date":44736,"category":"client","association":"KN","highlight":{},"emphasize":"Y","dint":1656028800000,"age":"","index":82,"edges":[],"neighbors":[],"degree":0,"dstr":"2022-06-24"},{"SEQID":"EPI_ISL_14146830","GNODEID":"G-2.6.1","TAGID":"BA-2-18-0266","cat_id":"client","type":"CD","date":44734,"category":"client","association":"KN","highlight":{},"emphasize":"N","dint":1655856000000,"age":"","index":83,"edges":[],"neighbors":[],"degree":0,"dstr":"2022-06-22"},{"SEQID":"EPI_ISL_14146829","GNODEID":"G-2.4","TAGID":"BA-2-18-0267","cat_id":"staff","type":"CD","date":44733,"category":"staff","association":"KN","highlight":{},"emphasize":"N","dint":1655769600000,"age":"","index":84,"edges":[],"neighbors":[],"degree":0,"dstr":"2022-06-21"},{"SEQID":"EPI_ISL_14146877","GNODEID":"G-2.13","TAGID":"BA-2-18-0275","cat_id":"staff","type":"CD","date":44737,"category":"staff","association":"KN","highlight":{},"emphasize":"Y","dint":1656115200000,"age":"","index":85,"edges":[],"neighbors":[],"degree":0,"dstr":"2022-06-25"},{"SEQID":"EPI_ISL_14211223","GNODEID":"G-2","TAGID":"BA-2-18-0282","cat_id":"staff","type":"CD","date":44741,"category":"staff","association":"KS","highlight":{},"emphasize":"N","dint":1656460800000,"age":"","index":86,"edges":[],"neighbors":[],"degree":0,"dstr":"2022-06-29"},{"SEQID":"EPI_ISL_14338541","GNODEID":"G-2.18","TAGID":"BA-2-18-0288","cat_id":"client","type":"CD","date":44741,"category":"client","association":"KS","highlight":{},"emphasize":"Y","dint":1656460800000,"age":"","index":87,"edges":[],"neighbors":[],"degree":0,"dstr":"2022-06-29"},{"SEQID":"EPI_ISL_14343352","GNODEID":"G-2.11","TAGID":"BA-2-18-0295","cat_id":"client","type":"CD","date":44734,"category":"client","association":"KN","highlight":{},"emphasize":"N","dint":1655856000000,"age":"","index":88,"edges":[],"neighbors":[],"degree":0,"dstr":"2022-06-22"},{"SEQID":"EPI_ISL_14343351","GNODEID":"G-2","TAGID":"BA-2-18-0297","cat_id":"client","type":"CD","date":44734,"category":"client","association":"KN","highlight":{},"emphasize":"Y","dint":1655856000000,"age":"","index":89,"edges":[],"neighbors":[],"degree":0,"dstr":"2022-06-22"}],"edges":[{"LINKID":"L-1","TAG_from":"EPI_ISL_13765599","TAG_to":"EPI_ISL_14047580","label":"家族","src":-1,"dst":-1}],"epi":[{"SEQID":"EPI_ISL_13762829","GNODEID":"G-0"},{"SEQID":"EPI_ISL_14122094","GNODEID":"G-0"},{"SEQID":"EPI_ISL_13765744","GNODEID":"G-0"},{"SEQID":"REF","GNODEID":"G-1"},{"SEQID":"EPI_ISL_14126337","GNODEID":"G-2"},{"SEQID":"EPI_ISL_14115005","GNODEID":"G-2"},{"SEQID":"EPI_ISL_14120038","GNODEID":"G-2"},{"SEQID":"EPI_ISL_14113445","GNODEID":"G-2"},{"SEQID":"EPI_ISL_14139782","GNODEID":"G-2"},{"SEQID":"EPI_ISL_14211223","GNODEID":"G-2"},{"SEQID":"EPI_ISL_14130210","GNODEID":"G-2"},{"SEQID":"EPI_ISL_14130248","GNODEID":"G-2"},{"SEQID":"EPI_ISL_14082169","GNODEID":"G-2"},{"SEQID":"EPI_ISL_14130375","GNODEID":"G-2"},{"SEQID":"EPI_ISL_14123361","GNODEID":"G-2"},{"SEQID":"EPI_ISL_13765771","GNODEID":"G-2"},{"SEQID":"EPI_ISL_14082084","GNODEID":"G-2"},{"SEQID":"EPI_ISL_14130774","GNODEID":"G-2"},{"SEQID":"EPI_ISL_13765772","GNODEID":"G-2"},{"SEQID":"EPI_ISL_14082118","GNODEID":"G-2"},{"SEQID":"EPI_ISL_14081987","GNODEID":"G-2"},{"SEQID":"EPI_ISL_14089228","GNODEID":"G-2"},{"SEQID":"EPI_ISL_14082190","GNODEID":"G-2"},{"SEQID":"EPI_ISL_14343351","GNODEID":"G-2"},{"SEQID":"EPI_ISL_13513793","GNODEID":"G-2.1"},{"SEQID":"EPI_ISL_14110120","GNODEID":"G-2.1"},{"SEQID":"EPI_ISL_13650909","GNODEID":"G-2.1"},{"SEQID":"EPI_ISL_14127474","GNODEID":"G-2.1"},{"SEQID":"EPI_ISL_13593226","GNODEID":"G-2.1"},{"SEQID":"EPI_ISL_14130641","GNODEID":"G-2.1"},{"SEQID":"EPI_ISL_14017682","GNODEID":"G-2.1"},{"SEQID":"EPI_ISL_14125390","GNODEID":"G-2.1"},{"SEQID":"EPI_ISL_14082095","GNODEID":"G-2.1"},{"SEQID":"EPI_ISL_14115403","GNODEID":"G-2.1"},{"SEQID":"EPI_ISL_13514848","GNODEID":"G-2.1"},{"SEQID":"EPI_ISL_14121114","GNODEID":"G-2.1"},{"SEQID":"EPI_ISL_14127451","GNODEID":"G-2.1"},{"SEQID":"EPI_ISL_13692284","GNODEID":"G-2.1.1"},{"SEQID":"EPI_ISL_14137531","GNODEID":"G-2.1.2"},{"SEQID":"EPI_ISL_14082200","GNODEID":"G-2.1.3"},{"SEQID":"EPI_ISL_14118200","GNODEID":"G-2.2"},{"SEQID":"EPI_ISL_14120326","GNODEID":"G-2.2"},{"SEQID":"EPI_ISL_14120550","GNODEID":"G-2.2"},{"SEQID":"EPI_ISL_13765588","GNODEID":"G-2.2.1"},{"SEQID":"EPI_ISL_14119884","GNODEID":"G-2.2.2"},{"SEQID":"EPI_ISL_13513715","GNODEID":"G-2.3"},{"SEQID":"EPI_ISL_14117505","GNODEID":"G-2.3"},{"SEQID":"EPI_ISL_14146829","GNODEID":"G-2.4"},{"SEQID":"EPI_ISL_14119860","GNODEID":"G-2.5"},{"SEQID":"EPI_ISL_14123860","GNODEID":"G-2.5"},{"SEQID":"EPI_ISL_14118732","GNODEID":"G-2.6"},{"SEQID":"EPI_ISL_14146794","GNODEID":"G-2.6"},{"SEQID":"EPI_ISL_14146830","GNODEID":"G-2.6.1"},{"SEQID":"EPI_ISL_13593229","GNODEID":"G-2.7"},{"SEQID":"EPI_ISL_14120535","GNODEID":"G-2.7"},{"SEQID":"EPI_ISL_14137651","GNODEID":"G-2.8"},{"SEQID":"EPI_ISL_14140147","GNODEID":"G-2.9"},{"SEQID":"EPI_ISL_14125068","GNODEID":"G-2.10"},{"SEQID":"EPI_ISL_14343352","GNODEID":"G-2.11"},{"SEQID":"EPI_ISL_14124665","GNODEID":"G-2.12"},{"SEQID":"EPI_ISL_14146877","GNODEID":"G-2.13"},{"SEQID":"EPI_ISL_14118227","GNODEID":"G-2.14"},{"SEQID":"EPI_ISL_13901018","GNODEID":"G-2.15"},{"SEQID":"EPI_ISL_14139786","GNODEID":"G-2.16"},{"SEQID":"EPI_ISL_14129077","GNODEID":"G-2.17"},{"SEQID":"EPI_ISL_14338541","GNODEID":"G-2.18"},{"SEQID":"EPI_ISL_14082202","GNODEID":"G-2.19"},{"SEQID":"EPI_ISL_14127859","GNODEID":"G-2.20"},{"SEQID":"EPI_ISL_14130209","GNODEID":"G-2.21"},{"SEQID":"EPI_ISL_13513639","GNODEID":"G-3"},{"SEQID":"EPI_ISL_14120435","GNODEID":"G-3"},{"SEQID":"EPI_ISL_14114181","GNODEID":"G-3"},{"SEQID":"EPI_ISL_13650860","GNODEID":"G-3"},{"SEQID":"EPI_ISL_14120243","GNODEID":"G-3"},{"SEQID":"EPI_ISL_13514601","GNODEID":"G-3"},{"SEQID":"EPI_ISL_14127411","GNODEID":"G-3"},{"SEQID":"EPI_ISL_14130498","GNODEID":"G-3"},{"SEQID":"EPI_ISL_14130463","GNODEID":"G-3"},{"SEQID":"EPI_ISL_14111613","GNODEID":"G-3"},{"SEQID":"EPI_ISL_14119378","GNODEID":"G-3"},{"SEQID":"EPI_ISL_14130496","GNODEID":"G-3"},{"SEQID":"EPI_ISL_13512882","GNODEID":"G-3"},{"SEQID":"EPI_ISL_14121436","GNODEID":"G-3"},{"SEQID":"EPI_ISL_14121896","GNODEID":"G-3"},{"SEQID":"EPI_ISL_14121696","GNODEID":"G-3"},{"SEQID":"EPI_ISL_14126075","GNODEID":"G-3"},{"SEQID":"EPI_ISL_14128615","GNODEID":"G-3.1"},{"SEQID":"EPI_ISL_14122169","GNODEID":"G-3.2"},{"SEQID":"EPI_ISL_14127813","GNODEID":"G-3.3"},{"SEQID":"EPI_ISL_14118620","GNODEID":"G-3.4"},{"SEQID":"EPI_ISL_14137203","GNODEID":"G-4"}],"tree":[{"label":"G-0","length":0,"edges":["G-1","G-2","G-3","G-4"],"subs":0},{"label":"G-1","length":0.0148376855,"edges":[],"subs":30},{"label":"G-2","length":0.0004976746,"edges":["G-2.1","G-2.2","G-2.3","G-2.4","G-2.5","G-2.6","G-2.7","G-2.8","G-2.9","G-2.10","G-2.11","G-2.12","G-2.13","G-2.14","G-2.15","G-2.16","G-2.17","G-2.18","G-2.19","G-2.20","G-2.21"],"subs":1},{"label":"G-2.1","length":0.0004965614999999999,"edges":["G-2.1.1","G-2.1.2","G-2.1.3"],"subs":1},{"label":"G-2.1.1","length":0.0012475931,"edges":[],"subs":2},{"label":"G-2.1.2","length":0.0007498359,"edges":[],"subs":1},{"label":"G-2.1.3","length":0.0007508271,"edges":[],"subs":1},{"label":"G-2.2","length":0.0004965121,"edges":["G-2.2.1","G-2.2.2"],"subs":1},{"label":"G-2.2.1","length":0.0004962358999999999,"edges":[],"subs":1},{"label":"G-2.2.2","length":0.0004959569,"edges":[],"subs":1},{"label":"G-2.3","length":0.0007464274999999999,"edges":[],"subs":1},{"label":"G-2.4","length":0.0010000374999999998,"edges":[],"subs":2},{"label":"G-2.5","length":0.0007455903,"edges":[],"subs":1},{"label":"G-2.6","length":0.0007464530999999999,"edges":["G-2.6.1"],"subs":1},{"label":"G-2.6.1","length":0.0004969986,"edges":[],"subs":1},{"label":"G-2.7","length":0.0005101815000000001,"edges":[],"subs":1},{"label":"G-2.8","length":0.0005117397000000002,"edges":[],"subs":1},{"label":"G-2.9","length":0.0005102374000000001,"edges":[],"subs":1},{"label":"G-2.10","length":0.0010030567999999994,"edges":[],"subs":2},{"label":"G-2.11","length":0.0007563699999999995,"edges":[],"subs":1},{"label":"G-2.12","length":0.0010074853999999995,"edges":[],"subs":2},{"label":"G-2.13","length":0.0007591001999999995,"edges":[],"subs":1},{"label":"G-2.14","length":0.0005077912000000001,"edges":[],"subs":1},{"label":"G-2.15","length":0.0005070507000000001,"edges":[],"subs":1},{"label":"G-2.16","length":0.0005059485000000002,"edges":[],"subs":1},{"label":"G-2.17","length":0.0005061015000000001,"edges":[],"subs":1},{"label":"G-2.18","length":0.0005015299000000001,"edges":[],"subs":1},{"label":"G-2.19","length":0.0005008661,"edges":[],"subs":1},{"label":"G-2.20","length":0.0012508863000000002,"edges":[],"subs":2},{"label":"G-2.21","length":0.0007481540000000001,"edges":[],"subs":1},{"label":"G-3","length":0.0005035870999999998,"edges":["G-3.1","G-3.2","G-3.3","G-3.4"],"subs":1},{"label":"G-3.1","length":0.0007590673,"edges":[],"subs":1},{"label":"G-3.2","length":0.0005053080000000001,"edges":[],"subs":1},{"label":"G-3.3","length":0.0005048686000000001,"edges":[],"subs":1},{"label":"G-3.4","length":0.0007545474000000001,"edges":[],"subs":1},{"label":"G-4","length":0.0007547574999999998,"edges":[],"subs":1}],"dist":{"period":14.473997940854328,"phase":12.473997940854328,"interval":0.000033423707827788646}}