{"nodes":[{"SEQID":"EPI_ISL_13565648","GNODEID":"G-2.2.1.4","TAGID":"BA-4-1-0006","cat_id":"client","type":"CD","date":44710,"category":"client","highlight":{},"emphasize":"N","dint":1653782400000,"age":"","index":0,"edges":[],"neighbors":[],"degree":0,"association":0,"dstr":"2022-05-29"},{"SEQID":"EPI_ISL_13217675","GNODEID":"G-2.12","TAGID":"BA-4-1-0009","cat_id":"client","type":"CD","date":44706,"category":"client","highlight":{},"emphasize":"Y","dint":1653436800000,"age":"","index":1,"edges":[],"neighbors":[],"degree":0,"association":0,"dstr":"2022-05-25"},{"SEQID":"EPI_ISL_13765595","GNODEID":"G-2.2.1.2","TAGID":"BA-4-1-0010","cat_id":"client","type":"CD","date":44732,"category":"client","association":"KS","highlight":{},"emphasize":"Y","dint":1655683200000,"age":"","index":2,"edges":[],"neighbors":[],"degree":0,"dstr":"2022-06-20"},{"SEQID":"EPI_ISL_13765587","GNODEID":"G-2.31","TAGID":"BA-4-1-0011","cat_id":"client","type":"CD","date":44732,"category":"client","association":"KS","highlight":{},"emphasize":"N","dint":1655683200000,"age":"","index":3,"edges":[],"neighbors":[],"degree":0,"dstr":"2022-06-20"},{"SEQID":"EPI_ISL_13765746","GNODEID":"G-2.29","TAGID":"BA-4-1-0013","cat_id":"staff","type":"CD","date":44736,"category":"staff","association":"KS","highlight":{},"emphasize":"N","dint":1656028800000,"age":"","index":4,"edges":[],"neighbors":[],"degree":0,"dstr":"2022-06-24"},{"SEQID":"EPI_ISL_13503128","GNODEID":"G-2.23","TAGID":"BA-4-1-0022","cat_id":"staff","type":"CD","date":44725,"category":"staff","association":"KS","highlight":{},"emphasize":"Y","dint":1655078400000,"age":"","index":5,"edges":[],"neighbors":[],"degree":0,"dstr":"2022-06-13"},{"SEQID":"EPI_ISL_13503132","GNODEID":"G-2.2.1","TAGID":"BA-4-1-0024","cat_id":"client","type":"CD","date":44732,"category":"client","association":"KS","highlight":{},"emphasize":"Y","dint":1655683200000,"age":"","index":6,"edges":[],"neighbors":[],"degree":0,"dstr":"2022-06-20"},{"SEQID":"EPI_ISL_13949989","GNODEID":"G-2.5.1","TAGID":"BA-4-1-0026","cat_id":"staff","type":"CD","date":44729,"category":"staff","highlight":{},"emphasize":"N","dint":1655424000000,"age":"","index":7,"edges":[],"neighbors":[],"degree":0,"association":0,"dstr":"2022-06-17"},{"SEQID":"EPI_ISL_13950006","GNODEID":"G-2.14","TAGID":"BA-4-1-0027","cat_id":"staff","type":"CD","date":44733,"category":"staff","highlight":{},"emphasize":"N","dint":1655769600000,"age":"","index":8,"edges":[],"neighbors":[],"degree":0,"association":0,"dstr":"2022-06-21"},{"SEQID":"EPI_ISL_13950056","GNODEID":"G-2.2.1","TAGID":"BA-4-1-0028","cat_id":"client","type":"CD","date":44737,"category":"client","highlight":{},"emphasize":"Y","dint":1656115200000,"age":"","index":9,"edges":[],"neighbors":[],"degree":0,"association":0,"dstr":"2022-06-25"},{"SEQID":"EPI_ISL_13950141","GNODEID":"G-3","TAGID":"BA-4-1-0029","cat_id":"staff","type":"CD","date":44742,"category":"staff","highlight":{},"emphasize":"Y","dint":1656547200000,"age":"","index":10,"edges":[],"neighbors":[],"degree":0,"association":0,"dstr":"2022-06-30"},{"SEQID":"EPI_ISL_13950144","GNODEID":"G-2.19","TAGID":"BA-4-1-0030","cat_id":"staff","type":"CD","date":44741,"category":"staff","highlight":{},"emphasize":"Y","dint":1656460800000,"age":"","index":11,"edges":[],"neighbors":[],"degree":0,"association":0,"dstr":"2022-06-29"},{"SEQID":"EPI_ISL_13565636","GNODEID":"G-2.10","TAGID":"BA-4-1-0041","cat_id":"client","type":"CD","date":44710,"category":"client","highlight":{},"emphasize":"Y","dint":1653782400000,"age":"","index":12,"edges":[],"neighbors":[],"degree":0,"association":0,"dstr":"2022-05-29"},{"SEQID":"EPI_ISL_13565623","GNODEID":"G-2.25","TAGID":"BA-4-1-0042","cat_id":"client","type":"CD","date":44710,"category":"client","highlight":{},"emphasize":"Y","dint":1653782400000,"age":"","index":13,"edges":[],"neighbors":[],"degree":0,"association":0,"dstr":"2022-05-29"},{"SEQID":"EPI_ISL_13565944","GNODEID":"G-2.30.2","TAGID":"BA-4-1-0045","cat_id":"client","type":"CD","date":44723,"category":"client","highlight":{},"emphasize":"N","dint":1654905600000,"age":"","index":14,"edges":[],"neighbors":[],"degree":0,"association":0,"dstr":"2022-06-11"},{"SEQID":"EPI_ISL_13565966","GNODEID":"G-2.16","TAGID":"BA-4-1-0046","cat_id":"client","type":"CD","date":44727,"category":"client","highlight":{},"emphasize":"N","dint":1655251200000,"age":"","index":15,"edges":[],"neighbors":[],"degree":0,"association":0,"dstr":"2022-06-15"},{"SEQID":"EPI_ISL_13027018","GNODEID":"G-2","TAGID":"BA-4-1-0056","cat_id":"client","type":"CD","date":44689,"category":"client","highlight":{},"emphasize":"N","dint":1651968000000,"age":"","index":16,"edges":[],"neighbors":[],"degree":0,"association":0,"dstr":"2022-05-08"},{"SEQID":"EPI_ISL_13512668","GNODEID":"G-2.2.1","TAGID":"BA-4-1-0057","cat_id":"client","type":"CD","date":44684,"category":"client","highlight":{},"emphasize":"N","dint":1651536000000,"age":"","index":17,"edges":[],"neighbors":[],"degree":0,"association":0,"dstr":"2022-05-03"},{"SEQID":"EPI_ISL_14044710","GNODEID":"G-2.11","TAGID":"BA-4-1-0060","cat_id":"staff","type":"CD","date":44729,"category":"staff","association":"KS","highlight":{},"emphasize":"N","dint":1655424000000,"age":"","index":18,"edges":[],"neighbors":[],"degree":0,"dstr":"2022-06-17"},{"SEQID":"EPI_ISL_13026924","GNODEID":"G-2.9","TAGID":"BA-4-1-0072","cat_id":"staff","type":"CD","date":44687,"category":"staff","highlight":{},"emphasize":"Y","dint":1651795200000,"age":"","index":19,"edges":[],"neighbors":[],"degree":0,"association":0,"dstr":"2022-05-06"},{"SEQID":"EPI_ISL_13027429","GNODEID":"G-2.4","TAGID":"BA-4-1-0073","cat_id":"client","type":"CD","date":44694,"category":"client","highlight":{},"emphasize":"N","dint":1652400000000,"age":"","index":20,"edges":[],"neighbors":[],"degree":0,"association":0,"dstr":"2022-05-13"},{"SEQID":"EPI_ISL_13217538","GNODEID":"G-2.27","TAGID":"BA-4-1-0074","cat_id":"staff","type":"CD","date":44704,"category":"staff","highlight":{},"emphasize":"Y","dint":1653264000000,"age":"","index":21,"edges":[],"neighbors":[],"degree":0,"association":0,"dstr":"2022-05-23"},{"SEQID":"EPI_ISL_13027552","GNODEID":"G-2.30","TAGID":"BA-4-1-0076","cat_id":"staff","type":"CD","date":44695,"category":"staff","highlight":{},"emphasize":"Y","dint":1652486400000,"age":"","index":22,"edges":[],"neighbors":[],"degree":0,"association":0,"dstr":"2022-05-14"},{"SEQID":"EPI_ISL_13027254","GNODEID":"G-2.17","TAGID":"BA-4-1-0078","cat_id":"staff","type":"CD","date":44691,"category":"staff","highlight":{},"emphasize":"Y","dint":1652140800000,"age":"","index":23,"edges":[],"neighbors":[],"degree":0,"association":0,"dstr":"2022-05-10"},{"SEQID":"EPI_ISL_13217426","GNODEID":"G-2.25.1","TAGID":"BA-4-1-0079","cat_id":"staff","type":"CD","date":44701,"category":"staff","highlight":{},"emphasize":"Y","dint":1653004800000,"age":"","index":24,"edges":[],"neighbors":[],"degree":0,"association":0,"dstr":"2022-05-20"},{"SEQID":"EPI_ISL_12807071","GNODEID":"G-2.2.1","TAGID":"BA-4-1-0080","cat_id":"client","type":"CD","date":44684,"category":"client","highlight":{},"emphasize":"N","dint":1651536000000,"age":"","index":25,"edges":[],"neighbors":[],"degree":0,"association":0,"dstr":"2022-05-03"},{"SEQID":"EPI_ISL_13901137","GNODEID":"G-2.2.1.3","TAGID":"BA-4-1-0081","cat_id":"staff","type":"CD","date":44739,"category":"staff","association":"KS","highlight":{},"emphasize":"N","dint":1656288000000,"age":"","index":26,"edges":[],"neighbors":[],"degree":0,"dstr":"2022-06-27"},{"SEQID":"EPI_ISL_13901218","GNODEID":"G-2.21","TAGID":"BA-4-1-0082","cat_id":"staff","type":"CD","date":44736,"category":"staff","association":"KS","highlight":{},"emphasize":"N","dint":1656028800000,"age":"","index":27,"edges":[],"neighbors":[],"degree":0,"dstr":"2022-06-24"},{"SEQID":"EPI_ISL_13902024","GNODEID":"G-2.2.1.1","TAGID":"BA-4-1-0083","cat_id":"client","type":"CD","date":44739,"category":"client","association":"KS","highlight":{},"emphasize":"N","dint":1656288000000,"age":"","index":28,"edges":[],"neighbors":[],"degree":0,"dstr":"2022-06-27"},{"SEQID":"EPI_ISL_13901980","GNODEID":"G-2.24","TAGID":"BA-4-1-0086","cat_id":"client","type":"CD","date":44739,"category":"client","association":"KS","highlight":{},"emphasize":"Y","dint":1656288000000,"age":"","index":29,"edges":[],"neighbors":[],"degree":0,"dstr":"2022-06-27"},{"SEQID":"EPI_ISL_14118285","GNODEID":"G-2.25.1.1","TAGID":"BA-4-1-0088","cat_id":"staff","type":"CD","date":44725,"category":"staff","association":"CS","highlight":{},"emphasize":"Y","dint":1655078400000,"age":"","index":30,"edges":[],"neighbors":[],"degree":0,"dstr":"2022-06-13"},{"SEQID":"EPI_ISL_14118791","GNODEID":"G-2.15","TAGID":"BA-4-1-0089","cat_id":"client","type":"CD","date":44725,"category":"client","highlight":{},"emphasize":"Y","dint":1655078400000,"age":"","index":31,"edges":[],"neighbors":[],"degree":0,"association":0,"dstr":"2022-06-13"},{"SEQID":"EPI_ISL_14120688","GNODEID":"G-2.18.1","TAGID":"BA-4-1-0091","cat_id":"client","type":"CD","date":44728,"category":"client","association":"KS","highlight":{},"emphasize":"Y","dint":1655337600000,"age":"","index":32,"edges":[],"neighbors":[],"degree":0,"dstr":"2022-06-16"},{"SEQID":"EPI_ISL_14121199","GNODEID":"G-2.2.1.6","TAGID":"BA-4-1-0092","cat_id":"staff","type":"CD","date":44729,"category":"staff","association":"KS","highlight":{},"emphasize":"N","dint":1655424000000,"age":"","index":33,"edges":[],"neighbors":[],"degree":0,"dstr":"2022-06-17"},{"SEQID":"EPI_ISL_14124058","GNODEID":"G-2.5","TAGID":"BA-4-1-0094","cat_id":"client","type":"CD","date":44734,"category":"client","association":"KS","highlight":{},"emphasize":"Y","dint":1655856000000,"age":"","index":34,"edges":[],"neighbors":[],"degree":0,"dstr":"2022-06-22"},{"SEQID":"EPI_ISL_14124656","GNODEID":"G-2.13","TAGID":"BA-4-1-0095","cat_id":"staff","type":"CD","date":44738,"category":"staff","association":"KN","highlight":{},"emphasize":"Y","dint":1656201600000,"age":"","index":35,"edges":[],"neighbors":[],"degree":0,"dstr":"2022-06-26"},{"SEQID":"EPI_ISL_14124667","GNODEID":"G-2.26","TAGID":"BA-4-1-0096","cat_id":"staff","type":"CD","date":44733,"category":"staff","association":"CS","highlight":{},"emphasize":"Y","dint":1655769600000,"age":"","index":36,"edges":[],"neighbors":[],"degree":0,"dstr":"2022-06-21"},{"SEQID":"EPI_ISL_14125409","GNODEID":"G-2.2","TAGID":"BA-4-1-0099","cat_id":"client","type":"CD","date":44729,"category":"client","association":"KN","highlight":{},"emphasize":"N","dint":1655424000000,"age":"","index":37,"edges":[],"neighbors":[],"degree":0,"dstr":"2022-06-17"},{"SEQID":"EPI_ISL_14125465","GNODEID":"G-2.22","TAGID":"BA-4-1-0100","cat_id":"staff","type":"CD","date":44730,"category":"staff","association":"KS","highlight":{},"emphasize":"N","dint":1655510400000,"age":"","index":38,"edges":[],"neighbors":[],"degree":0,"dstr":"2022-06-18"},{"SEQID":"EPI_ISL_14125680","GNODEID":"G-2.1","TAGID":"BA-4-1-0104","cat_id":"client","type":"CD","date":44740,"category":"client","association":"OK","highlight":{},"emphasize":"N","dint":1656374400000,"age":"","index":39,"edges":[],"neighbors":[],"degree":0,"dstr":"2022-06-28"},{"SEQID":"EPI_ISL_14125826","GNODEID":"G-2.5.2","TAGID":"BA-4-1-0106","cat_id":"client","type":"CD","date":44739,"category":"client","association":"KY","highlight":{},"emphasize":"Y","dint":1656288000000,"age":"","index":40,"edges":[],"neighbors":[],"degree":0,"dstr":"2022-06-27"},{"SEQID":"EPI_ISL_14126002","GNODEID":"G-2.30.1","TAGID":"BA-4-1-0107","cat_id":"staff","type":"CD","date":44736,"category":"staff","association":"KS","highlight":{},"emphasize":"Y","dint":1656028800000,"age":"","index":41,"edges":[],"neighbors":[],"degree":0,"dstr":"2022-06-24"},{"SEQID":"EPI_ISL_14127309","GNODEID":"G-2.28","TAGID":"BA-4-1-0109","cat_id":"staff","type":"CD","date":44732,"category":"staff","association":"KS","highlight":{},"emphasize":"N","dint":1655683200000,"age":"","index":42,"edges":[],"neighbors":[],"degree":0,"dstr":"2022-06-20"},{"SEQID":"EPI_ISL_14128864","GNODEID":"G-2","TAGID":"BA-4-1-0110","cat_id":"client","type":"CD","date":44741,"category":"client","association":"KN","highlight":{},"emphasize":"Y","dint":1656460800000,"age":"","index":43,"edges":[],"neighbors":[],"degree":0,"dstr":"2022-06-29"},{"SEQID":"EPI_ISL_14128942","GNODEID":"G-2.2.1.7","TAGID":"BA-4-1-0111","cat_id":"client","type":"CD","date":44742,"category":"client","highlight":{},"emphasize":"Y","dint":1656547200000,"age":"","index":44,"edges":[],"neighbors":[],"degree":0,"association":0,"dstr":"2022-06-30"},{"SEQID":"EPI_ISL_14129304","GNODEID":"G-2.13","TAGID":"BA-4-1-0116","cat_id":"client","type":"CD","date":44736,"category":"client","association":"KN","highlight":{},"emphasize":"N","dint":1656028800000,"age":"","index":45,"edges":[],"neighbors":[],"degree":0,"dstr":"2022-06-24"},{"SEQID":"EPI_ISL_14129310","GNODEID":"G-2.29","TAGID":"BA-4-1-0118","cat_id":"staff","type":"CD","date":44737,"category":"staff","association":"KS","highlight":{},"emphasize":"N","dint":1656115200000,"age":"","index":46,"edges":[],"neighbors":[],"degree":0,"dstr":"2022-06-25"},{"SEQID":"EPI_ISL_14130693","GNODEID":"G-2.7","TAGID":"BA-4-1-0121","cat_id":"client","type":"CD","date":44735,"category":"client","association":"KS","highlight":{},"emphasize":"N","dint":1655942400000,"age":"","index":47,"edges":[],"neighbors":[],"degree":0,"dstr":"2022-06-23"},{"SEQID":"EPI_ISL_14137192","GNODEID":"G-2.5.3","TAGID":"BA-4-1-0130","cat_id":"staff","type":"CD","date":44742,"category":"staff","association":"KS","highlight":{},"emphasize":"N","dint":1656547200000,"age":"","index":48,"edges":[],"neighbors":[],"degree":0,"dstr":"2022-06-30"},{"SEQID":"EPI_ISL_14138790","GNODEID":"G-2.6","TAGID":"BA-4-1-0131","cat_id":"staff","type":"CD","date":44740,"category":"staff","association":"KY","highlight":{},"emphasize":"N","dint":1656374400000,"age":"","index":49,"edges":[],"neighbors":[],"degree":0,"dstr":"2022-06-28"},{"SEQID":"EPI_ISL_14140034","GNODEID":"G-2.2.1.5","TAGID":"BA-4-1-0133","cat_id":"staff","type":"CD","date":44741,"category":"staff","association":"KN","highlight":{},"emphasize":"N","dint":1656460800000,"age":"","index":50,"edges":[],"neighbors":[],"degree":0,"dstr":"2022-06-29"},{"SEQID":"EPI_ISL_14140662","GNODEID":"G-2.3","TAGID":"BA-4-1-0135","cat_id":"client","type":"CD","date":44740,"category":"client","association":"KS","highlight":{},"emphasize":"Y","dint":1656374400000,"age":"","index":51,"edges":[],"neighbors":[],"degree":0,"dstr":"2022-06-28"},{"SEQID":"EPI_ISL_14540261","GNODEID":"G-2.3","TAGID":"BA-4-1-0138","cat_id":"client","type":"CD","date":44742,"category":"client","association":"KS","highlight":{},"emphasize":"Y","dint":1656547200000,"age":"","index":52,"edges":[],"neighbors":[],"degree":0,"dstr":"2022-06-30"},{"SEQID":"EPI_ISL_14540262","GNODEID":"G-2.8","TAGID":"BA-4-1-0139","cat_id":"staff","type":"CD","date":44742,"category":"staff","association":"KS","highlight":{},"emphasize":"N","dint":1656547200000,"age":"","index":53,"edges":[],"neighbors":[],"degree":0,"dstr":"2022-06-30"},{"SEQID":"EPI_ISL_14540281","GNODEID":"G-2.18","TAGID":"BA-4-1-0142","cat_id":"staff","type":"CD","date":44742,"category":"staff","association":"KS","highlight":{},"emphasize":"Y","dint":1656547200000,"age":"","index":54,"edges":[],"neighbors":[],"degree":0,"dstr":"2022-06-30"},{"SEQID":"EPI_ISL_14540416","GNODEID":"G-2.20","TAGID":"BA-4-1-0143","cat_id":"staff","type":"CD","date":44742,"category":"staff","association":"KS","highlight":{},"emphasize":"N","dint":1656547200000,"age":"","index":55,"edges":[],"neighbors":[],"degree":0,"dstr":"2022-06-30"},{"SEQID":"EPI_ISL_14540427","GNODEID":"G-2.5","TAGID":"BA-4-1-0144","cat_id":"staff","type":"CD","date":44742,"category":"staff","association":"KS","highlight":{},"emphasize":"Y","dint":1656547200000,"age":"","index":56,"edges":[],"neighbors":[],"degree":0,"dstr":"2022-06-30"}],"edges":[{"LINKID":"L-1","TAG_from":"EPI_ISL_13565528","TAG_to":"EPI_ISL_13950006","label":"家族","src":-1,"dst":-1}],"epi":[{"SEQID":"REF","GNODEID":"G-1"},{"SEQID":"EPI_ISL_14128864","GNODEID":"G-2"},{"SEQID":"EPI_ISL_13027018","GNODEID":"G-2"},{"SEQID":"EPI_ISL_14125680","GNODEID":"G-2.1"},{"SEQID":"EPI_ISL_14125409","GNODEID":"G-2.2"},{"SEQID":"EPI_ISL_12807071","GNODEID":"G-2.2.1"},{"SEQID":"EPI_ISL_13512668","GNODEID":"G-2.2.1"},{"SEQID":"EPI_ISL_13950056","GNODEID":"G-2.2.1"},{"SEQID":"EPI_ISL_13503132","GNODEID":"G-2.2.1"},{"SEQID":"EPI_ISL_13902024","GNODEID":"G-2.2.1.1"},{"SEQID":"EPI_ISL_13765595","GNODEID":"G-2.2.1.2"},{"SEQID":"EPI_ISL_13901137","GNODEID":"G-2.2.1.3"},{"SEQID":"EPI_ISL_13565648","GNODEID":"G-2.2.1.4"},{"SEQID":"EPI_ISL_14140034","GNODEID":"G-2.2.1.5"},{"SEQID":"EPI_ISL_14121199","GNODEID":"G-2.2.1.6"},{"SEQID":"EPI_ISL_14128942","GNODEID":"G-2.2.1.7"},{"SEQID":"EPI_ISL_14140662","GNODEID":"G-2.3"},{"SEQID":"EPI_ISL_14540261","GNODEID":"G-2.3"},{"SEQID":"EPI_ISL_13027429","GNODEID":"G-2.4"},{"SEQID":"EPI_ISL_14124058","GNODEID":"G-2.5"},{"SEQID":"EPI_ISL_14540427","GNODEID":"G-2.5"},{"SEQID":"EPI_ISL_13949989","GNODEID":"G-2.5.1"},{"SEQID":"EPI_ISL_14125826","GNODEID":"G-2.5.2"},{"SEQID":"EPI_ISL_14137192","GNODEID":"G-2.5.3"},{"SEQID":"EPI_ISL_14138790","GNODEID":"G-2.6"},{"SEQID":"EPI_ISL_14130693","GNODEID":"G-2.7"},{"SEQID":"EPI_ISL_14540262","GNODEID":"G-2.8"},{"SEQID":"EPI_ISL_13026924","GNODEID":"G-2.9"},{"SEQID":"EPI_ISL_13565636","GNODEID":"G-2.10"},{"SEQID":"EPI_ISL_14044710","GNODEID":"G-2.11"},{"SEQID":"EPI_ISL_13217675","GNODEID":"G-2.12"},{"SEQID":"EPI_ISL_14124656","GNODEID":"G-2.13"},{"SEQID":"EPI_ISL_14129304","GNODEID":"G-2.13"},{"SEQID":"EPI_ISL_13950006","GNODEID":"G-2.14"},{"SEQID":"EPI_ISL_14118791","GNODEID":"G-2.15"},{"SEQID":"EPI_ISL_13565966","GNODEID":"G-2.16"},{"SEQID":"EPI_ISL_13027254","GNODEID":"G-2.17"},{"SEQID":"EPI_ISL_14540281","GNODEID":"G-2.18"},{"SEQID":"EPI_ISL_14120688","GNODEID":"G-2.18.1"},{"SEQID":"EPI_ISL_13950144","GNODEID":"G-2.19"},{"SEQID":"EPI_ISL_14540416","GNODEID":"G-2.20"},{"SEQID":"EPI_ISL_13901218","GNODEID":"G-2.21"},{"SEQID":"EPI_ISL_14125465","GNODEID":"G-2.22"},{"SEQID":"EPI_ISL_13503128","GNODEID":"G-2.23"},{"SEQID":"EPI_ISL_13901980","GNODEID":"G-2.24"},{"SEQID":"EPI_ISL_13565623","GNODEID":"G-2.25"},{"SEQID":"EPI_ISL_13217426","GNODEID":"G-2.25.1"},{"SEQID":"EPI_ISL_14118285","GNODEID":"G-2.25.1.1"},{"SEQID":"EPI_ISL_14124667","GNODEID":"G-2.26"},{"SEQID":"EPI_ISL_13217538","GNODEID":"G-2.27"},{"SEQID":"EPI_ISL_14127309","GNODEID":"G-2.28"},{"SEQID":"EPI_ISL_13765746","GNODEID":"G-2.29"},{"SEQID":"EPI_ISL_14129310","GNODEID":"G-2.29"},{"SEQID":"EPI_ISL_13027552","GNODEID":"G-2.30"},{"SEQID":"EPI_ISL_14126002","GNODEID":"G-2.30.1"},{"SEQID":"EPI_ISL_13565944","GNODEID":"G-2.30.2"},{"SEQID":"EPI_ISL_13765587","GNODEID":"G-2.31"},{"SEQID":"EPI_ISL_13950141","GNODEID":"G-3"}],"tree":[{"label":"G-0","length":0,"edges":["G-1","G-2","G-3"],"subs":0},{"label":"G-1","length":0.0183045037,"edges":[],"subs":56},{"label":"G-2","length":0.0010150353,"edges":["G-2.1","G-2.2","G-2.3","G-2.4","G-2.5","G-2.6","G-2.7","G-2.8","G-2.9","G-2.10","G-2.11","G-2.12","G-2.13","G-2.14","G-2.15","G-2.16","G-2.17","G-2.18","G-2.19","G-2.20","G-2.21","G-2.22","G-2.23","G-2.24","G-2.25","G-2.26","G-2.27","G-2.28","G-2.29","G-2.30","G-2.31"],"subs":3},{"label":"G-2.1","length":0.0010110373,"edges":[],"subs":3},{"label":"G-2.2","length":0.0003413491,"edges":["G-2.2.1"],"subs":1},{"label":"G-2.2.1","length":0.0003361857,"edges":["G-2.2.1.1","G-2.2.1.2","G-2.2.1.3","G-2.2.1.4","G-2.2.1.5","G-2.2.1.6","G-2.2.1.7"],"subs":1},{"label":"G-2.2.1.1","length":0.0006737596,"edges":[],"subs":2},{"label":"G-2.2.1.2","length":0.0003411124,"edges":[],"subs":1},{"label":"G-2.2.1.3","length":0.0003412753,"edges":[],"subs":1},{"label":"G-2.2.1.4","length":0.0003382774,"edges":[],"subs":1},{"label":"G-2.2.1.5","length":0.00033810409999999997,"edges":[],"subs":1},{"label":"G-2.2.1.6","length":0.0003410974,"edges":[],"subs":1},{"label":"G-2.2.1.7","length":0.000341257,"edges":[],"subs":1},{"label":"G-2.3","length":0.0006791687,"edges":[],"subs":2},{"label":"G-2.4","length":0.0010163722,"edges":[],"subs":3},{"label":"G-2.5","length":0.0023686342,"edges":["G-2.5.1","G-2.5.2","G-2.5.3"],"subs":7},{"label":"G-2.5.1","length":0.0006738468,"edges":[],"subs":2},{"label":"G-2.5.2","length":0.0006756226,"edges":[],"subs":2},{"label":"G-2.5.3","length":0.0003382108,"edges":[],"subs":1},{"label":"G-2.6","length":0.0006789672,"edges":[],"subs":2},{"label":"G-2.7","length":0.0013555382,"edges":[],"subs":4},{"label":"G-2.8","length":0.00034403879999999996,"edges":[],"subs":1},{"label":"G-2.9","length":0.0006828086999999999,"edges":[],"subs":2},{"label":"G-2.10","length":0.00034609709999999994,"edges":[],"subs":1},{"label":"G-2.11","length":0.00034714669999999997,"edges":[],"subs":1},{"label":"G-2.12","length":0.0006859333999999999,"edges":[],"subs":2},{"label":"G-2.13","length":0.0016974237,"edges":[],"subs":5},{"label":"G-2.14","length":0.0003534886999999999,"edges":[],"subs":1},{"label":"G-2.15","length":0.0010281991999999999,"edges":[],"subs":3},{"label":"G-2.16","length":0.0006928974999999999,"edges":[],"subs":2},{"label":"G-2.17","length":0.0003564755999999999,"edges":[],"subs":1},{"label":"G-2.18","length":0.0013684544999999998,"edges":["G-2.18.1"],"subs":4},{"label":"G-2.18.1","length":0.0003370224,"edges":[],"subs":1},{"label":"G-2.19","length":0.0010276948999999999,"edges":[],"subs":3},{"label":"G-2.20","length":0.0006904289,"edges":[],"subs":2},{"label":"G-2.21","length":0.0003524402999999999,"edges":[],"subs":1},{"label":"G-2.22","length":0.00035240679999999993,"edges":[],"subs":1},{"label":"G-2.23","length":0.0003512530999999999,"edges":[],"subs":1},{"label":"G-2.24","length":0.00035126209999999995,"edges":[],"subs":1},{"label":"G-2.25","length":0.0003382771,"edges":["G-2.25.1"],"subs":1},{"label":"G-2.25.1","length":0.0003362135,"edges":["G-2.25.1.1"],"subs":1},{"label":"G-2.25.1.1","length":0.0003362506,"edges":[],"subs":1},{"label":"G-2.26","length":0.0016883175,"edges":[],"subs":5},{"label":"G-2.27","length":0.00034081169999999997,"edges":[],"subs":1},{"label":"G-2.28","length":0.0003409509,"edges":[],"subs":1},{"label":"G-2.29","length":0.0006801196,"edges":[],"subs":2},{"label":"G-2.30","length":0.00034394460000000004,"edges":["G-2.30.1","G-2.30.2"],"subs":1},{"label":"G-2.30.1","length":0.0016850546,"edges":[],"subs":5},{"label":"G-2.30.2","length":0.0006742707,"edges":[],"subs":2},{"label":"G-2.31","length":0.0003440132,"edges":[],"subs":1},{"label":"G-3","length":0.0003333681,"edges":[],"subs":1}],"dist":{"period":7.410727745950624,"phase":6.410727745950624,"interval":0.00004376476673189824}}