{"nodes":[{"TAGID":"BA-5-1-0001","SEQID":"EPI_ISL_13351763","cat_id":"client","type":"CD","date":44713,"category":"client","association":"Tokyo","highlight":{},"emphasize":"Y","dint":1654041600000,"age":"","index":0,"edges":[],"neighbors":[],"degree":0,"GNODEID":0,"dstr":"2022-06-01","sex":""},{"TAGID":"BA-5-1-0002","SEQID":"EPI_ISL_13351762","cat_id":"staff","type":"CD","date":44713,"category":"staff","association":"Tokyo","highlight":{},"emphasize":"N","dint":1654041600000,"age":"","index":1,"edges":[],"neighbors":[],"degree":0,"GNODEID":0,"dstr":"2022-06-01","sex":""},{"SEQID":"EPI_ISL_13651701","GNODEID":"G-3.11","TAGID":"BA-5-1-0003","cat_id":"staff","type":"CD","date":44713,"category":"staff","association":"Tokyo","highlight":{},"emphasize":"N","dint":1654041600000,"age":"","index":2,"edges":[],"neighbors":[],"degree":0,"dstr":"2022-06-01","sex":""},{"SEQID":"EPI_ISL_14116781","GNODEID":"G-3.9","TAGID":"BA-5-1-0004","cat_id":"client","type":"CD","date":44713,"category":"client","association":"Osaka","highlight":{},"emphasize":"Y","dint":1654041600000,"age":"","index":3,"edges":[],"neighbors":[],"degree":0,"dstr":"2022-06-01","sex":""},{"SEQID":"EPI_ISL_14119987","GNODEID":"G-3","TAGID":"BA-5-1-0005","cat_id":"staff","type":"CD","date":44713,"category":"staff","association":"Oita","highlight":{},"emphasize":"Y","dint":1654041600000,"age":"","index":4,"edges":[],"neighbors":[],"degree":0,"dstr":"2022-06-01","sex":""}],"edges":[{"LINKID":"L-1","TAG_from":"EPI_ISL_13351763","TAG_to":"EPI_ISL_14119987","label":"家族","src":-1,"dst":-1}],"epi":[{"SEQID":"REF","GNODEID":"G-1"},{"SEQID":"EPI_ISL_13964085","GNODEID":"G-2"},{"SEQID":"EPI_ISL_14119987","GNODEID":"G-3"},{"SEQID":"EPI_ISL_13565951","GNODEID":"G-3"},{"SEQID":"EPI_ISL_14124810","GNODEID":"G-3.1"},{"SEQID":"EPI_ISL_14017889","GNODEID":"G-3.2"},{"SEQID":"EPI_ISL_14125559","GNODEID":"G-3.2"},{"SEQID":"EPI_ISL_14122123","GNODEID":"G-3.2.1"},{"SEQID":"EPI_ISL_14125382","GNODEID":"G-3.3"},{"SEQID":"EPI_ISL_13949980","GNODEID":"G-3.4"},{"SEQID":"EPI_ISL_14120451","GNODEID":"G-3.5"},{"SEQID":"EPI_ISL_14017725","GNODEID":"G-3.5.1"},{"SEQID":"EPI_ISL_13565974","GNODEID":"G-3.6"},{"SEQID":"EPI_ISL_13513764","GNODEID":"G-3.7"},{"SEQID":"EPI_ISL_14123194","GNODEID":"G-3.7"},{"SEQID":"EPI_ISL_14017963","GNODEID":"G-3.7.1"},{"SEQID":"EPI_ISL_13512837","GNODEID":"G-3.8"},{"SEQID":"EPI_ISL_14119031","GNODEID":"G-3.8.1"},{"SEQID":"EPI_ISL_14116781","GNODEID":"G-3.9"},{"SEQID":"EPI_ISL_14121137","GNODEID":"G-3.10"},{"SEQID":"EPI_ISL_13651701","GNODEID":"G-3.11"},{"SEQID":"EPI_ISL_14117577","GNODEID":"G-3.12"},{"SEQID":"EPI_ISL_14123223","GNODEID":"G-3.13"},{"SEQID":"EPI_ISL_14540428","GNODEID":"G-3.14"},{"SEQID":"EPI_ISL_14017903","GNODEID":"G-3.15"},{"SEQID":"EPI_ISL_14540326","GNODEID":"G-3.16"},{"SEQID":"EPI_ISL_14017918","GNODEID":"G-3.17"},{"SEQID":"EPI_ISL_13565950","GNODEID":"G-3.18.1"},{"SEQID":"EPI_ISL_14119406","GNODEID":"G-3.18.2"},{"SEQID":"EPI_ISL_13565915","GNODEID":"G-3.19"},{"SEQID":"EPI_ISL_14120046","GNODEID":"G-3.20"},{"SEQID":"EPI_ISL_14343899","GNODEID":"G-4"}],"tree":[{"label":"G-0","length":0,"edges":["G-1","G-2","G-3","G-4"],"subs":0},{"label":"G-1","length":0.0085810331,"edges":[],"subs":51},{"label":"G-2","length":0.0007085646,"edges":[],"subs":4},{"label":"G-3","length":0.0005322148,"edges":["G-3.1","G-3.2","G-3.3","G-3.4","G-3.5","G-3.6","G-3.7","G-3.8","G-3.9","G-3.10","G-3.11","G-3.12","G-3.13","G-3.14","G-3.15","G-3.16","G-3.17","G-3.18","G-3.19","G-3.20"],"subs":3},{"label":"G-3.1","length":0.0001770681,"edges":[],"subs":1},{"label":"G-3.2","length":0.0003542429,"edges":["G-3.2.1"],"subs":2},{"label":"G-3.2.1","length":0.00017709410000000002,"edges":[],"subs":1},{"label":"G-3.3","length":0.0001771869,"edges":[],"subs":1},{"label":"G-3.4","length":0.0005313536,"edges":[],"subs":3},{"label":"G-3.5","length":0.00017728940000000002,"edges":["G-3.5.1"],"subs":1},{"label":"G-3.5.1","length":0.0001769491,"edges":[],"subs":1},{"label":"G-3.6","length":0.00017735190000000003,"edges":[],"subs":1},{"label":"G-3.7","length":0.0007085090000000001,"edges":["G-3.7.1"],"subs":4},{"label":"G-3.7.1","length":0.0001769025,"edges":[],"subs":1},{"label":"G-3.8","length":0.0005316135000000001,"edges":["G-3.8.1"],"subs":3},{"label":"G-3.8.1","length":0.000176912,"edges":[],"subs":1},{"label":"G-3.9","length":0.00017753270000000004,"edges":[],"subs":1},{"label":"G-3.10","length":0.0007085323,"edges":[],"subs":4},{"label":"G-3.11","length":0.000177334,"edges":[],"subs":1},{"label":"G-3.12","length":0.0008870816000000001,"edges":[],"subs":5},{"label":"G-3.13","length":0.0005323107,"edges":[],"subs":3},{"label":"G-3.14","length":0.00017763520000000003,"edges":[],"subs":1},{"label":"G-3.15","length":0.0005324894000000001,"edges":[],"subs":3},{"label":"G-3.16","length":0.0003551428,"edges":[],"subs":2},{"label":"G-3.17","length":0.0007100313000000001,"edges":[],"subs":4},{"label":"G-3.18","length":0.00017796370000000005,"edges":["G-3.18.1","G-3.18.2"],"subs":1},{"label":"G-3.18.1","length":0.0001773833,"edges":[],"subs":1},{"label":"G-3.18.2","length":0.0005322278,"edges":[],"subs":3},{"label":"G-3.19","length":0.0005329387000000001,"edges":[],"subs":3},{"label":"G-3.20","length":0.00017806450000000006,"edges":[],"subs":1},{"label":"G-4","length":0.0010636971,"edges":[],"subs":6}],"dist":{"period":8.5002287886206,"phase":7.5002287886206,"interval":0.000019570116438356164}}