{"nodes":[{"TAGID":"BA-5-2-0001","SEQID":"EPI_ISL_13565851","cat_id":"staff","type":"CD","date":44712,"category":"staff","highlight":{},"emphasize":"N","dint":1653955200000,"age":"","index":0,"edges":[],"neighbors":[],"degree":0,"GNODEID":0,"association":0,"dstr":"2022-05-31","sex":""},{"SEQID":"EPI_ISL_13565844","GNODEID":"G-2","TAGID":"BA-5-2-0002","cat_id":"client","type":"CD","date":44713,"category":"client","highlight":{},"emphasize":"N","dint":1654041600000,"age":"","index":1,"edges":[],"neighbors":[],"degree":0,"association":0,"dstr":"2022-06-01","sex":""},{"TAGID":"BA-5-2-0003","SEQID":"EPI_ISL_13565882","cat_id":"staff","type":"CD","date":44718,"category":"staff","highlight":{},"emphasize":"Y","dint":1654473600000,"age":"","index":2,"edges":[],"neighbors":[],"degree":0,"GNODEID":0,"association":0,"dstr":"2022-06-06","sex":""},{"SEQID":"EPI_ISL_13565881","GNODEID":"G-3","TAGID":"BA-5-2-0004","cat_id":"client","type":"CD","date":44718,"category":"client","highlight":{},"emphasize":"N","dint":1654473600000,"age":"","index":3,"edges":[],"neighbors":[],"degree":0,"association":0,"dstr":"2022-06-06","sex":""},{"SEQID":"EPI_ISL_13565897","GNODEID":"G-2","TAGID":"BA-5-2-0005","cat_id":"staff","type":"CD","date":44720,"category":"staff","highlight":{},"emphasize":"Y","dint":1654646400000,"age":"","index":4,"edges":[],"neighbors":[],"degree":0,"association":0,"dstr":"2022-06-08","sex":""},{"SEQID":"EPI_ISL_13565886","GNODEID":"G-2","TAGID":"BA-5-2-0006","cat_id":"client","type":"CD","date":44719,"category":"client","highlight":{},"emphasize":"N","dint":1654560000000,"age":"","index":5,"edges":[],"neighbors":[],"degree":0,"association":0,"dstr":"2022-06-07","sex":""},{"TAGID":"BA-5-2-0007","SEQID":"EPI_ISL_13565884","cat_id":"staff","type":"CD","date":44718,"category":"staff","highlight":{},"emphasize":"N","dint":1654473600000,"age":"","index":6,"edges":[],"neighbors":[],"degree":0,"GNODEID":0,"association":0,"dstr":"2022-06-06","sex":""},{"TAGID":"BA-5-2-0008","SEQID":"EPI_ISL_13565887","cat_id":"staff","type":"CD","date":44719,"category":"staff","highlight":{},"emphasize":"N","dint":1654560000000,"age":"","index":7,"edges":[],"neighbors":[],"degree":0,"GNODEID":0,"association":0,"dstr":"2022-06-07","sex":""},{"SEQID":"EPI_ISL_13565914","GNODEID":"G-3","TAGID":"BA-5-2-0009","cat_id":"client","type":"CD","date":44721,"category":"client","highlight":{},"emphasize":"N","dint":1654732800000,"age":"","index":8,"edges":[],"neighbors":[],"degree":0,"association":0,"dstr":"2022-06-09","sex":""},{"SEQID":"EPI_ISL_13565904","GNODEID":"G-2","TAGID":"BA-5-2-0010","cat_id":"client","type":"CD","date":44720,"category":"client","highlight":{},"emphasize":"N","dint":1654646400000,"age":"","index":9,"edges":[],"neighbors":[],"degree":0,"association":0,"dstr":"2022-06-08","sex":""},{"SEQID":"EPI_ISL_13565926","GNODEID":"G-2","TAGID":"BA-5-2-0011","cat_id":"staff","type":"CD","date":44722,"category":"staff","highlight":{},"emphasize":"Y","dint":1654819200000,"age":"","index":10,"edges":[],"neighbors":[],"degree":0,"association":0,"dstr":"2022-06-10","sex":""},{"TAGID":"BA-5-2-0012","SEQID":"EPI_ISL_13565907","cat_id":"staff","type":"CD","date":44720,"category":"staff","highlight":{},"emphasize":"N","dint":1654646400000,"age":"","index":11,"edges":[],"neighbors":[],"degree":0,"GNODEID":0,"association":0,"dstr":"2022-06-08","sex":""},{"SEQID":"EPI_ISL_13565919","GNODEID":"G-2","TAGID":"BA-5-2-0013","cat_id":"client","type":"CD","date":44718,"category":"client","highlight":{},"emphasize":"Y","dint":1654473600000,"age":"","index":12,"edges":[],"neighbors":[],"degree":0,"association":0,"dstr":"2022-06-06","sex":""},{"TAGID":"BA-5-2-0014","SEQID":"EPI_ISL_13565906","cat_id":"client","type":"CD","date":44720,"category":"client","highlight":{},"emphasize":"N","dint":1654646400000,"age":"","index":13,"edges":[],"neighbors":[],"degree":0,"GNODEID":0,"association":0,"dstr":"2022-06-08","sex":""},{"SEQID":"EPI_ISL_13565908","GNODEID":"G-2.4","TAGID":"BA-5-2-0015","cat_id":"client","type":"CD","date":44720,"category":"client","highlight":{},"emphasize":"Y","dint":1654646400000,"age":"","index":14,"edges":[],"neighbors":[],"degree":0,"association":0,"dstr":"2022-06-08","sex":""},{"TAGID":"BA-5-2-0016","SEQID":"EPI_ISL_13565928","cat_id":"client","type":"CD","date":44722,"category":"client","highlight":{},"emphasize":"Y","dint":1654819200000,"age":"","index":15,"edges":[],"neighbors":[],"degree":0,"GNODEID":0,"association":0,"dstr":"2022-06-10","sex":""},{"TAGID":"BA-5-2-0017","SEQID":"EPI_ISL_13565921","cat_id":"staff","type":"CD","date":44718,"category":"staff","highlight":{},"emphasize":"Y","dint":1654473600000,"age":"","index":16,"edges":[],"neighbors":[],"degree":0,"GNODEID":0,"association":0,"dstr":"2022-06-06","sex":""},{"TAGID":"BA-5-2-0018","SEQID":"EPI_ISL_13565809","cat_id":"client","type":"CD","date":44712,"category":"client","highlight":{},"emphasize":"N","dint":1653955200000,"age":"","index":17,"edges":[],"neighbors":[],"degree":0,"GNODEID":0,"association":0,"dstr":"2022-05-31","sex":""},{"TAGID":"BA-5-2-0019","SEQID":"EPI_ISL_13565920","cat_id":"staff","type":"CD","date":44718,"category":"staff","highlight":{},"emphasize":"N","dint":1654473600000,"age":"","index":18,"edges":[],"neighbors":[],"degree":0,"GNODEID":0,"association":0,"dstr":"2022-06-06","sex":""},{"TAGID":"BA-5-2-0020","SEQID":"EPI_ISL_13351765","cat_id":"staff","type":"CD","date":44713,"category":"staff","association":"KS","highlight":{},"emphasize":"Y","dint":1654041600000,"age":"","index":19,"edges":[],"neighbors":[],"degree":0,"GNODEID":0,"dstr":"2022-06-01","sex":""},{"TAGID":"BA-5-2-0021","SEQID":"EPI_ISL_13425194","cat_id":"staff","type":"CD","date":44714,"category":"staff","association":"KS","highlight":{},"emphasize":"Y","dint":1654128000000,"age":"","index":20,"edges":[],"neighbors":[],"degree":0,"GNODEID":0,"dstr":"2022-06-02","sex":""},{"TAGID":"BA-5-2-0022","SEQID":"EPI_ISL_13425190","cat_id":"staff","type":"CD","date":44713,"category":"staff","association":"KS","highlight":{},"emphasize":"N","dint":1654041600000,"age":"","index":21,"edges":[],"neighbors":[],"degree":0,"GNODEID":0,"dstr":"2022-06-01","sex":""},{"TAGID":"BA-5-2-0023","SEQID":"EPI_ISL_13425187","cat_id":"staff","type":"CD","date":44713,"category":"staff","association":"KS","highlight":{},"emphasize":"Y","dint":1654041600000,"age":"","index":22,"edges":[],"neighbors":[],"degree":0,"GNODEID":0,"dstr":"2022-06-01","sex":""},{"TAGID":"BA-5-2-0024","SEQID":"EPI_ISL_13425184","cat_id":"client","type":"CD","date":44711,"category":"client","association":"KS","highlight":{},"emphasize":"N","dint":1653868800000,"age":"","index":23,"edges":[],"neighbors":[],"degree":0,"GNODEID":0,"dstr":"2022-05-30","sex":""},{"TAGID":"BA-5-2-0025","SEQID":"EPI_ISL_13425188","cat_id":"client","type":"CD","date":44713,"category":"client","association":"KS","highlight":{},"emphasize":"N","dint":1654041600000,"age":"","index":24,"edges":[],"neighbors":[],"degree":0,"GNODEID":0,"dstr":"2022-06-01","sex":""},{"TAGID":"BA-5-2-0026","SEQID":"EPI_ISL_13425185","cat_id":"client","type":"CD","date":44711,"category":"client","association":"KS","highlight":{},"emphasize":"Y","dint":1653868800000,"age":"","index":25,"edges":[],"neighbors":[],"degree":0,"GNODEID":0,"dstr":"2022-05-30","sex":""},{"TAGID":"BA-5-2-0027","SEQID":"EPI_ISL_13425202","cat_id":"client","type":"CD","date":44715,"category":"client","association":"KS","highlight":{},"emphasize":"N","dint":1654214400000,"age":"","index":26,"edges":[],"neighbors":[],"degree":0,"GNODEID":0,"dstr":"2022-06-03","sex":""},{"TAGID":"BA-5-2-0028","SEQID":"EPI_ISL_13425201","cat_id":"client","type":"CD","date":44715,"category":"client","association":"KS","highlight":{},"emphasize":"N","dint":1654214400000,"age":"","index":27,"edges":[],"neighbors":[],"degree":0,"GNODEID":0,"dstr":"2022-06-03","sex":""},{"TAGID":"BA-5-2-0029","SEQID":"EPI_ISL_13425205","cat_id":"staff","type":"CD","date":44716,"category":"staff","association":"KS","highlight":{},"emphasize":"N","dint":1654300800000,"age":"","index":28,"edges":[],"neighbors":[],"degree":0,"GNODEID":0,"dstr":"2022-06-04","sex":""},{"TAGID":"BA-5-2-0030","SEQID":"EPI_ISL_13425204","cat_id":"client","type":"CD","date":44716,"category":"client","association":"KS","highlight":{},"emphasize":"Y","dint":1654300800000,"age":"","index":29,"edges":[],"neighbors":[],"degree":0,"GNODEID":0,"dstr":"2022-06-04","sex":""},{"TAGID":"BA-5-2-0031","SEQID":"EPI_ISL_13425200","cat_id":"staff","type":"CD","date":44715,"category":"staff","association":"KS","highlight":{},"emphasize":"N","dint":1654214400000,"age":"","index":30,"edges":[],"neighbors":[],"degree":0,"GNODEID":0,"dstr":"2022-06-03","sex":""},{"TAGID":"BA-5-2-0032","SEQID":"EPI_ISL_13425199","cat_id":"client","type":"CD","date":44715,"category":"client","association":"KS","highlight":{},"emphasize":"Y","dint":1654214400000,"age":"","index":31,"edges":[],"neighbors":[],"degree":0,"GNODEID":0,"dstr":"2022-06-03","sex":""},{"TAGID":"BA-5-2-0033","SEQID":"EPI_ISL_13425198","cat_id":"client","type":"CD","date":44715,"category":"client","association":"KS","highlight":{},"emphasize":"N","dint":1654214400000,"age":"","index":32,"edges":[],"neighbors":[],"degree":0,"GNODEID":0,"dstr":"2022-06-03","sex":""},{"TAGID":"BA-5-2-0034","SEQID":"EPI_ISL_13425197","cat_id":"staff","type":"CD","date":44715,"category":"staff","association":"KS","highlight":{},"emphasize":"Y","dint":1654214400000,"age":"","index":33,"edges":[],"neighbors":[],"degree":0,"GNODEID":0,"dstr":"2022-06-03","sex":""},{"TAGID":"BA-5-2-0035","SEQID":"EPI_ISL_13425193","cat_id":"staff","type":"CD","date":44714,"category":"staff","association":"KS","highlight":{},"emphasize":"Y","dint":1654128000000,"age":"","index":34,"edges":[],"neighbors":[],"degree":0,"GNODEID":0,"dstr":"2022-06-02","sex":""},{"TAGID":"BA-5-2-0036","SEQID":"EPI_ISL_13425195","cat_id":"client","type":"CD","date":44714,"category":"client","association":"KS","highlight":{},"emphasize":"Y","dint":1654128000000,"age":"","index":35,"edges":[],"neighbors":[],"degree":0,"GNODEID":0,"dstr":"2022-06-02","sex":""},{"TAGID":"BA-5-2-0037","SEQID":"EPI_ISL_13425196","cat_id":"client","type":"CD","date":44714,"category":"client","association":"KS","highlight":{},"emphasize":"N","dint":1654128000000,"age":"","index":36,"edges":[],"neighbors":[],"degree":0,"GNODEID":0,"dstr":"2022-06-02","sex":""},{"TAGID":"BA-5-2-0038","SEQID":"EPI_ISL_13711215","cat_id":"staff","type":"CD","date":44720,"category":"staff","association":"KS","highlight":{},"emphasize":"N","dint":1654646400000,"age":"","index":37,"edges":[],"neighbors":[],"degree":0,"GNODEID":0,"dstr":"2022-06-08","sex":""},{"TAGID":"BA-5-2-0039","SEQID":"EPI_ISL_13711212","cat_id":"staff","type":"CD","date":44719,"category":"staff","association":"KS","highlight":{},"emphasize":"N","dint":1654560000000,"age":"","index":38,"edges":[],"neighbors":[],"degree":0,"GNODEID":0,"dstr":"2022-06-07","sex":""},{"TAGID":"BA-5-2-0040","SEQID":"EPI_ISL_13711213","cat_id":"client","type":"CD","date":44719,"category":"client","association":"KS","highlight":{},"emphasize":"N","dint":1654560000000,"age":"","index":39,"edges":[],"neighbors":[],"degree":0,"GNODEID":0,"dstr":"2022-06-07","sex":""},{"TAGID":"BA-5-2-0041","SEQID":"EPI_ISL_13711210","cat_id":"staff","type":"CD","date":44718,"category":"staff","association":"KS","highlight":{},"emphasize":"N","dint":1654473600000,"age":"","index":40,"edges":[],"neighbors":[],"degree":0,"GNODEID":0,"dstr":"2022-06-06","sex":""},{"TAGID":"BA-5-2-0042","SEQID":"EPI_ISL_13711211","cat_id":"staff","type":"CD","date":44718,"category":"staff","association":"KS","highlight":{},"emphasize":"Y","dint":1654473600000,"age":"","index":41,"edges":[],"neighbors":[],"degree":0,"GNODEID":0,"dstr":"2022-06-06","sex":""},{"TAGID":"BA-5-2-0043","SEQID":"EPI_ISL_13711209","cat_id":"client","type":"CD","date":44718,"category":"client","association":"KS","highlight":{},"emphasize":"N","dint":1654473600000,"age":"","index":42,"edges":[],"neighbors":[],"degree":0,"GNODEID":0,"dstr":"2022-06-06","sex":""},{"TAGID":"BA-5-2-0044","SEQID":"EPI_ISL_13711206","cat_id":"staff","type":"CD","date":44718,"category":"staff","association":"KS","highlight":{},"emphasize":"N","dint":1654473600000,"age":"","index":43,"edges":[],"neighbors":[],"degree":0,"GNODEID":0,"dstr":"2022-06-06","sex":""},{"TAGID":"BA-5-2-0045","SEQID":"EPI_ISL_13711207","cat_id":"client","type":"CD","date":44718,"category":"client","association":"KS","highlight":{},"emphasize":"Y","dint":1654473600000,"age":"","index":44,"edges":[],"neighbors":[],"degree":0,"GNODEID":0,"dstr":"2022-06-06","sex":""},{"TAGID":"BA-5-2-0046","SEQID":"EPI_ISL_13711208","cat_id":"staff","type":"CD","date":44718,"category":"staff","association":"KS","highlight":{},"emphasize":"Y","dint":1654473600000,"age":"","index":45,"edges":[],"neighbors":[],"degree":0,"GNODEID":0,"dstr":"2022-06-06","sex":""},{"TAGID":"BA-5-2-0047","SEQID":"EPI_ISL_13513692","cat_id":"staff","type":"CD","date":44718,"category":"staff","association":"KS","highlight":{},"emphasize":"N","dint":1654473600000,"age":"","index":46,"edges":[],"neighbors":[],"degree":0,"GNODEID":0,"dstr":"2022-06-06","sex":""},{"TAGID":"BA-5-2-0048","SEQID":"EPI_ISL_13513698","cat_id":"client","type":"CD","date":44718,"category":"client","association":"KS","highlight":{},"emphasize":"N","dint":1654473600000,"age":"","index":47,"edges":[],"neighbors":[],"degree":0,"GNODEID":0,"dstr":"2022-06-06","sex":""},{"TAGID":"BA-5-2-0049","SEQID":"EPI_ISL_13513778","cat_id":"staff","type":"CD","date":44720,"category":"staff","association":"KS","highlight":{},"emphasize":"Y","dint":1654646400000,"age":"","index":48,"edges":[],"neighbors":[],"degree":0,"GNODEID":0,"dstr":"2022-06-08","sex":""},{"TAGID":"BA-5-2-0050","SEQID":"EPI_ISL_13513869","cat_id":"staff","type":"CD","date":44722,"category":"staff","association":"KS","highlight":{},"emphasize":"Y","dint":1654819200000,"age":"","index":49,"edges":[],"neighbors":[],"degree":0,"GNODEID":0,"dstr":"2022-06-10","sex":""},{"TAGID":"BA-5-2-0051","SEQID":"EPI_ISL_13514782","cat_id":"staff","type":"CD","date":44722,"category":"staff","association":"KS","highlight":{},"emphasize":"Y","dint":1654819200000,"age":"","index":50,"edges":[],"neighbors":[],"degree":0,"GNODEID":0,"dstr":"2022-06-10","sex":""},{"TAGID":"BA-5-2-0052","SEQID":"EPI_ISL_13565691","cat_id":"staff","type":"CD","date":44711,"category":"staff","highlight":{},"emphasize":"N","dint":1653868800000,"age":"","index":51,"edges":[],"neighbors":[],"degree":0,"GNODEID":0,"association":0,"dstr":"2022-05-30","sex":""},{"SEQID":"EPI_ISL_13565690","GNODEID":"G-2","TAGID":"BA-5-2-0053","cat_id":"staff","type":"CD","date":44711,"category":"staff","highlight":{},"emphasize":"N","dint":1653868800000,"age":"","index":52,"edges":[],"neighbors":[],"degree":0,"association":0,"dstr":"2022-05-30","sex":""},{"SEQID":"EPI_ISL_13565697","GNODEID":"G-2","TAGID":"BA-5-2-0054","cat_id":"staff","type":"CD","date":44711,"category":"staff","highlight":{},"emphasize":"N","dint":1653868800000,"age":"","index":53,"edges":[],"neighbors":[],"degree":0,"association":0,"dstr":"2022-05-30","sex":""},{"TAGID":"BA-5-2-0055","SEQID":"EPI_ISL_13565854","cat_id":"client","type":"CD","date":44713,"category":"client","highlight":{},"emphasize":"N","dint":1654041600000,"age":"","index":54,"edges":[],"neighbors":[],"degree":0,"GNODEID":0,"association":0,"dstr":"2022-06-01","sex":""},{"SEQID":"EPI_ISL_13565850","GNODEID":"G-2","TAGID":"BA-5-2-0056","cat_id":"client","type":"CD","date":44712,"category":"client","highlight":{},"emphasize":"Y","dint":1653955200000,"age":"","index":55,"edges":[],"neighbors":[],"degree":0,"association":0,"dstr":"2022-05-31","sex":""},{"TAGID":"BA-5-2-0057","SEQID":"EPI_ISL_13565885","cat_id":"staff","type":"CD","date":44718,"category":"staff","highlight":{},"emphasize":"N","dint":1654473600000,"age":"","index":56,"edges":[],"neighbors":[],"degree":0,"GNODEID":0,"association":0,"dstr":"2022-06-06","sex":""},{"TAGID":"BA-5-2-0058","SEQID":"EPI_ISL_13565883","cat_id":"staff","type":"CD","date":44718,"category":"staff","highlight":{},"emphasize":"N","dint":1654473600000,"age":"","index":57,"edges":[],"neighbors":[],"degree":0,"GNODEID":0,"association":0,"dstr":"2022-06-06","sex":""},{"TAGID":"BA-5-2-0059","SEQID":"EPI_ISL_13565911","cat_id":"client","type":"CD","date":44720,"category":"client","highlight":{},"emphasize":"Y","dint":1654646400000,"age":"","index":58,"edges":[],"neighbors":[],"degree":0,"GNODEID":0,"association":0,"dstr":"2022-06-08","sex":""},{"TAGID":"BA-5-2-0060","SEQID":"EPI_ISL_13565905","cat_id":"staff","type":"CD","date":44720,"category":"staff","highlight":{},"emphasize":"N","dint":1654646400000,"age":"","index":59,"edges":[],"neighbors":[],"degree":0,"GNODEID":0,"association":0,"dstr":"2022-06-08","sex":""},{"TAGID":"BA-5-2-0061","SEQID":"EPI_ISL_13565927","cat_id":"staff","type":"CD","date":44722,"category":"staff","highlight":{},"emphasize":"N","dint":1654819200000,"age":"","index":60,"edges":[],"neighbors":[],"degree":0,"GNODEID":0,"association":0,"dstr":"2022-06-10","sex":""},{"TAGID":"BA-5-2-0062","SEQID":"EPI_ISL_13565909","cat_id":"client","type":"CD","date":44720,"category":"client","highlight":{},"emphasize":"Y","dint":1654646400000,"age":"","index":61,"edges":[],"neighbors":[],"degree":0,"GNODEID":0,"association":0,"dstr":"2022-06-08","sex":""},{"TAGID":"BA-5-2-0063","SEQID":"EPI_ISL_13565910","cat_id":"client","type":"CD","date":44720,"category":"client","highlight":{},"emphasize":"Y","dint":1654646400000,"age":"","index":62,"edges":[],"neighbors":[],"degree":0,"GNODEID":0,"association":0,"dstr":"2022-06-08","sex":""},{"TAGID":"BA-5-2-0064","SEQID":"EPI_ISL_13651719","cat_id":"client","type":"CD","date":44713,"category":"client","association":"KS","highlight":{},"emphasize":"Y","dint":1654041600000,"age":"","index":63,"edges":[],"neighbors":[],"degree":0,"GNODEID":0,"dstr":"2022-06-01","sex":""},{"TAGID":"BA-5-2-0065","SEQID":"EPI_ISL_13843334","cat_id":"staff","type":"CD","date":44720,"category":"staff","association":"KS","highlight":{},"emphasize":"N","dint":1654646400000,"age":"","index":64,"edges":[],"neighbors":[],"degree":0,"GNODEID":0,"dstr":"2022-06-08","sex":""},{"TAGID":"BA-5-2-0066","SEQID":"EPI_ISL_13843321","cat_id":"client","type":"CD","date":44720,"category":"client","association":"KS","highlight":{},"emphasize":"Y","dint":1654646400000,"age":"","index":65,"edges":[],"neighbors":[],"degree":0,"GNODEID":0,"dstr":"2022-06-08","sex":""},{"TAGID":"BA-5-2-0067","SEQID":"EPI_ISL_13843318","cat_id":"client","type":"CD","date":44720,"category":"client","association":"KS","highlight":{},"emphasize":"N","dint":1654646400000,"age":"","index":66,"edges":[],"neighbors":[],"degree":0,"GNODEID":0,"dstr":"2022-06-08","sex":""},{"TAGID":"BA-5-2-0068","SEQID":"EPI_ISL_13843320","cat_id":"client","type":"CD","date":44720,"category":"client","association":"KS","highlight":{},"emphasize":"N","dint":1654646400000,"age":"","index":67,"edges":[],"neighbors":[],"degree":0,"GNODEID":0,"dstr":"2022-06-08","sex":""},{"TAGID":"BA-5-2-0069","SEQID":"EPI_ISL_13843323","cat_id":"staff","type":"CD","date":44720,"category":"staff","association":"KS","highlight":{},"emphasize":"N","dint":1654646400000,"age":"","index":68,"edges":[],"neighbors":[],"degree":0,"GNODEID":0,"dstr":"2022-06-08","sex":""},{"TAGID":"BA-5-2-0070","SEQID":"EPI_ISL_13843384","cat_id":"client","type":"CD","date":44721,"category":"client","association":"KS","highlight":{},"emphasize":"Y","dint":1654732800000,"age":"","index":69,"edges":[],"neighbors":[],"degree":0,"GNODEID":0,"dstr":"2022-06-09","sex":""},{"TAGID":"BA-5-2-0071","SEQID":"EPI_ISL_13843422","cat_id":"client","type":"CD","date":44722,"category":"client","association":"KS","highlight":{},"emphasize":"Y","dint":1654819200000,"age":"","index":70,"edges":[],"neighbors":[],"degree":0,"GNODEID":0,"dstr":"2022-06-10","sex":""},{"TAGID":"BA-5-2-0072","SEQID":"EPI_ISL_13843414","cat_id":"client","type":"CD","date":44722,"category":"client","association":"KS","highlight":{},"emphasize":"N","dint":1654819200000,"age":"","index":71,"edges":[],"neighbors":[],"degree":0,"GNODEID":0,"dstr":"2022-06-10","sex":""},{"TAGID":"BA-5-2-0073","SEQID":"EPI_ISL_13843104","cat_id":"staff","type":"CD","date":44715,"category":"staff","association":"KS","highlight":{},"emphasize":"N","dint":1654214400000,"age":"","index":72,"edges":[],"neighbors":[],"degree":0,"GNODEID":0,"dstr":"2022-06-03","sex":""},{"TAGID":"BA-5-2-0074","SEQID":"EPI_ISL_13843244","cat_id":"client","type":"CD","date":44718,"category":"client","association":"KS","highlight":{},"emphasize":"Y","dint":1654473600000,"age":"","index":73,"edges":[],"neighbors":[],"degree":0,"GNODEID":0,"dstr":"2022-06-06","sex":""},{"TAGID":"BA-5-2-0075","SEQID":"EPI_ISL_13843243","cat_id":"staff","type":"CD","date":44718,"category":"staff","association":"KS","highlight":{},"emphasize":"N","dint":1654473600000,"age":"","index":74,"edges":[],"neighbors":[],"degree":0,"GNODEID":0,"dstr":"2022-06-06","sex":""},{"TAGID":"BA-5-2-0076","SEQID":"EPI_ISL_13843170","cat_id":"staff","type":"CD","date":44717,"category":"staff","association":"KS","highlight":{},"emphasize":"Y","dint":1654387200000,"age":"","index":75,"edges":[],"neighbors":[],"degree":0,"GNODEID":0,"dstr":"2022-06-05","sex":""},{"TAGID":"BA-5-2-0077","SEQID":"EPI_ISL_14047261","cat_id":"client","type":"CD","date":44734,"category":"client","association":"KS","highlight":{},"emphasize":"Y","dint":1655856000000,"age":"","index":76,"edges":[],"neighbors":[],"degree":0,"GNODEID":0,"dstr":"2022-06-22","sex":""},{"TAGID":"BA-5-2-0078","SEQID":"EPI_ISL_14047259","cat_id":"staff","type":"CD","date":44713,"category":"staff","association":"KS","highlight":{},"emphasize":"Y","dint":1654041600000,"age":"","index":77,"edges":[],"neighbors":[],"degree":0,"GNODEID":0,"dstr":"2022-06-01","sex":""},{"TAGID":"BA-5-2-0079","SEQID":"EPI_ISL_14047304","cat_id":"client","type":"CD","date":44713,"category":"client","association":"KS","highlight":{},"emphasize":"N","dint":1654041600000,"age":"","index":78,"edges":[],"neighbors":[],"degree":0,"GNODEID":0,"dstr":"2022-06-01","sex":""},{"TAGID":"BA-5-2-0080","SEQID":"EPI_ISL_14047302","cat_id":"client","type":"CD","date":44713,"category":"client","association":"KS","highlight":{},"emphasize":"Y","dint":1654041600000,"age":"","index":79,"edges":[],"neighbors":[],"degree":0,"GNODEID":0,"dstr":"2022-06-01","sex":""},{"TAGID":"BA-5-2-0081","SEQID":"EPI_ISL_14047254","cat_id":"client","type":"CD","date":44713,"category":"client","association":"KS","highlight":{},"emphasize":"N","dint":1654041600000,"age":"","index":80,"edges":[],"neighbors":[],"degree":0,"GNODEID":0,"dstr":"2022-06-01","sex":""},{"TAGID":"BA-5-2-0082","SEQID":"EPI_ISL_14047242","cat_id":"staff","type":"CD","date":44713,"category":"staff","association":"KS","highlight":{},"emphasize":"N","dint":1654041600000,"age":"","index":81,"edges":[],"neighbors":[],"degree":0,"GNODEID":0,"dstr":"2022-06-01","sex":""},{"TAGID":"BA-5-2-0083","SEQID":"EPI_ISL_14047231","cat_id":"staff","type":"CD","date":44713,"category":"staff","association":"KS","highlight":{},"emphasize":"N","dint":1654041600000,"age":"","index":82,"edges":[],"neighbors":[],"degree":0,"GNODEID":0,"dstr":"2022-06-01","sex":""},{"TAGID":"BA-5-2-0084","SEQID":"EPI_ISL_14047281","cat_id":"staff","type":"CD","date":44713,"category":"staff","association":"KS","highlight":{},"emphasize":"Y","dint":1654041600000,"age":"","index":83,"edges":[],"neighbors":[],"degree":0,"GNODEID":0,"dstr":"2022-06-01","sex":""},{"TAGID":"BA-5-2-0085","SEQID":"EPI_ISL_14047286","cat_id":"staff","type":"CD","date":44713,"category":"staff","association":"KS","highlight":{},"emphasize":"Y","dint":1654041600000,"age":"","index":84,"edges":[],"neighbors":[],"degree":0,"GNODEID":0,"dstr":"2022-06-01","sex":""},{"TAGID":"BA-5-2-0086","SEQID":"EPI_ISL_14047275","cat_id":"client","type":"CD","date":44713,"category":"client","association":"KS","highlight":{},"emphasize":"N","dint":1654041600000,"age":"","index":85,"edges":[],"neighbors":[],"degree":0,"GNODEID":0,"dstr":"2022-06-01","sex":""},{"TAGID":"BA-5-2-0087","SEQID":"EPI_ISL_14047270","cat_id":"client","type":"CD","date":44713,"category":"client","association":"KS","highlight":{},"emphasize":"Y","dint":1654041600000,"age":"","index":86,"edges":[],"neighbors":[],"degree":0,"GNODEID":0,"dstr":"2022-06-01","sex":""},{"TAGID":"BA-5-2-0088","SEQID":"EPI_ISL_14047269","cat_id":"client","type":"CD","date":44713,"category":"client","association":"KS","highlight":{},"emphasize":"Y","dint":1654041600000,"age":"","index":87,"edges":[],"neighbors":[],"degree":0,"GNODEID":0,"dstr":"2022-06-01","sex":""},{"TAGID":"BA-5-2-0089","SEQID":"EPI_ISL_14047260","cat_id":"staff","type":"CD","date":44713,"category":"staff","association":"KS","highlight":{},"emphasize":"N","dint":1654041600000,"age":"","index":88,"edges":[],"neighbors":[],"degree":0,"GNODEID":0,"dstr":"2022-06-01","sex":""},{"SEQID":"EPI_ISL_13513771","GNODEID":"G-3.1","TAGID":"BA-5-2-0090","cat_id":"staff","type":"CD","date":44720,"category":"staff","association":"KS","highlight":{},"emphasize":"Y","dint":1654646400000,"age":"","index":89,"edges":[],"neighbors":[],"degree":0,"dstr":"2022-06-08","sex":""},{"SEQID":"EPI_ISL_13513695","GNODEID":"G-2","TAGID":"BA-5-2-0091","cat_id":"client","type":"CD","date":44718,"category":"client","association":"KS","highlight":{},"emphasize":"Y","dint":1654473600000,"age":"","index":90,"edges":[],"neighbors":[],"degree":0,"dstr":"2022-06-06","sex":""},{"TAGID":"BA-5-2-0092","SEQID":"EPI_ISL_13513740","cat_id":"client","type":"CD","date":44718,"category":"client","association":"KS","highlight":{},"emphasize":"Y","dint":1654473600000,"age":"","index":91,"edges":[],"neighbors":[],"degree":0,"GNODEID":0,"dstr":"2022-06-06","sex":""},{"TAGID":"BA-5-2-0093","SEQID":"EPI_ISL_13513891","cat_id":"client","type":"CD","date":44722,"category":"client","association":"KS","highlight":{},"emphasize":"N","dint":1654819200000,"age":"","index":92,"edges":[],"neighbors":[],"degree":0,"GNODEID":0,"dstr":"2022-06-10","sex":""},{"TAGID":"BA-5-2-0094","SEQID":"EPI_ISL_13513876","cat_id":"client","type":"CD","date":44722,"category":"client","association":"KS","highlight":{},"emphasize":"N","dint":1654819200000,"age":"","index":93,"edges":[],"neighbors":[],"degree":0,"GNODEID":0,"dstr":"2022-06-10","sex":""},{"TAGID":"BA-5-2-0095","SEQID":"EPI_ISL_14047303","cat_id":"staff","type":"CD","date":44713,"category":"staff","association":"KS","highlight":{},"emphasize":"Y","dint":1654041600000,"age":"","index":94,"edges":[],"neighbors":[],"degree":0,"GNODEID":0,"dstr":"2022-06-01","sex":""},{"TAGID":"BA-5-2-0096","SEQID":"EPI_ISL_14047253","cat_id":"staff","type":"CD","date":44713,"category":"staff","association":"KS","highlight":{},"emphasize":"N","dint":1654041600000,"age":"","index":95,"edges":[],"neighbors":[],"degree":0,"GNODEID":0,"dstr":"2022-06-01","sex":""},{"TAGID":"BA-5-2-0097","SEQID":"EPI_ISL_14047237","cat_id":"staff","type":"CD","date":44713,"category":"staff","association":"KS","highlight":{},"emphasize":"Y","dint":1654041600000,"age":"","index":96,"edges":[],"neighbors":[],"degree":0,"GNODEID":0,"dstr":"2022-06-01","sex":""},{"TAGID":"BA-5-2-0098","SEQID":"EPI_ISL_14047225","cat_id":"client","type":"CD","date":44713,"category":"client","association":"KS","highlight":{},"emphasize":"N","dint":1654041600000,"age":"","index":97,"edges":[],"neighbors":[],"degree":0,"GNODEID":0,"dstr":"2022-06-01","sex":""},{"TAGID":"BA-5-2-0099","SEQID":"EPI_ISL_14047295","cat_id":"client","type":"CD","date":44713,"category":"client","association":"KS","highlight":{},"emphasize":"Y","dint":1654041600000,"age":"","index":98,"edges":[],"neighbors":[],"degree":0,"GNODEID":0,"dstr":"2022-06-01","sex":""},{"TAGID":"BA-5-2-0100","SEQID":"EPI_ISL_14047298","cat_id":"client","type":"CD","date":44713,"category":"client","association":"KS","highlight":{},"emphasize":"N","dint":1654041600000,"age":"","index":99,"edges":[],"neighbors":[],"degree":0,"GNODEID":0,"dstr":"2022-06-01","sex":""},{"TAGID":"BA-5-2-0101","SEQID":"EPI_ISL_14047282","cat_id":"staff","type":"CD","date":44713,"category":"staff","association":"KS","highlight":{},"emphasize":"N","dint":1654041600000,"age":"","index":100,"edges":[],"neighbors":[],"degree":0,"GNODEID":0,"dstr":"2022-06-01","sex":""},{"TAGID":"BA-5-2-0102","SEQID":"EPI_ISL_14047273","cat_id":"client","type":"CD","date":44713,"category":"client","association":"KS","highlight":{},"emphasize":"N","dint":1654041600000,"age":"","index":101,"edges":[],"neighbors":[],"degree":0,"GNODEID":0,"dstr":"2022-06-01","sex":""},{"TAGID":"BA-5-2-0103","SEQID":"EPI_ISL_14047262","cat_id":"staff","type":"CD","date":44713,"category":"staff","association":"KS","highlight":{},"emphasize":"N","dint":1654041600000,"age":"","index":102,"edges":[],"neighbors":[],"degree":0,"GNODEID":0,"dstr":"2022-06-01","sex":""},{"TAGID":"BA-5-2-0104","SEQID":"EPI_ISL_14047264","cat_id":"staff","type":"CD","date":44713,"category":"staff","association":"KS","highlight":{},"emphasize":"Y","dint":1654041600000,"age":"","index":103,"edges":[],"neighbors":[],"degree":0,"GNODEID":0,"dstr":"2022-06-01","sex":""},{"TAGID":"BA-5-2-0105","SEQID":"EPI_ISL_14047256","cat_id":"client","type":"CD","date":44713,"category":"client","association":"KS","highlight":{},"emphasize":"N","dint":1654041600000,"age":"","index":104,"edges":[],"neighbors":[],"degree":0,"GNODEID":0,"dstr":"2022-06-01","sex":""},{"TAGID":"BA-5-2-0106","SEQID":"EPI_ISL_14044488","cat_id":"staff","type":"CD","date":44713,"category":"staff","association":"KS","highlight":{},"emphasize":"Y","dint":1654041600000,"age":"","index":105,"edges":[],"neighbors":[],"degree":0,"GNODEID":0,"dstr":"2022-06-01","sex":""},{"TAGID":"BA-5-2-0107","SEQID":"EPI_ISL_13651711","cat_id":"client","type":"CD","date":44713,"category":"client","association":"KS","highlight":{},"emphasize":"Y","dint":1654041600000,"age":"","index":106,"edges":[],"neighbors":[],"degree":0,"GNODEID":0,"dstr":"2022-06-01","sex":""},{"TAGID":"BA-5-2-0108","SEQID":"EPI_ISL_14112742","cat_id":"client","type":"CD","date":44719,"category":"client","association":"KS","highlight":{},"emphasize":"Y","dint":1654560000000,"age":"","index":107,"edges":[],"neighbors":[],"degree":0,"GNODEID":0,"dstr":"2022-06-07","sex":""},{"SEQID":"EPI_ISL_14115329","GNODEID":"G-2","TAGID":"BA-5-2-0109","cat_id":"client","type":"CD","date":44722,"category":"client","association":"OK","highlight":{},"emphasize":"Y","dint":1654819200000,"age":"","index":108,"edges":[],"neighbors":[],"degree":0,"dstr":"2022-06-10","sex":""},{"TAGID":"BA-5-2-0110","SEQID":"EPI_ISL_14117316","cat_id":"staff","type":"CD","date":44716,"category":"staff","association":"KS","highlight":{},"emphasize":"N","dint":1654300800000,"age":"","index":109,"edges":[],"neighbors":[],"degree":0,"GNODEID":0,"dstr":"2022-06-04","sex":""},{"SEQID":"EPI_ISL_14117524","GNODEID":"G-2.3","TAGID":"BA-5-2-0111","cat_id":"staff","type":"CD","date":44720,"category":"staff","association":"KS","highlight":{},"emphasize":"Y","dint":1654646400000,"age":"","index":110,"edges":[],"neighbors":[],"degree":0,"dstr":"2022-06-08","sex":""},{"SEQID":"EPI_ISL_14117992","GNODEID":"G-2.3","TAGID":"BA-5-2-0112","cat_id":"staff","type":"CD","date":44714,"category":"staff","association":"KS","highlight":{},"emphasize":"Y","dint":1654128000000,"age":"","index":111,"edges":[],"neighbors":[],"degree":0,"dstr":"2022-06-02","sex":""},{"SEQID":"EPI_ISL_14118009","GNODEID":"G-2.1","TAGID":"BA-5-2-0113","cat_id":"client","type":"CD","date":44720,"category":"client","association":"KY","highlight":{},"emphasize":"N","dint":1654646400000,"age":"","index":112,"edges":[],"neighbors":[],"degree":0,"dstr":"2022-06-08","sex":""},{"SEQID":"EPI_ISL_14119991","GNODEID":"G-2.2","TAGID":"BA-5-2-0114","cat_id":"staff","type":"CD","date":44718,"category":"staff","highlight":{},"emphasize":"Y","dint":1654473600000,"age":"","index":113,"edges":[],"neighbors":[],"degree":0,"association":0,"dstr":"2022-06-06","sex":""},{"TAGID":"BA-5-2-0115","SEQID":"EPI_ISL_14120332","cat_id":"client","type":"CD","date":44720,"category":"client","association":"KS","highlight":{},"emphasize":"Y","dint":1654646400000,"age":"","index":114,"edges":[],"neighbors":[],"degree":0,"GNODEID":0,"dstr":"2022-06-08","sex":""},{"TAGID":"BA-5-2-0116","SEQID":"EPI_ISL_14120333","cat_id":"staff","type":"CD","date":44720,"category":"staff","association":"KS","highlight":{},"emphasize":"N","dint":1654646400000,"age":"","index":115,"edges":[],"neighbors":[],"degree":0,"GNODEID":0,"dstr":"2022-06-08","sex":""},{"SEQID":"EPI_ISL_14121903","GNODEID":"G-2","TAGID":"BA-5-2-0117","cat_id":"client","type":"CD","date":44722,"category":"client","association":"KN","highlight":{},"emphasize":"N","dint":1654819200000,"age":"","index":116,"edges":[],"neighbors":[],"degree":0,"dstr":"2022-06-10","sex":""},{"TAGID":"BA-5-2-0118","SEQID":"EPI_ISL_14123637","cat_id":"client","type":"CD","date":44721,"category":"client","association":"KS","highlight":{},"emphasize":"Y","dint":1654732800000,"age":"","index":117,"edges":[],"neighbors":[],"degree":0,"GNODEID":0,"dstr":"2022-06-09","sex":""},{"SEQID":"EPI_ISL_14540424","GNODEID":"G-2","TAGID":"BA-5-2-0119","cat_id":"client","type":"CD","date":44713,"category":"client","association":"KS","highlight":{},"emphasize":"N","dint":1654041600000,"age":"","index":118,"edges":[],"neighbors":[],"degree":0,"dstr":"2022-06-01","sex":""}],"edges":[{"LINKID":"L-1","TAG_from":"EPI_ISL_13425188","TAG_to":"EPI_ISL_13843243","label":"家族","src":-1,"dst":-1}],"epi":[{"SEQID":"REF","GNODEID":"G-1"},{"SEQID":"EPI_ISL_13513695","GNODEID":"G-2"},{"SEQID":"EPI_ISL_13565690","GNODEID":"G-2"},{"SEQID":"EPI_ISL_13565697","GNODEID":"G-2"},{"SEQID":"EPI_ISL_14121903","GNODEID":"G-2"},{"SEQID":"EPI_ISL_13565919","GNODEID":"G-2"},{"SEQID":"EPI_ISL_13565926","GNODEID":"G-2"},{"SEQID":"EPI_ISL_14540424","GNODEID":"G-2"},{"SEQID":"EPI_ISL_13565844","GNODEID":"G-2"},{"SEQID":"EPI_ISL_13565850","GNODEID":"G-2"},{"SEQID":"EPI_ISL_13565904","GNODEID":"G-2"},{"SEQID":"EPI_ISL_13565897","GNODEID":"G-2"},{"SEQID":"EPI_ISL_14115329","GNODEID":"G-2"},{"SEQID":"EPI_ISL_13565886","GNODEID":"G-2"},{"SEQID":"EPI_ISL_14118009","GNODEID":"G-2.1"},{"SEQID":"EPI_ISL_14119991","GNODEID":"G-2.2"},{"SEQID":"EPI_ISL_14117524","GNODEID":"G-2.3"},{"SEQID":"EPI_ISL_14117992","GNODEID":"G-2.3"},{"SEQID":"EPI_ISL_13565908","GNODEID":"G-2.4"},{"SEQID":"EPI_ISL_13565881","GNODEID":"G-3"},{"SEQID":"EPI_ISL_13565914","GNODEID":"G-3"},{"SEQID":"EPI_ISL_13513771","GNODEID":"G-3.1"}],"tree":[{"label":"G-0","length":0,"edges":["G-1","G-2","G-3"],"subs":0},{"label":"G-1","length":0.0285700123,"edges":[],"subs":21},{"label":"G-2","length":0.0010577596,"edges":["G-2.1","G-2.2","G-2.3","G-2.4"],"subs":0},{"label":"G-2.1","length":0.0015840575,"edges":[],"subs":1},{"label":"G-2.2","length":0.0010567265000000002,"edges":[],"subs":0},{"label":"G-2.3","length":0.0010555946,"edges":[],"subs":0},{"label":"G-2.4","length":0.0015827112,"edges":[],"subs":1},{"label":"G-3","length":0.0010528371,"edges":["G-3.1"],"subs":0},{"label":"G-3.1","length":0.0010542681,"edges":[],"subs":0}],"dist":{"period":5.559498632634456,"phase":4.559498632634456,"interval":0.0002457624362204724}}