{"nodes":[{"SEQID":"EPI_ISL_13167988","GNODEID":"G-2.3.8","TAGID":"BA-5-5-0001","cat_id":"staff","type":"CD","date":44699,"category":"staff","highlight":{},"emphasize":"Y","dint":1652832000000,"age":"","index":0,"edges":[],"neighbors":[],"degree":0,"association":0,"dstr":"2022-05-18"},{"TAGID":"BA-5-5-0002","SEQID":"EPI_ISL_13565664","cat_id":"staff","type":"CD","date":44711,"category":"staff","highlight":{},"emphasize":"Y","dint":1653868800000,"age":"","index":1,"edges":[],"neighbors":[],"degree":0,"GNODEID":0,"association":0,"dstr":"2022-05-30"},{"TAGID":"BA-5-5-0003","SEQID":"EPI_ISL_13565806","cat_id":"staff","type":"CD","date":44712,"category":"staff","highlight":{},"emphasize":"Y","dint":1653955200000,"age":"","index":2,"edges":[],"neighbors":[],"degree":0,"GNODEID":0,"association":0,"dstr":"2022-05-31"},{"TAGID":"BA-5-5-0004","SEQID":"EPI_ISL_13565807","cat_id":"staff","type":"CD","date":44712,"category":"staff","highlight":{},"emphasize":"N","dint":1653955200000,"age":"","index":3,"edges":[],"neighbors":[],"degree":0,"GNODEID":0,"association":0,"dstr":"2022-05-31"},{"SEQID":"EPI_ISL_13565802","GNODEID":"G-2.3.2","TAGID":"BA-5-5-0005","cat_id":"client","type":"CD","date":44712,"category":"client","highlight":{},"emphasize":"N","dint":1653955200000,"age":"","index":4,"edges":[],"neighbors":[],"degree":0,"association":0,"dstr":"2022-05-31"},{"SEQID":"EPI_ISL_13565441","GNODEID":"G-2.8","TAGID":"BA-5-5-0006","cat_id":"client","type":"CD","date":44709,"category":"client","highlight":{},"emphasize":"N","dint":1653696000000,"age":"","index":5,"edges":[],"neighbors":[],"degree":0,"association":0,"dstr":"2022-05-28"},{"SEQID":"EPI_ISL_13565483","GNODEID":"G-2.3.4","TAGID":"BA-5-5-0007","cat_id":"client","type":"CD","date":44710,"category":"client","highlight":{},"emphasize":"N","dint":1653782400000,"age":"","index":6,"edges":[],"neighbors":[],"degree":0,"association":0,"dstr":"2022-05-29"},{"TAGID":"BA-5-5-0008","SEQID":"EPI_ISL_13762846","cat_id":"staff","type":"CD","date":44732,"category":"staff","association":"KS","highlight":{},"emphasize":"Y","dint":1655683200000,"age":"","index":7,"edges":[],"neighbors":[],"degree":0,"GNODEID":0,"dstr":"2022-06-20"},{"TAGID":"BA-5-5-0009","SEQID":"EPI_ISL_13765767","cat_id":"staff","type":"CD","date":44736,"category":"staff","association":"KS","highlight":{},"emphasize":"Y","dint":1656028800000,"age":"","index":8,"edges":[],"neighbors":[],"degree":0,"GNODEID":0,"dstr":"2022-06-24"},{"TAGID":"BA-5-5-0010","SEQID":"EPI_ISL_13765705","cat_id":"client","type":"CD","date":44736,"category":"client","association":"KS","highlight":{},"emphasize":"Y","dint":1656028800000,"age":"","index":9,"edges":[],"neighbors":[],"degree":0,"GNODEID":0,"dstr":"2022-06-24"},{"TAGID":"BA-5-5-0011","SEQID":"EPI_ISL_13766030","cat_id":"client","type":"CD","date":44736,"category":"client","association":"KS","highlight":{},"emphasize":"Y","dint":1656028800000,"age":"","index":10,"edges":[],"neighbors":[],"degree":0,"GNODEID":0,"dstr":"2022-06-24"},{"SEQID":"EPI_ISL_13217501","GNODEID":"G-2.10","TAGID":"BA-5-5-0012","cat_id":"staff","type":"CD","date":44704,"category":"staff","highlight":{},"emphasize":"Y","dint":1653264000000,"age":"","index":11,"edges":[],"neighbors":[],"degree":0,"association":0,"dstr":"2022-05-23"},{"TAGID":"BA-5-5-0013","SEQID":"EPI_ISL_13949977","cat_id":"client","type":"CD","date":44730,"category":"client","highlight":{},"emphasize":"Y","dint":1655510400000,"age":"","index":12,"edges":[],"neighbors":[],"degree":0,"GNODEID":0,"association":0,"dstr":"2022-06-18"},{"TAGID":"BA-5-5-0014","SEQID":"EPI_ISL_13949978","cat_id":"client","type":"CD","date":44730,"category":"client","highlight":{},"emphasize":"Y","dint":1655510400000,"age":"","index":13,"edges":[],"neighbors":[],"degree":0,"GNODEID":0,"association":0,"dstr":"2022-06-18"},{"TAGID":"BA-5-5-0015","SEQID":"EPI_ISL_13949990","cat_id":"client","type":"CD","date":44730,"category":"client","highlight":{},"emphasize":"N","dint":1655510400000,"age":"","index":14,"edges":[],"neighbors":[],"degree":0,"GNODEID":0,"association":0,"dstr":"2022-06-18"},{"TAGID":"BA-5-5-0016","SEQID":"EPI_ISL_13565436","cat_id":"client","type":"CD","date":44709,"category":"client","highlight":{},"emphasize":"N","dint":1653696000000,"age":"","index":15,"edges":[],"neighbors":[],"degree":0,"GNODEID":0,"association":0,"dstr":"2022-05-28"},{"SEQID":"EPI_ISL_13565438","GNODEID":"G-2.10.5","TAGID":"BA-5-5-0017","cat_id":"client","type":"CD","date":44709,"category":"client","highlight":{},"emphasize":"N","dint":1653696000000,"age":"","index":16,"edges":[],"neighbors":[],"degree":0,"association":0,"dstr":"2022-05-28"},{"SEQID":"EPI_ISL_13565398","GNODEID":"G-2.4.1","TAGID":"BA-5-5-0018","cat_id":"client","type":"CD","date":44708,"category":"client","highlight":{},"emphasize":"Y","dint":1653609600000,"age":"","index":17,"edges":[],"neighbors":[],"degree":0,"association":0,"dstr":"2022-05-27"},{"SEQID":"EPI_ISL_13565404","GNODEID":"G-2.11","TAGID":"BA-5-5-0019","cat_id":"staff","type":"CD","date":44708,"category":"staff","highlight":{},"emphasize":"Y","dint":1653609600000,"age":"","index":18,"edges":[],"neighbors":[],"degree":0,"association":0,"dstr":"2022-05-27"},{"SEQID":"EPI_ISL_13565547","GNODEID":"G-2.3.3","TAGID":"BA-5-5-0020","cat_id":"client","type":"CD","date":44708,"category":"client","highlight":{},"emphasize":"N","dint":1653609600000,"age":"","index":19,"edges":[],"neighbors":[],"degree":0,"association":0,"dstr":"2022-05-27"},{"SEQID":"EPI_ISL_13565635","GNODEID":"G-2","TAGID":"BA-5-5-0021","cat_id":"client","type":"CD","date":44710,"category":"client","highlight":{},"emphasize":"Y","dint":1653782400000,"age":"","index":20,"edges":[],"neighbors":[],"degree":0,"association":0,"dstr":"2022-05-29"},{"TAGID":"BA-5-5-0022","SEQID":"EPI_ISL_13565644","cat_id":"client","type":"CD","date":44710,"category":"client","highlight":{},"emphasize":"Y","dint":1653782400000,"age":"","index":21,"edges":[],"neighbors":[],"degree":0,"GNODEID":0,"association":0,"dstr":"2022-05-29"},{"SEQID":"EPI_ISL_13565888","GNODEID":"G-2.10.2","TAGID":"BA-5-5-0023","cat_id":"staff","type":"CD","date":44718,"category":"staff","highlight":{},"emphasize":"Y","dint":1654473600000,"age":"","index":22,"edges":[],"neighbors":[],"degree":0,"association":0,"dstr":"2022-06-06"},{"TAGID":"BA-5-5-0024","SEQID":"EPI_ISL_14017758","cat_id":"client","type":"CD","date":44729,"category":"client","association":"KS","highlight":{},"emphasize":"Y","dint":1655424000000,"age":"","index":23,"edges":[],"neighbors":[],"degree":0,"GNODEID":0,"dstr":"2022-06-17"},{"SEQID":"EPI_ISL_14017746","GNODEID":"G-2.10","TAGID":"BA-5-5-0025","cat_id":"client","type":"CD","date":44727,"category":"client","association":"KS","highlight":{},"emphasize":"N","dint":1655251200000,"age":"","index":24,"edges":[],"neighbors":[],"degree":0,"dstr":"2022-06-15"},{"SEQID":"EPI_ISL_14017693","GNODEID":"G-2.2","TAGID":"BA-5-5-0026","cat_id":"client","type":"CD","date":44732,"category":"client","association":"KS","highlight":{},"emphasize":"N","dint":1655683200000,"age":"","index":25,"edges":[],"neighbors":[],"degree":0,"dstr":"2022-06-20"},{"TAGID":"BA-5-5-0027","SEQID":"EPI_ISL_14017986","cat_id":"client","type":"CD","date":44725,"category":"client","association":"KS","highlight":{},"emphasize":"Y","dint":1655078400000,"age":"","index":26,"edges":[],"neighbors":[],"degree":0,"GNODEID":0,"dstr":"2022-06-13"},{"TAGID":"BA-5-5-0028","SEQID":"EPI_ISL_13843349","cat_id":"client","type":"CD","date":44721,"category":"client","association":"KS","highlight":{},"emphasize":"N","dint":1654732800000,"age":"","index":27,"edges":[],"neighbors":[],"degree":0,"GNODEID":0,"dstr":"2022-06-09"},{"TAGID":"BA-5-5-0029","SEQID":"EPI_ISL_13843342","cat_id":"client","type":"CD","date":44721,"category":"client","association":"KS","highlight":{},"emphasize":"Y","dint":1654732800000,"age":"","index":28,"edges":[],"neighbors":[],"degree":0,"GNODEID":0,"dstr":"2022-06-09"},{"TAGID":"BA-5-5-0030","SEQID":"EPI_ISL_13843425","cat_id":"client","type":"CD","date":44722,"category":"client","association":"KS","highlight":{},"emphasize":"Y","dint":1654819200000,"age":"","index":29,"edges":[],"neighbors":[],"degree":0,"GNODEID":0,"dstr":"2022-06-10"},{"TAGID":"BA-5-5-0031","SEQID":"EPI_ISL_13843737","cat_id":"client","type":"CD","date":44726,"category":"client","association":"KS","highlight":{},"emphasize":"Y","dint":1655164800000,"age":"","index":30,"edges":[],"neighbors":[],"degree":0,"GNODEID":0,"dstr":"2022-06-14"},{"TAGID":"BA-5-5-0032","SEQID":"EPI_ISL_13843655","cat_id":"client","type":"CD","date":44725,"category":"client","association":"KS","highlight":{},"emphasize":"Y","dint":1655078400000,"age":"","index":31,"edges":[],"neighbors":[],"degree":0,"GNODEID":0,"dstr":"2022-06-13"},{"TAGID":"BA-5-5-0033","SEQID":"EPI_ISL_13843103","cat_id":"staff","type":"CD","date":44715,"category":"staff","association":"KS","highlight":{},"emphasize":"N","dint":1654214400000,"age":"","index":32,"edges":[],"neighbors":[],"degree":0,"GNODEID":0,"dstr":"2022-06-03"},{"TAGID":"BA-5-5-0034","SEQID":"EPI_ISL_13843102","cat_id":"staff","type":"CD","date":44715,"category":"staff","association":"KS","highlight":{},"emphasize":"Y","dint":1654214400000,"age":"","index":33,"edges":[],"neighbors":[],"degree":0,"GNODEID":0,"dstr":"2022-06-03"},{"TAGID":"BA-5-5-0035","SEQID":"EPI_ISL_14044475","cat_id":"client","type":"CD","date":44736,"category":"client","association":"KS","highlight":{},"emphasize":"Y","dint":1656028800000,"age":"","index":34,"edges":[],"neighbors":[],"degree":0,"GNODEID":0,"dstr":"2022-06-24"},{"TAGID":"BA-5-5-0036","SEQID":"EPI_ISL_13513879","cat_id":"staff","type":"CD","date":44722,"category":"staff","association":"KS","highlight":{},"emphasize":"N","dint":1654819200000,"age":"","index":35,"edges":[],"neighbors":[],"degree":0,"GNODEID":0,"dstr":"2022-06-10"},{"TAGID":"BA-5-5-0037","SEQID":"EPI_ISL_14047294","cat_id":"client","type":"CD","date":44713,"category":"client","association":"KS","highlight":{},"emphasize":"N","dint":1654041600000,"age":"","index":36,"edges":[],"neighbors":[],"degree":0,"GNODEID":0,"dstr":"2022-06-01"},{"TAGID":"BA-5-5-0038","SEQID":"EPI_ISL_14047279","cat_id":"staff","type":"CD","date":44713,"category":"staff","association":"KS","highlight":{},"emphasize":"Y","dint":1654041600000,"age":"","index":37,"edges":[],"neighbors":[],"degree":0,"GNODEID":0,"dstr":"2022-06-01"},{"TAGID":"BA-5-5-0039","SEQID":"EPI_ISL_14043638","cat_id":"staff","type":"CD","date":44729,"category":"staff","association":"KS","highlight":{},"emphasize":"Y","dint":1655424000000,"age":"","index":38,"edges":[],"neighbors":[],"degree":0,"GNODEID":0,"dstr":"2022-06-17"},{"TAGID":"BA-5-5-0040","SEQID":"EPI_ISL_14043685","cat_id":"client","type":"CD","date":44730,"category":"client","association":"KS","highlight":{},"emphasize":"N","dint":1655510400000,"age":"","index":39,"edges":[],"neighbors":[],"degree":0,"GNODEID":0,"dstr":"2022-06-18"},{"TAGID":"BA-5-5-0041","SEQID":"EPI_ISL_14044490","cat_id":"client","type":"CD","date":44713,"category":"client","association":"KS","highlight":{},"emphasize":"N","dint":1654041600000,"age":"","index":40,"edges":[],"neighbors":[],"degree":0,"GNODEID":0,"dstr":"2022-06-01"},{"SEQID":"EPI_ISL_13900961","GNODEID":"G-2.6","TAGID":"BA-5-5-0042","cat_id":"client","type":"CD","date":44739,"category":"client","association":"KS","highlight":{},"emphasize":"Y","dint":1656288000000,"age":"","index":41,"edges":[],"neighbors":[],"degree":0,"dstr":"2022-06-27"},{"TAGID":"BA-5-5-0043","SEQID":"EPI_ISL_13901074","cat_id":"staff","type":"CD","date":44739,"category":"staff","association":"KS","highlight":{},"emphasize":"N","dint":1656288000000,"age":"","index":42,"edges":[],"neighbors":[],"degree":0,"GNODEID":0,"dstr":"2022-06-27"},{"SEQID":"EPI_ISL_13902004","GNODEID":"G-2.3.1","TAGID":"BA-5-5-0044","cat_id":"client","type":"CD","date":44739,"category":"client","association":"KS","highlight":{},"emphasize":"Y","dint":1656288000000,"age":"","index":43,"edges":[],"neighbors":[],"degree":0,"dstr":"2022-06-27"},{"SEQID":"EPI_ISL_14115310","GNODEID":"G-2.1","TAGID":"BA-5-5-0045","cat_id":"client","type":"CD","date":44721,"category":"client","association":"KY","highlight":{},"emphasize":"Y","dint":1654732800000,"age":"","index":44,"edges":[],"neighbors":[],"degree":0,"dstr":"2022-06-09"},{"TAGID":"BA-5-5-0046","SEQID":"EPI_ISL_14119596","cat_id":"staff","type":"CD","date":44731,"category":"staff","association":"KN","highlight":{},"emphasize":"N","dint":1655596800000,"age":"","index":45,"edges":[],"neighbors":[],"degree":0,"GNODEID":0,"dstr":"2022-06-19"},{"SEQID":"EPI_ISL_14119595","GNODEID":"G-2.3.6","TAGID":"BA-5-5-0047","cat_id":"staff","type":"CD","date":44731,"category":"staff","association":"KN","highlight":{},"emphasize":"Y","dint":1655596800000,"age":"","index":46,"edges":[],"neighbors":[],"degree":0,"dstr":"2022-06-19"},{"SEQID":"EPI_ISL_14120647","GNODEID":"G-2.7","TAGID":"BA-5-5-0048","cat_id":"staff","type":"CD","date":44726,"category":"staff","association":"KS","highlight":{},"emphasize":"N","dint":1655164800000,"age":"","index":47,"edges":[],"neighbors":[],"degree":0,"dstr":"2022-06-14"},{"SEQID":"EPI_ISL_14120770","GNODEID":"G-2.1.1","TAGID":"BA-5-5-0049","cat_id":"client","type":"CD","date":44725,"category":"client","association":"KY","highlight":{},"emphasize":"Y","dint":1655078400000,"age":"","index":48,"edges":[],"neighbors":[],"degree":0,"dstr":"2022-06-13"},{"TAGID":"BA-5-5-0050","SEQID":"EPI_ISL_14120816","cat_id":"staff","type":"CD","date":44727,"category":"staff","association":"KY","highlight":{},"emphasize":"Y","dint":1655251200000,"age":"","index":49,"edges":[],"neighbors":[],"degree":0,"GNODEID":0,"dstr":"2022-06-15"},{"TAGID":"BA-5-5-0051","SEQID":"EPI_ISL_14120820","cat_id":"client","type":"CD","date":44728,"category":"client","association":"KY","highlight":{},"emphasize":"N","dint":1655337600000,"age":"","index":50,"edges":[],"neighbors":[],"degree":0,"GNODEID":0,"dstr":"2022-06-16"},{"TAGID":"BA-5-5-0052","SEQID":"EPI_ISL_14120772","cat_id":"staff","type":"CD","date":44726,"category":"staff","association":"KY","highlight":{},"emphasize":"Y","dint":1655164800000,"age":"","index":51,"edges":[],"neighbors":[],"degree":0,"GNODEID":0,"dstr":"2022-06-14"},{"TAGID":"BA-5-5-0053","SEQID":"EPI_ISL_14120821","cat_id":"staff","type":"CD","date":44728,"category":"staff","association":"KY","highlight":{},"emphasize":"Y","dint":1655337600000,"age":"","index":52,"edges":[],"neighbors":[],"degree":0,"GNODEID":0,"dstr":"2022-06-16"},{"SEQID":"EPI_ISL_14121078","GNODEID":"G-2.8.1","TAGID":"BA-5-5-0054","cat_id":"client","type":"CD","date":44718,"category":"client","association":"TO","highlight":{},"emphasize":"Y","dint":1654473600000,"age":"","index":53,"edges":[],"neighbors":[],"degree":0,"dstr":"2022-06-06"},{"TAGID":"BA-5-5-0055","SEQID":"EPI_ISL_14123844","cat_id":"staff","type":"CD","date":44734,"category":"staff","highlight":{},"emphasize":"N","dint":1655856000000,"age":"","index":54,"edges":[],"neighbors":[],"degree":0,"GNODEID":0,"association":0,"dstr":"2022-06-22"},{"TAGID":"BA-5-5-0056","SEQID":"EPI_ISL_14123918","cat_id":"client","type":"CD","date":44735,"category":"client","highlight":{},"emphasize":"Y","dint":1655942400000,"age":"","index":55,"edges":[],"neighbors":[],"degree":0,"GNODEID":0,"association":0,"dstr":"2022-06-23"},{"SEQID":"EPI_ISL_14125316","GNODEID":"G-2","TAGID":"BA-5-5-0057","cat_id":"client","type":"CD","date":44727,"category":"client","association":"KN","highlight":{},"emphasize":"Y","dint":1655251200000,"age":"","index":56,"edges":[],"neighbors":[],"degree":0,"dstr":"2022-06-15"},{"TAGID":"BA-5-5-0058","SEQID":"EPI_ISL_14125664","cat_id":"staff","type":"CD","date":44736,"category":"staff","association":"KY","highlight":{},"emphasize":"Y","dint":1656028800000,"age":"","index":57,"edges":[],"neighbors":[],"degree":0,"GNODEID":0,"dstr":"2022-06-24"},{"TAGID":"BA-5-5-0059","SEQID":"EPI_ISL_14125634","cat_id":"staff","type":"CD","date":44734,"category":"staff","association":"KY","highlight":{},"emphasize":"Y","dint":1655856000000,"age":"","index":58,"edges":[],"neighbors":[],"degree":0,"GNODEID":0,"dstr":"2022-06-22"},{"TAGID":"BA-5-5-0060","SEQID":"EPI_ISL_14125635","cat_id":"staff","type":"CD","date":44734,"category":"staff","association":"KY","highlight":{},"emphasize":"Y","dint":1655856000000,"age":"","index":59,"edges":[],"neighbors":[],"degree":0,"GNODEID":0,"dstr":"2022-06-22"},{"TAGID":"BA-5-5-0061","SEQID":"EPI_ISL_14125636","cat_id":"staff","type":"CD","date":44734,"category":"staff","association":"KY","highlight":{},"emphasize":"Y","dint":1655856000000,"age":"","index":60,"edges":[],"neighbors":[],"degree":0,"GNODEID":0,"dstr":"2022-06-22"},{"TAGID":"BA-5-5-0062","SEQID":"EPI_ISL_14126860","cat_id":"client","type":"CD","date":44729,"category":"client","association":"KY","highlight":{},"emphasize":"N","dint":1655424000000,"age":"","index":61,"edges":[],"neighbors":[],"degree":0,"GNODEID":0,"dstr":"2022-06-17"},{"TAGID":"BA-5-5-0063","SEQID":"EPI_ISL_14126854","cat_id":"client","type":"CD","date":44729,"category":"client","association":"KY","highlight":{},"emphasize":"N","dint":1655424000000,"age":"","index":62,"edges":[],"neighbors":[],"degree":0,"GNODEID":0,"dstr":"2022-06-17"},{"SEQID":"EPI_ISL_14126863","GNODEID":"G-2.1.2","TAGID":"BA-5-5-0064","cat_id":"client","type":"CD","date":44729,"category":"client","association":"KY","highlight":{},"emphasize":"Y","dint":1655424000000,"age":"","index":63,"edges":[],"neighbors":[],"degree":0,"dstr":"2022-06-17"},{"TAGID":"BA-5-5-0065","SEQID":"EPI_ISL_14126864","cat_id":"client","type":"CD","date":44729,"category":"client","association":"KY","highlight":{},"emphasize":"N","dint":1655424000000,"age":"","index":64,"edges":[],"neighbors":[],"degree":0,"GNODEID":0,"dstr":"2022-06-17"},{"TAGID":"BA-5-5-0066","SEQID":"EPI_ISL_14126871","cat_id":"staff","type":"CD","date":44731,"category":"staff","association":"KY","highlight":{},"emphasize":"N","dint":1655596800000,"age":"","index":65,"edges":[],"neighbors":[],"degree":0,"GNODEID":0,"dstr":"2022-06-19"},{"TAGID":"BA-5-5-0067","SEQID":"EPI_ISL_14126882","cat_id":"client","type":"CD","date":44732,"category":"client","association":"KY","highlight":{},"emphasize":"Y","dint":1655683200000,"age":"","index":66,"edges":[],"neighbors":[],"degree":0,"GNODEID":0,"dstr":"2022-06-20"},{"TAGID":"BA-5-5-0068","SEQID":"EPI_ISL_14126858","cat_id":"staff","type":"CD","date":44731,"category":"staff","association":"KY","highlight":{},"emphasize":"Y","dint":1655596800000,"age":"","index":67,"edges":[],"neighbors":[],"degree":0,"GNODEID":0,"dstr":"2022-06-19"},{"TAGID":"BA-5-5-0069","SEQID":"EPI_ISL_14126853","cat_id":"client","type":"CD","date":44728,"category":"client","association":"KY","highlight":{},"emphasize":"N","dint":1655337600000,"age":"","index":68,"edges":[],"neighbors":[],"degree":0,"GNODEID":0,"dstr":"2022-06-16"},{"TAGID":"BA-5-5-0070","SEQID":"EPI_ISL_14126862","cat_id":"client","type":"CD","date":44730,"category":"client","association":"KY","highlight":{},"emphasize":"N","dint":1655510400000,"age":"","index":69,"edges":[],"neighbors":[],"degree":0,"GNODEID":0,"dstr":"2022-06-18"},{"SEQID":"EPI_ISL_14127008","GNODEID":"G-2.3.7","TAGID":"BA-5-5-0071","cat_id":"staff","type":"CD","date":44731,"category":"staff","association":"KN","highlight":{},"emphasize":"Y","dint":1655596800000,"age":"","index":70,"edges":[],"neighbors":[],"degree":0,"dstr":"2022-06-19"},{"TAGID":"BA-5-5-0072","SEQID":"EPI_ISL_14127010","cat_id":"client","type":"CD","date":44735,"category":"client","association":"KN","highlight":{},"emphasize":"Y","dint":1655942400000,"age":"","index":71,"edges":[],"neighbors":[],"degree":0,"GNODEID":0,"dstr":"2022-06-23"},{"TAGID":"BA-5-5-0073","SEQID":"EPI_ISL_14127352","cat_id":"client","type":"CD","date":44733,"category":"client","association":"KS","highlight":{},"emphasize":"N","dint":1655769600000,"age":"","index":72,"edges":[],"neighbors":[],"degree":0,"GNODEID":0,"dstr":"2022-06-21"},{"TAGID":"BA-5-5-0074","SEQID":"EPI_ISL_14127345","cat_id":"staff","type":"CD","date":44733,"category":"staff","association":"KS","highlight":{},"emphasize":"Y","dint":1655769600000,"age":"","index":73,"edges":[],"neighbors":[],"degree":0,"GNODEID":0,"dstr":"2022-06-21"},{"SEQID":"EPI_ISL_14127461","GNODEID":"G-3","TAGID":"BA-5-5-0075","cat_id":"staff","type":"CD","date":44735,"category":"staff","association":"KS","highlight":{},"emphasize":"N","dint":1655942400000,"age":"","index":74,"edges":[],"neighbors":[],"degree":0,"dstr":"2022-06-23"},{"SEQID":"EPI_ISL_14128257","GNODEID":"G-2.10.4","TAGID":"BA-5-5-0076","cat_id":"client","type":"CD","date":44740,"category":"client","highlight":{},"emphasize":"Y","dint":1656374400000,"age":"","index":75,"edges":[],"neighbors":[],"degree":0,"association":0,"dstr":"2022-06-28"},{"SEQID":"EPI_ISL_14128878","GNODEID":"G-2.10.6","TAGID":"BA-5-5-0077","cat_id":"client","type":"CD","date":44741,"category":"client","highlight":{},"emphasize":"N","dint":1656460800000,"age":"","index":76,"edges":[],"neighbors":[],"degree":0,"association":0,"dstr":"2022-06-29"},{"TAGID":"BA-5-5-0078","SEQID":"EPI_ISL_14128934","cat_id":"client","type":"CD","date":44742,"category":"client","highlight":{},"emphasize":"Y","dint":1656547200000,"age":"","index":77,"edges":[],"neighbors":[],"degree":0,"GNODEID":0,"association":0,"dstr":"2022-06-30"},{"TAGID":"BA-5-5-0079","SEQID":"EPI_ISL_14128919","cat_id":"staff","type":"CD","date":44742,"category":"staff","highlight":{},"emphasize":"N","dint":1656547200000,"age":"","index":78,"edges":[],"neighbors":[],"degree":0,"GNODEID":0,"association":0,"dstr":"2022-06-30"},{"SEQID":"EPI_ISL_14129092","GNODEID":"G-2.2.1","TAGID":"BA-5-5-0080","cat_id":"staff","type":"CD","date":44734,"category":"staff","association":"KS","highlight":{},"emphasize":"N","dint":1655856000000,"age":"","index":79,"edges":[],"neighbors":[],"degree":0,"dstr":"2022-06-22"},{"SEQID":"EPI_ISL_14129425","GNODEID":"G-2.4.2","TAGID":"BA-5-5-0081","cat_id":"staff","type":"CD","date":44738,"category":"staff","association":"KS","highlight":{},"emphasize":"Y","dint":1656201600000,"age":"","index":80,"edges":[],"neighbors":[],"degree":0,"dstr":"2022-06-26"},{"TAGID":"BA-5-5-0082","SEQID":"EPI_ISL_14130442","cat_id":"client","type":"CD","date":44739,"category":"client","association":"KS","highlight":{},"emphasize":"Y","dint":1656288000000,"age":"","index":81,"edges":[],"neighbors":[],"degree":0,"GNODEID":0,"dstr":"2022-06-27"},{"SEQID":"EPI_ISL_14131075","GNODEID":"G-2.6","TAGID":"BA-5-5-0083","cat_id":"client","type":"CD","date":44741,"category":"client","association":"KS","highlight":{},"emphasize":"Y","dint":1656460800000,"age":"","index":82,"edges":[],"neighbors":[],"degree":0,"dstr":"2022-06-29"},{"TAGID":"BA-5-5-0084","SEQID":"EPI_ISL_14131073","cat_id":"staff","type":"CD","date":44741,"category":"staff","association":"KS","highlight":{},"emphasize":"N","dint":1656460800000,"age":"","index":83,"edges":[],"neighbors":[],"degree":0,"GNODEID":0,"dstr":"2022-06-29"},{"SEQID":"EPI_ISL_14131549","GNODEID":"G-2.1.1.1","TAGID":"BA-5-5-0085","cat_id":"client","type":"CD","date":44737,"category":"client","association":"KY","highlight":{},"emphasize":"Y","dint":1656115200000,"age":"","index":84,"edges":[],"neighbors":[],"degree":0,"dstr":"2022-06-25"},{"TAGID":"BA-5-5-0086","SEQID":"EPI_ISL_14131569","cat_id":"staff","type":"CD","date":44739,"category":"staff","association":"KY","highlight":{},"emphasize":"N","dint":1656288000000,"age":"","index":85,"edges":[],"neighbors":[],"degree":0,"GNODEID":0,"dstr":"2022-06-27"},{"TAGID":"BA-5-5-0087","SEQID":"EPI_ISL_14131585","cat_id":"staff","type":"CD","date":44742,"category":"staff","association":"KY","highlight":{},"emphasize":"Y","dint":1656547200000,"age":"","index":86,"edges":[],"neighbors":[],"degree":0,"GNODEID":0,"dstr":"2022-06-30"},{"TAGID":"BA-5-5-0088","SEQID":"EPI_ISL_14131563","cat_id":"staff","type":"CD","date":44739,"category":"staff","association":"KY","highlight":{},"emphasize":"Y","dint":1656288000000,"age":"","index":87,"edges":[],"neighbors":[],"degree":0,"GNODEID":0,"dstr":"2022-06-27"},{"TAGID":"BA-5-5-0089","SEQID":"EPI_ISL_14131577","cat_id":"client","type":"CD","date":44741,"category":"client","association":"KY","highlight":{},"emphasize":"Y","dint":1656460800000,"age":"","index":88,"edges":[],"neighbors":[],"degree":0,"GNODEID":0,"dstr":"2022-06-29"},{"TAGID":"BA-5-5-0090","SEQID":"EPI_ISL_14131578","cat_id":"staff","type":"CD","date":44741,"category":"staff","association":"KY","highlight":{},"emphasize":"N","dint":1656460800000,"age":"","index":89,"edges":[],"neighbors":[],"degree":0,"GNODEID":0,"dstr":"2022-06-29"},{"TAGID":"BA-5-5-0091","SEQID":"EPI_ISL_14131591","cat_id":"client","type":"CD","date":44740,"category":"client","association":"KY","highlight":{},"emphasize":"Y","dint":1656374400000,"age":"","index":90,"edges":[],"neighbors":[],"degree":0,"GNODEID":0,"dstr":"2022-06-28"},{"TAGID":"BA-5-5-0092","SEQID":"EPI_ISL_14131590","cat_id":"client","type":"CD","date":44740,"category":"client","association":"KY","highlight":{},"emphasize":"Y","dint":1656374400000,"age":"","index":91,"edges":[],"neighbors":[],"degree":0,"GNODEID":0,"dstr":"2022-06-28"},{"TAGID":"BA-5-5-0093","SEQID":"EPI_ISL_14131614","cat_id":"client","type":"CD","date":44742,"category":"client","association":"KY","highlight":{},"emphasize":"N","dint":1656547200000,"age":"","index":92,"edges":[],"neighbors":[],"degree":0,"GNODEID":0,"dstr":"2022-06-30"},{"SEQID":"EPI_ISL_14137438","GNODEID":"G-2.5","TAGID":"BA-5-5-0094","cat_id":"staff","type":"CD","date":44740,"category":"staff","association":"KS","highlight":{},"emphasize":"N","dint":1656374400000,"age":"","index":93,"edges":[],"neighbors":[],"degree":0,"dstr":"2022-06-28"},{"SEQID":"EPI_ISL_14137428","GNODEID":"G-2.10.3","TAGID":"BA-5-5-0095","cat_id":"client","type":"CD","date":44740,"category":"client","association":"KS","highlight":{},"emphasize":"Y","dint":1656374400000,"age":"","index":94,"edges":[],"neighbors":[],"degree":0,"dstr":"2022-06-28"},{"SEQID":"EPI_ISL_14137383","GNODEID":"G-2.3","TAGID":"BA-5-5-0096","cat_id":"staff","type":"CD","date":44741,"category":"staff","association":"KS","highlight":{},"emphasize":"N","dint":1656460800000,"age":"","index":95,"edges":[],"neighbors":[],"degree":0,"dstr":"2022-06-29"},{"SEQID":"EPI_ISL_14140093","GNODEID":"G-2.6.1.1","TAGID":"BA-5-5-0097","cat_id":"client","type":"CD","date":44742,"category":"client","association":"KS","highlight":{},"emphasize":"N","dint":1656547200000,"age":"","index":96,"edges":[],"neighbors":[],"degree":0,"dstr":"2022-06-30"},{"TAGID":"BA-5-5-0098","SEQID":"EPI_ISL_14140600","cat_id":"staff","type":"CD","date":44739,"category":"staff","association":"KS","highlight":{},"emphasize":"N","dint":1656288000000,"age":"","index":97,"edges":[],"neighbors":[],"degree":0,"GNODEID":0,"dstr":"2022-06-27"},{"TAGID":"BA-5-5-0099","SEQID":"EPI_ISL_14140640","cat_id":"client","type":"CD","date":44739,"category":"client","association":"KS","highlight":{},"emphasize":"Y","dint":1656288000000,"age":"","index":98,"edges":[],"neighbors":[],"degree":0,"GNODEID":0,"dstr":"2022-06-27"},{"SEQID":"EPI_ISL_14540287","GNODEID":"G-2.4.2","TAGID":"BA-5-5-0100","cat_id":"staff","type":"CD","date":44742,"category":"staff","association":"KS","highlight":{},"emphasize":"N","dint":1656547200000,"age":"","index":99,"edges":[],"neighbors":[],"degree":0,"dstr":"2022-06-30"},{"SEQID":"EPI_ISL_14540451","GNODEID":"G-2.6.1","TAGID":"BA-5-5-0101","cat_id":"client","type":"CD","date":44742,"category":"client","association":"KS","highlight":{},"emphasize":"Y","dint":1656547200000,"age":"","index":100,"edges":[],"neighbors":[],"degree":0,"dstr":"2022-06-30"},{"SEQID":"EPI_ISL_14540437","GNODEID":"G-2.4.2.1","TAGID":"BA-5-5-0102","cat_id":"staff","type":"CD","date":44742,"category":"staff","association":"KS","highlight":{},"emphasize":"N","dint":1656547200000,"age":"","index":101,"edges":[],"neighbors":[],"degree":0,"dstr":"2022-06-30"},{"SEQID":"EPI_ISL_14540457","GNODEID":"G-2","TAGID":"BA-5-5-0103","cat_id":"staff","type":"CD","date":44742,"category":"staff","association":"KS","highlight":{},"emphasize":"Y","dint":1656547200000,"age":"","index":102,"edges":[],"neighbors":[],"degree":0,"dstr":"2022-06-30"},{"TAGID":"BA-5-5-0104","SEQID":"EPI_ISL_14161108","cat_id":"client","type":"CD","date":44737,"category":"client","association":"KS","highlight":{},"emphasize":"N","dint":1656115200000,"age":"","index":103,"edges":[],"neighbors":[],"degree":0,"GNODEID":0,"dstr":"2022-06-25"},{"TAGID":"BA-5-5-0105","SEQID":"EPI_ISL_14211001","cat_id":"client","type":"CD","date":44734,"category":"client","association":"KS","highlight":{},"emphasize":"N","dint":1655856000000,"age":"","index":104,"edges":[],"neighbors":[],"degree":0,"GNODEID":0,"dstr":"2022-06-22"},{"TAGID":"BA-5-5-0106","SEQID":"EPI_ISL_14211023","cat_id":"staff","type":"CD","date":44734,"category":"staff","association":"KS","highlight":{},"emphasize":"N","dint":1655856000000,"age":"","index":105,"edges":[],"neighbors":[],"degree":0,"GNODEID":0,"dstr":"2022-06-22"},{"TAGID":"BA-5-5-0107","SEQID":"EPI_ISL_14210959","cat_id":"client","type":"CD","date":44734,"category":"client","association":"KS","highlight":{},"emphasize":"N","dint":1655856000000,"age":"","index":106,"edges":[],"neighbors":[],"degree":0,"GNODEID":0,"dstr":"2022-06-22"},{"TAGID":"BA-5-5-0108","SEQID":"EPI_ISL_14211201","cat_id":"staff","type":"CD","date":44741,"category":"staff","association":"KS","highlight":{},"emphasize":"Y","dint":1656460800000,"age":"","index":107,"edges":[],"neighbors":[],"degree":0,"GNODEID":0,"dstr":"2022-06-29"},{"SEQID":"EPI_ISL_14211161","GNODEID":"G-2.9","TAGID":"BA-5-5-0109","cat_id":"client","type":"CD","date":44741,"category":"client","association":"KS","highlight":{},"emphasize":"Y","dint":1656460800000,"age":"","index":108,"edges":[],"neighbors":[],"degree":0,"dstr":"2022-06-29"},{"SEQID":"EPI_ISL_14338558","GNODEID":"G-2.3.5","TAGID":"BA-5-5-0110","cat_id":"staff","type":"CD","date":44741,"category":"staff","association":"KS","highlight":{},"emphasize":"N","dint":1656460800000,"age":"","index":109,"edges":[],"neighbors":[],"degree":0,"dstr":"2022-06-29"},{"SEQID":"EPI_ISL_14338607","GNODEID":"G-2.10.1","TAGID":"BA-5-5-0111","cat_id":"client","type":"CD","date":44741,"category":"client","association":"KS","highlight":{},"emphasize":"N","dint":1656460800000,"age":"","index":110,"edges":[],"neighbors":[],"degree":0,"dstr":"2022-06-29"},{"TAGID":"BA-5-5-0112","SEQID":"EPI_ISL_14338676","cat_id":"staff","type":"CD","date":44741,"category":"staff","association":"KS","highlight":{},"emphasize":"Y","dint":1656460800000,"age":"","index":111,"edges":[],"neighbors":[],"degree":0,"GNODEID":0,"dstr":"2022-06-29"},{"TAGID":"BA-5-5-0113","SEQID":"EPI_ISL_14342015","cat_id":"staff","type":"CD","date":44742,"category":"staff","association":"KY","highlight":{},"emphasize":"Y","dint":1656547200000,"age":"","index":112,"edges":[],"neighbors":[],"degree":0,"GNODEID":0,"dstr":"2022-06-30"}],"edges":[{"LINKID":"L-1","TAG_from":"EPI_ISL_13949990","TAG_to":"EPI_ISL_13900961","label":"家族","src":-1,"dst":-1}],"epi":[{"SEQID":"REF","GNODEID":"G-1"},{"SEQID":"EPI_ISL_13565635","GNODEID":"G-2"},{"SEQID":"EPI_ISL_14540457","GNODEID":"G-2"},{"SEQID":"EPI_ISL_14125316","GNODEID":"G-2"},{"SEQID":"EPI_ISL_14115310","GNODEID":"G-2.1"},{"SEQID":"EPI_ISL_14120770","GNODEID":"G-2.1.1"},{"SEQID":"EPI_ISL_14131549","GNODEID":"G-2.1.1.1"},{"SEQID":"EPI_ISL_14126863","GNODEID":"G-2.1.2"},{"SEQID":"EPI_ISL_14017693","GNODEID":"G-2.2"},{"SEQID":"EPI_ISL_14129092","GNODEID":"G-2.2.1"},{"SEQID":"EPI_ISL_14137383","GNODEID":"G-2.3"},{"SEQID":"EPI_ISL_13902004","GNODEID":"G-2.3.1"},{"SEQID":"EPI_ISL_13565802","GNODEID":"G-2.3.2"},{"SEQID":"EPI_ISL_13565547","GNODEID":"G-2.3.3"},{"SEQID":"EPI_ISL_13565483","GNODEID":"G-2.3.4"},{"SEQID":"EPI_ISL_14338558","GNODEID":"G-2.3.5"},{"SEQID":"EPI_ISL_14119595","GNODEID":"G-2.3.6"},{"SEQID":"EPI_ISL_14127008","GNODEID":"G-2.3.7"},{"SEQID":"EPI_ISL_13167988","GNODEID":"G-2.3.8"},{"SEQID":"EPI_ISL_13565398","GNODEID":"G-2.4.1"},{"SEQID":"EPI_ISL_14129425","GNODEID":"G-2.4.2"},{"SEQID":"EPI_ISL_14540287","GNODEID":"G-2.4.2"},{"SEQID":"EPI_ISL_14540437","GNODEID":"G-2.4.2.1"},{"SEQID":"EPI_ISL_14137438","GNODEID":"G-2.5"},{"SEQID":"EPI_ISL_13900961","GNODEID":"G-2.6"},{"SEQID":"EPI_ISL_14131075","GNODEID":"G-2.6"},{"SEQID":"EPI_ISL_14540451","GNODEID":"G-2.6.1"},{"SEQID":"EPI_ISL_14140093","GNODEID":"G-2.6.1.1"},{"SEQID":"EPI_ISL_14120647","GNODEID":"G-2.7"},{"SEQID":"EPI_ISL_13565441","GNODEID":"G-2.8"},{"SEQID":"EPI_ISL_14121078","GNODEID":"G-2.8.1"},{"SEQID":"EPI_ISL_14211161","GNODEID":"G-2.9"},{"SEQID":"EPI_ISL_13217501","GNODEID":"G-2.10"},{"SEQID":"EPI_ISL_14017746","GNODEID":"G-2.10"},{"SEQID":"EPI_ISL_14338607","GNODEID":"G-2.10.1"},{"SEQID":"EPI_ISL_13565888","GNODEID":"G-2.10.2"},{"SEQID":"EPI_ISL_14137428","GNODEID":"G-2.10.3"},{"SEQID":"EPI_ISL_14128257","GNODEID":"G-2.10.4"},{"SEQID":"EPI_ISL_13565438","GNODEID":"G-2.10.5"},{"SEQID":"EPI_ISL_14128878","GNODEID":"G-2.10.6"},{"SEQID":"EPI_ISL_13565404","GNODEID":"G-2.11"},{"SEQID":"EPI_ISL_14127461","GNODEID":"G-3"}],"tree":[{"label":"G-0","length":0,"edges":["G-1","G-2","G-3"],"subs":0},{"label":"G-1","length":0.0073368758,"edges":[],"subs":52},{"label":"G-2","length":0.0002137063,"edges":["G-2.1","G-2.2","G-2.3","G-2.4","G-2.5","G-2.6","G-2.7","G-2.8","G-2.9","G-2.10","G-2.11"],"subs":1},{"label":"G-2.1","length":0.00014869339999999998,"edges":["G-2.1.1","G-2.1.2"],"subs":1},{"label":"G-2.1.1","length":0.00044608070000000003,"edges":["G-2.1.1.1"],"subs":3},{"label":"G-2.1.1.1","length":0.0001486206,"edges":[],"subs":1},{"label":"G-2.1.2","length":0.0001486758,"edges":[],"subs":1},{"label":"G-2.2","length":0.0002974027,"edges":["G-2.2.1"],"subs":2},{"label":"G-2.2.1","length":0.0004459197,"edges":[],"subs":3},{"label":"G-2.3","length":0.00014875799999999997,"edges":["G-2.3.1","G-2.3.2","G-2.3.3","G-2.3.4","G-2.3.5","G-2.3.6","G-2.3.7","G-2.3.8"],"subs":1},{"label":"G-2.3.1","length":0.0002971683,"edges":[],"subs":2},{"label":"G-2.3.2","length":0.0005945041,"edges":[],"subs":4},{"label":"G-2.3.3","length":0.00014866959999999997,"edges":[],"subs":1},{"label":"G-2.3.4","length":0.00029733100000000007,"edges":[],"subs":2},{"label":"G-2.3.5","length":0.00044594770000000005,"edges":[],"subs":3},{"label":"G-2.3.6","length":0.0004459836000000001,"edges":[],"subs":3},{"label":"G-2.3.7","length":0.00014888239999999992,"edges":[],"subs":1},{"label":"G-2.3.8","length":0.0007434637999999997,"edges":[],"subs":5},{"label":"G-2.4","length":0.00014880219999999998,"edges":["G-2.4.1","G-2.4.2"],"subs":1},{"label":"G-2.4.1","length":0.0001486325,"edges":[],"subs":1},{"label":"G-2.4.2","length":0.0001486078,"edges":["G-2.4.2.1"],"subs":1},{"label":"G-2.4.2.1","length":0.0001485958,"edges":[],"subs":1},{"label":"G-2.5","length":0.00014888439999999998,"edges":[],"subs":1},{"label":"G-2.6","length":0.0005956093,"edges":["G-2.6.1"],"subs":4},{"label":"G-2.6.1","length":0.0001488262,"edges":["G-2.6.1.1"],"subs":1},{"label":"G-2.6.1.1","length":0.0001487638,"edges":[],"subs":1},{"label":"G-2.7","length":0.0007447407999999999,"edges":[],"subs":5},{"label":"G-2.8","length":0.00014907539999999995,"edges":["G-2.8.1"],"subs":1},{"label":"G-2.8.1","length":0.0001488478,"edges":[],"subs":1},{"label":"G-2.9","length":0.0004470512000000001,"edges":[],"subs":3},{"label":"G-2.10","length":0.0001493114999999999,"edges":["G-2.10.1","G-2.10.2","G-2.10.3","G-2.10.4","G-2.10.5","G-2.10.6"],"subs":1},{"label":"G-2.10.1","length":0.0002977379,"edges":[],"subs":2},{"label":"G-2.10.2","length":0.00014902739999999998,"edges":[],"subs":1},{"label":"G-2.10.3","length":0.000149076,"edges":[],"subs":1},{"label":"G-2.10.4","length":0.00014913679999999996,"edges":[],"subs":1},{"label":"G-2.10.5","length":0.00029808650000000004,"edges":[],"subs":2},{"label":"G-2.10.6","length":0.00029811980000000007,"edges":[],"subs":2},{"label":"G-2.11","length":0.0001493076999999999,"edges":[],"subs":1},{"label":"G-3","length":0.0003875153,"edges":[],"subs":2}],"dist":{"period":8.498807131765668,"phase":6.498807131765668,"interval":0.000016524034050880625}}