{"nodes":[{"SEQID":"EPI_ISL_13565957","GNODEID":"G-7.2","TAGID":"BA-5-2-1-0001","cat_id":"staff","type":"CD","date":44722,"category":"staff","highlight":{},"emphasize":"Y","dint":1654819200000,"age":"","index":0,"edges":[],"neighbors":[],"degree":0,"association":0,"dstr":"2022-06-10"},{"SEQID":"EPI_ISL_13762852","GNODEID":"G-2.1.2","TAGID":"BA-5-2-1-0002","cat_id":"staff","type":"CD","date":44732,"category":"staff","association":"KS","highlight":{},"emphasize":"Y","dint":1655683200000,"age":"","index":1,"edges":[],"neighbors":[],"degree":0,"dstr":"2022-06-20"},{"TAGID":"BA-5-2-1-0003","SEQID":"EPI_ISL_13762907","cat_id":"client","type":"CD","date":44732,"category":"client","association":"KS","highlight":{},"emphasize":"N","dint":1655683200000,"age":"","index":2,"edges":[],"neighbors":[],"degree":0,"GNODEID":0,"dstr":"2022-06-20"},{"TAGID":"BA-5-2-1-0004","SEQID":"EPI_ISL_13762906","cat_id":"staff","type":"CD","date":44732,"category":"staff","association":"KS","highlight":{},"emphasize":"N","dint":1655683200000,"age":"","index":3,"edges":[],"neighbors":[],"degree":0,"GNODEID":0,"dstr":"2022-06-20"},{"TAGID":"BA-5-2-1-0005","SEQID":"EPI_ISL_13762859","cat_id":"client","type":"CD","date":44732,"category":"client","association":"KS","highlight":{},"emphasize":"N","dint":1655683200000,"age":"","index":4,"edges":[],"neighbors":[],"degree":0,"GNODEID":0,"dstr":"2022-06-20"},{"TAGID":"BA-5-2-1-0006","SEQID":"EPI_ISL_13765568","cat_id":"staff","type":"CD","date":44732,"category":"staff","association":"KS","highlight":{},"emphasize":"N","dint":1655683200000,"age":"","index":5,"edges":[],"neighbors":[],"degree":0,"GNODEID":0,"dstr":"2022-06-20"},{"SEQID":"EPI_ISL_13765593","GNODEID":"G-2","TAGID":"BA-5-2-1-0007","cat_id":"staff","type":"CD","date":44732,"category":"staff","association":"KS","highlight":{},"emphasize":"Y","dint":1655683200000,"age":"","index":6,"edges":[],"neighbors":[],"degree":0,"dstr":"2022-06-20"},{"SEQID":"EPI_ISL_13765572","GNODEID":"G-7.8.2","TAGID":"BA-5-2-1-0008","cat_id":"staff","type":"CD","date":44732,"category":"staff","association":"KS","highlight":{},"emphasize":"N","dint":1655683200000,"age":"","index":7,"edges":[],"neighbors":[],"degree":0,"dstr":"2022-06-20"},{"TAGID":"BA-5-2-1-0009","SEQID":"EPI_ISL_13765644","cat_id":"staff","type":"CD","date":44732,"category":"staff","association":"KS","highlight":{},"emphasize":"Y","dint":1655683200000,"age":"","index":8,"edges":[],"neighbors":[],"degree":0,"GNODEID":0,"dstr":"2022-06-20"},{"TAGID":"BA-5-2-1-0010","SEQID":"EPI_ISL_13765654","cat_id":"staff","type":"CD","date":44732,"category":"staff","association":"KS","highlight":{},"emphasize":"Y","dint":1655683200000,"age":"","index":9,"edges":[],"neighbors":[],"degree":0,"GNODEID":0,"dstr":"2022-06-20"},{"SEQID":"EPI_ISL_13765696","GNODEID":"G-7.12","TAGID":"BA-5-2-1-0011","cat_id":"staff","type":"CD","date":44732,"category":"staff","association":"KS","highlight":{},"emphasize":"N","dint":1655683200000,"age":"","index":10,"edges":[],"neighbors":[],"degree":0,"dstr":"2022-06-20"},{"TAGID":"BA-5-2-1-0012","SEQID":"EPI_ISL_13513735","cat_id":"client","type":"CD","date":44718,"category":"client","association":"KS","highlight":{},"emphasize":"N","dint":1654473600000,"age":"","index":11,"edges":[],"neighbors":[],"degree":0,"GNODEID":0,"dstr":"2022-06-06"},{"SEQID":"EPI_ISL_13513867","GNODEID":"G-7.7","TAGID":"BA-5-2-1-0013","cat_id":"staff","type":"CD","date":44725,"category":"staff","association":"KS","highlight":{},"emphasize":"N","dint":1655078400000,"age":"","index":12,"edges":[],"neighbors":[],"degree":0,"dstr":"2022-06-13"},{"SEQID":"EPI_ISL_13949988","GNODEID":"G-4","TAGID":"BA-5-2-1-0014","cat_id":"staff","type":"CD","date":44727,"category":"staff","highlight":{},"emphasize":"Y","dint":1655251200000,"age":"","index":13,"edges":[],"neighbors":[],"degree":0,"association":0,"dstr":"2022-06-15"},{"TAGID":"BA-5-2-1-0015","SEQID":"EPI_ISL_13949972","cat_id":"staff","type":"CD","date":44729,"category":"staff","highlight":{},"emphasize":"Y","dint":1655424000000,"age":"","index":14,"edges":[],"neighbors":[],"degree":0,"GNODEID":0,"association":0,"dstr":"2022-06-17"},{"TAGID":"BA-5-2-1-0016","SEQID":"EPI_ISL_13949976","cat_id":"client","type":"CD","date":44730,"category":"client","highlight":{},"emphasize":"Y","dint":1655510400000,"age":"","index":15,"edges":[],"neighbors":[],"degree":0,"GNODEID":0,"association":0,"dstr":"2022-06-18"},{"TAGID":"BA-5-2-1-0017","SEQID":"EPI_ISL_13565939","cat_id":"client","type":"CD","date":44724,"category":"client","highlight":{},"emphasize":"Y","dint":1654992000000,"age":"","index":16,"edges":[],"neighbors":[],"degree":0,"GNODEID":0,"association":0,"dstr":"2022-06-12"},{"SEQID":"EPI_ISL_13565879","GNODEID":"G-7.6","TAGID":"BA-5-2-1-0018","cat_id":"client","type":"CD","date":44718,"category":"client","highlight":{},"emphasize":"N","dint":1654473600000,"age":"","index":17,"edges":[],"neighbors":[],"degree":0,"association":0,"dstr":"2022-06-06"},{"TAGID":"BA-5-2-1-0019","SEQID":"EPI_ISL_13565942","cat_id":"client","type":"CD","date":44722,"category":"client","highlight":{},"emphasize":"N","dint":1654819200000,"age":"","index":18,"edges":[],"neighbors":[],"degree":0,"GNODEID":0,"association":0,"dstr":"2022-06-10"},{"TAGID":"BA-5-2-1-0020","SEQID":"EPI_ISL_14017774","cat_id":"staff","type":"CD","date":44727,"category":"staff","association":"KS","highlight":{},"emphasize":"N","dint":1655251200000,"age":"","index":19,"edges":[],"neighbors":[],"degree":0,"GNODEID":0,"dstr":"2022-06-15"},{"SEQID":"EPI_ISL_14017773","GNODEID":"G-2.1.3","TAGID":"BA-5-2-1-0021","cat_id":"client","type":"CD","date":44729,"category":"client","association":"KS","highlight":{},"emphasize":"Y","dint":1655424000000,"age":"","index":20,"edges":[],"neighbors":[],"degree":0,"dstr":"2022-06-17"},{"TAGID":"BA-5-2-1-0022","SEQID":"EPI_ISL_14017779","cat_id":"staff","type":"CD","date":44729,"category":"staff","association":"KS","highlight":{},"emphasize":"Y","dint":1655424000000,"age":"","index":21,"edges":[],"neighbors":[],"degree":0,"GNODEID":0,"dstr":"2022-06-17"},{"TAGID":"BA-5-2-1-0023","SEQID":"EPI_ISL_14017744","cat_id":"staff","type":"CD","date":44729,"category":"staff","association":"KS","highlight":{},"emphasize":"N","dint":1655424000000,"age":"","index":22,"edges":[],"neighbors":[],"degree":0,"GNODEID":0,"dstr":"2022-06-17"},{"SEQID":"EPI_ISL_14017899","GNODEID":"G-2.1.4","TAGID":"BA-5-2-1-0024","cat_id":"staff","type":"CD","date":44727,"category":"staff","association":"KS","highlight":{},"emphasize":"N","dint":1655251200000,"age":"","index":23,"edges":[],"neighbors":[],"degree":0,"dstr":"2022-06-15"},{"SEQID":"EPI_ISL_14017909","GNODEID":"G-7.7.1","TAGID":"BA-5-2-1-0025","cat_id":"staff","type":"CD","date":44727,"category":"staff","association":"KS","highlight":{},"emphasize":"Y","dint":1655251200000,"age":"","index":24,"edges":[],"neighbors":[],"degree":0,"dstr":"2022-06-15"},{"SEQID":"EPI_ISL_14017960","GNODEID":"G-5","TAGID":"BA-5-2-1-0026","cat_id":"staff","type":"CD","date":44725,"category":"staff","association":"KS","highlight":{},"emphasize":"Y","dint":1655078400000,"age":"","index":25,"edges":[],"neighbors":[],"degree":0,"dstr":"2022-06-13"},{"TAGID":"BA-5-2-1-0027","SEQID":"EPI_ISL_14017999","cat_id":"client","type":"CD","date":44725,"category":"client","association":"KS","highlight":{},"emphasize":"N","dint":1655078400000,"age":"","index":26,"edges":[],"neighbors":[],"degree":0,"GNODEID":0,"dstr":"2022-06-13"},{"TAGID":"BA-5-2-1-0028","SEQID":"EPI_ISL_14017994","cat_id":"client","type":"CD","date":44725,"category":"client","association":"KS","highlight":{},"emphasize":"Y","dint":1655078400000,"age":"","index":27,"edges":[],"neighbors":[],"degree":0,"GNODEID":0,"dstr":"2022-06-13"},{"TAGID":"BA-5-2-1-0029","SEQID":"EPI_ISL_13843304","cat_id":"staff","type":"CD","date":44720,"category":"staff","association":"KS","highlight":{},"emphasize":"Y","dint":1654646400000,"age":"","index":28,"edges":[],"neighbors":[],"degree":0,"GNODEID":0,"dstr":"2022-06-08"},{"TAGID":"BA-5-2-1-0030","SEQID":"EPI_ISL_13843652","cat_id":"staff","type":"CD","date":44725,"category":"staff","association":"KS","highlight":{},"emphasize":"Y","dint":1655078400000,"age":"","index":29,"edges":[],"neighbors":[],"degree":0,"GNODEID":0,"dstr":"2022-06-13"},{"TAGID":"BA-5-2-1-0031","SEQID":"EPI_ISL_13843690","cat_id":"client","type":"CD","date":44725,"category":"client","association":"KS","highlight":{},"emphasize":"Y","dint":1655078400000,"age":"","index":30,"edges":[],"neighbors":[],"degree":0,"GNODEID":0,"dstr":"2022-06-13"},{"TAGID":"BA-5-2-1-0032","SEQID":"EPI_ISL_13843682","cat_id":"staff","type":"CD","date":44725,"category":"staff","association":"KS","highlight":{},"emphasize":"N","dint":1655078400000,"age":"","index":31,"edges":[],"neighbors":[],"degree":0,"GNODEID":0,"dstr":"2022-06-13"},{"TAGID":"BA-5-2-1-0033","SEQID":"EPI_ISL_13843709","cat_id":"client","type":"CD","date":44726,"category":"client","association":"KS","highlight":{},"emphasize":"N","dint":1655164800000,"age":"","index":32,"edges":[],"neighbors":[],"degree":0,"GNODEID":0,"dstr":"2022-06-14"},{"TAGID":"BA-5-2-1-0034","SEQID":"EPI_ISL_13843665","cat_id":"staff","type":"CD","date":44725,"category":"staff","association":"KS","highlight":{},"emphasize":"Y","dint":1655078400000,"age":"","index":33,"edges":[],"neighbors":[],"degree":0,"GNODEID":0,"dstr":"2022-06-13"},{"TAGID":"BA-5-2-1-0035","SEQID":"EPI_ISL_13843798","cat_id":"staff","type":"CD","date":44728,"category":"staff","association":"KS","highlight":{},"emphasize":"Y","dint":1655337600000,"age":"","index":34,"edges":[],"neighbors":[],"degree":0,"GNODEID":0,"dstr":"2022-06-16"},{"TAGID":"BA-5-2-1-0036","SEQID":"EPI_ISL_13843813","cat_id":"client","type":"CD","date":44728,"category":"client","association":"KS","highlight":{},"emphasize":"N","dint":1655337600000,"age":"","index":35,"edges":[],"neighbors":[],"degree":0,"GNODEID":0,"dstr":"2022-06-16"},{"TAGID":"BA-5-2-1-0037","SEQID":"EPI_ISL_13843814","cat_id":"staff","type":"CD","date":44728,"category":"staff","association":"KS","highlight":{},"emphasize":"Y","dint":1655337600000,"age":"","index":36,"edges":[],"neighbors":[],"degree":0,"GNODEID":0,"dstr":"2022-06-16"},{"TAGID":"BA-5-2-1-0038","SEQID":"EPI_ISL_13843118","cat_id":"client","type":"CD","date":44716,"category":"client","association":"KS","highlight":{},"emphasize":"N","dint":1654300800000,"age":"","index":37,"edges":[],"neighbors":[],"degree":0,"GNODEID":0,"dstr":"2022-06-04"},{"TAGID":"BA-5-2-1-0039","SEQID":"EPI_ISL_13844538","cat_id":"client","type":"CD","date":44732,"category":"client","association":"KS","highlight":{},"emphasize":"N","dint":1655683200000,"age":"","index":38,"edges":[],"neighbors":[],"degree":0,"GNODEID":0,"dstr":"2022-06-20"},{"TAGID":"BA-5-2-1-0040","SEQID":"EPI_ISL_13844531","cat_id":"client","type":"CD","date":44731,"category":"client","association":"KS","highlight":{},"emphasize":"N","dint":1655596800000,"age":"","index":39,"edges":[],"neighbors":[],"degree":0,"GNODEID":0,"dstr":"2022-06-19"},{"TAGID":"BA-5-2-1-0041","SEQID":"EPI_ISL_13844529","cat_id":"staff","type":"CD","date":44730,"category":"staff","association":"KS","highlight":{},"emphasize":"N","dint":1655510400000,"age":"","index":40,"edges":[],"neighbors":[],"degree":0,"GNODEID":0,"dstr":"2022-06-18"},{"TAGID":"BA-5-2-1-0042","SEQID":"EPI_ISL_13844521","cat_id":"client","type":"CD","date":44729,"category":"client","association":"KS","highlight":{},"emphasize":"Y","dint":1655424000000,"age":"","index":41,"edges":[],"neighbors":[],"degree":0,"GNODEID":0,"dstr":"2022-06-17"},{"TAGID":"BA-5-2-1-0043","SEQID":"EPI_ISL_13513855","cat_id":"staff","type":"CD","date":44725,"category":"staff","association":"KS","highlight":{},"emphasize":"N","dint":1655078400000,"age":"","index":42,"edges":[],"neighbors":[],"degree":0,"GNODEID":0,"dstr":"2022-06-13"},{"SEQID":"EPI_ISL_13513854","GNODEID":"G-2.1","TAGID":"BA-5-2-1-0044","cat_id":"client","type":"CD","date":44722,"category":"client","association":"KS","highlight":{},"emphasize":"Y","dint":1654819200000,"age":"","index":43,"edges":[],"neighbors":[],"degree":0,"dstr":"2022-06-10"},{"TAGID":"BA-5-2-1-0045","SEQID":"EPI_ISL_14043715","cat_id":"staff","type":"CD","date":44730,"category":"staff","association":"KS","highlight":{},"emphasize":"Y","dint":1655510400000,"age":"","index":44,"edges":[],"neighbors":[],"degree":0,"GNODEID":0,"dstr":"2022-06-18"},{"TAGID":"BA-5-2-1-0046","SEQID":"EPI_ISL_14043754","cat_id":"staff","type":"CD","date":44731,"category":"staff","association":"KS","highlight":{},"emphasize":"N","dint":1655596800000,"age":"","index":45,"edges":[],"neighbors":[],"degree":0,"GNODEID":0,"dstr":"2022-06-19"},{"TAGID":"BA-5-2-1-0047","SEQID":"EPI_ISL_14043737","cat_id":"client","type":"CD","date":44731,"category":"client","association":"KS","highlight":{},"emphasize":"Y","dint":1655596800000,"age":"","index":46,"edges":[],"neighbors":[],"degree":0,"GNODEID":0,"dstr":"2022-06-19"},{"TAGID":"BA-5-2-1-0048","SEQID":"EPI_ISL_14043790","cat_id":"client","type":"CD","date":44732,"category":"client","association":"KS","highlight":{},"emphasize":"N","dint":1655683200000,"age":"","index":47,"edges":[],"neighbors":[],"degree":0,"GNODEID":0,"dstr":"2022-06-20"},{"TAGID":"BA-5-2-1-0049","SEQID":"EPI_ISL_14043789","cat_id":"client","type":"CD","date":44732,"category":"client","association":"KS","highlight":{},"emphasize":"N","dint":1655683200000,"age":"","index":48,"edges":[],"neighbors":[],"degree":0,"GNODEID":0,"dstr":"2022-06-20"},{"TAGID":"BA-5-2-1-0050","SEQID":"EPI_ISL_14043786","cat_id":"client","type":"CD","date":44732,"category":"client","association":"KS","highlight":{},"emphasize":"Y","dint":1655683200000,"age":"","index":49,"edges":[],"neighbors":[],"degree":0,"GNODEID":0,"dstr":"2022-06-20"},{"TAGID":"BA-5-2-1-0051","SEQID":"EPI_ISL_14113122","cat_id":"client","type":"CD","date":44724,"category":"client","association":"KY","highlight":{},"emphasize":"Y","dint":1654992000000,"age":"","index":50,"edges":[],"neighbors":[],"degree":0,"GNODEID":0,"dstr":"2022-06-12"},{"TAGID":"BA-5-2-1-0052","SEQID":"EPI_ISL_14115298","cat_id":"staff","type":"CD","date":44724,"category":"staff","association":"KY","highlight":{},"emphasize":"Y","dint":1654992000000,"age":"","index":51,"edges":[],"neighbors":[],"degree":0,"GNODEID":0,"dstr":"2022-06-12"},{"TAGID":"BA-5-2-1-0053","SEQID":"EPI_ISL_14115342","cat_id":"client","type":"CD","date":44728,"category":"client","association":"KY","highlight":{},"emphasize":"Y","dint":1655337600000,"age":"","index":52,"edges":[],"neighbors":[],"degree":0,"GNODEID":0,"dstr":"2022-06-16"},{"TAGID":"BA-5-2-1-0054","SEQID":"EPI_ISL_14115332","cat_id":"staff","type":"CD","date":44722,"category":"staff","association":"OK","highlight":{},"emphasize":"N","dint":1654819200000,"age":"","index":53,"edges":[],"neighbors":[],"degree":0,"GNODEID":0,"dstr":"2022-06-10"},{"TAGID":"BA-5-2-1-0055","SEQID":"EPI_ISL_14115339","cat_id":"staff","type":"CD","date":44727,"category":"staff","association":"KY","highlight":{},"emphasize":"N","dint":1655251200000,"age":"","index":54,"edges":[],"neighbors":[],"degree":0,"GNODEID":0,"dstr":"2022-06-15"},{"SEQID":"EPI_ISL_14115328","GNODEID":"G-7.9","TAGID":"BA-5-2-1-0056","cat_id":"staff","type":"CD","date":44722,"category":"staff","association":"OK","highlight":{},"emphasize":"Y","dint":1654819200000,"age":"","index":55,"edges":[],"neighbors":[],"degree":0,"dstr":"2022-06-10"},{"TAGID":"BA-5-2-1-0057","SEQID":"EPI_ISL_14115297","cat_id":"client","type":"CD","date":44724,"category":"client","association":"KY","highlight":{},"emphasize":"Y","dint":1654992000000,"age":"","index":56,"edges":[],"neighbors":[],"degree":0,"GNODEID":0,"dstr":"2022-06-12"},{"SEQID":"EPI_ISL_14115344","GNODEID":"G-7.13","TAGID":"BA-5-2-1-0058","cat_id":"staff","type":"CD","date":44729,"category":"staff","association":"KY","highlight":{},"emphasize":"Y","dint":1655424000000,"age":"","index":57,"edges":[],"neighbors":[],"degree":0,"dstr":"2022-06-17"},{"TAGID":"BA-5-2-1-0059","SEQID":"EPI_ISL_14115343","cat_id":"staff","type":"CD","date":44728,"category":"staff","association":"KY","highlight":{},"emphasize":"N","dint":1655337600000,"age":"","index":58,"edges":[],"neighbors":[],"degree":0,"GNODEID":0,"dstr":"2022-06-16"},{"TAGID":"BA-5-2-1-0060","SEQID":"EPI_ISL_14115346","cat_id":"client","type":"CD","date":44729,"category":"client","association":"KY","highlight":{},"emphasize":"Y","dint":1655424000000,"age":"","index":59,"edges":[],"neighbors":[],"degree":0,"GNODEID":0,"dstr":"2022-06-17"},{"SEQID":"EPI_ISL_14115323","GNODEID":"G-7.8.3","TAGID":"BA-5-2-1-0061","cat_id":"client","type":"CD","date":44727,"category":"client","association":"OK","highlight":{},"emphasize":"Y","dint":1655251200000,"age":"","index":60,"edges":[],"neighbors":[],"degree":0,"dstr":"2022-06-15"},{"TAGID":"BA-5-2-1-0062","SEQID":"EPI_ISL_14115340","cat_id":"client","type":"CD","date":44728,"category":"client","association":"KY","highlight":{},"emphasize":"Y","dint":1655337600000,"age":"","index":61,"edges":[],"neighbors":[],"degree":0,"GNODEID":0,"dstr":"2022-06-16"},{"TAGID":"BA-5-2-1-0063","SEQID":"EPI_ISL_14115341","cat_id":"client","type":"CD","date":44729,"category":"client","association":"KY","highlight":{},"emphasize":"Y","dint":1655424000000,"age":"","index":62,"edges":[],"neighbors":[],"degree":0,"GNODEID":0,"dstr":"2022-06-17"},{"SEQID":"EPI_ISL_14117474","GNODEID":"G-6","TAGID":"BA-5-2-1-0064","cat_id":"staff","type":"CD","date":44715,"category":"staff","association":"KS","highlight":{},"emphasize":"N","dint":1654214400000,"age":"","index":63,"edges":[],"neighbors":[],"degree":0,"dstr":"2022-06-03"},{"SEQID":"EPI_ISL_14117806","GNODEID":"G-7.7","TAGID":"BA-5-2-1-0065","cat_id":"staff","type":"CD","date":44717,"category":"staff","association":"CS","highlight":{},"emphasize":"N","dint":1654387200000,"age":"","index":64,"edges":[],"neighbors":[],"degree":0,"dstr":"2022-06-05"},{"SEQID":"EPI_ISL_14118433","GNODEID":"G-7","TAGID":"BA-5-2-1-0066","cat_id":"staff","type":"CD","date":44722,"category":"staff","association":"KY","highlight":{},"emphasize":"Y","dint":1654819200000,"age":"","index":65,"edges":[],"neighbors":[],"degree":0,"dstr":"2022-06-10"},{"TAGID":"BA-5-2-1-0067","SEQID":"EPI_ISL_14118622","cat_id":"client","type":"CD","date":44726,"category":"client","association":"KY","highlight":{},"emphasize":"N","dint":1655164800000,"age":"","index":66,"edges":[],"neighbors":[],"degree":0,"GNODEID":0,"dstr":"2022-06-14"},{"TAGID":"BA-5-2-1-0068","SEQID":"EPI_ISL_14118617","cat_id":"staff","type":"CD","date":44724,"category":"staff","association":"KY","highlight":{},"emphasize":"Y","dint":1654992000000,"age":"","index":67,"edges":[],"neighbors":[],"degree":0,"GNODEID":0,"dstr":"2022-06-12"},{"TAGID":"BA-5-2-1-0069","SEQID":"EPI_ISL_14119663","cat_id":"client","type":"CD","date":44732,"category":"client","association":"CS","highlight":{},"emphasize":"Y","dint":1655683200000,"age":"","index":68,"edges":[],"neighbors":[],"degree":0,"GNODEID":0,"dstr":"2022-06-20"},{"TAGID":"BA-5-2-1-0070","SEQID":"EPI_ISL_14119664","cat_id":"staff","type":"CD","date":44732,"category":"staff","association":"CS","highlight":{},"emphasize":"N","dint":1655683200000,"age":"","index":69,"edges":[],"neighbors":[],"degree":0,"GNODEID":0,"dstr":"2022-06-20"},{"TAGID":"BA-5-2-1-0071","SEQID":"EPI_ISL_14119665","cat_id":"client","type":"CD","date":44732,"category":"client","association":"CS","highlight":{},"emphasize":"N","dint":1655683200000,"age":"","index":70,"edges":[],"neighbors":[],"degree":0,"GNODEID":0,"dstr":"2022-06-20"},{"SEQID":"EPI_ISL_14119662","GNODEID":"G-2.1.5","TAGID":"BA-5-2-1-0072","cat_id":"staff","type":"CD","date":44730,"category":"staff","association":"CS","highlight":{},"emphasize":"Y","dint":1655510400000,"age":"","index":71,"edges":[],"neighbors":[],"degree":0,"dstr":"2022-06-18"},{"SEQID":"EPI_ISL_14119767","GNODEID":"G-7.1","TAGID":"BA-5-2-1-0073","cat_id":"client","type":"CD","date":44732,"category":"client","association":"KY","highlight":{},"emphasize":"N","dint":1655683200000,"age":"","index":72,"edges":[],"neighbors":[],"degree":0,"dstr":"2022-06-20"},{"TAGID":"BA-5-2-1-0074","SEQID":"EPI_ISL_14119818","cat_id":"client","type":"CD","date":44730,"category":"client","association":"OK","highlight":{},"emphasize":"Y","dint":1655510400000,"age":"","index":73,"edges":[],"neighbors":[],"degree":0,"GNODEID":0,"dstr":"2022-06-18"},{"TAGID":"BA-5-2-1-0075","SEQID":"EPI_ISL_14119817","cat_id":"client","type":"CD","date":44730,"category":"client","association":"OK","highlight":{},"emphasize":"N","dint":1655510400000,"age":"","index":74,"edges":[],"neighbors":[],"degree":0,"GNODEID":0,"dstr":"2022-06-18"},{"TAGID":"BA-5-2-1-0076","SEQID":"EPI_ISL_14119821","cat_id":"staff","type":"CD","date":44730,"category":"staff","association":"OK","highlight":{},"emphasize":"Y","dint":1655510400000,"age":"","index":75,"edges":[],"neighbors":[],"degree":0,"GNODEID":0,"dstr":"2022-06-18"},{"TAGID":"BA-5-2-1-0077","SEQID":"EPI_ISL_14119819","cat_id":"client","type":"CD","date":44730,"category":"client","association":"OK","highlight":{},"emphasize":"N","dint":1655510400000,"age":"","index":76,"edges":[],"neighbors":[],"degree":0,"GNODEID":0,"dstr":"2022-06-18"},{"SEQID":"EPI_ISL_14119820","GNODEID":"G-7.9.4","TAGID":"BA-5-2-1-0078","cat_id":"staff","type":"CD","date":44730,"category":"staff","association":"OK","highlight":{},"emphasize":"N","dint":1655510400000,"age":"","index":77,"edges":[],"neighbors":[],"degree":0,"dstr":"2022-06-18"},{"TAGID":"BA-5-2-1-0079","SEQID":"EPI_ISL_14119993","cat_id":"staff","type":"CD","date":44725,"category":"staff","association":"KY","highlight":{},"emphasize":"Y","dint":1655078400000,"age":"","index":78,"edges":[],"neighbors":[],"degree":0,"GNODEID":0,"dstr":"2022-06-13"},{"TAGID":"BA-5-2-1-0080","SEQID":"EPI_ISL_14120470","cat_id":"client","type":"CD","date":44723,"category":"client","highlight":{},"emphasize":"Y","dint":1654905600000,"age":"","index":79,"edges":[],"neighbors":[],"degree":0,"GNODEID":0,"association":0,"dstr":"2022-06-11"},{"TAGID":"BA-5-2-1-0081","SEQID":"EPI_ISL_14120387","cat_id":"staff","type":"CD","date":44722,"category":"staff","association":"KN","highlight":{},"emphasize":"Y","dint":1654819200000,"age":"","index":80,"edges":[],"neighbors":[],"degree":0,"GNODEID":0,"dstr":"2022-06-10"},{"SEQID":"EPI_ISL_14120687","GNODEID":"G-7.8.2","TAGID":"BA-5-2-1-0082","cat_id":"staff","type":"CD","date":44728,"category":"staff","association":"KS","highlight":{},"emphasize":"Y","dint":1655337600000,"age":"","index":81,"edges":[],"neighbors":[],"degree":0,"dstr":"2022-06-16"},{"TAGID":"BA-5-2-1-0083","SEQID":"EPI_ISL_14120751","cat_id":"staff","type":"CD","date":44724,"category":"staff","association":"KY","highlight":{},"emphasize":"N","dint":1654992000000,"age":"","index":82,"edges":[],"neighbors":[],"degree":0,"GNODEID":0,"dstr":"2022-06-12"},{"SEQID":"EPI_ISL_14120774","GNODEID":"G-8.1","TAGID":"BA-5-2-1-0084","cat_id":"staff","type":"CD","date":44726,"category":"staff","association":"KY","highlight":{},"emphasize":"N","dint":1655164800000,"age":"","index":83,"edges":[],"neighbors":[],"degree":0,"dstr":"2022-06-14"},{"TAGID":"BA-5-2-1-0085","SEQID":"EPI_ISL_14120886","cat_id":"staff","type":"CD","date":44732,"category":"staff","association":"CS","highlight":{},"emphasize":"Y","dint":1655683200000,"age":"","index":84,"edges":[],"neighbors":[],"degree":0,"GNODEID":0,"dstr":"2022-06-20"},{"TAGID":"BA-5-2-1-0086","SEQID":"EPI_ISL_14120897","cat_id":"client","type":"CD","date":44732,"category":"client","association":"CS","highlight":{},"emphasize":"Y","dint":1655683200000,"age":"","index":85,"edges":[],"neighbors":[],"degree":0,"GNODEID":0,"dstr":"2022-06-20"},{"TAGID":"BA-5-2-1-0087","SEQID":"EPI_ISL_14120896","cat_id":"client","type":"CD","date":44731,"category":"client","association":"CS","highlight":{},"emphasize":"Y","dint":1655596800000,"age":"","index":86,"edges":[],"neighbors":[],"degree":0,"GNODEID":0,"dstr":"2022-06-19"},{"TAGID":"BA-5-2-1-0088","SEQID":"EPI_ISL_14120895","cat_id":"staff","type":"CD","date":44731,"category":"staff","association":"CS","highlight":{},"emphasize":"N","dint":1655596800000,"age":"","index":87,"edges":[],"neighbors":[],"degree":0,"GNODEID":0,"dstr":"2022-06-19"},{"TAGID":"BA-5-2-1-0089","SEQID":"EPI_ISL_14120884","cat_id":"client","type":"CD","date":44732,"category":"client","association":"CS","highlight":{},"emphasize":"N","dint":1655683200000,"age":"","index":88,"edges":[],"neighbors":[],"degree":0,"GNODEID":0,"dstr":"2022-06-20"},{"SEQID":"EPI_ISL_14120891","GNODEID":"G-7.8.1","TAGID":"BA-5-2-1-0090","cat_id":"staff","type":"CD","date":44729,"category":"staff","association":"CS","highlight":{},"emphasize":"N","dint":1655424000000,"age":"","index":89,"edges":[],"neighbors":[],"degree":0,"dstr":"2022-06-17"},{"TAGID":"BA-5-2-1-0091","SEQID":"EPI_ISL_14120893","cat_id":"client","type":"CD","date":44731,"category":"client","association":"CS","highlight":{},"emphasize":"N","dint":1655596800000,"age":"","index":90,"edges":[],"neighbors":[],"degree":0,"GNODEID":0,"dstr":"2022-06-19"},{"SEQID":"EPI_ISL_14120883","GNODEID":"G-2.1.5.1","TAGID":"BA-5-2-1-0092","cat_id":"staff","type":"CD","date":44732,"category":"staff","association":"CS","highlight":{},"emphasize":"Y","dint":1655683200000,"age":"","index":91,"edges":[],"neighbors":[],"degree":0,"dstr":"2022-06-20"},{"TAGID":"BA-5-2-1-0093","SEQID":"EPI_ISL_14120885","cat_id":"client","type":"CD","date":44732,"category":"client","association":"CS","highlight":{},"emphasize":"N","dint":1655683200000,"age":"","index":92,"edges":[],"neighbors":[],"degree":0,"GNODEID":0,"dstr":"2022-06-20"},{"TAGID":"BA-5-2-1-0094","SEQID":"EPI_ISL_14120892","cat_id":"staff","type":"CD","date":44731,"category":"staff","association":"CS","highlight":{},"emphasize":"N","dint":1655596800000,"age":"","index":93,"edges":[],"neighbors":[],"degree":0,"GNODEID":0,"dstr":"2022-06-19"},{"TAGID":"BA-5-2-1-0095","SEQID":"EPI_ISL_14121218","cat_id":"client","type":"CD","date":44729,"category":"client","association":"KS","highlight":{},"emphasize":"Y","dint":1655424000000,"age":"","index":94,"edges":[],"neighbors":[],"degree":0,"GNODEID":0,"dstr":"2022-06-17"},{"TAGID":"BA-5-2-1-0096","SEQID":"EPI_ISL_14121285","cat_id":"client","type":"CD","date":44727,"category":"client","highlight":{},"emphasize":"Y","dint":1655251200000,"age":"","index":95,"edges":[],"neighbors":[],"degree":0,"GNODEID":0,"association":0,"dstr":"2022-06-15"},{"TAGID":"BA-5-2-1-0097","SEQID":"EPI_ISL_14121287","cat_id":"client","type":"CD","date":44728,"category":"client","highlight":{},"emphasize":"N","dint":1655337600000,"age":"","index":96,"edges":[],"neighbors":[],"degree":0,"GNODEID":0,"association":0,"dstr":"2022-06-16"},{"SEQID":"EPI_ISL_14121283","GNODEID":"G-8","TAGID":"BA-5-2-1-0098","cat_id":"client","type":"CD","date":44725,"category":"client","highlight":{},"emphasize":"Y","dint":1655078400000,"age":"","index":97,"edges":[],"neighbors":[],"degree":0,"association":0,"dstr":"2022-06-13"},{"TAGID":"BA-5-2-1-0099","SEQID":"EPI_ISL_14121338","cat_id":"client","type":"CD","date":44722,"category":"client","association":"KY","highlight":{},"emphasize":"Y","dint":1654819200000,"age":"","index":98,"edges":[],"neighbors":[],"degree":0,"GNODEID":0,"dstr":"2022-06-10"},{"TAGID":"BA-5-2-1-0100","SEQID":"EPI_ISL_14121364","cat_id":"staff","type":"CD","date":44726,"category":"staff","association":"KY","highlight":{},"emphasize":"N","dint":1655164800000,"age":"","index":99,"edges":[],"neighbors":[],"degree":0,"GNODEID":0,"dstr":"2022-06-14"},{"TAGID":"BA-5-2-1-0101","SEQID":"EPI_ISL_14121363","cat_id":"client","type":"CD","date":44726,"category":"client","association":"KY","highlight":{},"emphasize":"N","dint":1655164800000,"age":"","index":100,"edges":[],"neighbors":[],"degree":0,"GNODEID":0,"dstr":"2022-06-14"},{"TAGID":"BA-5-2-1-0102","SEQID":"EPI_ISL_14121362","cat_id":"client","type":"CD","date":44725,"category":"client","association":"KY","highlight":{},"emphasize":"Y","dint":1655078400000,"age":"","index":101,"edges":[],"neighbors":[],"degree":0,"GNODEID":0,"dstr":"2022-06-13"},{"SEQID":"EPI_ISL_14121358","GNODEID":"G-7.4","TAGID":"BA-5-2-1-0103","cat_id":"client","type":"CD","date":44728,"category":"client","association":"KY","highlight":{},"emphasize":"N","dint":1655337600000,"age":"","index":102,"edges":[],"neighbors":[],"degree":0,"dstr":"2022-06-16"},{"SEQID":"EPI_ISL_14121563","GNODEID":"G-2.1","TAGID":"BA-5-2-1-0104","cat_id":"client","type":"CD","date":44732,"category":"client","association":"KY","highlight":{},"emphasize":"N","dint":1655683200000,"age":"","index":103,"edges":[],"neighbors":[],"degree":0,"dstr":"2022-06-20"},{"TAGID":"BA-5-2-1-0105","SEQID":"EPI_ISL_14121835","cat_id":"client","type":"CD","date":44732,"category":"client","association":"KS","highlight":{},"emphasize":"N","dint":1655683200000,"age":"","index":104,"edges":[],"neighbors":[],"degree":0,"GNODEID":0,"dstr":"2022-06-20"},{"SEQID":"EPI_ISL_14121881","GNODEID":"G-7.10","TAGID":"BA-5-2-1-0106","cat_id":"client","type":"CD","date":44732,"category":"client","association":"TH","highlight":{},"emphasize":"Y","dint":1655683200000,"age":"","index":105,"edges":[],"neighbors":[],"degree":0,"dstr":"2022-06-20"},{"SEQID":"EPI_ISL_14122073","GNODEID":"G-3","TAGID":"BA-5-2-1-0107","cat_id":"staff","type":"CD","date":44730,"category":"staff","association":"KS","highlight":{},"emphasize":"N","dint":1655510400000,"age":"","index":106,"edges":[],"neighbors":[],"degree":0,"dstr":"2022-06-18"},{"TAGID":"BA-5-2-1-0108","SEQID":"EPI_ISL_14123297","cat_id":"client","type":"CD","date":44727,"category":"client","association":"OK","highlight":{},"emphasize":"N","dint":1655251200000,"age":"","index":107,"edges":[],"neighbors":[],"degree":0,"GNODEID":0,"dstr":"2022-06-15"},{"TAGID":"BA-5-2-1-0109","SEQID":"EPI_ISL_14123295","cat_id":"staff","type":"CD","date":44726,"category":"staff","association":"OK","highlight":{},"emphasize":"N","dint":1655164800000,"age":"","index":108,"edges":[],"neighbors":[],"degree":0,"GNODEID":0,"dstr":"2022-06-14"},{"TAGID":"BA-5-2-1-0110","SEQID":"EPI_ISL_14123766","cat_id":"client","type":"CD","date":44728,"category":"client","association":"TH","highlight":{},"emphasize":"Y","dint":1655337600000,"age":"","index":109,"edges":[],"neighbors":[],"degree":0,"GNODEID":0,"dstr":"2022-06-16"},{"SEQID":"EPI_ISL_14125149","GNODEID":"G-7.7.2","TAGID":"BA-5-2-1-0111","cat_id":"client","type":"CD","date":44732,"category":"client","association":"CS","highlight":{},"emphasize":"Y","dint":1655683200000,"age":"","index":110,"edges":[],"neighbors":[],"degree":0,"dstr":"2022-06-20"},{"SEQID":"EPI_ISL_14125322","GNODEID":"G-7.9.2","TAGID":"BA-5-2-1-0112","cat_id":"staff","type":"CD","date":44727,"category":"staff","association":"KS","highlight":{},"emphasize":"Y","dint":1655251200000,"age":"","index":111,"edges":[],"neighbors":[],"degree":0,"dstr":"2022-06-15"},{"SEQID":"EPI_ISL_14125373","GNODEID":"G-7.9.1","TAGID":"BA-5-2-1-0113","cat_id":"client","type":"CD","date":44728,"category":"client","association":"OK","highlight":{},"emphasize":"Y","dint":1655337600000,"age":"","index":112,"edges":[],"neighbors":[],"degree":0,"dstr":"2022-06-16"},{"TAGID":"BA-5-2-1-0114","SEQID":"EPI_ISL_14125427","cat_id":"client","type":"CD","date":44729,"category":"client","association":"OK","highlight":{},"emphasize":"Y","dint":1655424000000,"age":"","index":113,"edges":[],"neighbors":[],"degree":0,"GNODEID":0,"dstr":"2022-06-17"},{"TAGID":"BA-5-2-1-0115","SEQID":"EPI_ISL_14125429","cat_id":"staff","type":"CD","date":44729,"category":"staff","association":"OK","highlight":{},"emphasize":"N","dint":1655424000000,"age":"","index":114,"edges":[],"neighbors":[],"degree":0,"GNODEID":0,"dstr":"2022-06-17"},{"TAGID":"BA-5-2-1-0116","SEQID":"EPI_ISL_14125468","cat_id":"staff","type":"CD","date":44730,"category":"staff","association":"KS","highlight":{},"emphasize":"Y","dint":1655510400000,"age":"","index":115,"edges":[],"neighbors":[],"degree":0,"GNODEID":0,"dstr":"2022-06-18"},{"TAGID":"BA-5-2-1-0117","SEQID":"EPI_ISL_14125471","cat_id":"client","type":"CD","date":44730,"category":"client","association":"KS","highlight":{},"emphasize":"Y","dint":1655510400000,"age":"","index":116,"edges":[],"neighbors":[],"degree":0,"GNODEID":0,"dstr":"2022-06-18"},{"TAGID":"BA-5-2-1-0118","SEQID":"EPI_ISL_14125520","cat_id":"staff","type":"CD","date":44731,"category":"staff","association":"KS","highlight":{},"emphasize":"N","dint":1655596800000,"age":"","index":117,"edges":[],"neighbors":[],"degree":0,"GNODEID":0,"dstr":"2022-06-19"},{"SEQID":"EPI_ISL_14125541","GNODEID":"G-7.10","TAGID":"BA-5-2-1-0119","cat_id":"staff","type":"CD","date":44731,"category":"staff","association":"KS","highlight":{},"emphasize":"Y","dint":1655596800000,"age":"","index":118,"edges":[],"neighbors":[],"degree":0,"dstr":"2022-06-19"},{"TAGID":"BA-5-2-1-0120","SEQID":"EPI_ISL_14125552","cat_id":"staff","type":"CD","date":44732,"category":"staff","association":"KN","highlight":{},"emphasize":"N","dint":1655683200000,"age":"","index":119,"edges":[],"neighbors":[],"degree":0,"GNODEID":0,"dstr":"2022-06-20"},{"SEQID":"EPI_ISL_14125551","GNODEID":"G-7.11","TAGID":"BA-5-2-1-0121","cat_id":"client","type":"CD","date":44732,"category":"client","association":"KN","highlight":{},"emphasize":"N","dint":1655683200000,"age":"","index":120,"edges":[],"neighbors":[],"degree":0,"dstr":"2022-06-20"},{"SEQID":"EPI_ISL_14125674","GNODEID":"G-7.7.3","TAGID":"BA-5-2-1-0122","cat_id":"staff","type":"CD","date":44732,"category":"staff","association":"OK","highlight":{},"emphasize":"N","dint":1655683200000,"age":"","index":121,"edges":[],"neighbors":[],"degree":0,"dstr":"2022-06-20"},{"TAGID":"BA-5-2-1-0123","SEQID":"EPI_ISL_14126092","cat_id":"staff","type":"CD","date":44727,"category":"staff","association":"KY","highlight":{},"emphasize":"N","dint":1655251200000,"age":"","index":122,"edges":[],"neighbors":[],"degree":0,"GNODEID":0,"dstr":"2022-06-15"},{"SEQID":"EPI_ISL_14126104","GNODEID":"G-7.3","TAGID":"BA-5-2-1-0124","cat_id":"client","type":"CD","date":44732,"category":"client","association":"KY","highlight":{},"emphasize":"Y","dint":1655683200000,"age":"","index":123,"edges":[],"neighbors":[],"degree":0,"dstr":"2022-06-20"},{"TAGID":"BA-5-2-1-0125","SEQID":"EPI_ISL_14126849","cat_id":"client","type":"CD","date":44729,"category":"client","association":"KY","highlight":{},"emphasize":"Y","dint":1655424000000,"age":"","index":124,"edges":[],"neighbors":[],"degree":0,"GNODEID":0,"dstr":"2022-06-17"},{"TAGID":"BA-5-2-1-0126","SEQID":"EPI_ISL_14126851","cat_id":"staff","type":"CD","date":44729,"category":"staff","association":"KY","highlight":{},"emphasize":"N","dint":1655424000000,"age":"","index":125,"edges":[],"neighbors":[],"degree":0,"GNODEID":0,"dstr":"2022-06-17"},{"TAGID":"BA-5-2-1-0127","SEQID":"EPI_ISL_14126872","cat_id":"staff","type":"CD","date":44731,"category":"staff","association":"KY","highlight":{},"emphasize":"Y","dint":1655596800000,"age":"","index":126,"edges":[],"neighbors":[],"degree":0,"GNODEID":0,"dstr":"2022-06-19"},{"TAGID":"BA-5-2-1-0128","SEQID":"EPI_ISL_14126859","cat_id":"staff","type":"CD","date":44730,"category":"staff","association":"KY","highlight":{},"emphasize":"Y","dint":1655510400000,"age":"","index":127,"edges":[],"neighbors":[],"degree":0,"GNODEID":0,"dstr":"2022-06-18"},{"SEQID":"EPI_ISL_14126848","GNODEID":"G-8.1.1","TAGID":"BA-5-2-1-0129","cat_id":"staff","type":"CD","date":44729,"category":"staff","association":"KY","highlight":{},"emphasize":"N","dint":1655424000000,"age":"","index":128,"edges":[],"neighbors":[],"degree":0,"dstr":"2022-06-17"},{"TAGID":"BA-5-2-1-0130","SEQID":"EPI_ISL_14129146","cat_id":"staff","type":"CD","date":44732,"category":"staff","association":"KN","highlight":{},"emphasize":"Y","dint":1655683200000,"age":"","index":129,"edges":[],"neighbors":[],"degree":0,"GNODEID":0,"dstr":"2022-06-20"},{"SEQID":"EPI_ISL_14129170","GNODEID":"G-7.7.2.1","TAGID":"BA-5-2-1-0131","cat_id":"staff","type":"CD","date":44732,"category":"staff","association":"KN","highlight":{},"emphasize":"N","dint":1655683200000,"age":"","index":130,"edges":[],"neighbors":[],"degree":0,"dstr":"2022-06-20"},{"SEQID":"EPI_ISL_14129164","GNODEID":"G-7.9.3","TAGID":"BA-5-2-1-0132","cat_id":"client","type":"CD","date":44732,"category":"client","association":"OK","highlight":{},"emphasize":"Y","dint":1655683200000,"age":"","index":131,"edges":[],"neighbors":[],"degree":0,"dstr":"2022-06-20"},{"SEQID":"EPI_ISL_14130653","GNODEID":"G-7.5","TAGID":"BA-5-2-1-0133","cat_id":"client","type":"CD","date":44732,"category":"client","association":"KS","highlight":{},"emphasize":"N","dint":1655683200000,"age":"","index":132,"edges":[],"neighbors":[],"degree":0,"dstr":"2022-06-20"},{"TAGID":"BA-5-2-1-0134","SEQID":"EPI_ISL_14138383","cat_id":"staff","type":"CD","date":44720,"category":"staff","association":"KY","highlight":{},"emphasize":"Y","dint":1654646400000,"age":"","index":133,"edges":[],"neighbors":[],"degree":0,"GNODEID":0,"dstr":"2022-06-08"},{"TAGID":"BA-5-2-1-0135","SEQID":"EPI_ISL_14343212","cat_id":"client","type":"CD","date":44732,"category":"client","association":"KN","highlight":{},"emphasize":"N","dint":1655683200000,"age":"","index":134,"edges":[],"neighbors":[],"degree":0,"GNODEID":0,"dstr":"2022-06-20"},{"TAGID":"BA-5-2-1-0136","SEQID":"EPI_ISL_14401137","cat_id":"client","type":"CD","date":44728,"category":"client","association":"OK","highlight":{},"emphasize":"N","dint":1655337600000,"age":"","index":135,"edges":[],"neighbors":[],"degree":0,"GNODEID":0,"dstr":"2022-06-16"},{"TAGID":"BA-5-2-1-0137","SEQID":"EPI_ISL_14401139","cat_id":"client","type":"CD","date":44728,"category":"client","association":"OK","highlight":{},"emphasize":"Y","dint":1655337600000,"age":"","index":136,"edges":[],"neighbors":[],"degree":0,"GNODEID":0,"dstr":"2022-06-16"},{"TAGID":"BA-5-2-1-0138","SEQID":"EPI_ISL_14401136","cat_id":"staff","type":"CD","date":44723,"category":"staff","association":"OK","highlight":{},"emphasize":"N","dint":1654905600000,"age":"","index":137,"edges":[],"neighbors":[],"degree":0,"GNODEID":0,"dstr":"2022-06-11"},{"TAGID":"BA-5-2-1-0139","SEQID":"EPI_ISL_14401124","cat_id":"staff","type":"CD","date":44724,"category":"staff","association":"OK","highlight":{},"emphasize":"N","dint":1654992000000,"age":"","index":138,"edges":[],"neighbors":[],"degree":0,"GNODEID":0,"dstr":"2022-06-12"},{"TAGID":"BA-5-2-1-0140","SEQID":"EPI_ISL_14401132","cat_id":"client","type":"CD","date":44724,"category":"client","association":"OK","highlight":{},"emphasize":"N","dint":1654992000000,"age":"","index":139,"edges":[],"neighbors":[],"degree":0,"GNODEID":0,"dstr":"2022-06-12"},{"TAGID":"BA-5-2-1-0141","SEQID":"EPI_ISL_14401131","cat_id":"staff","type":"CD","date":44724,"category":"staff","association":"OK","highlight":{},"emphasize":"N","dint":1654992000000,"age":"","index":140,"edges":[],"neighbors":[],"degree":0,"GNODEID":0,"dstr":"2022-06-12"},{"SEQID":"EPI_ISL_14401121","GNODEID":"G-7.9","TAGID":"BA-5-2-1-0142","cat_id":"client","type":"CD","date":44724,"category":"client","association":"OK","highlight":{},"emphasize":"N","dint":1654992000000,"age":"","index":141,"edges":[],"neighbors":[],"degree":0,"dstr":"2022-06-12"},{"TAGID":"BA-5-2-1-0143","SEQID":"EPI_ISL_14401123","cat_id":"staff","type":"CD","date":44724,"category":"staff","association":"OK","highlight":{},"emphasize":"N","dint":1654992000000,"age":"","index":142,"edges":[],"neighbors":[],"degree":0,"GNODEID":0,"dstr":"2022-06-12"}],"edges":[{"LINKID":"L-1","TAG_from":"EPI_ISL_13949972","TAG_to":"EPI_ISL_14017909","label":"家族","src":-1,"dst":-1}],"epi":[{"SEQID":"REF","GNODEID":"G-1"},{"SEQID":"EPI_ISL_13765593","GNODEID":"G-2"},{"SEQID":"EPI_ISL_13513854","GNODEID":"G-2.1"},{"SEQID":"EPI_ISL_14121563","GNODEID":"G-2.1"},{"SEQID":"EPI_ISL_14540433","GNODEID":"G-2.1.1"},{"SEQID":"EPI_ISL_13762852","GNODEID":"G-2.1.2"},{"SEQID":"EPI_ISL_14017773","GNODEID":"G-2.1.3"},{"SEQID":"EPI_ISL_14017899","GNODEID":"G-2.1.4"},{"SEQID":"EPI_ISL_14119662","GNODEID":"G-2.1.5"},{"SEQID":"EPI_ISL_14120883","GNODEID":"G-2.1.5.1"},{"SEQID":"EPI_ISL_14122073","GNODEID":"G-3"},{"SEQID":"EPI_ISL_13949988","GNODEID":"G-4"},{"SEQID":"EPI_ISL_14017960","GNODEID":"G-5"},{"SEQID":"EPI_ISL_14117474","GNODEID":"G-6"},{"SEQID":"EPI_ISL_14118433","GNODEID":"G-7"},{"SEQID":"EPI_ISL_14119767","GNODEID":"G-7.1"},{"SEQID":"EPI_ISL_13565957","GNODEID":"G-7.2"},{"SEQID":"EPI_ISL_14126104","GNODEID":"G-7.3"},{"SEQID":"EPI_ISL_14121358","GNODEID":"G-7.4"},{"SEQID":"EPI_ISL_14130653","GNODEID":"G-7.5"},{"SEQID":"EPI_ISL_13565879","GNODEID":"G-7.6"},{"SEQID":"EPI_ISL_13513867","GNODEID":"G-7.7"},{"SEQID":"EPI_ISL_14117806","GNODEID":"G-7.7"},{"SEQID":"EPI_ISL_14017909","GNODEID":"G-7.7.1"},{"SEQID":"EPI_ISL_14125149","GNODEID":"G-7.7.2"},{"SEQID":"EPI_ISL_14129170","GNODEID":"G-7.7.2.1"},{"SEQID":"EPI_ISL_14125674","GNODEID":"G-7.7.3"},{"SEQID":"EPI_ISL_14120891","GNODEID":"G-7.8.1"},{"SEQID":"EPI_ISL_13765572","GNODEID":"G-7.8.2"},{"SEQID":"EPI_ISL_14120687","GNODEID":"G-7.8.2"},{"SEQID":"EPI_ISL_14115323","GNODEID":"G-7.8.3"},{"SEQID":"EPI_ISL_14115328","GNODEID":"G-7.9"},{"SEQID":"EPI_ISL_14401121","GNODEID":"G-7.9"},{"SEQID":"EPI_ISL_14125373","GNODEID":"G-7.9.1"},{"SEQID":"EPI_ISL_14125322","GNODEID":"G-7.9.2"},{"SEQID":"EPI_ISL_14129164","GNODEID":"G-7.9.3"},{"SEQID":"EPI_ISL_14119820","GNODEID":"G-7.9.4"},{"SEQID":"EPI_ISL_14121881","GNODEID":"G-7.10"},{"SEQID":"EPI_ISL_14125541","GNODEID":"G-7.10"},{"SEQID":"EPI_ISL_14125551","GNODEID":"G-7.11"},{"SEQID":"EPI_ISL_13765696","GNODEID":"G-7.12"},{"SEQID":"EPI_ISL_14115344","GNODEID":"G-7.13"},{"SEQID":"EPI_ISL_14121283","GNODEID":"G-8"},{"SEQID":"EPI_ISL_14120774","GNODEID":"G-8.1"},{"SEQID":"EPI_ISL_14126848","GNODEID":"G-8.1.1"}],"tree":[{"label":"G-0","length":0,"edges":["G-1","G-2","G-3","G-4","G-5","G-6","G-7","G-8"],"subs":0},{"label":"G-1","length":0.0173614826,"edges":[],"subs":58},{"label":"G-2","length":0.00032342650000000004,"edges":["G-2.1"],"subs":1},{"label":"G-2.1","length":0.0006441963,"edges":["G-2.1.1","G-2.1.2","G-2.1.3","G-2.1.4","G-2.1.5"],"subs":2},{"label":"G-2.1.1","length":0.0006449186,"edges":[],"subs":2},{"label":"G-2.1.2","length":0.00032585960000000005,"edges":[],"subs":1},{"label":"G-2.1.3","length":0.00032581270000000005,"edges":[],"subs":1},{"label":"G-2.1.4","length":0.0003258566,"edges":[],"subs":1},{"label":"G-2.1.5","length":0.0003257932,"edges":["G-2.1.5.1"],"subs":1},{"label":"G-2.1.5.1","length":0.0003221749,"edges":[],"subs":1},{"label":"G-3","length":0.0006471042999999999,"edges":[],"subs":2},{"label":"G-4","length":0.0016157253999999998,"edges":[],"subs":5},{"label":"G-5","length":0.0006469543,"edges":[],"subs":2},{"label":"G-6","length":0.0009697204,"edges":[],"subs":3},{"label":"G-7","length":0.0003250214,"edges":["G-7.1","G-7.2","G-7.3","G-7.4","G-7.5","G-7.6","G-7.7","G-7.8","G-7.9","G-7.10","G-7.11","G-7.12","G-7.13"],"subs":1},{"label":"G-7.1","length":0.0006467191,"edges":[],"subs":2},{"label":"G-7.2","length":0.0006476292999999999,"edges":[],"subs":2},{"label":"G-7.3","length":0.00032601140000000005,"edges":[],"subs":1},{"label":"G-7.4","length":0.00032696510000000006,"edges":[],"subs":1},{"label":"G-7.5","length":0.0006512071999999997,"edges":[],"subs":2},{"label":"G-7.6","length":0.0012993034999999997,"edges":[],"subs":4},{"label":"G-7.7","length":0.0003315732000000001,"edges":["G-7.7.1","G-7.7.2","G-7.7.3"],"subs":1},{"label":"G-7.7.1","length":0.0006468350999999999,"edges":[],"subs":2},{"label":"G-7.7.2","length":0.0009702698999999999,"edges":["G-7.7.2.1"],"subs":3},{"label":"G-7.7.2.1","length":0.0003234677,"edges":[],"subs":1},{"label":"G-7.7.3","length":0.0003252759,"edges":[],"subs":1},{"label":"G-7.8","length":0.0003325338000000001,"edges":["G-7.8.1","G-7.8.2","G-7.8.3"],"subs":1},{"label":"G-7.8.1","length":0.0006461406,"edges":[],"subs":2},{"label":"G-7.8.2","length":0.0006468098999999999,"edges":[],"subs":2},{"label":"G-7.8.3","length":0.000646797,"edges":[],"subs":2},{"label":"G-7.9","length":0.0019485076999999995,"edges":["G-7.9.1","G-7.9.2","G-7.9.3","G-7.9.4"],"subs":6},{"label":"G-7.9.1","length":0.0006466048999999999,"edges":[],"subs":2},{"label":"G-7.9.2","length":0.0003244467,"edges":[],"subs":1},{"label":"G-7.9.3","length":0.0006477249999999999,"edges":[],"subs":2},{"label":"G-7.9.4","length":0.00032616560000000005,"edges":[],"subs":1},{"label":"G-7.10","length":0.0009772488999999999,"edges":[],"subs":3},{"label":"G-7.11","length":0.0003314910000000001,"edges":[],"subs":1},{"label":"G-7.12","length":0.0006467869,"edges":[],"subs":2},{"label":"G-7.13","length":0.00032416190000000004,"edges":[],"subs":1},{"label":"G-8","length":0.0003249513,"edges":["G-8.1"],"subs":1},{"label":"G-8.1","length":0.0003231504,"edges":["G-8.1.1"],"subs":1},{"label":"G-8.1.1","length":0.0003231899,"edges":[],"subs":1}],"dist":{"period":7.554575096155775,"phase":6.554575096155775,"interval":0.00003969224403131115}}