{"nodes":[{"SEQID":"EPI_ISL_12985754","GNODEID":"G-2.6.5","TAGID":"BC-1-0001","cat_id":"client","type":"CD","date":44567,"category":"client","association":"KN","highlight":{},"emphasize":"N","dint":1641427200000,"age":"","index":0,"edges":[],"neighbors":[],"degree":0,"dstr":"2022-01-06"},{"TAGID":"BC-1-0002","SEQID":"EPI_ISL_12989287","cat_id":"staff","type":"CD","date":44583,"category":"staff","association":"KY","highlight":{},"emphasize":"Y","dint":1642809600000,"age":"","index":1,"edges":[],"neighbors":[],"degree":0,"GNODEID":0,"dstr":"2022-01-22"},{"SEQID":"EPI_ISL_12985987","GNODEID":"G-2.21","TAGID":"BC-1-0003","cat_id":"staff","type":"CD","date":44571,"category":"staff","association":"KN","highlight":{},"emphasize":"Y","dint":1641772800000,"age":"","index":2,"edges":[],"neighbors":[],"degree":0,"dstr":"2022-01-10"},{"TAGID":"BC-1-0004","SEQID":"EPI_ISL_12985988","cat_id":"client","type":"CD","date":44571,"category":"client","association":"KN","highlight":{},"emphasize":"N","dint":1641772800000,"age":"","index":3,"edges":[],"neighbors":[],"degree":0,"GNODEID":0,"dstr":"2022-01-10"},{"TAGID":"BC-1-0005","SEQID":"EPI_ISL_11712788","cat_id":"staff","type":"CD","date":44588,"category":"staff","highlight":{},"emphasize":"N","dint":1643241600000,"age":"","index":4,"edges":[],"neighbors":[],"degree":0,"GNODEID":0,"association":0,"dstr":"2022-01-27"},{"TAGID":"BC-1-0006","SEQID":"EPI_ISL_12985763","cat_id":"client","type":"CD","date":44568,"category":"client","association":"KN","highlight":{},"emphasize":"Y","dint":1641513600000,"age":"","index":5,"edges":[],"neighbors":[],"degree":0,"GNODEID":0,"dstr":"2022-01-07"},{"SEQID":"EPI_ISL_11720890","GNODEID":"G-2.5","TAGID":"BC-1-0007","cat_id":"client","type":"CD","date":44583,"category":"client","association":"KY","highlight":{},"emphasize":"N","dint":1642809600000,"age":"","index":6,"edges":[],"neighbors":[],"degree":0,"dstr":"2022-01-22"},{"TAGID":"BC-1-0008","SEQID":"EPI_ISL_12988691","cat_id":"staff","type":"CD","date":44579,"category":"staff","association":"KY","highlight":{},"emphasize":"N","dint":1642464000000,"age":"","index":7,"edges":[],"neighbors":[],"degree":0,"GNODEID":0,"dstr":"2022-01-18"},{"TAGID":"BC-1-0009","SEQID":"EPI_ISL_11706691","cat_id":"client","type":"CD","date":44580,"category":"client","association":"KS","highlight":{},"emphasize":"N","dint":1642550400000,"age":"","index":8,"edges":[],"neighbors":[],"degree":0,"GNODEID":0,"dstr":"2022-01-19"},{"SEQID":"EPI_ISL_12988916","GNODEID":"G-2.28","TAGID":"BC-1-0010","cat_id":"client","type":"CD","date":44584,"category":"client","association":"KY","highlight":{},"emphasize":"N","dint":1642896000000,"age":"","index":9,"edges":[],"neighbors":[],"degree":0,"dstr":"2022-01-23"},{"TAGID":"BC-1-0011","SEQID":"EPI_ISL_11712792","cat_id":"staff","type":"CD","date":44588,"category":"staff","highlight":{},"emphasize":"Y","dint":1643241600000,"age":"","index":10,"edges":[],"neighbors":[],"degree":0,"GNODEID":0,"association":0,"dstr":"2022-01-27"},{"TAGID":"BC-1-0012","SEQID":"EPI_ISL_11705793","cat_id":"staff","type":"CD","date":44580,"category":"staff","association":"KS","highlight":{},"emphasize":"Y","dint":1642550400000,"age":"","index":11,"edges":[],"neighbors":[],"degree":0,"GNODEID":0,"dstr":"2022-01-19"},{"TAGID":"BC-1-0013","SEQID":"EPI_ISL_11712763","cat_id":"staff","type":"CD","date":44585,"category":"staff","highlight":{},"emphasize":"Y","dint":1642982400000,"age":"","index":12,"edges":[],"neighbors":[],"degree":0,"GNODEID":0,"association":0,"dstr":"2022-01-24"},{"SEQID":"EPI_ISL_11705494","GNODEID":"G-2.47.2","TAGID":"BC-1-0014","cat_id":"client","type":"CD","date":44580,"category":"client","association":"KS","highlight":{},"emphasize":"N","dint":1642550400000,"age":"","index":13,"edges":[],"neighbors":[],"degree":0,"dstr":"2022-01-19"},{"TAGID":"BC-1-0015","SEQID":"EPI_ISL_11717546","cat_id":"staff","type":"CD","date":44586,"category":"staff","association":"KS","highlight":{},"emphasize":"Y","dint":1643068800000,"age":"","index":14,"edges":[],"neighbors":[],"degree":0,"GNODEID":0,"dstr":"2022-01-25"},{"SEQID":"EPI_ISL_12985895","GNODEID":"G-2.47.6","TAGID":"BC-1-0016","cat_id":"staff","type":"CD","date":44568,"category":"staff","association":"KN","highlight":{},"emphasize":"Y","dint":1641513600000,"age":"","index":15,"edges":[],"neighbors":[],"degree":0,"dstr":"2022-01-07"},{"SEQID":"EPI_ISL_11710395","GNODEID":"G-2.47.2","TAGID":"BC-1-0017","cat_id":"staff","type":"CD","date":44579,"category":"staff","association":"KS","highlight":{},"emphasize":"N","dint":1642464000000,"age":"","index":16,"edges":[],"neighbors":[],"degree":0,"dstr":"2022-01-18"},{"SEQID":"EPI_ISL_12682164","GNODEID":"G-2.1","TAGID":"BC-1-0018","cat_id":"staff","type":"CD","date":44589,"category":"staff","association":"KN","highlight":{},"emphasize":"N","dint":1643328000000,"age":"","index":17,"edges":[],"neighbors":[],"degree":0,"dstr":"2022-01-28"},{"SEQID":"EPI_ISL_11725096","GNODEID":"G-2.29.1","TAGID":"BC-1-0019","cat_id":"client","type":"CD","date":44589,"category":"client","association":"KN","highlight":{},"emphasize":"Y","dint":1643328000000,"age":"","index":18,"edges":[],"neighbors":[],"degree":0,"dstr":"2022-01-28"},{"SEQID":"EPI_ISL_11718896","GNODEID":"G-2.6","TAGID":"BC-1-0020","cat_id":"client","type":"CD","date":44566,"category":"client","association":"KN","highlight":{},"emphasize":"N","dint":1641340800000,"age":"","index":19,"edges":[],"neighbors":[],"degree":0,"dstr":"2022-01-05"},{"TAGID":"BC-1-0021","SEQID":"EPI_ISL_12748599","cat_id":"client","type":"CD","date":44591,"category":"client","association":"KN","highlight":{},"emphasize":"N","dint":1643500800000,"age":"","index":20,"edges":[],"neighbors":[],"degree":0,"GNODEID":0,"dstr":"2022-01-30"},{"TAGID":"BC-1-0022","SEQID":"EPI_ISL_11718899","cat_id":"client","type":"CD","date":44567,"category":"client","association":"KN","highlight":{},"emphasize":"Y","dint":1641427200000,"age":"","index":21,"edges":[],"neighbors":[],"degree":0,"GNODEID":0,"dstr":"2022-01-06"},{"TAGID":"BC-1-0023","SEQID":"EPI_ISL_11712787","cat_id":"staff","type":"CD","date":44588,"category":"staff","highlight":{},"emphasize":"N","dint":1643241600000,"age":"","index":22,"edges":[],"neighbors":[],"degree":0,"GNODEID":0,"association":0,"dstr":"2022-01-27"},{"SEQID":"EPI_ISL_11707245","GNODEID":"G-2.18","TAGID":"BC-1-0024","cat_id":"client","type":"CD","date":44589,"category":"client","association":"KS","highlight":{},"emphasize":"Y","dint":1643328000000,"age":"","index":23,"edges":[],"neighbors":[],"degree":0,"dstr":"2022-01-28"},{"SEQID":"EPI_ISL_11717548","GNODEID":"G-2.40","TAGID":"BC-1-0025","cat_id":"staff","type":"CD","date":44586,"category":"staff","association":"KS","highlight":{},"emphasize":"N","dint":1643068800000,"age":"","index":24,"edges":[],"neighbors":[],"degree":0,"dstr":"2022-01-25"},{"TAGID":"BC-1-0026","SEQID":"EPI_ISL_12985253","cat_id":"staff","type":"CD","date":44575,"category":"staff","association":"KS","highlight":{},"emphasize":"Y","dint":1642118400000,"age":"","index":25,"edges":[],"neighbors":[],"degree":0,"GNODEID":0,"dstr":"2022-01-14"},{"TAGID":"BC-1-0027","SEQID":"EPI_ISL_12985878","cat_id":"staff","type":"CD","date":44567,"category":"staff","association":"KN","highlight":{},"emphasize":"Y","dint":1641427200000,"age":"","index":26,"edges":[],"neighbors":[],"degree":0,"GNODEID":0,"dstr":"2022-01-06"},{"TAGID":"BC-1-0028","SEQID":"EPI_ISL_12989365","cat_id":"staff","type":"CD","date":44581,"category":"staff","association":"KY","highlight":{},"emphasize":"Y","dint":1642636800000,"age":"","index":27,"edges":[],"neighbors":[],"degree":0,"GNODEID":0,"dstr":"2022-01-20"},{"SEQID":"EPI_ISL_11706957","GNODEID":"G-2.15","TAGID":"BC-1-0029","cat_id":"staff","type":"CD","date":44586,"category":"staff","association":"KS","highlight":{},"emphasize":"Y","dint":1643068800000,"age":"","index":28,"edges":[],"neighbors":[],"degree":0,"dstr":"2022-01-25"},{"TAGID":"BC-1-0030","SEQID":"EPI_ISL_13209054","cat_id":"staff","type":"CD","date":44580,"category":"staff","association":"TO","highlight":{},"emphasize":"N","dint":1642550400000,"age":"","index":29,"edges":[],"neighbors":[],"degree":0,"GNODEID":0,"dstr":"2022-01-19"},{"TAGID":"BC-1-0031","SEQID":"EPI_ISL_11706575","cat_id":"client","type":"CD","date":44580,"category":"client","association":"KS","highlight":{},"emphasize":"N","dint":1642550400000,"age":"","index":30,"edges":[],"neighbors":[],"degree":0,"GNODEID":0,"dstr":"2022-01-19"},{"SEQID":"EPI_ISL_11711012","GNODEID":"G-2.6.2","TAGID":"BC-1-0032","cat_id":"client","type":"CD","date":44567,"category":"client","association":"OK","highlight":{},"emphasize":"N","dint":1641427200000,"age":"","index":31,"edges":[],"neighbors":[],"degree":0,"dstr":"2022-01-06"},{"TAGID":"BC-1-0033","SEQID":"EPI_ISL_11712728","cat_id":"client","type":"CD","date":44582,"category":"client","highlight":{},"emphasize":"N","dint":1642723200000,"age":"","index":32,"edges":[],"neighbors":[],"degree":0,"GNODEID":0,"association":0,"dstr":"2022-01-21"},{"TAGID":"BC-1-0034","SEQID":"EPI_ISL_11712749","cat_id":"staff","type":"CD","date":44583,"category":"staff","highlight":{},"emphasize":"Y","dint":1642809600000,"age":"","index":33,"edges":[],"neighbors":[],"degree":0,"GNODEID":0,"association":0,"dstr":"2022-01-22"},{"TAGID":"BC-1-0035","SEQID":"EPI_ISL_11712758","cat_id":"staff","type":"CD","date":44584,"category":"staff","highlight":{},"emphasize":"N","dint":1642896000000,"age":"","index":34,"edges":[],"neighbors":[],"degree":0,"GNODEID":0,"association":0,"dstr":"2022-01-23"},{"TAGID":"BC-1-0036","SEQID":"EPI_ISL_11712751","cat_id":"staff","type":"CD","date":44584,"category":"staff","highlight":{},"emphasize":"Y","dint":1642896000000,"age":"","index":35,"edges":[],"neighbors":[],"degree":0,"GNODEID":0,"association":0,"dstr":"2022-01-23"},{"TAGID":"BC-1-0037","SEQID":"EPI_ISL_11712780","cat_id":"client","type":"CD","date":44587,"category":"client","highlight":{},"emphasize":"Y","dint":1643155200000,"age":"","index":36,"edges":[],"neighbors":[],"degree":0,"GNODEID":0,"association":0,"dstr":"2022-01-26"},{"TAGID":"BC-1-0038","SEQID":"EPI_ISL_11712812","cat_id":"client","type":"CD","date":44589,"category":"client","highlight":{},"emphasize":"Y","dint":1643328000000,"age":"","index":37,"edges":[],"neighbors":[],"degree":0,"GNODEID":0,"association":0,"dstr":"2022-01-28"},{"TAGID":"BC-1-0039","SEQID":"EPI_ISL_11724972","cat_id":"client","type":"CD","date":44582,"category":"client","association":"KN","highlight":{},"emphasize":"N","dint":1642723200000,"age":"","index":38,"edges":[],"neighbors":[],"degree":0,"GNODEID":0,"dstr":"2022-01-21"},{"SEQID":"EPI_ISL_11725088","GNODEID":"G-2.6.4","TAGID":"BC-1-0040","cat_id":"staff","type":"CD","date":44587,"category":"staff","association":"KN","highlight":{},"emphasize":"N","dint":1643155200000,"age":"","index":39,"edges":[],"neighbors":[],"degree":0,"dstr":"2022-01-26"},{"TAGID":"BC-1-0041","SEQID":"EPI_ISL_11725159","cat_id":"staff","type":"CD","date":44588,"category":"staff","association":"KN","highlight":{},"emphasize":"Y","dint":1643241600000,"age":"","index":40,"edges":[],"neighbors":[],"degree":0,"GNODEID":0,"dstr":"2022-01-27"},{"TAGID":"BC-1-0042","SEQID":"EPI_ISL_11725150","cat_id":"staff","type":"CD","date":44590,"category":"staff","association":"KN","highlight":{},"emphasize":"N","dint":1643414400000,"age":"","index":41,"edges":[],"neighbors":[],"degree":0,"GNODEID":0,"dstr":"2022-01-29"},{"SEQID":"EPI_ISL_12682168","GNODEID":"G-2","TAGID":"BC-1-0043","cat_id":"staff","type":"CD","date":44589,"category":"staff","association":"KN","highlight":{},"emphasize":"Y","dint":1643328000000,"age":"","index":42,"edges":[],"neighbors":[],"degree":0,"dstr":"2022-01-28"},{"TAGID":"BC-1-0044","SEQID":"EPI_ISL_11717489","cat_id":"staff","type":"CD","date":44585,"category":"staff","association":"KS","highlight":{},"emphasize":"N","dint":1642982400000,"age":"","index":43,"edges":[],"neighbors":[],"degree":0,"GNODEID":0,"dstr":"2022-01-24"},{"TAGID":"BC-1-0045","SEQID":"EPI_ISL_12989228","cat_id":"staff","type":"CD","date":44583,"category":"staff","association":"KY","highlight":{},"emphasize":"N","dint":1642809600000,"age":"","index":44,"edges":[],"neighbors":[],"degree":0,"GNODEID":0,"dstr":"2022-01-22"},{"TAGID":"BC-1-0046","SEQID":"EPI_ISL_12985880","cat_id":"staff","type":"CD","date":44567,"category":"staff","association":"KN","highlight":{},"emphasize":"N","dint":1641427200000,"age":"","index":45,"edges":[],"neighbors":[],"degree":0,"GNODEID":0,"dstr":"2022-01-06"},{"TAGID":"BC-1-0047","SEQID":"EPI_ISL_12988852","cat_id":"client","type":"CD","date":44580,"category":"client","association":"KY","highlight":{},"emphasize":"Y","dint":1642550400000,"age":"","index":46,"edges":[],"neighbors":[],"degree":0,"GNODEID":0,"dstr":"2022-01-19"},{"TAGID":"BC-1-0048","SEQID":"EPI_ISL_12985967","cat_id":"client","type":"CD","date":44569,"category":"client","association":"KN","highlight":{},"emphasize":"N","dint":1641600000000,"age":"","index":47,"edges":[],"neighbors":[],"degree":0,"GNODEID":0,"dstr":"2022-01-08"},{"SEQID":"EPI_ISL_12985950","GNODEID":"G-2.42","TAGID":"BC-1-0049","cat_id":"staff","type":"CD","date":44568,"category":"staff","association":"KN","highlight":{},"emphasize":"N","dint":1641513600000,"age":"","index":48,"edges":[],"neighbors":[],"degree":0,"dstr":"2022-01-07"},{"TAGID":"BC-1-0050","SEQID":"EPI_ISL_12985752","cat_id":"client","type":"CD","date":44567,"category":"client","association":"KN","highlight":{},"emphasize":"N","dint":1641427200000,"age":"","index":49,"edges":[],"neighbors":[],"degree":0,"GNODEID":0,"dstr":"2022-01-06"},{"TAGID":"BC-1-0051","SEQID":"EPI_ISL_12985750","cat_id":"client","type":"CD","date":44567,"category":"client","association":"KN","highlight":{},"emphasize":"N","dint":1641427200000,"age":"","index":50,"edges":[],"neighbors":[],"degree":0,"GNODEID":0,"dstr":"2022-01-06"},{"TAGID":"BC-1-0052","SEQID":"EPI_ISL_11823660","cat_id":"client","type":"CD","date":44576,"category":"client","association":"CS","highlight":{},"emphasize":"N","dint":1642204800000,"age":"","index":51,"edges":[],"neighbors":[],"degree":0,"GNODEID":0,"dstr":"2022-01-15"},{"TAGID":"BC-1-0053","SEQID":"EPI_ISL_11707229","cat_id":"client","type":"CD","date":44589,"category":"client","association":"KS","highlight":{},"emphasize":"Y","dint":1643328000000,"age":"","index":52,"edges":[],"neighbors":[],"degree":0,"GNODEID":0,"dstr":"2022-01-28"},{"TAGID":"BC-1-0054","SEQID":"EPI_ISL_11717554","cat_id":"staff","type":"CD","date":44586,"category":"staff","association":"KS","highlight":{},"emphasize":"N","dint":1643068800000,"age":"","index":53,"edges":[],"neighbors":[],"degree":0,"GNODEID":0,"dstr":"2022-01-25"},{"TAGID":"BC-1-0055","SEQID":"EPI_ISL_12988765","cat_id":"client","type":"CD","date":44580,"category":"client","association":"KY","highlight":{},"emphasize":"N","dint":1642550400000,"age":"","index":54,"edges":[],"neighbors":[],"degree":0,"GNODEID":0,"dstr":"2022-01-19"},{"TAGID":"BC-1-0056","SEQID":"EPI_ISL_12984729","cat_id":"staff","type":"CD","date":44585,"category":"staff","association":"KS","highlight":{},"emphasize":"Y","dint":1642982400000,"age":"","index":55,"edges":[],"neighbors":[],"degree":0,"GNODEID":0,"dstr":"2022-01-24"},{"TAGID":"BC-1-0057","SEQID":"EPI_ISL_11724997","cat_id":"staff","type":"CD","date":44583,"category":"staff","association":"KN","highlight":{},"emphasize":"Y","dint":1642809600000,"age":"","index":56,"edges":[],"neighbors":[],"degree":0,"GNODEID":0,"dstr":"2022-01-22"},{"TAGID":"BC-1-0058","SEQID":"EPI_ISL_11712761","cat_id":"staff","type":"CD","date":44585,"category":"staff","highlight":{},"emphasize":"Y","dint":1642982400000,"age":"","index":57,"edges":[],"neighbors":[],"degree":0,"GNODEID":0,"association":0,"dstr":"2022-01-24"},{"SEQID":"EPI_ISL_11725016","GNODEID":"G-2.16","TAGID":"BC-1-0059","cat_id":"client","type":"CD","date":44582,"category":"client","association":"KN","highlight":{},"emphasize":"N","dint":1642723200000,"age":"","index":58,"edges":[],"neighbors":[],"degree":0,"dstr":"2022-01-21"},{"TAGID":"BC-1-0060","SEQID":"EPI_ISL_11711553","cat_id":"client","type":"CD","date":44584,"category":"client","association":"KN","highlight":{},"emphasize":"N","dint":1642896000000,"age":"","index":59,"edges":[],"neighbors":[],"degree":0,"GNODEID":0,"dstr":"2022-01-23"},{"TAGID":"BC-1-0061","SEQID":"EPI_ISL_11712756","cat_id":"client","type":"CD","date":44585,"category":"client","highlight":{},"emphasize":"Y","dint":1642982400000,"age":"","index":60,"edges":[],"neighbors":[],"degree":0,"GNODEID":0,"association":0,"dstr":"2022-01-24"},{"TAGID":"BC-1-0062","SEQID":"EPI_ISL_11712731","cat_id":"staff","type":"CD","date":44582,"category":"staff","highlight":{},"emphasize":"N","dint":1642723200000,"age":"","index":61,"edges":[],"neighbors":[],"degree":0,"GNODEID":0,"association":0,"dstr":"2022-01-21"},{"SEQID":"EPI_ISL_13294399","GNODEID":"G-2","TAGID":"BC-1-0063","cat_id":"client","type":"CD","date":44547,"category":"client","association":"KS","highlight":{},"emphasize":"Y","dint":1639699200000,"age":"","index":62,"edges":[],"neighbors":[],"degree":0,"dstr":"2021-12-17"},{"TAGID":"BC-1-0064","SEQID":"EPI_ISL_12680662","cat_id":"staff","type":"CD","date":44588,"category":"staff","association":"KN","highlight":{},"emphasize":"N","dint":1643241600000,"age":"","index":63,"edges":[],"neighbors":[],"degree":0,"GNODEID":0,"dstr":"2022-01-27"},{"SEQID":"EPI_ISL_12985762","GNODEID":"G-2.35","TAGID":"BC-1-0065","cat_id":"staff","type":"CD","date":44568,"category":"staff","association":"KN","highlight":{},"emphasize":"N","dint":1641513600000,"age":"","index":64,"edges":[],"neighbors":[],"degree":0,"dstr":"2022-01-07"},{"TAGID":"BC-1-0066","SEQID":"EPI_ISL_11719299","cat_id":"client","type":"CD","date":44578,"category":"client","association":"CS","highlight":{},"emphasize":"Y","dint":1642377600000,"age":"","index":65,"edges":[],"neighbors":[],"degree":0,"GNODEID":0,"dstr":"2022-01-17"},{"SEQID":"EPI_ISL_11725133","GNODEID":"G-2.16.1","TAGID":"BC-1-0067","cat_id":"client","type":"CD","date":44589,"category":"client","association":"KN","highlight":{},"emphasize":"N","dint":1643328000000,"age":"","index":66,"edges":[],"neighbors":[],"degree":0,"dstr":"2022-01-28"},{"SEQID":"EPI_ISL_12947316","GNODEID":"G-2.7","TAGID":"BC-1-0068","cat_id":"staff","type":"CD","date":44589,"category":"staff","association":"KS","highlight":{},"emphasize":"Y","dint":1643328000000,"age":"","index":67,"edges":[],"neighbors":[],"degree":0,"dstr":"2022-01-28"},{"TAGID":"BC-1-0069","SEQID":"EPI_ISL_12985916","cat_id":"staff","type":"CD","date":44570,"category":"staff","association":"KN","highlight":{},"emphasize":"Y","dint":1641686400000,"age":"","index":68,"edges":[],"neighbors":[],"degree":0,"GNODEID":0,"dstr":"2022-01-09"},{"SEQID":"EPI_ISL_11717616","GNODEID":"G-2.34","TAGID":"BC-1-0070","cat_id":"staff","type":"CD","date":44587,"category":"staff","association":"KS","highlight":{},"emphasize":"N","dint":1643155200000,"age":"","index":69,"edges":[],"neighbors":[],"degree":0,"dstr":"2022-01-26"},{"TAGID":"BC-1-0071","SEQID":"EPI_ISL_12098416","cat_id":"client","type":"CD","date":44585,"category":"client","association":"KN","highlight":{},"emphasize":"Y","dint":1642982400000,"age":"","index":70,"edges":[],"neighbors":[],"degree":0,"GNODEID":0,"dstr":"2022-01-24"},{"TAGID":"BC-1-0072","SEQID":"EPI_ISL_12985816","cat_id":"client","type":"CD","date":44565,"category":"client","association":"KN","highlight":{},"emphasize":"N","dint":1641254400000,"age":"","index":71,"edges":[],"neighbors":[],"degree":0,"GNODEID":0,"dstr":"2022-01-04"},{"TAGID":"BC-1-0073","SEQID":"EPI_ISL_11712716","cat_id":"staff","type":"CD","date":44581,"category":"staff","highlight":{},"emphasize":"Y","dint":1642636800000,"age":"","index":72,"edges":[],"neighbors":[],"degree":0,"GNODEID":0,"association":0,"dstr":"2022-01-20"},{"TAGID":"BC-1-0074","SEQID":"EPI_ISL_12987517","cat_id":"staff","type":"CD","date":44571,"category":"staff","association":"KN","highlight":{},"emphasize":"N","dint":1641772800000,"age":"","index":73,"edges":[],"neighbors":[],"degree":0,"GNODEID":0,"dstr":"2022-01-10"},{"SEQID":"EPI_ISL_11712717","GNODEID":"G-2.22","TAGID":"BC-1-0075","cat_id":"client","type":"CD","date":44581,"category":"client","highlight":{},"emphasize":"Y","dint":1642636800000,"age":"","index":74,"edges":[],"neighbors":[],"degree":0,"association":0,"dstr":"2022-01-20"},{"SEQID":"EPI_ISL_11725117","GNODEID":"G-2.47.4","TAGID":"BC-1-0076","cat_id":"staff","type":"CD","date":44588,"category":"staff","association":"KN","highlight":{},"emphasize":"N","dint":1643241600000,"age":"","index":75,"edges":[],"neighbors":[],"degree":0,"dstr":"2022-01-27"},{"TAGID":"BC-1-0077","SEQID":"EPI_ISL_12098417","cat_id":"staff","type":"CD","date":44585,"category":"staff","association":"KN","highlight":{},"emphasize":"N","dint":1642982400000,"age":"","index":76,"edges":[],"neighbors":[],"degree":0,"GNODEID":0,"dstr":"2022-01-24"},{"TAGID":"BC-1-0078","SEQID":"EPI_ISL_12985900","cat_id":"staff","type":"CD","date":44568,"category":"staff","association":"KN","highlight":{},"emphasize":"Y","dint":1641513600000,"age":"","index":77,"edges":[],"neighbors":[],"degree":0,"GNODEID":0,"dstr":"2022-01-07"},{"TAGID":"BC-1-0079","SEQID":"EPI_ISL_11725000","cat_id":"client","type":"CD","date":44584,"category":"client","association":"KN","highlight":{},"emphasize":"N","dint":1642896000000,"age":"","index":78,"edges":[],"neighbors":[],"degree":0,"GNODEID":0,"dstr":"2022-01-23"},{"SEQID":"EPI_ISL_12748601","GNODEID":"G-2.17","TAGID":"BC-1-0080","cat_id":"staff","type":"CD","date":44591,"category":"staff","association":"KN","highlight":{},"emphasize":"N","dint":1643500800000,"age":"","index":79,"edges":[],"neighbors":[],"degree":0,"dstr":"2022-01-30"},{"SEQID":"EPI_ISL_11725001","GNODEID":"G-2.48","TAGID":"BC-1-0081","cat_id":"client","type":"CD","date":44584,"category":"client","association":"KN","highlight":{},"emphasize":"Y","dint":1642896000000,"age":"","index":80,"edges":[],"neighbors":[],"degree":0,"dstr":"2022-01-23"},{"TAGID":"BC-1-0082","SEQID":"EPI_ISL_11705603","cat_id":"client","type":"CD","date":44580,"category":"client","association":"KS","highlight":{},"emphasize":"N","dint":1642550400000,"age":"","index":81,"edges":[],"neighbors":[],"degree":0,"GNODEID":0,"dstr":"2022-01-19"},{"SEQID":"EPI_ISL_11719104","GNODEID":"G-2.46","TAGID":"BC-1-0083","cat_id":"staff","type":"CD","date":44586,"category":"staff","association":"CS","highlight":{},"emphasize":"N","dint":1643068800000,"age":"","index":82,"edges":[],"neighbors":[],"degree":0,"dstr":"2022-01-25"},{"TAGID":"BC-1-0084","SEQID":"EPI_ISL_12984704","cat_id":"staff","type":"CD","date":44585,"category":"staff","association":"KS","highlight":{},"emphasize":"Y","dint":1642982400000,"age":"","index":83,"edges":[],"neighbors":[],"degree":0,"GNODEID":0,"dstr":"2022-01-24"},{"TAGID":"BC-1-0085","SEQID":"EPI_ISL_12986704","cat_id":"staff","type":"CD","date":44582,"category":"staff","association":"CS","highlight":{},"emphasize":"N","dint":1642723200000,"age":"","index":84,"edges":[],"neighbors":[],"degree":0,"GNODEID":0,"dstr":"2022-01-21"},{"SEQID":"EPI_ISL_12985904","GNODEID":"G-2.47.7","TAGID":"BC-1-0086","cat_id":"client","type":"CD","date":44566,"category":"client","association":"KN","highlight":{},"emphasize":"Y","dint":1641340800000,"age":"","index":85,"edges":[],"neighbors":[],"degree":0,"dstr":"2022-01-05"},{"SEQID":"EPI_ISL_11705705","GNODEID":"G-2.2","TAGID":"BC-1-0087","cat_id":"staff","type":"CD","date":44580,"category":"staff","association":"KS","highlight":{},"emphasize":"N","dint":1642550400000,"age":"","index":86,"edges":[],"neighbors":[],"degree":0,"dstr":"2022-01-19"},{"TAGID":"BC-1-0088","SEQID":"EPI_ISL_11718005","cat_id":"staff","type":"CD","date":44591,"category":"staff","association":"KS","highlight":{},"emphasize":"Y","dint":1643500800000,"age":"","index":87,"edges":[],"neighbors":[],"degree":0,"GNODEID":0,"dstr":"2022-01-30"},{"TAGID":"BC-1-0089","SEQID":"EPI_ISL_11719105","cat_id":"staff","type":"CD","date":44587,"category":"staff","association":"CS","highlight":{},"emphasize":"N","dint":1643155200000,"age":"","index":88,"edges":[],"neighbors":[],"degree":0,"GNODEID":0,"dstr":"2022-01-26"},{"TAGID":"BC-1-0090","SEQID":"EPI_ISL_12986705","cat_id":"staff","type":"CD","date":44583,"category":"staff","association":"CS","highlight":{},"emphasize":"Y","dint":1642809600000,"age":"","index":89,"edges":[],"neighbors":[],"degree":0,"GNODEID":0,"dstr":"2022-01-22"},{"TAGID":"BC-1-0091","SEQID":"EPI_ISL_12688606","cat_id":"staff","type":"CD","date":44587,"category":"staff","association":"KN","highlight":{},"emphasize":"N","dint":1643155200000,"age":"","index":90,"edges":[],"neighbors":[],"degree":0,"GNODEID":0,"dstr":"2022-01-26"},{"SEQID":"EPI_ISL_12986706","GNODEID":"G-2.11","TAGID":"BC-1-0092","cat_id":"staff","type":"CD","date":44583,"category":"staff","association":"CS","highlight":{},"emphasize":"Y","dint":1642809600000,"age":"","index":91,"edges":[],"neighbors":[],"degree":0,"dstr":"2022-01-22"},{"SEQID":"EPI_ISL_11712806","GNODEID":"G-2.3.1","TAGID":"BC-1-0093","cat_id":"client","type":"CD","date":44589,"category":"client","highlight":{},"emphasize":"Y","dint":1643328000000,"age":"","index":92,"edges":[],"neighbors":[],"degree":0,"association":0,"dstr":"2022-01-28"},{"TAGID":"BC-1-0094","SEQID":"EPI_ISL_11707206","cat_id":"staff","type":"CD","date":44589,"category":"staff","association":"KS","highlight":{},"emphasize":"N","dint":1643328000000,"age":"","index":93,"edges":[],"neighbors":[],"degree":0,"GNODEID":0,"dstr":"2022-01-28"},{"SEQID":"EPI_ISL_11706607","GNODEID":"G-2.45","TAGID":"BC-1-0095","cat_id":"staff","type":"CD","date":44580,"category":"staff","association":"KS","highlight":{},"emphasize":"Y","dint":1642550400000,"age":"","index":94,"edges":[],"neighbors":[],"degree":0,"dstr":"2022-01-19"},{"TAGID":"BC-1-0096","SEQID":"EPI_ISL_11719107","cat_id":"staff","type":"CD","date":44590,"category":"staff","association":"CS","highlight":{},"emphasize":"N","dint":1643414400000,"age":"","index":95,"edges":[],"neighbors":[],"degree":0,"GNODEID":0,"dstr":"2022-01-29"},{"SEQID":"EPI_ISL_12985907","GNODEID":"G-3","TAGID":"BC-1-0097","cat_id":"staff","type":"CD","date":44567,"category":"staff","association":"KN","highlight":{},"emphasize":"Y","dint":1641427200000,"age":"","index":96,"edges":[],"neighbors":[],"degree":0,"dstr":"2022-01-06"},{"TAGID":"BC-1-0098","SEQID":"EPI_ISL_11712808","cat_id":"staff","type":"CD","date":44589,"category":"staff","highlight":{},"emphasize":"Y","dint":1643328000000,"age":"","index":97,"edges":[],"neighbors":[],"degree":0,"GNODEID":0,"association":0,"dstr":"2022-01-28"},{"SEQID":"EPI_ISL_11725008","GNODEID":"G-2.47","TAGID":"BC-1-0099","cat_id":"staff","type":"CD","date":44585,"category":"staff","association":"KN","highlight":{},"emphasize":"N","dint":1642982400000,"age":"","index":98,"edges":[],"neighbors":[],"degree":0,"dstr":"2022-01-24"},{"SEQID":"EPI_ISL_12989208","GNODEID":"G-2.32","TAGID":"BC-1-0100","cat_id":"client","type":"CD","date":44583,"category":"client","association":"KY","highlight":{},"emphasize":"Y","dint":1642809600000,"age":"","index":99,"edges":[],"neighbors":[],"degree":0,"dstr":"2022-01-22"},{"TAGID":"BC-1-0101","SEQID":"EPI_ISL_11712809","cat_id":"client","type":"CD","date":44589,"category":"client","highlight":{},"emphasize":"N","dint":1643328000000,"age":"","index":100,"edges":[],"neighbors":[],"degree":0,"GNODEID":0,"association":0,"dstr":"2022-01-28"},{"SEQID":"EPI_ISL_12748609","GNODEID":"G-2.38","TAGID":"BC-1-0102","cat_id":"staff","type":"CD","date":44591,"category":"staff","association":"KN","highlight":{},"emphasize":"N","dint":1643500800000,"age":"","index":101,"edges":[],"neighbors":[],"degree":0,"dstr":"2022-01-30"},{"TAGID":"BC-1-0103","SEQID":"EPI_ISL_11710610","cat_id":"staff","type":"CD","date":44565,"category":"staff","association":"CS","highlight":{},"emphasize":"N","dint":1641254400000,"age":"","index":102,"edges":[],"neighbors":[],"degree":0,"GNODEID":0,"dstr":"2022-01-04"},{"TAGID":"BC-1-0104","SEQID":"EPI_ISL_11712810","cat_id":"client","type":"CD","date":44589,"category":"client","highlight":{},"emphasize":"Y","dint":1643328000000,"age":"","index":103,"edges":[],"neighbors":[],"degree":0,"GNODEID":0,"association":0,"dstr":"2022-01-28"},{"TAGID":"BC-1-0105","SEQID":"EPI_ISL_11725110","cat_id":"client","type":"CD","date":44588,"category":"client","association":"KN","highlight":{},"emphasize":"Y","dint":1643241600000,"age":"","index":104,"edges":[],"neighbors":[],"degree":0,"GNODEID":0,"dstr":"2022-01-27"},{"TAGID":"BC-1-0106","SEQID":"EPI_ISL_11719311","cat_id":"client","type":"CD","date":44582,"category":"client","association":"CS","highlight":{},"emphasize":"N","dint":1642723200000,"age":"","index":105,"edges":[],"neighbors":[],"degree":0,"GNODEID":0,"dstr":"2022-01-21"},{"TAGID":"BC-1-0107","SEQID":"EPI_ISL_11712811","cat_id":"client","type":"CD","date":44589,"category":"client","highlight":{},"emphasize":"N","dint":1643328000000,"age":"","index":106,"edges":[],"neighbors":[],"degree":0,"GNODEID":0,"association":0,"dstr":"2022-01-28"},{"SEQID":"EPI_ISL_11725011","GNODEID":"G-2.39","TAGID":"BC-1-0108","cat_id":"staff","type":"CD","date":44583,"category":"staff","association":"KN","highlight":{},"emphasize":"N","dint":1642809600000,"age":"","index":107,"edges":[],"neighbors":[],"degree":0,"dstr":"2022-01-22"},{"TAGID":"BC-1-0109","SEQID":"EPI_ISL_11719811","cat_id":"staff","type":"CD","date":44570,"category":"staff","association":"KN","highlight":{},"emphasize":"N","dint":1641686400000,"age":"","index":108,"edges":[],"neighbors":[],"degree":0,"GNODEID":0,"dstr":"2022-01-09"},{"SEQID":"EPI_ISL_12989011","GNODEID":"G-2.47.1","TAGID":"BC-1-0110","cat_id":"staff","type":"CD","date":44582,"category":"staff","association":"KY","highlight":{},"emphasize":"Y","dint":1642723200000,"age":"","index":109,"edges":[],"neighbors":[],"degree":0,"dstr":"2022-01-21"},{"TAGID":"BC-1-0111","SEQID":"EPI_ISL_12098412","cat_id":"staff","type":"CD","date":44585,"category":"staff","association":"KN","highlight":{},"emphasize":"N","dint":1642982400000,"age":"","index":110,"edges":[],"neighbors":[],"degree":0,"GNODEID":0,"dstr":"2022-01-24"},{"SEQID":"EPI_ISL_11712712","GNODEID":"G-2.3","TAGID":"BC-1-0112","cat_id":"staff","type":"CD","date":44581,"category":"staff","highlight":{},"emphasize":"N","dint":1642636800000,"age":"","index":111,"edges":[],"neighbors":[],"degree":0,"association":0,"dstr":"2022-01-20"},{"SEQID":"EPI_ISL_11719712","GNODEID":"G-2.24","TAGID":"BC-1-0113","cat_id":"client","type":"CD","date":44575,"category":"client","highlight":{},"emphasize":"Y","dint":1642118400000,"age":"","index":112,"edges":[],"neighbors":[],"degree":0,"association":0,"dstr":"2022-01-14"},{"TAGID":"BC-1-0114","SEQID":"EPI_ISL_11711113","cat_id":"client","type":"CD","date":44588,"category":"client","association":"TH","highlight":{},"emphasize":"Y","dint":1643241600000,"age":"","index":113,"edges":[],"neighbors":[],"degree":0,"GNODEID":0,"dstr":"2022-01-27"},{"SEQID":"EPI_ISL_11705713","GNODEID":"G-2.4","TAGID":"BC-1-0115","cat_id":"client","type":"CD","date":44580,"category":"client","association":"KS","highlight":{},"emphasize":"Y","dint":1642550400000,"age":"","index":114,"edges":[],"neighbors":[],"degree":0,"dstr":"2022-01-19"},{"SEQID":"EPI_ISL_11706813","GNODEID":"G-2.19","TAGID":"BC-1-0116","cat_id":"client","type":"CD","date":44583,"category":"client","association":"KS","highlight":{},"emphasize":"Y","dint":1642809600000,"age":"","index":115,"edges":[],"neighbors":[],"degree":0,"dstr":"2022-01-22"},{"TAGID":"BC-1-0117","SEQID":"EPI_ISL_12985986","cat_id":"client","type":"CD","date":44571,"category":"client","association":"KN","highlight":{},"emphasize":"N","dint":1641772800000,"age":"","index":116,"edges":[],"neighbors":[],"degree":0,"GNODEID":0,"dstr":"2022-01-10"},{"TAGID":"BC-1-0118","SEQID":"EPI_ISL_12989059","cat_id":"staff","type":"CD","date":44582,"category":"staff","association":"KY","highlight":{},"emphasize":"N","dint":1642723200000,"age":"","index":117,"edges":[],"neighbors":[],"degree":0,"GNODEID":0,"dstr":"2022-01-21"},{"SEQID":"EPI_ISL_12989413","GNODEID":"G-2.8","TAGID":"BC-1-0119","cat_id":"staff","type":"CD","date":44581,"category":"staff","association":"KY","highlight":{},"emphasize":"Y","dint":1642636800000,"age":"","index":118,"edges":[],"neighbors":[],"degree":0,"dstr":"2022-01-20"},{"SEQID":"EPI_ISL_11705414","GNODEID":"G-2.27","TAGID":"BC-1-0120","cat_id":"client","type":"CD","date":44580,"category":"client","association":"KS","highlight":{},"emphasize":"N","dint":1642550400000,"age":"","index":119,"edges":[],"neighbors":[],"degree":0,"dstr":"2022-01-19"},{"SEQID":"EPI_ISL_12098414","GNODEID":"G-2.36","TAGID":"BC-1-0121","cat_id":"staff","type":"CD","date":44585,"category":"staff","association":"KN","highlight":{},"emphasize":"Y","dint":1642982400000,"age":"","index":120,"edges":[],"neighbors":[],"degree":0,"dstr":"2022-01-24"},{"TAGID":"BC-1-0122","SEQID":"EPI_ISL_12985914","cat_id":"staff","type":"CD","date":44568,"category":"staff","association":"KN","highlight":{},"emphasize":"Y","dint":1641513600000,"age":"","index":121,"edges":[],"neighbors":[],"degree":0,"GNODEID":0,"dstr":"2022-01-07"},{"TAGID":"BC-1-0123","SEQID":"EPI_ISL_12947315","cat_id":"staff","type":"CD","date":44568,"category":"staff","association":"KS","highlight":{},"emphasize":"N","dint":1641513600000,"age":"","index":122,"edges":[],"neighbors":[],"degree":0,"GNODEID":0,"dstr":"2022-01-07"},{"SEQID":"EPI_ISL_11725115","GNODEID":"G-2.47.5","TAGID":"BC-1-0124","cat_id":"staff","type":"CD","date":44589,"category":"staff","association":"KN","highlight":{},"emphasize":"N","dint":1643328000000,"age":"","index":123,"edges":[],"neighbors":[],"degree":0,"dstr":"2022-01-28"},{"TAGID":"BC-1-0125","SEQID":"EPI_ISL_11712719","cat_id":"client","type":"CD","date":44581,"category":"client","highlight":{},"emphasize":"Y","dint":1642636800000,"age":"","index":124,"edges":[],"neighbors":[],"degree":0,"GNODEID":0,"association":0,"dstr":"2022-01-20"},{"TAGID":"BC-1-0126","SEQID":"EPI_ISL_11707019","cat_id":"staff","type":"CD","date":44587,"category":"staff","association":"KS","highlight":{},"emphasize":"N","dint":1643155200000,"age":"","index":125,"edges":[],"neighbors":[],"degree":0,"GNODEID":0,"dstr":"2022-01-26"},{"TAGID":"BC-1-0127","SEQID":"EPI_ISL_12987520","cat_id":"staff","type":"CD","date":44574,"category":"staff","association":"KN","highlight":{},"emphasize":"N","dint":1642032000000,"age":"","index":126,"edges":[],"neighbors":[],"degree":0,"GNODEID":0,"dstr":"2022-01-13"},{"SEQID":"EPI_ISL_11711920","GNODEID":"G-2.6.3","TAGID":"BC-1-0128","cat_id":"client","type":"CD","date":44584,"category":"client","association":"KY","highlight":{},"emphasize":"N","dint":1642896000000,"age":"","index":127,"edges":[],"neighbors":[],"degree":0,"dstr":"2022-01-23"},{"TAGID":"BC-1-0129","SEQID":"EPI_ISL_11712820","cat_id":"client","type":"CD","date":44590,"category":"client","highlight":{},"emphasize":"N","dint":1643414400000,"age":"","index":128,"edges":[],"neighbors":[],"degree":0,"GNODEID":0,"association":0,"dstr":"2022-01-29"},{"SEQID":"EPI_ISL_11725120","GNODEID":"G-2.41","TAGID":"BC-1-0130","cat_id":"staff","type":"CD","date":44588,"category":"staff","association":"KN","highlight":{},"emphasize":"Y","dint":1643241600000,"age":"","index":129,"edges":[],"neighbors":[],"degree":0,"dstr":"2022-01-27"},{"TAGID":"BC-1-0131","SEQID":"EPI_ISL_12987521","cat_id":"client","type":"CD","date":44574,"category":"client","association":"KN","highlight":{},"emphasize":"N","dint":1642032000000,"age":"","index":130,"edges":[],"neighbors":[],"degree":0,"GNODEID":0,"dstr":"2022-01-13"},{"SEQID":"EPI_ISL_12988521","GNODEID":"G-2.6.3.1","TAGID":"BC-1-0132","cat_id":"client","type":"CD","date":44578,"category":"client","association":"KY","highlight":{},"emphasize":"N","dint":1642377600000,"age":"","index":131,"edges":[],"neighbors":[],"degree":0,"dstr":"2022-01-17"},{"TAGID":"BC-1-0133","SEQID":"EPI_ISL_12985921","cat_id":"client","type":"CD","date":44570,"category":"client","association":"KN","highlight":{},"emphasize":"N","dint":1641686400000,"age":"","index":132,"edges":[],"neighbors":[],"degree":0,"GNODEID":0,"dstr":"2022-01-09"},{"TAGID":"BC-1-0134","SEQID":"EPI_ISL_11705821","cat_id":"client","type":"CD","date":44580,"category":"client","association":"KS","highlight":{},"emphasize":"Y","dint":1642550400000,"age":"","index":133,"edges":[],"neighbors":[],"degree":0,"GNODEID":0,"dstr":"2022-01-19"},{"TAGID":"BC-1-0135","SEQID":"EPI_ISL_11827921","cat_id":"staff","type":"CD","date":44562,"category":"staff","highlight":{},"emphasize":"Y","dint":1640995200000,"age":"","index":134,"edges":[],"neighbors":[],"degree":0,"GNODEID":0,"association":0,"dstr":"2022-01-01"},{"TAGID":"BC-1-0136","SEQID":"EPI_ISL_12989522","cat_id":"staff","type":"CD","date":44582,"category":"staff","association":"KY","highlight":{},"emphasize":"Y","dint":1642723200000,"age":"","index":135,"edges":[],"neighbors":[],"degree":0,"GNODEID":0,"dstr":"2022-01-21"},{"TAGID":"BC-1-0137","SEQID":"EPI_ISL_12989022","cat_id":"client","type":"CD","date":44582,"category":"client","association":"KY","highlight":{},"emphasize":"Y","dint":1642723200000,"age":"","index":136,"edges":[],"neighbors":[],"degree":0,"GNODEID":0,"dstr":"2022-01-21"},{"TAGID":"BC-1-0138","SEQID":"EPI_ISL_12988622","cat_id":"staff","type":"CD","date":44579,"category":"staff","association":"KY","highlight":{},"emphasize":"N","dint":1642464000000,"age":"","index":137,"edges":[],"neighbors":[],"degree":0,"GNODEID":0,"dstr":"2022-01-18"},{"TAGID":"BC-1-0139","SEQID":"EPI_ISL_11725122","cat_id":"staff","type":"CD","date":44589,"category":"staff","association":"KN","highlight":{},"emphasize":"Y","dint":1643328000000,"age":"","index":138,"edges":[],"neighbors":[],"degree":0,"GNODEID":0,"dstr":"2022-01-28"},{"TAGID":"BC-1-0140","SEQID":"EPI_ISL_12945423","cat_id":"staff","type":"CD","date":44579,"category":"staff","association":"KY","highlight":{},"emphasize":"N","dint":1642464000000,"age":"","index":139,"edges":[],"neighbors":[],"degree":0,"GNODEID":0,"dstr":"2022-01-18"},{"TAGID":"BC-1-0141","SEQID":"EPI_ISL_12989523","cat_id":"client","type":"CD","date":44582,"category":"client","association":"KY","highlight":{},"emphasize":"Y","dint":1642723200000,"age":"","index":140,"edges":[],"neighbors":[],"degree":0,"GNODEID":0,"dstr":"2022-01-21"},{"TAGID":"BC-1-0142","SEQID":"EPI_ISL_12989123","cat_id":"client","type":"CD","date":44583,"category":"client","association":"KY","highlight":{},"emphasize":"N","dint":1642809600000,"age":"","index":141,"edges":[],"neighbors":[],"degree":0,"GNODEID":0,"dstr":"2022-01-22"},{"TAGID":"BC-1-0143","SEQID":"EPI_ISL_12988524","cat_id":"client","type":"CD","date":44578,"category":"client","association":"KY","highlight":{},"emphasize":"Y","dint":1642377600000,"age":"","index":142,"edges":[],"neighbors":[],"degree":0,"GNODEID":0,"dstr":"2022-01-17"},{"TAGID":"BC-1-0144","SEQID":"EPI_ISL_12098324","cat_id":"staff","type":"CD","date":44580,"category":"staff","association":"KN","highlight":{},"emphasize":"Y","dint":1642550400000,"age":"","index":143,"edges":[],"neighbors":[],"degree":0,"GNODEID":0,"dstr":"2022-01-19"},{"TAGID":"BC-1-0145","SEQID":"EPI_ISL_11719724","cat_id":"staff","type":"CD","date":44585,"category":"staff","highlight":{},"emphasize":"Y","dint":1642982400000,"age":"","index":144,"edges":[],"neighbors":[],"degree":0,"GNODEID":0,"association":0,"dstr":"2022-01-24"},{"TAGID":"BC-1-0146","SEQID":"EPI_ISL_11705625","cat_id":"staff","type":"CD","date":44580,"category":"staff","association":"KS","highlight":{},"emphasize":"Y","dint":1642550400000,"age":"","index":145,"edges":[],"neighbors":[],"degree":0,"GNODEID":0,"dstr":"2022-01-19"},{"TAGID":"BC-1-0147","SEQID":"EPI_ISL_12988426","cat_id":"client","type":"CD","date":44578,"category":"client","association":"KY","highlight":{},"emphasize":"Y","dint":1642377600000,"age":"","index":146,"edges":[],"neighbors":[],"degree":0,"GNODEID":0,"dstr":"2022-01-17"},{"SEQID":"EPI_ISL_11712826","GNODEID":"G-2.3.2","TAGID":"BC-1-0148","cat_id":"staff","type":"CD","date":44591,"category":"staff","highlight":{},"emphasize":"Y","dint":1643500800000,"age":"","index":147,"edges":[],"neighbors":[],"degree":0,"association":0,"dstr":"2022-01-30"},{"TAGID":"BC-1-0149","SEQID":"EPI_ISL_11707026","cat_id":"staff","type":"CD","date":44587,"category":"staff","association":"KS","highlight":{},"emphasize":"N","dint":1643155200000,"age":"","index":148,"edges":[],"neighbors":[],"degree":0,"GNODEID":0,"dstr":"2022-01-26"},{"TAGID":"BC-1-0150","SEQID":"EPI_ISL_11717626","cat_id":"client","type":"CD","date":44587,"category":"client","association":"KS","highlight":{},"emphasize":"N","dint":1643155200000,"age":"","index":149,"edges":[],"neighbors":[],"degree":0,"GNODEID":0,"dstr":"2022-01-26"},{"TAGID":"BC-1-0151","SEQID":"EPI_ISL_12098326","cat_id":"client","type":"CD","date":44580,"category":"client","association":"KN","highlight":{},"emphasize":"N","dint":1642550400000,"age":"","index":150,"edges":[],"neighbors":[],"degree":0,"GNODEID":0,"dstr":"2022-01-19"},{"SEQID":"EPI_ISL_12098426","GNODEID":"G-2","TAGID":"BC-1-0152","cat_id":"client","type":"CD","date":44582,"category":"client","association":"KN","highlight":{},"emphasize":"Y","dint":1642723200000,"age":"","index":151,"edges":[],"neighbors":[],"degree":0,"dstr":"2022-01-21"},{"TAGID":"BC-1-0153","SEQID":"EPI_ISL_12988880","cat_id":"client","type":"CD","date":44585,"category":"client","association":"KY","highlight":{},"emphasize":"Y","dint":1642982400000,"age":"","index":152,"edges":[],"neighbors":[],"degree":0,"GNODEID":0,"dstr":"2022-01-24"},{"TAGID":"BC-1-0154","SEQID":"EPI_ISL_12989057","cat_id":"staff","type":"CD","date":44582,"category":"staff","association":"KY","highlight":{},"emphasize":"Y","dint":1642723200000,"age":"","index":153,"edges":[],"neighbors":[],"degree":0,"GNODEID":0,"dstr":"2022-01-21"},{"TAGID":"BC-1-0155","SEQID":"EPI_ISL_12985753","cat_id":"staff","type":"CD","date":44567,"category":"staff","association":"KN","highlight":{},"emphasize":"Y","dint":1641427200000,"age":"","index":154,"edges":[],"neighbors":[],"degree":0,"GNODEID":0,"dstr":"2022-01-06"},{"TAGID":"BC-1-0156","SEQID":"EPI_ISL_11712827","cat_id":"staff","type":"CD","date":44591,"category":"staff","highlight":{},"emphasize":"N","dint":1643500800000,"age":"","index":155,"edges":[],"neighbors":[],"degree":0,"GNODEID":0,"association":0,"dstr":"2022-01-30"},{"TAGID":"BC-1-0157","SEQID":"EPI_ISL_11707027","cat_id":"client","type":"CD","date":44587,"category":"client","association":"KS","highlight":{},"emphasize":"Y","dint":1643155200000,"age":"","index":156,"edges":[],"neighbors":[],"degree":0,"GNODEID":0,"dstr":"2022-01-26"},{"TAGID":"BC-1-0158","SEQID":"EPI_ISL_12098327","cat_id":"client","type":"CD","date":44580,"category":"client","association":"KN","highlight":{},"emphasize":"N","dint":1642550400000,"age":"","index":157,"edges":[],"neighbors":[],"degree":0,"GNODEID":0,"dstr":"2022-01-19"},{"TAGID":"BC-1-0159","SEQID":"EPI_ISL_11705828","cat_id":"staff","type":"CD","date":44580,"category":"staff","association":"KS","highlight":{},"emphasize":"N","dint":1642550400000,"age":"","index":158,"edges":[],"neighbors":[],"degree":0,"GNODEID":0,"dstr":"2022-01-19"},{"TAGID":"BC-1-0160","SEQID":"EPI_ISL_12098428","cat_id":"client","type":"CD","date":44582,"category":"client","association":"KN","highlight":{},"emphasize":"Y","dint":1642723200000,"age":"","index":159,"edges":[],"neighbors":[],"degree":0,"GNODEID":0,"dstr":"2022-01-21"},{"TAGID":"BC-1-0161","SEQID":"EPI_ISL_11712729","cat_id":"staff","type":"CD","date":44582,"category":"staff","highlight":{},"emphasize":"Y","dint":1642723200000,"age":"","index":160,"edges":[],"neighbors":[],"degree":0,"GNODEID":0,"association":0,"dstr":"2022-01-21"},{"SEQID":"EPI_ISL_11725129","GNODEID":"G-2.47.3","TAGID":"BC-1-0162","cat_id":"staff","type":"CD","date":44588,"category":"staff","association":"KN","highlight":{},"emphasize":"N","dint":1643241600000,"age":"","index":161,"edges":[],"neighbors":[],"degree":0,"dstr":"2022-01-27"},{"TAGID":"BC-1-0163","SEQID":"EPI_ISL_12985929","cat_id":"staff","type":"CD","date":44570,"category":"staff","association":"KN","highlight":{},"emphasize":"Y","dint":1641686400000,"age":"","index":162,"edges":[],"neighbors":[],"degree":0,"GNODEID":0,"dstr":"2022-01-09"},{"TAGID":"BC-1-0164","SEQID":"EPI_ISL_11712830","cat_id":"staff","type":"CD","date":44591,"category":"staff","highlight":{},"emphasize":"N","dint":1643500800000,"age":"","index":163,"edges":[],"neighbors":[],"degree":0,"GNODEID":0,"association":0,"dstr":"2022-01-30"},{"TAGID":"BC-1-0165","SEQID":"EPI_ISL_12985730","cat_id":"client","type":"CD","date":44568,"category":"client","association":"KN","highlight":{},"emphasize":"Y","dint":1641513600000,"age":"","index":164,"edges":[],"neighbors":[],"degree":0,"GNODEID":0,"dstr":"2022-01-07"},{"TAGID":"BC-1-0166","SEQID":"EPI_ISL_12989631","cat_id":"staff","type":"CD","date":44581,"category":"staff","association":"KY","highlight":{},"emphasize":"Y","dint":1642636800000,"age":"","index":165,"edges":[],"neighbors":[],"degree":0,"GNODEID":0,"dstr":"2022-01-20"},{"TAGID":"BC-1-0167","SEQID":"EPI_ISL_12985831","cat_id":"staff","type":"CD","date":44567,"category":"staff","association":"KN","highlight":{},"emphasize":"Y","dint":1641427200000,"age":"","index":166,"edges":[],"neighbors":[],"degree":0,"GNODEID":0,"dstr":"2022-01-06"},{"TAGID":"BC-1-0168","SEQID":"EPI_ISL_11717532","cat_id":"staff","type":"CD","date":44586,"category":"staff","association":"KS","highlight":{},"emphasize":"Y","dint":1643068800000,"age":"","index":167,"edges":[],"neighbors":[],"degree":0,"GNODEID":0,"dstr":"2022-01-25"},{"TAGID":"BC-1-0169","SEQID":"EPI_ISL_11725132","cat_id":"staff","type":"CD","date":44589,"category":"staff","association":"KN","highlight":{},"emphasize":"N","dint":1643328000000,"age":"","index":168,"edges":[],"neighbors":[],"degree":0,"GNODEID":0,"dstr":"2022-01-28"},{"SEQID":"EPI_ISL_12985732","GNODEID":"G-2.6.1","TAGID":"BC-1-0170","cat_id":"staff","type":"CD","date":44568,"category":"staff","association":"KN","highlight":{},"emphasize":"N","dint":1641513600000,"age":"","index":169,"edges":[],"neighbors":[],"degree":0,"dstr":"2022-01-07"},{"TAGID":"BC-1-0171","SEQID":"EPI_ISL_11712833","cat_id":"staff","type":"CD","date":44591,"category":"staff","highlight":{},"emphasize":"Y","dint":1643500800000,"age":"","index":170,"edges":[],"neighbors":[],"degree":0,"GNODEID":0,"association":0,"dstr":"2022-01-30"},{"TAGID":"BC-1-0172","SEQID":"EPI_ISL_11717633","cat_id":"client","type":"CD","date":44586,"category":"client","association":"KS","highlight":{},"emphasize":"N","dint":1643068800000,"age":"","index":171,"edges":[],"neighbors":[],"degree":0,"GNODEID":0,"dstr":"2022-01-25"},{"TAGID":"BC-1-0173","SEQID":"EPI_ISL_12985733","cat_id":"client","type":"CD","date":44567,"category":"client","association":"KN","highlight":{},"emphasize":"N","dint":1641427200000,"age":"","index":172,"edges":[],"neighbors":[],"degree":0,"GNODEID":0,"dstr":"2022-01-06"},{"TAGID":"BC-1-0174","SEQID":"EPI_ISL_12985833","cat_id":"client","type":"CD","date":44566,"category":"client","association":"KN","highlight":{},"emphasize":"N","dint":1641340800000,"age":"","index":173,"edges":[],"neighbors":[],"degree":0,"GNODEID":0,"dstr":"2022-01-05"},{"TAGID":"BC-1-0175","SEQID":"EPI_ISL_11712734","cat_id":"client","type":"CD","date":44582,"category":"client","highlight":{},"emphasize":"Y","dint":1642723200000,"age":"","index":174,"edges":[],"neighbors":[],"degree":0,"GNODEID":0,"association":0,"dstr":"2022-01-21"},{"TAGID":"BC-1-0176","SEQID":"EPI_ISL_11712834","cat_id":"client","type":"CD","date":44591,"category":"client","highlight":{},"emphasize":"Y","dint":1643500800000,"age":"","index":175,"edges":[],"neighbors":[],"degree":0,"GNODEID":0,"association":0,"dstr":"2022-01-30"},{"TAGID":"BC-1-0177","SEQID":"EPI_ISL_11717534","cat_id":"staff","type":"CD","date":44586,"category":"staff","association":"KS","highlight":{},"emphasize":"N","dint":1643068800000,"age":"","index":176,"edges":[],"neighbors":[],"degree":0,"GNODEID":0,"dstr":"2022-01-25"},{"SEQID":"EPI_ISL_11709736","GNODEID":"G-2.9","TAGID":"BC-1-0178","cat_id":"staff","type":"CD","date":44587,"category":"staff","association":"TH","highlight":{},"emphasize":"Y","dint":1643155200000,"age":"","index":177,"edges":[],"neighbors":[],"degree":0,"dstr":"2022-01-26"},{"TAGID":"BC-1-0179","SEQID":"EPI_ISL_12985736","cat_id":"staff","type":"CD","date":44567,"category":"staff","association":"KN","highlight":{},"emphasize":"N","dint":1641427200000,"age":"","index":178,"edges":[],"neighbors":[],"degree":0,"GNODEID":0,"dstr":"2022-01-06"},{"TAGID":"BC-1-0180","SEQID":"EPI_ISL_12987537","cat_id":"staff","type":"CD","date":44568,"category":"staff","association":"KN","highlight":{},"emphasize":"N","dint":1641513600000,"age":"","index":179,"edges":[],"neighbors":[],"degree":0,"GNODEID":0,"dstr":"2022-01-07"},{"TAGID":"BC-1-0181","SEQID":"EPI_ISL_12985737","cat_id":"staff","type":"CD","date":44567,"category":"staff","association":"KN","highlight":{},"emphasize":"N","dint":1641427200000,"age":"","index":180,"edges":[],"neighbors":[],"degree":0,"GNODEID":0,"dstr":"2022-01-06"},{"SEQID":"EPI_ISL_11712738","GNODEID":"G-2.6","TAGID":"BC-1-0182","cat_id":"client","type":"CD","date":44582,"category":"client","highlight":{},"emphasize":"Y","dint":1642723200000,"age":"","index":181,"edges":[],"neighbors":[],"degree":0,"association":0,"dstr":"2022-01-21"},{"TAGID":"BC-1-0183","SEQID":"EPI_ISL_11706839","cat_id":"client","type":"CD","date":44585,"category":"client","association":"KS","highlight":{},"emphasize":"Y","dint":1642982400000,"age":"","index":182,"edges":[],"neighbors":[],"degree":0,"GNODEID":0,"dstr":"2022-01-24"},{"TAGID":"BC-1-0184","SEQID":"EPI_ISL_12987539","cat_id":"staff","type":"CD","date":44568,"category":"staff","association":"KN","highlight":{},"emphasize":"Y","dint":1641513600000,"age":"","index":183,"edges":[],"neighbors":[],"degree":0,"GNODEID":0,"dstr":"2022-01-07"},{"TAGID":"BC-1-0185","SEQID":"EPI_ISL_11712740","cat_id":"staff","type":"CD","date":44583,"category":"staff","highlight":{},"emphasize":"Y","dint":1642809600000,"age":"","index":184,"edges":[],"neighbors":[],"degree":0,"GNODEID":0,"association":0,"dstr":"2022-01-22"},{"TAGID":"BC-1-0186","SEQID":"EPI_ISL_12987540","cat_id":"staff","type":"CD","date":44568,"category":"staff","association":"KN","highlight":{},"emphasize":"Y","dint":1641513600000,"age":"","index":185,"edges":[],"neighbors":[],"degree":0,"GNODEID":0,"dstr":"2022-01-07"},{"TAGID":"BC-1-0187","SEQID":"EPI_ISL_12987541","cat_id":"client","type":"CD","date":44569,"category":"client","association":"KN","highlight":{},"emphasize":"N","dint":1641600000000,"age":"","index":186,"edges":[],"neighbors":[],"degree":0,"GNODEID":0,"dstr":"2022-01-08"},{"TAGID":"BC-1-0188","SEQID":"EPI_ISL_11705342","cat_id":"staff","type":"CD","date":44580,"category":"staff","association":"KS","highlight":{},"emphasize":"N","dint":1642550400000,"age":"","index":187,"edges":[],"neighbors":[],"degree":0,"GNODEID":0,"dstr":"2022-01-19"},{"SEQID":"EPI_ISL_11710142","GNODEID":"G-2.43","TAGID":"BC-1-0189","cat_id":"client","type":"CD","date":44589,"category":"client","association":"KS","highlight":{},"emphasize":"N","dint":1643328000000,"age":"","index":188,"edges":[],"neighbors":[],"degree":0,"dstr":"2022-01-28"},{"SEQID":"EPI_ISL_11725042","GNODEID":"G-2.33","TAGID":"BC-1-0190","cat_id":"staff","type":"CD","date":44587,"category":"staff","association":"KN","highlight":{},"emphasize":"Y","dint":1643155200000,"age":"","index":189,"edges":[],"neighbors":[],"degree":0,"dstr":"2022-01-26"},{"TAGID":"BC-1-0191","SEQID":"EPI_ISL_11705343","cat_id":"client","type":"CD","date":44580,"category":"client","association":"KS","highlight":{},"emphasize":"N","dint":1642550400000,"age":"","index":190,"edges":[],"neighbors":[],"degree":0,"GNODEID":0,"dstr":"2022-01-19"},{"SEQID":"EPI_ISL_11712743","GNODEID":"G-2.3","TAGID":"BC-1-0192","cat_id":"client","type":"CD","date":44583,"category":"client","highlight":{},"emphasize":"Y","dint":1642809600000,"age":"","index":191,"edges":[],"neighbors":[],"degree":0,"association":0,"dstr":"2022-01-22"},{"TAGID":"BC-1-0193","SEQID":"EPI_ISL_12989343","cat_id":"client","type":"CD","date":44581,"category":"client","association":"KY","highlight":{},"emphasize":"Y","dint":1642636800000,"age":"","index":192,"edges":[],"neighbors":[],"degree":0,"GNODEID":0,"dstr":"2022-01-20"},{"TAGID":"BC-1-0194","SEQID":"EPI_ISL_12987543","cat_id":"client","type":"CD","date":44569,"category":"client","association":"KN","highlight":{},"emphasize":"N","dint":1641600000000,"age":"","index":193,"edges":[],"neighbors":[],"degree":0,"GNODEID":0,"dstr":"2022-01-08"},{"TAGID":"BC-1-0195","SEQID":"EPI_ISL_11707144","cat_id":"staff","type":"CD","date":44588,"category":"staff","association":"KS","highlight":{},"emphasize":"Y","dint":1643241600000,"age":"","index":194,"edges":[],"neighbors":[],"degree":0,"GNODEID":0,"dstr":"2022-01-27"},{"SEQID":"EPI_ISL_11712744","GNODEID":"G-2.23","TAGID":"BC-1-0196","cat_id":"staff","type":"CD","date":44583,"category":"staff","highlight":{},"emphasize":"Y","dint":1642809600000,"age":"","index":195,"edges":[],"neighbors":[],"degree":0,"association":0,"dstr":"2022-01-22"},{"SEQID":"EPI_ISL_11717644","GNODEID":"G-2.44","TAGID":"BC-1-0197","cat_id":"staff","type":"CD","date":44587,"category":"staff","association":"KS","highlight":{},"emphasize":"N","dint":1643155200000,"age":"","index":196,"edges":[],"neighbors":[],"degree":0,"dstr":"2022-01-26"},{"TAGID":"BC-1-0198","SEQID":"EPI_ISL_11707145","cat_id":"client","type":"CD","date":44588,"category":"client","association":"KS","highlight":{},"emphasize":"Y","dint":1643241600000,"age":"","index":197,"edges":[],"neighbors":[],"degree":0,"GNODEID":0,"dstr":"2022-01-27"},{"TAGID":"BC-1-0199","SEQID":"EPI_ISL_11712745","cat_id":"staff","type":"CD","date":44583,"category":"staff","highlight":{},"emphasize":"N","dint":1642809600000,"age":"","index":198,"edges":[],"neighbors":[],"degree":0,"GNODEID":0,"association":0,"dstr":"2022-01-22"},{"SEQID":"EPI_ISL_11717745","GNODEID":"G-2.25","TAGID":"BC-1-0200","cat_id":"client","type":"CD","date":44580,"category":"client","association":"KS","highlight":{},"emphasize":"Y","dint":1642550400000,"age":"","index":199,"edges":[],"neighbors":[],"degree":0,"dstr":"2022-01-19"},{"SEQID":"EPI_ISL_12985745","GNODEID":"G-2.47.6.1","TAGID":"BC-1-0201","cat_id":"client","type":"CD","date":44566,"category":"client","association":"KN","highlight":{},"emphasize":"Y","dint":1641340800000,"age":"","index":200,"edges":[],"neighbors":[],"degree":0,"dstr":"2022-01-05"},{"TAGID":"BC-1-0202","SEQID":"EPI_ISL_11725146","cat_id":"staff","type":"CD","date":44591,"category":"staff","association":"KN","highlight":{},"emphasize":"N","dint":1643500800000,"age":"","index":201,"edges":[],"neighbors":[],"degree":0,"GNODEID":0,"dstr":"2022-01-30"},{"SEQID":"EPI_ISL_11823646","GNODEID":"G-2","TAGID":"BC-1-0203","cat_id":"client","type":"CD","date":44554,"category":"client","association":"CS","highlight":{},"emphasize":"N","dint":1640304000000,"age":"","index":202,"edges":[],"neighbors":[],"degree":0,"dstr":"2021-12-24"},{"TAGID":"BC-1-0204","SEQID":"EPI_ISL_12987546","cat_id":"staff","type":"CD","date":44569,"category":"staff","association":"KN","highlight":{},"emphasize":"N","dint":1641600000000,"age":"","index":203,"edges":[],"neighbors":[],"degree":0,"GNODEID":0,"dstr":"2022-01-08"},{"TAGID":"BC-1-0205","SEQID":"EPI_ISL_12985946","cat_id":"client","type":"CD","date":44568,"category":"client","association":"KN","highlight":{},"emphasize":"Y","dint":1641513600000,"age":"","index":204,"edges":[],"neighbors":[],"degree":0,"GNODEID":0,"dstr":"2022-01-07"},{"TAGID":"BC-1-0206","SEQID":"EPI_ISL_12985746","cat_id":"client","type":"CD","date":44567,"category":"client","association":"KN","highlight":{},"emphasize":"N","dint":1641427200000,"age":"","index":205,"edges":[],"neighbors":[],"degree":0,"GNODEID":0,"dstr":"2022-01-06"},{"TAGID":"BC-1-0207","SEQID":"EPI_ISL_12986047","cat_id":"staff","type":"CD","date":44571,"category":"staff","association":"KN","highlight":{},"emphasize":"Y","dint":1641772800000,"age":"","index":206,"edges":[],"neighbors":[],"degree":0,"GNODEID":0,"dstr":"2022-01-10"},{"TAGID":"BC-1-0208","SEQID":"EPI_ISL_12987547","cat_id":"staff","type":"CD","date":44569,"category":"staff","association":"KN","highlight":{},"emphasize":"Y","dint":1641600000000,"age":"","index":207,"edges":[],"neighbors":[],"degree":0,"GNODEID":0,"dstr":"2022-01-08"},{"TAGID":"BC-1-0209","SEQID":"EPI_ISL_12985747","cat_id":"client","type":"CD","date":44567,"category":"client","association":"KN","highlight":{},"emphasize":"N","dint":1641427200000,"age":"","index":208,"edges":[],"neighbors":[],"degree":0,"GNODEID":0,"dstr":"2022-01-06"},{"TAGID":"BC-1-0210","SEQID":"EPI_ISL_11717748","cat_id":"client","type":"CD","date":44580,"category":"client","association":"KS","highlight":{},"emphasize":"Y","dint":1642550400000,"age":"","index":209,"edges":[],"neighbors":[],"degree":0,"GNODEID":0,"dstr":"2022-01-19"},{"TAGID":"BC-1-0211","SEQID":"EPI_ISL_12985848","cat_id":"client","type":"CD","date":44567,"category":"client","association":"KN","highlight":{},"emphasize":"N","dint":1641427200000,"age":"","index":210,"edges":[],"neighbors":[],"degree":0,"GNODEID":0,"dstr":"2022-01-06"},{"TAGID":"BC-1-0212","SEQID":"EPI_ISL_12987548","cat_id":"staff","type":"CD","date":44570,"category":"staff","association":"KN","highlight":{},"emphasize":"N","dint":1641686400000,"age":"","index":211,"edges":[],"neighbors":[],"degree":0,"GNODEID":0,"dstr":"2022-01-09"},{"TAGID":"BC-1-0213","SEQID":"EPI_ISL_12985748","cat_id":"staff","type":"CD","date":44567,"category":"staff","association":"KN","highlight":{},"emphasize":"N","dint":1641427200000,"age":"","index":212,"edges":[],"neighbors":[],"degree":0,"GNODEID":0,"dstr":"2022-01-06"},{"SEQID":"EPI_ISL_11725149","GNODEID":"G-2.20","TAGID":"BC-1-0214","cat_id":"client","type":"CD","date":44591,"category":"client","association":"KN","highlight":{},"emphasize":"Y","dint":1643500800000,"age":"","index":213,"edges":[],"neighbors":[],"degree":0,"dstr":"2022-01-30"},{"TAGID":"BC-1-0215","SEQID":"EPI_ISL_12985749","cat_id":"client","type":"CD","date":44567,"category":"client","association":"KN","highlight":{},"emphasize":"N","dint":1641427200000,"age":"","index":214,"edges":[],"neighbors":[],"degree":0,"GNODEID":0,"dstr":"2022-01-06"},{"TAGID":"BC-1-0216","SEQID":"EPI_ISL_11706850","cat_id":"client","type":"CD","date":44585,"category":"client","association":"KS","highlight":{},"emphasize":"N","dint":1642982400000,"age":"","index":215,"edges":[],"neighbors":[],"degree":0,"GNODEID":0,"dstr":"2022-01-24"},{"SEQID":"EPI_ISL_11712750","GNODEID":"G-2.3.4","TAGID":"BC-1-0217","cat_id":"client","type":"CD","date":44584,"category":"client","highlight":{},"emphasize":"N","dint":1642896000000,"age":"","index":216,"edges":[],"neighbors":[],"degree":0,"association":0,"dstr":"2022-01-23"},{"TAGID":"BC-1-0218","SEQID":"EPI_ISL_12985751","cat_id":"client","type":"CD","date":44567,"category":"client","association":"KN","highlight":{},"emphasize":"Y","dint":1641427200000,"age":"","index":217,"edges":[],"neighbors":[],"degree":0,"GNODEID":0,"dstr":"2022-01-06"},{"TAGID":"BC-1-0219","SEQID":"EPI_ISL_12989052","cat_id":"staff","type":"CD","date":44582,"category":"staff","association":"KY","highlight":{},"emphasize":"Y","dint":1642723200000,"age":"","index":218,"edges":[],"neighbors":[],"degree":0,"GNODEID":0,"dstr":"2022-01-21"},{"TAGID":"BC-1-0220","SEQID":"EPI_ISL_12984652","cat_id":"client","type":"CD","date":44584,"category":"client","association":"KS","highlight":{},"emphasize":"N","dint":1642896000000,"age":"","index":219,"edges":[],"neighbors":[],"degree":0,"GNODEID":0,"dstr":"2022-01-23"},{"TAGID":"BC-1-0221","SEQID":"EPI_ISL_11719354","cat_id":"staff","type":"CD","date":44581,"category":"staff","association":"CS","highlight":{},"emphasize":"Y","dint":1642636800000,"age":"","index":220,"edges":[],"neighbors":[],"degree":0,"GNODEID":0,"dstr":"2022-01-20"},{"SEQID":"EPI_ISL_11725054","GNODEID":"G-2.29","TAGID":"BC-1-0222","cat_id":"client","type":"CD","date":44586,"category":"client","association":"KN","highlight":{},"emphasize":"Y","dint":1643068800000,"age":"","index":221,"edges":[],"neighbors":[],"degree":0,"dstr":"2022-01-25"},{"TAGID":"BC-1-0223","SEQID":"EPI_ISL_12985959","cat_id":"staff","type":"CD","date":44568,"category":"staff","association":"KN","highlight":{},"emphasize":"N","dint":1641513600000,"age":"","index":222,"edges":[],"neighbors":[],"degree":0,"GNODEID":0,"dstr":"2022-01-07"},{"TAGID":"BC-1-0224","SEQID":"EPI_ISL_11718859","cat_id":"staff","type":"CD","date":44566,"category":"staff","association":"KN","highlight":{},"emphasize":"Y","dint":1641340800000,"age":"","index":223,"edges":[],"neighbors":[],"degree":0,"GNODEID":0,"dstr":"2022-01-05"},{"SEQID":"EPI_ISL_12943861","GNODEID":"G-2.37","TAGID":"BC-1-0225","cat_id":"client","type":"CD","date":44566,"category":"client","association":"OK","highlight":{},"emphasize":"N","dint":1641340800000,"age":"","index":224,"edges":[],"neighbors":[],"degree":0,"dstr":"2022-01-05"},{"SEQID":"EPI_ISL_11707962","GNODEID":"G-2.30","TAGID":"BC-1-0226","cat_id":"client","type":"CD","date":44590,"category":"client","association":"KS","highlight":{},"emphasize":"Y","dint":1643414400000,"age":"","index":225,"edges":[],"neighbors":[],"degree":0,"dstr":"2022-01-29"},{"TAGID":"BC-1-0227","SEQID":"EPI_ISL_11712762","cat_id":"staff","type":"CD","date":44585,"category":"staff","highlight":{},"emphasize":"N","dint":1642982400000,"age":"","index":226,"edges":[],"neighbors":[],"degree":0,"GNODEID":0,"association":0,"dstr":"2022-01-24"},{"TAGID":"BC-1-0228","SEQID":"EPI_ISL_11712713","cat_id":"staff","type":"CD","date":44581,"category":"staff","highlight":{},"emphasize":"Y","dint":1642636800000,"age":"","index":227,"edges":[],"neighbors":[],"degree":0,"GNODEID":0,"association":0,"dstr":"2022-01-20"},{"SEQID":"EPI_ISL_11707114","GNODEID":"G-2.10","TAGID":"BC-1-0229","cat_id":"client","type":"CD","date":44588,"category":"client","association":"KS","highlight":{},"emphasize":"N","dint":1643241600000,"age":"","index":228,"edges":[],"neighbors":[],"degree":0,"dstr":"2022-01-27"},{"SEQID":"EPI_ISL_11712732","GNODEID":"G-2.3.3","TAGID":"BC-1-0230","cat_id":"client","type":"CD","date":44583,"category":"client","highlight":{},"emphasize":"N","dint":1642809600000,"age":"","index":229,"edges":[],"neighbors":[],"degree":0,"association":0,"dstr":"2022-01-22"},{"TAGID":"BC-1-0231","SEQID":"EPI_ISL_12682165","cat_id":"staff","type":"CD","date":44589,"category":"staff","association":"KN","highlight":{},"emphasize":"Y","dint":1643328000000,"age":"","index":230,"edges":[],"neighbors":[],"degree":0,"GNODEID":0,"dstr":"2022-01-28"},{"TAGID":"BC-1-0232","SEQID":"EPI_ISL_11706666","cat_id":"staff","type":"CD","date":44580,"category":"staff","association":"KS","highlight":{},"emphasize":"Y","dint":1642550400000,"age":"","index":231,"edges":[],"neighbors":[],"degree":0,"GNODEID":0,"dstr":"2022-01-19"},{"TAGID":"BC-1-0233","SEQID":"EPI_ISL_12682167","cat_id":"client","type":"CD","date":44589,"category":"client","association":"KN","highlight":{},"emphasize":"N","dint":1643328000000,"age":"","index":232,"edges":[],"neighbors":[],"degree":0,"GNODEID":0,"dstr":"2022-01-28"},{"SEQID":"EPI_ISL_11712767","GNODEID":"G-2.12","TAGID":"BC-1-0234","cat_id":"client","type":"CD","date":44585,"category":"client","highlight":{},"emphasize":"Y","dint":1642982400000,"age":"","index":233,"edges":[],"neighbors":[],"degree":0,"association":0,"dstr":"2022-01-24"},{"TAGID":"BC-1-0235","SEQID":"EPI_ISL_11706668","cat_id":"client","type":"CD","date":44580,"category":"client","association":"KS","highlight":{},"emphasize":"N","dint":1642550400000,"age":"","index":234,"edges":[],"neighbors":[],"degree":0,"GNODEID":0,"dstr":"2022-01-19"},{"SEQID":"EPI_ISL_11707069","GNODEID":"G-2.9.1","TAGID":"BC-1-0236","cat_id":"staff","type":"CD","date":44588,"category":"staff","association":"KS","highlight":{},"emphasize":"Y","dint":1643241600000,"age":"","index":235,"edges":[],"neighbors":[],"degree":0,"dstr":"2022-01-27"},{"SEQID":"EPI_ISL_11720171","GNODEID":"G-2.8.1","TAGID":"BC-1-0237","cat_id":"client","type":"CD","date":44584,"category":"client","association":"KY","highlight":{},"emphasize":"Y","dint":1642896000000,"age":"","index":236,"edges":[],"neighbors":[],"degree":0,"dstr":"2022-01-23"},{"TAGID":"BC-1-0238","SEQID":"EPI_ISL_11725071","cat_id":"staff","type":"CD","date":44583,"category":"staff","association":"KN","highlight":{},"emphasize":"Y","dint":1642809600000,"age":"","index":237,"edges":[],"neighbors":[],"degree":0,"GNODEID":0,"dstr":"2022-01-22"},{"TAGID":"BC-1-0239","SEQID":"EPI_ISL_11712772","cat_id":"staff","type":"CD","date":44586,"category":"staff","highlight":{},"emphasize":"Y","dint":1643068800000,"age":"","index":238,"edges":[],"neighbors":[],"degree":0,"GNODEID":0,"association":0,"dstr":"2022-01-25"},{"TAGID":"BC-1-0240","SEQID":"EPI_ISL_11712793","cat_id":"staff","type":"CD","date":44588,"category":"staff","highlight":{},"emphasize":"N","dint":1643241600000,"age":"","index":239,"edges":[],"neighbors":[],"degree":0,"GNODEID":0,"association":0,"dstr":"2022-01-27"},{"TAGID":"BC-1-0241","SEQID":"EPI_ISL_11705773","cat_id":"staff","type":"CD","date":44580,"category":"staff","association":"KS","highlight":{},"emphasize":"Y","dint":1642550400000,"age":"","index":240,"edges":[],"neighbors":[],"degree":0,"GNODEID":0,"dstr":"2022-01-19"},{"TAGID":"BC-1-0242","SEQID":"EPI_ISL_11712773","cat_id":"staff","type":"CD","date":44586,"category":"staff","highlight":{},"emphasize":"N","dint":1643068800000,"age":"","index":241,"edges":[],"neighbors":[],"degree":0,"GNODEID":0,"association":0,"dstr":"2022-01-25"},{"TAGID":"BC-1-0243","SEQID":"EPI_ISL_11717773","cat_id":"staff","type":"CD","date":44581,"category":"staff","association":"KS","highlight":{},"emphasize":"Y","dint":1642636800000,"age":"","index":242,"edges":[],"neighbors":[],"degree":0,"GNODEID":0,"dstr":"2022-01-20"},{"TAGID":"BC-1-0244","SEQID":"EPI_ISL_11725073","cat_id":"staff","type":"CD","date":44586,"category":"staff","association":"KN","highlight":{},"emphasize":"Y","dint":1643068800000,"age":"","index":243,"edges":[],"neighbors":[],"degree":0,"GNODEID":0,"dstr":"2022-01-25"},{"SEQID":"EPI_ISL_12682174","GNODEID":"G-2.14","TAGID":"BC-1-0245","cat_id":"client","type":"CD","date":44589,"category":"client","association":"KN","highlight":{},"emphasize":"N","dint":1643328000000,"age":"","index":244,"edges":[],"neighbors":[],"degree":0,"dstr":"2022-01-28"},{"TAGID":"BC-1-0246","SEQID":"EPI_ISL_12682176","cat_id":"staff","type":"CD","date":44589,"category":"staff","association":"KN","highlight":{},"emphasize":"Y","dint":1643328000000,"age":"","index":245,"edges":[],"neighbors":[],"degree":0,"GNODEID":0,"dstr":"2022-01-28"},{"SEQID":"EPI_ISL_11706876","GNODEID":"G-2.26","TAGID":"BC-1-0247","cat_id":"staff","type":"CD","date":44585,"category":"staff","association":"KS","highlight":{},"emphasize":"Y","dint":1642982400000,"age":"","index":246,"edges":[],"neighbors":[],"degree":0,"dstr":"2022-01-24"},{"TAGID":"BC-1-0248","SEQID":"EPI_ISL_11712727","cat_id":"staff","type":"CD","date":44582,"category":"staff","highlight":{},"emphasize":"Y","dint":1642723200000,"age":"","index":247,"edges":[],"neighbors":[],"degree":0,"GNODEID":0,"association":0,"dstr":"2022-01-21"},{"SEQID":"EPI_ISL_12402176","GNODEID":"G-2","TAGID":"BC-1-0249","cat_id":"staff","type":"CD","date":44565,"category":"staff","association":"CS","highlight":{},"emphasize":"N","dint":1641254400000,"age":"","index":248,"edges":[],"neighbors":[],"degree":0,"dstr":"2022-01-04"},{"TAGID":"BC-1-0250","SEQID":"EPI_ISL_12985877","cat_id":"client","type":"CD","date":44567,"category":"client","association":"KN","highlight":{},"emphasize":"N","dint":1641427200000,"age":"","index":249,"edges":[],"neighbors":[],"degree":0,"GNODEID":0,"dstr":"2022-01-06"},{"TAGID":"BC-1-0251","SEQID":"EPI_ISL_12989078","cat_id":"staff","type":"CD","date":44582,"category":"staff","association":"KY","highlight":{},"emphasize":"Y","dint":1642723200000,"age":"","index":250,"edges":[],"neighbors":[],"degree":0,"GNODEID":0,"dstr":"2022-01-21"},{"TAGID":"BC-1-0252","SEQID":"EPI_ISL_11712778","cat_id":"client","type":"CD","date":44586,"category":"client","highlight":{},"emphasize":"Y","dint":1643068800000,"age":"","index":251,"edges":[],"neighbors":[],"degree":0,"GNODEID":0,"association":0,"dstr":"2022-01-25"},{"TAGID":"BC-1-0253","SEQID":"EPI_ISL_11717678","cat_id":"staff","type":"CD","date":44587,"category":"staff","association":"KS","highlight":{},"emphasize":"Y","dint":1643155200000,"age":"","index":252,"edges":[],"neighbors":[],"degree":0,"GNODEID":0,"dstr":"2022-01-26"},{"TAGID":"BC-1-0254","SEQID":"EPI_ISL_11724978","cat_id":"staff","type":"CD","date":44582,"category":"staff","association":"KN","highlight":{},"emphasize":"N","dint":1642723200000,"age":"","index":253,"edges":[],"neighbors":[],"degree":0,"GNODEID":0,"dstr":"2022-01-21"},{"TAGID":"BC-1-0255","SEQID":"EPI_ISL_12985879","cat_id":"staff","type":"CD","date":44567,"category":"staff","association":"KN","highlight":{},"emphasize":"N","dint":1641427200000,"age":"","index":254,"edges":[],"neighbors":[],"degree":0,"GNODEID":0,"dstr":"2022-01-06"},{"TAGID":"BC-1-0256","SEQID":"EPI_ISL_11724979","cat_id":"staff","type":"CD","date":44583,"category":"staff","association":"KN","highlight":{},"emphasize":"N","dint":1642809600000,"age":"","index":255,"edges":[],"neighbors":[],"degree":0,"GNODEID":0,"dstr":"2022-01-22"},{"TAGID":"BC-1-0257","SEQID":"EPI_ISL_11725080","cat_id":"client","type":"CD","date":44586,"category":"client","association":"KN","highlight":{},"emphasize":"Y","dint":1643068800000,"age":"","index":256,"edges":[],"neighbors":[],"degree":0,"GNODEID":0,"dstr":"2022-01-25"},{"TAGID":"BC-1-0258","SEQID":"EPI_ISL_12987681","cat_id":"client","type":"CD","date":44582,"category":"client","highlight":{},"emphasize":"Y","dint":1642723200000,"age":"","index":257,"edges":[],"neighbors":[],"degree":0,"GNODEID":0,"association":0,"dstr":"2022-01-21"},{"SEQID":"EPI_ISL_11707181","GNODEID":"G-2.13","TAGID":"BC-1-0259","cat_id":"staff","type":"CD","date":44588,"category":"staff","association":"KS","highlight":{},"emphasize":"Y","dint":1643241600000,"age":"","index":258,"edges":[],"neighbors":[],"degree":0,"dstr":"2022-01-27"},{"TAGID":"BC-1-0260","SEQID":"EPI_ISL_11712781","cat_id":"staff","type":"CD","date":44587,"category":"staff","highlight":{},"emphasize":"Y","dint":1643155200000,"age":"","index":259,"edges":[],"neighbors":[],"degree":0,"GNODEID":0,"association":0,"dstr":"2022-01-26"},{"TAGID":"BC-1-0261","SEQID":"EPI_ISL_12987683","cat_id":"staff","type":"CD","date":44585,"category":"staff","highlight":{},"emphasize":"N","dint":1642982400000,"age":"","index":260,"edges":[],"neighbors":[],"degree":0,"GNODEID":0,"association":0,"dstr":"2022-01-24"},{"TAGID":"BC-1-0262","SEQID":"EPI_ISL_11717683","cat_id":"client","type":"CD","date":44587,"category":"client","association":"KS","highlight":{},"emphasize":"Y","dint":1643155200000,"age":"","index":261,"edges":[],"neighbors":[],"degree":0,"GNODEID":0,"dstr":"2022-01-26"},{"TAGID":"BC-1-0263","SEQID":"EPI_ISL_11725083","cat_id":"staff","type":"CD","date":44585,"category":"staff","association":"KN","highlight":{},"emphasize":"N","dint":1642982400000,"age":"","index":262,"edges":[],"neighbors":[],"degree":0,"GNODEID":0,"dstr":"2022-01-24"},{"TAGID":"BC-1-0264","SEQID":"EPI_ISL_12987544","cat_id":"client","type":"CD","date":44569,"category":"client","association":"KN","highlight":{},"emphasize":"Y","dint":1641600000000,"age":"","index":263,"edges":[],"neighbors":[],"degree":0,"GNODEID":0,"dstr":"2022-01-08"},{"SEQID":"EPI_ISL_12986584","GNODEID":"G-2.31","TAGID":"BC-1-0265","cat_id":"staff","type":"CD","date":44590,"category":"staff","association":"CS","highlight":{},"emphasize":"Y","dint":1643414400000,"age":"","index":264,"edges":[],"neighbors":[],"degree":0,"dstr":"2022-01-29"},{"TAGID":"BC-1-0266","SEQID":"EPI_ISL_12984584","cat_id":"staff","type":"CD","date":44582,"category":"staff","association":"KS","highlight":{},"emphasize":"Y","dint":1642723200000,"age":"","index":265,"edges":[],"neighbors":[],"degree":0,"GNODEID":0,"dstr":"2022-01-21"},{"TAGID":"BC-1-0267","SEQID":"EPI_ISL_12985735","cat_id":"staff","type":"CD","date":44567,"category":"staff","association":"KN","highlight":{},"emphasize":"Y","dint":1641427200000,"age":"","index":266,"edges":[],"neighbors":[],"degree":0,"GNODEID":0,"dstr":"2022-01-06"},{"TAGID":"BC-1-0268","SEQID":"EPI_ISL_11706684","cat_id":"staff","type":"CD","date":44580,"category":"staff","association":"KS","highlight":{},"emphasize":"Y","dint":1642550400000,"age":"","index":267,"edges":[],"neighbors":[],"degree":0,"GNODEID":0,"dstr":"2022-01-19"},{"TAGID":"BC-1-0269","SEQID":"EPI_ISL_14601110","cat_id":"staff","type":"CD","date":44581,"category":"staff","association":"KS","highlight":{},"emphasize":"N","dint":1642636800000,"age":"","index":268,"edges":[],"neighbors":[],"degree":0,"GNODEID":0,"dstr":"2022-01-20"},{"TAGID":"BC-1-0270","SEQID":"EPI_ISL_14601048","cat_id":"client","type":"CD","date":44567,"category":"client","association":"KN","highlight":{},"emphasize":"N","dint":1641427200000,"age":"","index":269,"edges":[],"neighbors":[],"degree":0,"GNODEID":0,"dstr":"2022-01-06"},{"TAGID":"BC-1-0271","SEQID":"EPI_ISL_14601036","cat_id":"staff","type":"CD","date":44586,"category":"staff","association":"KS","highlight":{},"emphasize":"Y","dint":1643068800000,"age":"","index":270,"edges":[],"neighbors":[],"degree":0,"GNODEID":0,"dstr":"2022-01-25"}],"edges":[{"LINKID":"L-1","TAG_from":"EPI_ISL_12988691","TAG_to":"EPI_ISL_11725150","label":"家族","src":-1,"dst":-1}],"epi":[{"SEQID":"REF","GNODEID":"G-1"},{"SEQID":"EPI_ISL_11823646","GNODEID":"G-2"},{"SEQID":"EPI_ISL_12402176","GNODEID":"G-2"},{"SEQID":"EPI_ISL_13294399","GNODEID":"G-2"},{"SEQID":"EPI_ISL_12682168","GNODEID":"G-2"},{"SEQID":"EPI_ISL_12098426","GNODEID":"G-2"},{"SEQID":"EPI_ISL_12682164","GNODEID":"G-2.1"},{"SEQID":"EPI_ISL_11705705","GNODEID":"G-2.2"},{"SEQID":"EPI_ISL_11712712","GNODEID":"G-2.3"},{"SEQID":"EPI_ISL_11712743","GNODEID":"G-2.3"},{"SEQID":"EPI_ISL_11712806","GNODEID":"G-2.3.1"},{"SEQID":"EPI_ISL_11712826","GNODEID":"G-2.3.2"},{"SEQID":"EPI_ISL_11712732","GNODEID":"G-2.3.3"},{"SEQID":"EPI_ISL_11712750","GNODEID":"G-2.3.4"},{"SEQID":"EPI_ISL_11705713","GNODEID":"G-2.4"},{"SEQID":"EPI_ISL_11720890","GNODEID":"G-2.5"},{"SEQID":"EPI_ISL_11718896","GNODEID":"G-2.6"},{"SEQID":"EPI_ISL_11712738","GNODEID":"G-2.6"},{"SEQID":"EPI_ISL_12985732","GNODEID":"G-2.6.1"},{"SEQID":"EPI_ISL_11711012","GNODEID":"G-2.6.2"},{"SEQID":"EPI_ISL_11711920","GNODEID":"G-2.6.3"},{"SEQID":"EPI_ISL_12988521","GNODEID":"G-2.6.3.1"},{"SEQID":"EPI_ISL_11725088","GNODEID":"G-2.6.4"},{"SEQID":"EPI_ISL_12985754","GNODEID":"G-2.6.5"},{"SEQID":"EPI_ISL_12947316","GNODEID":"G-2.7"},{"SEQID":"EPI_ISL_12989413","GNODEID":"G-2.8"},{"SEQID":"EPI_ISL_11720171","GNODEID":"G-2.8.1"},{"SEQID":"EPI_ISL_11709736","GNODEID":"G-2.9"},{"SEQID":"EPI_ISL_11707069","GNODEID":"G-2.9.1"},{"SEQID":"EPI_ISL_11707114","GNODEID":"G-2.10"},{"SEQID":"EPI_ISL_12986706","GNODEID":"G-2.11"},{"SEQID":"EPI_ISL_11712767","GNODEID":"G-2.12"},{"SEQID":"EPI_ISL_11707181","GNODEID":"G-2.13"},{"SEQID":"EPI_ISL_12682174","GNODEID":"G-2.14"},{"SEQID":"EPI_ISL_11706957","GNODEID":"G-2.15"},{"SEQID":"EPI_ISL_11725016","GNODEID":"G-2.16"},{"SEQID":"EPI_ISL_11725133","GNODEID":"G-2.16.1"},{"SEQID":"EPI_ISL_12748601","GNODEID":"G-2.17"},{"SEQID":"EPI_ISL_11707245","GNODEID":"G-2.18"},{"SEQID":"EPI_ISL_11706813","GNODEID":"G-2.19"},{"SEQID":"EPI_ISL_11725149","GNODEID":"G-2.20"},{"SEQID":"EPI_ISL_12985987","GNODEID":"G-2.21"},{"SEQID":"EPI_ISL_11712717","GNODEID":"G-2.22"},{"SEQID":"EPI_ISL_11712744","GNODEID":"G-2.23"},{"SEQID":"EPI_ISL_11719712","GNODEID":"G-2.24"},{"SEQID":"EPI_ISL_11717745","GNODEID":"G-2.25"},{"SEQID":"EPI_ISL_11706876","GNODEID":"G-2.26"},{"SEQID":"EPI_ISL_11705414","GNODEID":"G-2.27"},{"SEQID":"EPI_ISL_12988916","GNODEID":"G-2.28"},{"SEQID":"EPI_ISL_11725054","GNODEID":"G-2.29"},{"SEQID":"EPI_ISL_11725096","GNODEID":"G-2.29.1"},{"SEQID":"EPI_ISL_11707962","GNODEID":"G-2.30"},{"SEQID":"EPI_ISL_12986584","GNODEID":"G-2.31"},{"SEQID":"EPI_ISL_12989208","GNODEID":"G-2.32"},{"SEQID":"EPI_ISL_11725042","GNODEID":"G-2.33"},{"SEQID":"EPI_ISL_11717616","GNODEID":"G-2.34"},{"SEQID":"EPI_ISL_12985762","GNODEID":"G-2.35"},{"SEQID":"EPI_ISL_12098414","GNODEID":"G-2.36"},{"SEQID":"EPI_ISL_12943861","GNODEID":"G-2.37"},{"SEQID":"EPI_ISL_12748609","GNODEID":"G-2.38"},{"SEQID":"EPI_ISL_11725011","GNODEID":"G-2.39"},{"SEQID":"EPI_ISL_11717548","GNODEID":"G-2.40"},{"SEQID":"EPI_ISL_11725120","GNODEID":"G-2.41"},{"SEQID":"EPI_ISL_12985950","GNODEID":"G-2.42"},{"SEQID":"EPI_ISL_11710142","GNODEID":"G-2.43"},{"SEQID":"EPI_ISL_11717644","GNODEID":"G-2.44"},{"SEQID":"EPI_ISL_11706607","GNODEID":"G-2.45"},{"SEQID":"EPI_ISL_11719104","GNODEID":"G-2.46"},{"SEQID":"EPI_ISL_11725008","GNODEID":"G-2.47"},{"SEQID":"EPI_ISL_12989011","GNODEID":"G-2.47.1"},{"SEQID":"EPI_ISL_11705494","GNODEID":"G-2.47.2"},{"SEQID":"EPI_ISL_11710395","GNODEID":"G-2.47.2"},{"SEQID":"EPI_ISL_11725129","GNODEID":"G-2.47.3"},{"SEQID":"EPI_ISL_11725117","GNODEID":"G-2.47.4"},{"SEQID":"EPI_ISL_11725115","GNODEID":"G-2.47.5"},{"SEQID":"EPI_ISL_12985895","GNODEID":"G-2.47.6"},{"SEQID":"EPI_ISL_12985745","GNODEID":"G-2.47.6.1"},{"SEQID":"EPI_ISL_12985904","GNODEID":"G-2.47.7"},{"SEQID":"EPI_ISL_11725001","GNODEID":"G-2.48"},{"SEQID":"EPI_ISL_12985907","GNODEID":"G-3"}],"tree":[{"label":"G-0","length":0,"edges":["G-1","G-2","G-3"],"subs":0},{"label":"G-1","length":0.0067741186,"edges":[],"subs":53},{"label":"G-2","length":0.0001258158,"edges":["G-2.1","G-2.2","G-2.3","G-2.4","G-2.5","G-2.6","G-2.7","G-2.8","G-2.9","G-2.10","G-2.11","G-2.12","G-2.13","G-2.14","G-2.15","G-2.16","G-2.17","G-2.18","G-2.19","G-2.20","G-2.21","G-2.22","G-2.23","G-2.24","G-2.25","G-2.26","G-2.27","G-2.28","G-2.29","G-2.30","G-2.31","G-2.32","G-2.33","G-2.34","G-2.35","G-2.36","G-2.37","G-2.38","G-2.39","G-2.40","G-2.41","G-2.42","G-2.43","G-2.44","G-2.45","G-2.46","G-2.47","G-2.48"],"subs":1},{"label":"G-2.1","length":0.0001272625,"edges":[],"subs":1},{"label":"G-2.2","length":0.0001273206,"edges":[],"subs":1},{"label":"G-2.3","length":0.0001274103,"edges":["G-2.3.1","G-2.3.2","G-2.3.3","G-2.3.4"],"subs":1},{"label":"G-2.3.1","length":0.0001272377,"edges":[],"subs":1},{"label":"G-2.3.2","length":0.0001273374,"edges":[],"subs":1},{"label":"G-2.3.3","length":0.0001273985,"edges":[],"subs":1},{"label":"G-2.3.4","length":0.0001274438,"edges":[],"subs":1},{"label":"G-2.4","length":0.0001275297,"edges":[],"subs":1},{"label":"G-2.5","length":0.0001275412,"edges":[],"subs":1},{"label":"G-2.6","length":0.0001276443,"edges":["G-2.6.1","G-2.6.2","G-2.6.3","G-2.6.4","G-2.6.5"],"subs":1},{"label":"G-2.6.1","length":0.0001273396,"edges":[],"subs":1},{"label":"G-2.6.2","length":0.00025467409999999996,"edges":[],"subs":2},{"label":"G-2.6.3","length":0.0002547852999999999,"edges":["G-2.6.3.1"],"subs":2},{"label":"G-2.6.3.1","length":0.0001272414,"edges":[],"subs":1},{"label":"G-2.6.4","length":0.00012753,"edges":[],"subs":1},{"label":"G-2.6.5","length":0.0001275385,"edges":[],"subs":1},{"label":"G-2.7","length":0.00025504299999999983,"edges":[],"subs":2},{"label":"G-2.8","length":0.0001278018,"edges":["G-2.8.1"],"subs":1},{"label":"G-2.8.1","length":0.000127306,"edges":[],"subs":1},{"label":"G-2.9","length":0.00012787010000000001,"edges":["G-2.9.1"],"subs":1},{"label":"G-2.9.1","length":0.0003822277,"edges":[],"subs":3},{"label":"G-2.10","length":0.0001279345,"edges":[],"subs":1},{"label":"G-2.11","length":0.0001279993,"edges":[],"subs":1},{"label":"G-2.12","length":0.0001280647,"edges":[],"subs":1},{"label":"G-2.13","length":0.000128129,"edges":[],"subs":1},{"label":"G-2.14","length":0.0001281939,"edges":[],"subs":1},{"label":"G-2.15","length":0.00012827080000000002,"edges":[],"subs":1},{"label":"G-2.16","length":0.0001283353,"edges":["G-2.16.1"],"subs":1},{"label":"G-2.16.1","length":0.0002547978,"edges":[],"subs":2},{"label":"G-2.17","length":0.00025584209999999954,"edges":[],"subs":2},{"label":"G-2.18","length":0.0001284713,"edges":[],"subs":1},{"label":"G-2.19","length":0.0001285473,"edges":[],"subs":1},{"label":"G-2.20","length":0.00025604139999999947,"edges":[],"subs":2},{"label":"G-2.21","length":0.0001286713,"edges":[],"subs":1},{"label":"G-2.22","length":0.0001287956,"edges":[],"subs":1},{"label":"G-2.23","length":0.00012885900000000002,"edges":[],"subs":1},{"label":"G-2.24","length":0.0002563949999999993,"edges":[],"subs":2},{"label":"G-2.25","length":0.0001290028,"edges":[],"subs":1},{"label":"G-2.26","length":0.0008946507000000008,"edges":[],"subs":7},{"label":"G-2.27","length":0.0001291586,"edges":[],"subs":1},{"label":"G-2.28","length":0.0002567575999999992,"edges":[],"subs":2},{"label":"G-2.29","length":0.0001293133,"edges":["G-2.29.1"],"subs":1},{"label":"G-2.29.1","length":0.000255066,"edges":[],"subs":2},{"label":"G-2.30","length":0.00012938120000000001,"edges":[],"subs":1},{"label":"G-2.31","length":0.00012944870000000002,"edges":[],"subs":1},{"label":"G-2.32","length":0.0001295001,"edges":[],"subs":1},{"label":"G-2.33","length":0.00012956410000000002,"edges":[],"subs":1},{"label":"G-2.34","length":0.0001296403,"edges":[],"subs":1},{"label":"G-2.35","length":0.000129705,"edges":[],"subs":1},{"label":"G-2.36","length":0.0001297686,"edges":[],"subs":1},{"label":"G-2.37","length":0.0001298379,"edges":[],"subs":1},{"label":"G-2.38","length":0.0001299026,"edges":[],"subs":1},{"label":"G-2.39","length":0.00012996060000000002,"edges":[],"subs":1},{"label":"G-2.40","length":0.0001300181,"edges":[],"subs":1},{"label":"G-2.41","length":0.00013009260000000002,"edges":[],"subs":1},{"label":"G-2.42","length":0.00013014700000000003,"edges":[],"subs":1},{"label":"G-2.43","length":0.0001302114,"edges":[],"subs":1},{"label":"G-2.44","length":0.00013027630000000002,"edges":[],"subs":1},{"label":"G-2.45","length":0.0001304075,"edges":[],"subs":1},{"label":"G-2.46","length":0.00013040140000000001,"edges":[],"subs":1},{"label":"G-2.47","length":0.0001268924,"edges":["G-2.47.1","G-2.47.2","G-2.47.3","G-2.47.4","G-2.47.5","G-2.47.6","G-2.47.7"],"subs":1},{"label":"G-2.47.1","length":0.0001268348,"edges":[],"subs":1},{"label":"G-2.47.2","length":0.0001268792,"edges":[],"subs":1},{"label":"G-2.47.3","length":0.0001269321,"edges":[],"subs":1},{"label":"G-2.47.4","length":0.00012699520000000001,"edges":[],"subs":1},{"label":"G-2.47.5","length":0.0002538967999999999,"edges":[],"subs":2},{"label":"G-2.47.6","length":0.000127138,"edges":["G-2.47.6.1"],"subs":1},{"label":"G-2.47.6.1","length":0.0001267762,"edges":[],"subs":1},{"label":"G-2.47.7","length":0.0001271439,"edges":[],"subs":1},{"label":"G-2.48","length":0.0001268879,"edges":[],"subs":1},{"label":"G-3","length":0.0005089403,"edges":[],"subs":4}],"dist":{"period":8.34106366123304,"phase":7.34106366123304,"interval":0.000015253591193737771}}