{"nodes":[{"SEQID":"EPI_ISL_14535232","GNODEID":"G-2.11.4","TAGID":"BE-1-0001","cat_id":"staff","type":"CD","date":44767,"category":"staff","association":"KN","highlight":{},"emphasize":"N","dint":1658707200000,"age":"","index":0,"edges":[],"neighbors":[],"degree":0,"dstr":"2022-07-25"},{"SEQID":"EPI_ISL_14541312","GNODEID":"G-2.9","TAGID":"BE-1-0002","cat_id":"client","type":"CD","date":44776,"category":"client","highlight":{},"emphasize":"N","dint":1659484800000,"age":"","index":1,"edges":[],"neighbors":[],"degree":0,"association":0,"dstr":"2022-08-03"},{"TAGID":"BE-1-0003","SEQID":"EPI_ISL_14155259","cat_id":"client","type":"CD","date":44766,"category":"client","association":"KN","highlight":{},"emphasize":"Y","dint":1658620800000,"age":"","index":2,"edges":[],"neighbors":[],"degree":0,"GNODEID":0,"dstr":"2022-07-24"},{"SEQID":"EPI_ISL_14211988","GNODEID":"G-2.5","TAGID":"BE-1-0004","cat_id":"staff","type":"CD","date":44763,"category":"staff","highlight":{},"emphasize":"N","dint":1658361600000,"age":"","index":3,"edges":[],"neighbors":[],"degree":0,"association":0,"dstr":"2022-07-21"},{"SEQID":"EPI_ISL_14586137","GNODEID":"G-2.8.3.2","TAGID":"BE-1-0005","cat_id":"staff","type":"CD","date":44764,"category":"staff","association":"TH","highlight":{},"emphasize":"Y","dint":1658448000000,"age":"","index":4,"edges":[],"neighbors":[],"degree":0,"dstr":"2022-07-22"},{"SEQID":"EPI_ISL_14290579","GNODEID":"G-2.10.3","TAGID":"BE-1-0006","cat_id":"client","type":"CD","date":44770,"category":"client","association":"KN","highlight":{},"emphasize":"N","dint":1658966400000,"age":"","index":5,"edges":[],"neighbors":[],"degree":0,"dstr":"2022-07-28"},{"SEQID":"EPI_ISL_14290581","GNODEID":"G-2.11.4","TAGID":"BE-1-0007","cat_id":"client","type":"CD","date":44770,"category":"client","association":"KN","highlight":{},"emphasize":"Y","dint":1658966400000,"age":"","index":6,"edges":[],"neighbors":[],"degree":0,"dstr":"2022-07-28"},{"SEQID":"EPI_ISL_14291796","GNODEID":"G-2.7","TAGID":"BE-1-0008","cat_id":"staff","type":"CD","date":44771,"category":"staff","association":"KN","highlight":{},"emphasize":"Y","dint":1659052800000,"age":"","index":7,"edges":[],"neighbors":[],"degree":0,"dstr":"2022-07-29"},{"SEQID":"EPI_ISL_14632426","GNODEID":"G-2.11.2","TAGID":"BE-1-0009","cat_id":"staff","type":"CD","date":44787,"category":"staff","highlight":{},"emphasize":"N","dint":1660435200000,"age":"","index":8,"edges":[],"neighbors":[],"degree":0,"association":0,"dstr":"2022-08-14"},{"SEQID":"EPI_ISL_14632461","GNODEID":"G-2.3","TAGID":"BE-1-0010","cat_id":"client","type":"CD","date":44784,"category":"client","highlight":{},"emphasize":"N","dint":1660176000000,"age":"","index":9,"edges":[],"neighbors":[],"degree":0,"association":0,"dstr":"2022-08-11"},{"SEQID":"EPI_ISL_14639298","GNODEID":"G-2.8.4.2","TAGID":"BE-1-0011","cat_id":"staff","type":"CD","date":44766,"category":"staff","association":"KS","highlight":{},"emphasize":"N","dint":1658620800000,"age":"","index":10,"edges":[],"neighbors":[],"degree":0,"dstr":"2022-07-24"},{"SEQID":"EPI_ISL_14638048","GNODEID":"G-2.8.3.5.2","TAGID":"BE-1-0012","cat_id":"client","type":"CD","date":44763,"category":"client","association":"TO","highlight":{},"emphasize":"Y","dint":1658361600000,"age":"","index":11,"edges":[],"neighbors":[],"degree":0,"dstr":"2022-07-21"},{"SEQID":"EPI_ISL_14637464","GNODEID":"G-2.11.4","TAGID":"BE-1-0013","cat_id":"staff","type":"CD","date":44768,"category":"staff","association":"KS","highlight":{},"emphasize":"N","dint":1658793600000,"age":"","index":12,"edges":[],"neighbors":[],"degree":0,"dstr":"2022-07-26"},{"TAGID":"BE-1-0014","SEQID":"EPI_ISL_14638411","cat_id":"client","type":"CD","date":44768,"category":"client","association":"KS","highlight":{},"emphasize":"Y","dint":1658793600000,"age":"","index":13,"edges":[],"neighbors":[],"degree":0,"GNODEID":0,"dstr":"2022-07-26"},{"SEQID":"EPI_ISL_14638428","GNODEID":"G-2.8.1","TAGID":"BE-1-0015","cat_id":"staff","type":"CD","date":44768,"category":"staff","association":"KS","highlight":{},"emphasize":"Y","dint":1658793600000,"age":"","index":14,"edges":[],"neighbors":[],"degree":0,"dstr":"2022-07-26"},{"TAGID":"BE-1-0016","SEQID":"EPI_ISL_14638437","cat_id":"client","type":"CD","date":44768,"category":"client","association":"KS","highlight":{},"emphasize":"N","dint":1658793600000,"age":"","index":15,"edges":[],"neighbors":[],"degree":0,"GNODEID":0,"dstr":"2022-07-26"},{"SEQID":"EPI_ISL_14638663","GNODEID":"G-2.6.1","TAGID":"BE-1-0017","cat_id":"client","type":"CD","date":44767,"category":"client","highlight":{},"emphasize":"N","dint":1658707200000,"age":"","index":16,"edges":[],"neighbors":[],"degree":0,"association":0,"dstr":"2022-07-25"},{"TAGID":"BE-1-0018","SEQID":"EPI_ISL_14639207","cat_id":"client","type":"CD","date":44765,"category":"client","association":"KS","highlight":{},"emphasize":"N","dint":1658534400000,"age":"","index":17,"edges":[],"neighbors":[],"degree":0,"GNODEID":0,"dstr":"2022-07-23"},{"SEQID":"EPI_ISL_14639246","GNODEID":"G-2.11.10","TAGID":"BE-1-0019","cat_id":"client","type":"CD","date":44765,"category":"client","association":"KS","highlight":{},"emphasize":"Y","dint":1658534400000,"age":"","index":18,"edges":[],"neighbors":[],"degree":0,"dstr":"2022-07-23"},{"SEQID":"EPI_ISL_14639225","GNODEID":"G-2.8.3.6","TAGID":"BE-1-0020","cat_id":"client","type":"CD","date":44765,"category":"client","association":"KS","highlight":{},"emphasize":"Y","dint":1658534400000,"age":"","index":19,"edges":[],"neighbors":[],"degree":0,"dstr":"2022-07-23"},{"SEQID":"EPI_ISL_14639254","GNODEID":"G-2.8.4","TAGID":"BE-1-0021","cat_id":"client","type":"CD","date":44766,"category":"client","association":"KS","highlight":{},"emphasize":"Y","dint":1658620800000,"age":"","index":20,"edges":[],"neighbors":[],"degree":0,"dstr":"2022-07-24"},{"TAGID":"BE-1-0022","SEQID":"EPI_ISL_14639530","cat_id":"staff","type":"CD","date":44765,"category":"staff","association":"TH","highlight":{},"emphasize":"N","dint":1658534400000,"age":"","index":21,"edges":[],"neighbors":[],"degree":0,"GNODEID":0,"dstr":"2022-07-23"},{"SEQID":"EPI_ISL_14320259","GNODEID":"G-2.4","TAGID":"BE-1-0023","cat_id":"client","type":"CD","date":44763,"category":"client","highlight":{},"emphasize":"N","dint":1658361600000,"age":"","index":22,"edges":[],"neighbors":[],"degree":0,"association":0,"dstr":"2022-07-21"},{"TAGID":"BE-1-0024","SEQID":"EPI_ISL_14639956","cat_id":"client","type":"CD","date":44763,"category":"client","association":"TO","highlight":{},"emphasize":"N","dint":1658361600000,"age":"","index":23,"edges":[],"neighbors":[],"degree":0,"GNODEID":0,"dstr":"2022-07-21"},{"TAGID":"BE-1-0025","SEQID":"EPI_ISL_14639997","cat_id":"client","type":"CD","date":44766,"category":"client","association":"KS","highlight":{},"emphasize":"Y","dint":1658620800000,"age":"","index":24,"edges":[],"neighbors":[],"degree":0,"GNODEID":0,"dstr":"2022-07-24"},{"TAGID":"BE-1-0026","SEQID":"EPI_ISL_14640028","cat_id":"staff","type":"CD","date":44771,"category":"staff","association":"KS","highlight":{},"emphasize":"N","dint":1659052800000,"age":"","index":25,"edges":[],"neighbors":[],"degree":0,"GNODEID":0,"dstr":"2022-07-29"},{"TAGID":"BE-1-0027","SEQID":"EPI_ISL_14640072","cat_id":"staff","type":"CD","date":44769,"category":"staff","association":"KS","highlight":{},"emphasize":"N","dint":1658880000000,"age":"","index":26,"edges":[],"neighbors":[],"degree":0,"GNODEID":0,"dstr":"2022-07-27"},{"TAGID":"BE-1-0028","SEQID":"EPI_ISL_14640108","cat_id":"client","type":"CD","date":44771,"category":"client","association":"KS","highlight":{},"emphasize":"N","dint":1659052800000,"age":"","index":27,"edges":[],"neighbors":[],"degree":0,"GNODEID":0,"dstr":"2022-07-29"},{"SEQID":"EPI_ISL_14640106","GNODEID":"G-2.11.9","TAGID":"BE-1-0029","cat_id":"staff","type":"CD","date":44770,"category":"staff","association":"KS","highlight":{},"emphasize":"Y","dint":1658966400000,"age":"","index":28,"edges":[],"neighbors":[],"degree":0,"dstr":"2022-07-28"},{"TAGID":"BE-1-0030","SEQID":"EPI_ISL_14640261","cat_id":"client","type":"CD","date":44771,"category":"client","association":"KS","highlight":{},"emphasize":"Y","dint":1659052800000,"age":"","index":29,"edges":[],"neighbors":[],"degree":0,"GNODEID":0,"dstr":"2022-07-29"},{"SEQID":"EPI_ISL_14640347","GNODEID":"G-2.11.1","TAGID":"BE-1-0031","cat_id":"staff","type":"CD","date":44775,"category":"staff","association":"KS","highlight":{},"emphasize":"Y","dint":1659398400000,"age":"","index":30,"edges":[],"neighbors":[],"degree":0,"dstr":"2022-08-02"},{"SEQID":"EPI_ISL_14640508","GNODEID":"G-2.8.3.3","TAGID":"BE-1-0032","cat_id":"staff","type":"CD","date":44774,"category":"staff","association":"KS","highlight":{},"emphasize":"N","dint":1659312000000,"age":"","index":31,"edges":[],"neighbors":[],"degree":0,"dstr":"2022-08-01"},{"TAGID":"BE-1-0033","SEQID":"EPI_ISL_14640509","cat_id":"client","type":"CD","date":44774,"category":"client","association":"KS","highlight":{},"emphasize":"Y","dint":1659312000000,"age":"","index":32,"edges":[],"neighbors":[],"degree":0,"GNODEID":0,"dstr":"2022-08-01"},{"TAGID":"BE-1-0034","SEQID":"EPI_ISL_14640786","cat_id":"client","type":"CD","date":44770,"category":"client","highlight":{},"emphasize":"N","dint":1658966400000,"age":"","index":33,"edges":[],"neighbors":[],"degree":0,"GNODEID":0,"association":0,"dstr":"2022-07-28"},{"SEQID":"EPI_ISL_14640951","GNODEID":"G-2.11.5.1.1","TAGID":"BE-1-0035","cat_id":"staff","type":"CD","date":44773,"category":"staff","association":"CS","highlight":{},"emphasize":"Y","dint":1659225600000,"age":"","index":34,"edges":[],"neighbors":[],"degree":0,"dstr":"2022-07-31"},{"SEQID":"EPI_ISL_14640987","GNODEID":"G-2.10.1","TAGID":"BE-1-0036","cat_id":"client","type":"CD","date":44769,"category":"client","association":"CS","highlight":{},"emphasize":"N","dint":1658880000000,"age":"","index":35,"edges":[],"neighbors":[],"degree":0,"dstr":"2022-07-27"},{"TAGID":"BE-1-0037","SEQID":"EPI_ISL_14641642","cat_id":"client","type":"CD","date":44770,"category":"client","association":"TO","highlight":{},"emphasize":"Y","dint":1658966400000,"age":"","index":36,"edges":[],"neighbors":[],"degree":0,"GNODEID":0,"dstr":"2022-07-28"},{"SEQID":"EPI_ISL_14641608","GNODEID":"G-2.6","TAGID":"BE-1-0038","cat_id":"staff","type":"CD","date":44770,"category":"staff","association":"KY","highlight":{},"emphasize":"Y","dint":1658966400000,"age":"","index":37,"edges":[],"neighbors":[],"degree":0,"dstr":"2022-07-28"},{"SEQID":"EPI_ISL_14641734","GNODEID":"G-2.10.4","TAGID":"BE-1-0039","cat_id":"client","type":"CD","date":44768,"category":"client","highlight":{},"emphasize":"Y","dint":1658793600000,"age":"","index":38,"edges":[],"neighbors":[],"degree":0,"association":0,"dstr":"2022-07-26"},{"TAGID":"BE-1-0040","SEQID":"EPI_ISL_14641728","cat_id":"client","type":"CD","date":44768,"category":"client","association":"KN","highlight":{},"emphasize":"N","dint":1658793600000,"age":"","index":39,"edges":[],"neighbors":[],"degree":0,"GNODEID":0,"dstr":"2022-07-26"},{"TAGID":"BE-1-0041","SEQID":"EPI_ISL_14641741","cat_id":"client","type":"CD","date":44771,"category":"client","association":"KN","highlight":{},"emphasize":"Y","dint":1659052800000,"age":"","index":40,"edges":[],"neighbors":[],"degree":0,"GNODEID":0,"dstr":"2022-07-29"},{"SEQID":"EPI_ISL_14642054","GNODEID":"G-2.8.3.3","TAGID":"BE-1-0042","cat_id":"staff","type":"CD","date":44777,"category":"staff","association":"KS","highlight":{},"emphasize":"N","dint":1659571200000,"age":"","index":41,"edges":[],"neighbors":[],"degree":0,"dstr":"2022-08-04"},{"TAGID":"BE-1-0043","SEQID":"EPI_ISL_14642238","cat_id":"client","type":"CD","date":44771,"category":"client","association":"KS","highlight":{},"emphasize":"N","dint":1659052800000,"age":"","index":42,"edges":[],"neighbors":[],"degree":0,"GNODEID":0,"dstr":"2022-07-29"},{"TAGID":"BE-1-0044","SEQID":"EPI_ISL_14642240","cat_id":"client","type":"CD","date":44771,"category":"client","association":"KS","highlight":{},"emphasize":"Y","dint":1659052800000,"age":"","index":43,"edges":[],"neighbors":[],"degree":0,"GNODEID":0,"dstr":"2022-07-29"},{"SEQID":"EPI_ISL_14642496","GNODEID":"G-2.6.2","TAGID":"BE-1-0045","cat_id":"client","type":"CD","date":44769,"category":"client","association":"KN","highlight":{},"emphasize":"N","dint":1658880000000,"age":"","index":44,"edges":[],"neighbors":[],"degree":0,"dstr":"2022-07-27"},{"SEQID":"EPI_ISL_14642494","GNODEID":"G-3","TAGID":"BE-1-0046","cat_id":"staff","type":"CD","date":44769,"category":"staff","association":"KN","highlight":{},"emphasize":"Y","dint":1658880000000,"age":"","index":45,"edges":[],"neighbors":[],"degree":0,"dstr":"2022-07-27"},{"TAGID":"BE-1-0047","SEQID":"EPI_ISL_14642520","cat_id":"client","type":"CD","date":44769,"category":"client","association":"KN","highlight":{},"emphasize":"N","dint":1658880000000,"age":"","index":46,"edges":[],"neighbors":[],"degree":0,"GNODEID":0,"dstr":"2022-07-27"},{"SEQID":"EPI_ISL_14643046","GNODEID":"G-2.8.3.1","TAGID":"BE-1-0048","cat_id":"client","type":"CD","date":44766,"category":"client","association":"TO","highlight":{},"emphasize":"Y","dint":1658620800000,"age":"","index":47,"edges":[],"neighbors":[],"degree":0,"dstr":"2022-07-24"},{"SEQID":"EPI_ISL_14643263","GNODEID":"G-2.8.3.5","TAGID":"BE-1-0049","cat_id":"client","type":"CD","date":44767,"category":"client","association":"TO","highlight":{},"emphasize":"Y","dint":1658707200000,"age":"","index":48,"edges":[],"neighbors":[],"degree":0,"dstr":"2022-07-25"},{"TAGID":"BE-1-0050","SEQID":"EPI_ISL_14643522","cat_id":"staff","type":"CD","date":44769,"category":"staff","association":"KS","highlight":{},"emphasize":"Y","dint":1658880000000,"age":"","index":49,"edges":[],"neighbors":[],"degree":0,"GNODEID":0,"dstr":"2022-07-27"},{"SEQID":"EPI_ISL_14643621","GNODEID":"G-2.11.7","TAGID":"BE-1-0051","cat_id":"client","type":"CD","date":44771,"category":"client","association":"KS","highlight":{},"emphasize":"N","dint":1659052800000,"age":"","index":50,"edges":[],"neighbors":[],"degree":0,"dstr":"2022-07-29"},{"SEQID":"EPI_ISL_14643746","GNODEID":"G-2.11.5.2","TAGID":"BE-1-0052","cat_id":"staff","type":"CD","date":44777,"category":"staff","association":"TH","highlight":{},"emphasize":"N","dint":1659571200000,"age":"","index":51,"edges":[],"neighbors":[],"degree":0,"dstr":"2022-08-04"},{"TAGID":"BE-1-0053","SEQID":"EPI_ISL_14643917","cat_id":"client","type":"CD","date":44768,"category":"client","association":"OK","highlight":{},"emphasize":"N","dint":1658793600000,"age":"","index":52,"edges":[],"neighbors":[],"degree":0,"GNODEID":0,"dstr":"2022-07-26"},{"TAGID":"BE-1-0054","SEQID":"EPI_ISL_14643974","cat_id":"client","type":"CD","date":44769,"category":"client","association":"KS","highlight":{},"emphasize":"N","dint":1658880000000,"age":"","index":53,"edges":[],"neighbors":[],"degree":0,"GNODEID":0,"dstr":"2022-07-27"},{"SEQID":"EPI_ISL_14644357","GNODEID":"G-2.11.3","TAGID":"BE-1-0055","cat_id":"client","type":"CD","date":44777,"category":"client","association":"KS","highlight":{},"emphasize":"Y","dint":1659571200000,"age":"","index":54,"edges":[],"neighbors":[],"degree":0,"dstr":"2022-08-04"},{"SEQID":"EPI_ISL_14644604","GNODEID":"G-2.8.2.2","TAGID":"BE-1-0056","cat_id":"staff","type":"CD","date":44780,"category":"staff","association":"KY","highlight":{},"emphasize":"N","dint":1659830400000,"age":"","index":55,"edges":[],"neighbors":[],"degree":0,"dstr":"2022-08-07"},{"TAGID":"BE-1-0057","SEQID":"EPI_ISL_14644950","cat_id":"staff","type":"CD","date":44766,"category":"staff","association":"CS","highlight":{},"emphasize":"N","dint":1658620800000,"age":"","index":56,"edges":[],"neighbors":[],"degree":0,"GNODEID":0,"dstr":"2022-07-24"},{"TAGID":"BE-1-0058","SEQID":"EPI_ISL_14644971","cat_id":"client","type":"CD","date":44770,"category":"client","association":"CS","highlight":{},"emphasize":"Y","dint":1658966400000,"age":"","index":57,"edges":[],"neighbors":[],"degree":0,"GNODEID":0,"dstr":"2022-07-28"},{"TAGID":"BE-1-0059","SEQID":"EPI_ISL_14644983","cat_id":"staff","type":"CD","date":44774,"category":"staff","association":"CS","highlight":{},"emphasize":"Y","dint":1659312000000,"age":"","index":58,"edges":[],"neighbors":[],"degree":0,"GNODEID":0,"dstr":"2022-08-01"},{"TAGID":"BE-1-0060","SEQID":"EPI_ISL_14645310","cat_id":"client","type":"CD","date":44774,"category":"client","association":"KS","highlight":{},"emphasize":"Y","dint":1659312000000,"age":"","index":59,"edges":[],"neighbors":[],"degree":0,"GNODEID":0,"dstr":"2022-08-01"},{"TAGID":"BE-1-0061","SEQID":"EPI_ISL_14645311","cat_id":"client","type":"CD","date":44774,"category":"client","association":"KS","highlight":{},"emphasize":"N","dint":1659312000000,"age":"","index":60,"edges":[],"neighbors":[],"degree":0,"GNODEID":0,"dstr":"2022-08-01"},{"SEQID":"EPI_ISL_14645508","GNODEID":"G-2.11.8.3","TAGID":"BE-1-0062","cat_id":"staff","type":"CD","date":44776,"category":"staff","association":"OK","highlight":{},"emphasize":"Y","dint":1659484800000,"age":"","index":61,"edges":[],"neighbors":[],"degree":0,"dstr":"2022-08-03"},{"SEQID":"EPI_ISL_14645596","GNODEID":"G-2.11.6","TAGID":"BE-1-0063","cat_id":"staff","type":"CD","date":44775,"category":"staff","association":"KS","highlight":{},"emphasize":"Y","dint":1659398400000,"age":"","index":62,"edges":[],"neighbors":[],"degree":0,"dstr":"2022-08-02"},{"TAGID":"BE-1-0064","SEQID":"EPI_ISL_14646162","cat_id":"staff","type":"CD","date":44775,"category":"staff","association":"KS","highlight":{},"emphasize":"Y","dint":1659398400000,"age":"","index":63,"edges":[],"neighbors":[],"degree":0,"GNODEID":0,"dstr":"2022-08-02"},{"TAGID":"BE-1-0065","SEQID":"EPI_ISL_14646071","cat_id":"client","type":"CD","date":44774,"category":"client","association":"KY","highlight":{},"emphasize":"N","dint":1659312000000,"age":"","index":64,"edges":[],"neighbors":[],"degree":0,"GNODEID":0,"dstr":"2022-08-01"},{"SEQID":"EPI_ISL_14646161","GNODEID":"G-2.8.3.4","TAGID":"BE-1-0066","cat_id":"staff","type":"CD","date":44775,"category":"staff","association":"KS","highlight":{},"emphasize":"N","dint":1659398400000,"age":"","index":65,"edges":[],"neighbors":[],"degree":0,"dstr":"2022-08-02"},{"TAGID":"BE-1-0067","SEQID":"EPI_ISL_14646239","cat_id":"client","type":"CD","date":44778,"category":"client","association":"KS","highlight":{},"emphasize":"Y","dint":1659657600000,"age":"","index":66,"edges":[],"neighbors":[],"degree":0,"GNODEID":0,"dstr":"2022-08-05"},{"TAGID":"BE-1-0068","SEQID":"EPI_ISL_14646561","cat_id":"staff","type":"CD","date":44774,"category":"staff","highlight":{},"emphasize":"Y","dint":1659312000000,"age":"","index":67,"edges":[],"neighbors":[],"degree":0,"GNODEID":0,"association":0,"dstr":"2022-08-01"},{"TAGID":"BE-1-0069","SEQID":"EPI_ISL_14646628","cat_id":"client","type":"CD","date":44776,"category":"client","highlight":{},"emphasize":"Y","dint":1659484800000,"age":"","index":68,"edges":[],"neighbors":[],"degree":0,"GNODEID":0,"association":0,"dstr":"2022-08-03"},{"SEQID":"EPI_ISL_14646798","GNODEID":"G-2.6.4","TAGID":"BE-1-0070","cat_id":"staff","type":"CD","date":44774,"category":"staff","association":"CS","highlight":{},"emphasize":"Y","dint":1659312000000,"age":"","index":69,"edges":[],"neighbors":[],"degree":0,"dstr":"2022-08-01"},{"SEQID":"EPI_ISL_14647323","GNODEID":"G-2.11.11","TAGID":"BE-1-0071","cat_id":"client","type":"CD","date":44779,"category":"client","association":"KN","highlight":{},"emphasize":"Y","dint":1659744000000,"age":"","index":70,"edges":[],"neighbors":[],"degree":0,"dstr":"2022-08-06"},{"SEQID":"EPI_ISL_14647428","GNODEID":"G-2.8.3.5.1","TAGID":"BE-1-0072","cat_id":"client","type":"CD","date":44776,"category":"client","association":"TO","highlight":{},"emphasize":"Y","dint":1659484800000,"age":"","index":71,"edges":[],"neighbors":[],"degree":0,"dstr":"2022-08-03"},{"TAGID":"BE-1-0073","SEQID":"EPI_ISL_14647441","cat_id":"client","type":"CD","date":44775,"category":"client","association":"OK","highlight":{},"emphasize":"N","dint":1659398400000,"age":"","index":72,"edges":[],"neighbors":[],"degree":0,"GNODEID":0,"dstr":"2022-08-02"},{"SEQID":"EPI_ISL_14647501","GNODEID":"G-2.11.6.1","TAGID":"BE-1-0074","cat_id":"client","type":"CD","date":44777,"category":"client","association":"TH","highlight":{},"emphasize":"N","dint":1659571200000,"age":"","index":73,"edges":[],"neighbors":[],"degree":0,"dstr":"2022-08-04"},{"TAGID":"BE-1-0075","SEQID":"EPI_ISL_14343043","cat_id":"client","type":"CD","date":44763,"category":"client","association":"KY","highlight":{},"emphasize":"N","dint":1658361600000,"age":"","index":74,"edges":[],"neighbors":[],"degree":0,"GNODEID":0,"dstr":"2022-07-21"},{"SEQID":"EPI_ISL_14343951","GNODEID":"G-2.6.3","TAGID":"BE-1-0076","cat_id":"staff","type":"CD","date":44762,"category":"staff","association":"KS","highlight":{},"emphasize":"N","dint":1658275200000,"age":"","index":75,"edges":[],"neighbors":[],"degree":0,"dstr":"2022-07-20"},{"SEQID":"EPI_ISL_14344215","GNODEID":"G-2.10","TAGID":"BE-1-0077","cat_id":"client","type":"CD","date":44763,"category":"client","association":"TH","highlight":{},"emphasize":"N","dint":1658361600000,"age":"","index":76,"edges":[],"neighbors":[],"degree":0,"dstr":"2022-07-21"},{"TAGID":"BE-1-0078","SEQID":"EPI_ISL_14344255","cat_id":"client","type":"CD","date":44765,"category":"client","association":"TH","highlight":{},"emphasize":"N","dint":1658534400000,"age":"","index":77,"edges":[],"neighbors":[],"degree":0,"GNODEID":0,"dstr":"2022-07-23"},{"TAGID":"BE-1-0079","SEQID":"EPI_ISL_14351158","cat_id":"staff","type":"CD","date":44762,"category":"staff","association":"TH","highlight":{},"emphasize":"Y","dint":1658275200000,"age":"","index":78,"edges":[],"neighbors":[],"degree":0,"GNODEID":0,"dstr":"2022-07-20"},{"SEQID":"EPI_ISL_14348608","GNODEID":"G-2.8.3","TAGID":"BE-1-0080","cat_id":"staff","type":"CD","date":44763,"category":"staff","association":"KS","highlight":{},"emphasize":"N","dint":1658361600000,"age":"","index":79,"edges":[],"neighbors":[],"degree":0,"dstr":"2022-07-21"},{"SEQID":"EPI_ISL_14348692","GNODEID":"G-2.8.4.1","TAGID":"BE-1-0081","cat_id":"staff","type":"CD","date":44768,"category":"staff","association":"KS","highlight":{},"emphasize":"Y","dint":1658793600000,"age":"","index":80,"edges":[],"neighbors":[],"degree":0,"dstr":"2022-07-26"},{"SEQID":"EPI_ISL_14348700","GNODEID":"G-2.2","TAGID":"BE-1-0082","cat_id":"staff","type":"CD","date":44768,"category":"staff","association":"KS","highlight":{},"emphasize":"N","dint":1658793600000,"age":"","index":81,"edges":[],"neighbors":[],"degree":0,"dstr":"2022-07-26"},{"SEQID":"EPI_ISL_14348892","GNODEID":"G-2.11.8.2","TAGID":"BE-1-0083","cat_id":"staff","type":"CD","date":44762,"category":"staff","association":"HO","highlight":{},"emphasize":"N","dint":1658275200000,"age":"","index":82,"edges":[],"neighbors":[],"degree":0,"dstr":"2022-07-20"},{"SEQID":"EPI_ISL_14349788","GNODEID":"G-2.8.2.1","TAGID":"BE-1-0084","cat_id":"client","type":"CD","date":44762,"category":"client","highlight":{},"emphasize":"Y","dint":1658275200000,"age":"","index":83,"edges":[],"neighbors":[],"degree":0,"association":0,"dstr":"2022-07-20"},{"SEQID":"EPI_ISL_14350123","GNODEID":"G-2.11.8.1","TAGID":"BE-1-0085","cat_id":"staff","type":"CD","date":44763,"category":"staff","association":"HO","highlight":{},"emphasize":"N","dint":1658361600000,"age":"","index":84,"edges":[],"neighbors":[],"degree":0,"dstr":"2022-07-21"},{"SEQID":"EPI_ISL_14350488","GNODEID":"G-2.1","TAGID":"BE-1-0086","cat_id":"client","type":"CD","date":44762,"category":"client","association":"TH","highlight":{},"emphasize":"Y","dint":1658275200000,"age":"","index":85,"edges":[],"neighbors":[],"degree":0,"dstr":"2022-07-20"},{"SEQID":"EPI_ISL_14349073","GNODEID":"G-2.11","TAGID":"BE-1-0087","cat_id":"staff","type":"CD","date":44765,"category":"staff","association":"KS","highlight":{},"emphasize":"Y","dint":1658534400000,"age":"","index":86,"edges":[],"neighbors":[],"degree":0,"dstr":"2022-07-23"},{"SEQID":"EPI_ISL_14350436","GNODEID":"G-2.10.2","TAGID":"BE-1-0088","cat_id":"staff","type":"CD","date":44766,"category":"staff","association":"KY","highlight":{},"emphasize":"Y","dint":1658620800000,"age":"","index":87,"edges":[],"neighbors":[],"degree":0,"dstr":"2022-07-24"},{"SEQID":"EPI_ISL_14351163","GNODEID":"G-2.1.1","TAGID":"BE-1-0089","cat_id":"client","type":"CD","date":44762,"category":"client","association":"TH","highlight":{},"emphasize":"Y","dint":1658275200000,"age":"","index":88,"edges":[],"neighbors":[],"degree":0,"dstr":"2022-07-20"},{"SEQID":"EPI_ISL_14350604","GNODEID":"G-2.11.5.1","TAGID":"BE-1-0090","cat_id":"staff","type":"CD","date":44762,"category":"staff","association":"KN","highlight":{},"emphasize":"N","dint":1658275200000,"age":"","index":89,"edges":[],"neighbors":[],"degree":0,"dstr":"2022-07-20"},{"SEQID":"EPI_ISL_14351391","GNODEID":"G-2.8.2.1.1","TAGID":"BE-1-0091","cat_id":"client","type":"CD","date":44763,"category":"client","association":"KN","highlight":{},"emphasize":"Y","dint":1658361600000,"age":"","index":90,"edges":[],"neighbors":[],"degree":0,"dstr":"2022-07-21"},{"TAGID":"BE-1-0092","SEQID":"EPI_ISL_14355276","cat_id":"client","type":"CD","date":44767,"category":"client","association":"KS","highlight":{},"emphasize":"N","dint":1658707200000,"age":"","index":91,"edges":[],"neighbors":[],"degree":0,"GNODEID":0,"dstr":"2022-07-25"},{"TAGID":"BE-1-0093","SEQID":"EPI_ISL_14355274","cat_id":"client","type":"CD","date":44764,"category":"client","association":"KS","highlight":{},"emphasize":"Y","dint":1658448000000,"age":"","index":92,"edges":[],"neighbors":[],"degree":0,"GNODEID":0,"dstr":"2022-07-22"},{"TAGID":"BE-1-0094","SEQID":"EPI_ISL_14355278","cat_id":"client","type":"CD","date":44769,"category":"client","association":"KS","highlight":{},"emphasize":"Y","dint":1658880000000,"age":"","index":93,"edges":[],"neighbors":[],"degree":0,"GNODEID":0,"dstr":"2022-07-27"}],"edges":[{"LINKID":"L-1","TAG_from":"EPI_ISL_14535232","TAG_to":"EPI_ISL_14290581","label":"家族","src":-1,"dst":-1}],"epi":[{"SEQID":"REF","GNODEID":"G-1"},{"SEQID":"EPI_ISL_14350488","GNODEID":"G-2.1"},{"SEQID":"EPI_ISL_14351163","GNODEID":"G-2.1.1"},{"SEQID":"EPI_ISL_14348700","GNODEID":"G-2.2"},{"SEQID":"EPI_ISL_14632461","GNODEID":"G-2.3"},{"SEQID":"EPI_ISL_14320259","GNODEID":"G-2.4"},{"SEQID":"EPI_ISL_14211988","GNODEID":"G-2.5"},{"SEQID":"EPI_ISL_14641608","GNODEID":"G-2.6"},{"SEQID":"EPI_ISL_14638663","GNODEID":"G-2.6.1"},{"SEQID":"EPI_ISL_14642496","GNODEID":"G-2.6.2"},{"SEQID":"EPI_ISL_14343951","GNODEID":"G-2.6.3"},{"SEQID":"EPI_ISL_14646798","GNODEID":"G-2.6.4"},{"SEQID":"EPI_ISL_14291796","GNODEID":"G-2.7"},{"SEQID":"EPI_ISL_14638428","GNODEID":"G-2.8.1"},{"SEQID":"EPI_ISL_14349788","GNODEID":"G-2.8.2.1"},{"SEQID":"EPI_ISL_14351391","GNODEID":"G-2.8.2.1.1"},{"SEQID":"EPI_ISL_14644604","GNODEID":"G-2.8.2.2"},{"SEQID":"EPI_ISL_14348608","GNODEID":"G-2.8.3"},{"SEQID":"EPI_ISL_14643046","GNODEID":"G-2.8.3.1"},{"SEQID":"EPI_ISL_14586137","GNODEID":"G-2.8.3.2"},{"SEQID":"EPI_ISL_14640508","GNODEID":"G-2.8.3.3"},{"SEQID":"EPI_ISL_14642054","GNODEID":"G-2.8.3.3"},{"SEQID":"EPI_ISL_14646161","GNODEID":"G-2.8.3.4"},{"SEQID":"EPI_ISL_14643263","GNODEID":"G-2.8.3.5"},{"SEQID":"EPI_ISL_14647428","GNODEID":"G-2.8.3.5.1"},{"SEQID":"EPI_ISL_14638048","GNODEID":"G-2.8.3.5.2"},{"SEQID":"EPI_ISL_14639225","GNODEID":"G-2.8.3.6"},{"SEQID":"EPI_ISL_14639254","GNODEID":"G-2.8.4"},{"SEQID":"EPI_ISL_14348692","GNODEID":"G-2.8.4.1"},{"SEQID":"EPI_ISL_14639298","GNODEID":"G-2.8.4.2"},{"SEQID":"EPI_ISL_14541312","GNODEID":"G-2.9"},{"SEQID":"EPI_ISL_14344215","GNODEID":"G-2.10"},{"SEQID":"EPI_ISL_14640987","GNODEID":"G-2.10.1"},{"SEQID":"EPI_ISL_14350436","GNODEID":"G-2.10.2"},{"SEQID":"EPI_ISL_14290579","GNODEID":"G-2.10.3"},{"SEQID":"EPI_ISL_14641734","GNODEID":"G-2.10.4"},{"SEQID":"EPI_ISL_14349073","GNODEID":"G-2.11"},{"SEQID":"EPI_ISL_14640347","GNODEID":"G-2.11.1"},{"SEQID":"EPI_ISL_14632426","GNODEID":"G-2.11.2"},{"SEQID":"EPI_ISL_14644357","GNODEID":"G-2.11.3"},{"SEQID":"EPI_ISL_14290581","GNODEID":"G-2.11.4"},{"SEQID":"EPI_ISL_14637464","GNODEID":"G-2.11.4"},{"SEQID":"EPI_ISL_14535232","GNODEID":"G-2.11.4"},{"SEQID":"EPI_ISL_14350604","GNODEID":"G-2.11.5.1"},{"SEQID":"EPI_ISL_14640951","GNODEID":"G-2.11.5.1.1"},{"SEQID":"EPI_ISL_14643746","GNODEID":"G-2.11.5.2"},{"SEQID":"EPI_ISL_14645596","GNODEID":"G-2.11.6"},{"SEQID":"EPI_ISL_14647501","GNODEID":"G-2.11.6.1"},{"SEQID":"EPI_ISL_14643621","GNODEID":"G-2.11.7"},{"SEQID":"EPI_ISL_14350123","GNODEID":"G-2.11.8.1"},{"SEQID":"EPI_ISL_14348892","GNODEID":"G-2.11.8.2"},{"SEQID":"EPI_ISL_14645508","GNODEID":"G-2.11.8.3"},{"SEQID":"EPI_ISL_14640106","GNODEID":"G-2.11.9"},{"SEQID":"EPI_ISL_14639246","GNODEID":"G-2.11.10"},{"SEQID":"EPI_ISL_14647323","GNODEID":"G-2.11.11"},{"SEQID":"EPI_ISL_14642494","GNODEID":"G-3"}],"tree":[{"label":"G-0","length":0,"edges":["G-1","G-2","G-3"],"subs":0},{"label":"G-1","length":0.007601392,"edges":[],"subs":54},{"label":"G-2","length":0.0002987406,"edges":["G-2.1","G-2.2","G-2.3","G-2.4","G-2.5","G-2.6","G-2.7","G-2.8","G-2.9","G-2.10","G-2.11"],"subs":2},{"label":"G-2.1","length":0.00060401,"edges":["G-2.1.1"],"subs":4},{"label":"G-2.1.1","length":0.0001509402,"edges":[],"subs":1},{"label":"G-2.2","length":0.0009058263000000001,"edges":[],"subs":6},{"label":"G-2.3","length":0.00045287329999999995,"edges":[],"subs":3},{"label":"G-2.4","length":0.0010567441999999997,"edges":[],"subs":7},{"label":"G-2.5","length":0.00030210219999999996,"edges":[],"subs":2},{"label":"G-2.6","length":0.00045302609999999996,"edges":["G-2.6.1","G-2.6.2","G-2.6.3","G-2.6.4"],"subs":3},{"label":"G-2.6.1","length":0.000301626,"edges":[],"subs":2},{"label":"G-2.6.2","length":0.0001509676,"edges":[],"subs":1},{"label":"G-2.6.3","length":0.0003018732,"edges":[],"subs":2},{"label":"G-2.6.4","length":0.0003018794,"edges":[],"subs":2},{"label":"G-2.7","length":0.0004531888,"edges":[],"subs":3},{"label":"G-2.8","length":0.0001510394,"edges":["G-2.8.1","G-2.8.2","G-2.8.3","G-2.8.4"],"subs":1},{"label":"G-2.8.1","length":0.000301633,"edges":[],"subs":2},{"label":"G-2.8.2","length":0.0003017432,"edges":["G-2.8.2.1","G-2.8.2.2"],"subs":2},{"label":"G-2.8.2.1","length":0.0001507993,"edges":["G-2.8.2.1.1"],"subs":1},{"label":"G-2.8.2.1.1","length":0.0001507855,"edges":[],"subs":1},{"label":"G-2.8.2.2","length":0.0003016198,"edges":[],"subs":2},{"label":"G-2.8.3","length":0.0001509277,"edges":["G-2.8.3.1","G-2.8.3.2","G-2.8.3.3","G-2.8.3.4","G-2.8.3.5","G-2.8.3.6"],"subs":1},{"label":"G-2.8.3.1","length":0.0001507577,"edges":[],"subs":1},{"label":"G-2.8.3.2","length":0.0004524428,"edges":[],"subs":3},{"label":"G-2.8.3.3","length":0.0001509895,"edges":[],"subs":1},{"label":"G-2.8.3.4","length":0.00015107209999999999,"edges":[],"subs":1},{"label":"G-2.8.3.5","length":0.00015115809999999999,"edges":["G-2.8.3.5.1","G-2.8.3.5.2"],"subs":1},{"label":"G-2.8.3.5.1","length":0.0001507449,"edges":[],"subs":1},{"label":"G-2.8.3.5.2","length":0.0001508261,"edges":[],"subs":1},{"label":"G-2.8.3.6","length":0.000151145,"edges":[],"subs":1},{"label":"G-2.8.4","length":0.00015093549999999997,"edges":["G-2.8.4.1","G-2.8.4.2"],"subs":1},{"label":"G-2.8.4.1","length":0.0003016605,"edges":[],"subs":2},{"label":"G-2.8.4.2","length":0.0003016763,"edges":[],"subs":2},{"label":"G-2.9","length":0.0001512737,"edges":[],"subs":1},{"label":"G-2.10","length":0.0006044682000000001,"edges":["G-2.10.1","G-2.10.2","G-2.10.3","G-2.10.4"],"subs":4},{"label":"G-2.10.1","length":0.0003019386,"edges":[],"subs":2},{"label":"G-2.10.2","length":0.0001510122,"edges":[],"subs":1},{"label":"G-2.10.3","length":0.00015109709999999997,"edges":[],"subs":1},{"label":"G-2.10.4","length":0.0003021223,"edges":[],"subs":2},{"label":"G-2.11","length":0.0006045312000000001,"edges":["G-2.11.1","G-2.11.2","G-2.11.3","G-2.11.4","G-2.11.5","G-2.11.6","G-2.11.7","G-2.11.8","G-2.11.9","G-2.11.10","G-2.11.11"],"subs":4},{"label":"G-2.11.1","length":0.0004529909,"edges":[],"subs":3},{"label":"G-2.11.2","length":0.0007554724,"edges":[],"subs":5},{"label":"G-2.11.3","length":0.0003021551,"edges":[],"subs":2},{"label":"G-2.11.4","length":0.00015120989999999998,"edges":[],"subs":1},{"label":"G-2.11.5","length":0.000453436,"edges":["G-2.11.5.1","G-2.11.5.2"],"subs":3},{"label":"G-2.11.5.1","length":0.0001510315,"edges":["G-2.11.5.1.1"],"subs":1},{"label":"G-2.11.5.1.1","length":0.0003019851,"edges":[],"subs":2},{"label":"G-2.11.5.2","length":0.0001509482,"edges":[],"subs":1},{"label":"G-2.11.6","length":0.00015138009999999996,"edges":["G-2.11.6.1"],"subs":1},{"label":"G-2.11.6.1","length":0.0001509718,"edges":[],"subs":1},{"label":"G-2.11.7","length":0.00015146089999999994,"edges":[],"subs":1},{"label":"G-2.11.8","length":0.00015154779999999992,"edges":["G-2.11.8.1","G-2.11.8.2","G-2.11.8.3"],"subs":1},{"label":"G-2.11.8.1","length":0.0001509811,"edges":[],"subs":1},{"label":"G-2.11.8.2","length":0.00015107479999999999,"edges":[],"subs":1},{"label":"G-2.11.8.3","length":0.0003020897,"edges":[],"subs":2},{"label":"G-2.11.9","length":0.00030266109999999995,"edges":[],"subs":2},{"label":"G-2.11.10","length":0.00015179429999999993,"edges":[],"subs":1},{"label":"G-2.11.11","length":0.0003028450999999999,"edges":[],"subs":2},{"label":"G-3","length":0.0010602823,"edges":[],"subs":7}],"dist":{"period":7.568401898601222,"phase":6.568401898601222,"interval":0.000018417057534246576}}