{"nodes":[{"SEQID":"EPI_ISL_13692300","GNODEID":"G-0","TAGID":"BE-1-1-0001","cat_id":"staff","type":"CD","date":44746,"category":"staff","association":"KN","highlight":{},"emphasize":"Y","dint":1656892800000,"age":"","index":0,"edges":[],"neighbors":[],"degree":0,"dstr":"2022-07-04"},{"TAGID":"BE-1-1-0002","SEQID":"EPI_ISL_13964146","cat_id":"client","type":"CD","date":44747,"category":"client","highlight":{},"emphasize":"N","dint":1656979200000,"age":"","index":1,"edges":[],"neighbors":[],"degree":0,"GNODEID":0,"association":0,"dstr":"2022-07-05"},{"SEQID":"EPI_ISL_14017781","GNODEID":"G-2.37","TAGID":"BE-1-1-0003","cat_id":"staff","type":"CD","date":44727,"category":"staff","association":"KS","highlight":{},"emphasize":"Y","dint":1655251200000,"age":"","index":2,"edges":[],"neighbors":[],"degree":0,"dstr":"2022-06-15"},{"TAGID":"BE-1-1-0004","SEQID":"EPI_ISL_14017657","cat_id":"staff","type":"CD","date":44732,"category":"staff","association":"KS","highlight":{},"emphasize":"N","dint":1655683200000,"age":"","index":3,"edges":[],"neighbors":[],"degree":0,"GNODEID":0,"dstr":"2022-06-20"},{"TAGID":"BE-1-1-0005","SEQID":"EPI_ISL_14047528","cat_id":"client","type":"CD","date":44743,"category":"client","association":"KS","highlight":{},"emphasize":"Y","dint":1656633600000,"age":"","index":4,"edges":[],"neighbors":[],"degree":0,"GNODEID":0,"dstr":"2022-07-01"},{"TAGID":"BE-1-1-0006","SEQID":"EPI_ISL_14047517","cat_id":"staff","type":"CD","date":44743,"category":"staff","association":"KS","highlight":{},"emphasize":"Y","dint":1656633600000,"age":"","index":5,"edges":[],"neighbors":[],"degree":0,"GNODEID":0,"dstr":"2022-07-01"},{"TAGID":"BE-1-1-0007","SEQID":"EPI_ISL_14047586","cat_id":"staff","type":"CD","date":44743,"category":"staff","association":"KS","highlight":{},"emphasize":"N","dint":1656633600000,"age":"","index":6,"edges":[],"neighbors":[],"degree":0,"GNODEID":0,"dstr":"2022-07-01"},{"TAGID":"BE-1-1-0008","SEQID":"EPI_ISL_14044427","cat_id":"staff","type":"CD","date":44735,"category":"staff","association":"KS","highlight":{},"emphasize":"N","dint":1655942400000,"age":"","index":7,"edges":[],"neighbors":[],"degree":0,"GNODEID":0,"dstr":"2022-06-23"},{"TAGID":"BE-1-1-0009","SEQID":"EPI_ISL_14044461","cat_id":"staff","type":"CD","date":44736,"category":"staff","association":"KS","highlight":{},"emphasize":"Y","dint":1656028800000,"age":"","index":8,"edges":[],"neighbors":[],"degree":0,"GNODEID":0,"dstr":"2022-06-24"},{"TAGID":"BE-1-1-0010","SEQID":"EPI_ISL_14044287","cat_id":"client","type":"CD","date":44734,"category":"client","association":"KS","highlight":{},"emphasize":"N","dint":1655856000000,"age":"","index":9,"edges":[],"neighbors":[],"degree":0,"GNODEID":0,"dstr":"2022-06-22"},{"SEQID":"EPI_ISL_14495096","GNODEID":"G-2.12.2","TAGID":"BE-1-1-0011","cat_id":"client","type":"CD","date":44749,"category":"client","association":"KN","highlight":{},"emphasize":"Y","dint":1657152000000,"age":"","index":10,"edges":[],"neighbors":[],"degree":0,"dstr":"2022-07-07"},{"TAGID":"BE-1-1-0012","SEQID":"EPI_ISL_14495161","cat_id":"client","type":"CD","date":44748,"category":"client","association":"KN","highlight":{},"emphasize":"N","dint":1657065600000,"age":"","index":11,"edges":[],"neighbors":[],"degree":0,"GNODEID":0,"dstr":"2022-07-06"},{"TAGID":"BE-1-1-0013","SEQID":"EPI_ISL_14495158","cat_id":"staff","type":"CD","date":44747,"category":"staff","association":"KN","highlight":{},"emphasize":"N","dint":1656979200000,"age":"","index":12,"edges":[],"neighbors":[],"degree":0,"GNODEID":0,"dstr":"2022-07-05"},{"TAGID":"BE-1-1-0014","SEQID":"EPI_ISL_14495201","cat_id":"staff","type":"CD","date":44750,"category":"staff","association":"KN","highlight":{},"emphasize":"N","dint":1657238400000,"age":"","index":13,"edges":[],"neighbors":[],"degree":0,"GNODEID":0,"dstr":"2022-07-08"},{"TAGID":"BE-1-1-0015","SEQID":"EPI_ISL_14495213","cat_id":"client","type":"CD","date":44751,"category":"client","association":"KN","highlight":{},"emphasize":"Y","dint":1657324800000,"age":"","index":14,"edges":[],"neighbors":[],"degree":0,"GNODEID":0,"dstr":"2022-07-09"},{"TAGID":"BE-1-1-0016","SEQID":"EPI_ISL_14495221","cat_id":"staff","type":"CD","date":44751,"category":"staff","association":"KN","highlight":{},"emphasize":"Y","dint":1657324800000,"age":"","index":15,"edges":[],"neighbors":[],"degree":0,"GNODEID":0,"dstr":"2022-07-09"},{"SEQID":"EPI_ISL_14081892","GNODEID":"G-2.22","TAGID":"BE-1-1-0017","cat_id":"client","type":"CD","date":44746,"category":"client","association":"KS","highlight":{},"emphasize":"N","dint":1656892800000,"age":"","index":16,"edges":[],"neighbors":[],"degree":0,"dstr":"2022-07-04"},{"SEQID":"EPI_ISL_14082139","GNODEID":"G-2.38","TAGID":"BE-1-1-0018","cat_id":"staff","type":"CD","date":44744,"category":"staff","association":"KS","highlight":{},"emphasize":"N","dint":1656720000000,"age":"","index":17,"edges":[],"neighbors":[],"degree":0,"dstr":"2022-07-02"},{"SEQID":"EPI_ISL_14082145","GNODEID":"G-2.40","TAGID":"BE-1-1-0019","cat_id":"client","type":"CD","date":44744,"category":"client","association":"KS","highlight":{},"emphasize":"N","dint":1656720000000,"age":"","index":18,"edges":[],"neighbors":[],"degree":0,"dstr":"2022-07-02"},{"TAGID":"BE-1-1-0020","SEQID":"EPI_ISL_14082144","cat_id":"client","type":"CD","date":44744,"category":"client","association":"KS","highlight":{},"emphasize":"N","dint":1656720000000,"age":"","index":19,"edges":[],"neighbors":[],"degree":0,"GNODEID":0,"dstr":"2022-07-02"},{"TAGID":"BE-1-1-0021","SEQID":"EPI_ISL_14082125","cat_id":"staff","type":"CD","date":44743,"category":"staff","association":"KS","highlight":{},"emphasize":"Y","dint":1656633600000,"age":"","index":20,"edges":[],"neighbors":[],"degree":0,"GNODEID":0,"dstr":"2022-07-01"},{"SEQID":"EPI_ISL_13900939","GNODEID":"G-2.13","TAGID":"BE-1-1-0022","cat_id":"client","type":"CD","date":44739,"category":"client","association":"KS","highlight":{},"emphasize":"Y","dint":1656288000000,"age":"","index":21,"edges":[],"neighbors":[],"degree":0,"dstr":"2022-06-27"},{"SEQID":"EPI_ISL_13902011","GNODEID":"G-2.10.1","TAGID":"BE-1-1-0023","cat_id":"client","type":"CD","date":44739,"category":"client","association":"KS","highlight":{},"emphasize":"Y","dint":1656288000000,"age":"","index":22,"edges":[],"neighbors":[],"degree":0,"dstr":"2022-06-27"},{"TAGID":"BE-1-1-0024","SEQID":"EPI_ISL_13902000","cat_id":"staff","type":"CD","date":44739,"category":"staff","association":"KS","highlight":{},"emphasize":"Y","dint":1656288000000,"age":"","index":23,"edges":[],"neighbors":[],"degree":0,"GNODEID":0,"dstr":"2022-06-27"},{"TAGID":"BE-1-1-0025","SEQID":"EPI_ISL_14505709","cat_id":"client","type":"CD","date":44750,"category":"client","association":"KN","highlight":{},"emphasize":"N","dint":1657238400000,"age":"","index":24,"edges":[],"neighbors":[],"degree":0,"GNODEID":0,"dstr":"2022-07-08"},{"SEQID":"EPI_ISL_14505711","GNODEID":"G-2.24","TAGID":"BE-1-1-0026","cat_id":"client","type":"CD","date":44751,"category":"client","association":"KN","highlight":{},"emphasize":"N","dint":1657324800000,"age":"","index":25,"edges":[],"neighbors":[],"degree":0,"dstr":"2022-07-09"},{"TAGID":"BE-1-1-0027","SEQID":"EPI_ISL_14510437","cat_id":"client","type":"CD","date":44749,"category":"client","association":"KS","highlight":{},"emphasize":"Y","dint":1657152000000,"age":"","index":26,"edges":[],"neighbors":[],"degree":0,"GNODEID":0,"dstr":"2022-07-07"},{"TAGID":"BE-1-1-0028","SEQID":"EPI_ISL_14510446","cat_id":"staff","type":"CD","date":44749,"category":"staff","association":"KS","highlight":{},"emphasize":"Y","dint":1657152000000,"age":"","index":27,"edges":[],"neighbors":[],"degree":0,"GNODEID":0,"dstr":"2022-07-07"},{"TAGID":"BE-1-1-0029","SEQID":"EPI_ISL_14510397","cat_id":"client","type":"CD","date":44749,"category":"client","association":"KS","highlight":{},"emphasize":"Y","dint":1657152000000,"age":"","index":28,"edges":[],"neighbors":[],"degree":0,"GNODEID":0,"dstr":"2022-07-07"},{"SEQID":"EPI_ISL_14510431","GNODEID":"G-2.14","TAGID":"BE-1-1-0030","cat_id":"staff","type":"CD","date":44749,"category":"staff","association":"KS","highlight":{},"emphasize":"Y","dint":1657152000000,"age":"","index":29,"edges":[],"neighbors":[],"degree":0,"dstr":"2022-07-07"},{"TAGID":"BE-1-1-0031","SEQID":"EPI_ISL_14510894","cat_id":"staff","type":"CD","date":44748,"category":"staff","association":"KS","highlight":{},"emphasize":"N","dint":1657065600000,"age":"","index":30,"edges":[],"neighbors":[],"degree":0,"GNODEID":0,"dstr":"2022-07-06"},{"TAGID":"BE-1-1-0032","SEQID":"EPI_ISL_14510773","cat_id":"client","type":"CD","date":44744,"category":"client","association":"KS","highlight":{},"emphasize":"N","dint":1656720000000,"age":"","index":31,"edges":[],"neighbors":[],"degree":0,"GNODEID":0,"dstr":"2022-07-02"},{"TAGID":"BE-1-1-0033","SEQID":"EPI_ISL_14510985","cat_id":"staff","type":"CD","date":44748,"category":"staff","association":"KS","highlight":{},"emphasize":"Y","dint":1657065600000,"age":"","index":32,"edges":[],"neighbors":[],"degree":0,"GNODEID":0,"dstr":"2022-07-06"},{"TAGID":"BE-1-1-0034","SEQID":"EPI_ISL_14094273","cat_id":"staff","type":"CD","date":44746,"category":"staff","association":"KS","highlight":{},"emphasize":"N","dint":1656892800000,"age":"","index":33,"edges":[],"neighbors":[],"degree":0,"GNODEID":0,"dstr":"2022-07-04"},{"TAGID":"BE-1-1-0035","SEQID":"EPI_ISL_14094378","cat_id":"staff","type":"CD","date":44746,"category":"staff","association":"KS","highlight":{},"emphasize":"Y","dint":1656892800000,"age":"","index":34,"edges":[],"neighbors":[],"degree":0,"GNODEID":0,"dstr":"2022-07-04"},{"SEQID":"EPI_ISL_14095798","GNODEID":"G-2.18","TAGID":"BE-1-1-0036","cat_id":"client","type":"CD","date":44746,"category":"client","association":"KS","highlight":{},"emphasize":"N","dint":1656892800000,"age":"","index":35,"edges":[],"neighbors":[],"degree":0,"dstr":"2022-07-04"},{"TAGID":"BE-1-1-0037","SEQID":"EPI_ISL_14095873","cat_id":"client","type":"CD","date":44746,"category":"client","association":"KS","highlight":{},"emphasize":"Y","dint":1656892800000,"age":"","index":36,"edges":[],"neighbors":[],"degree":0,"GNODEID":0,"dstr":"2022-07-04"},{"TAGID":"BE-1-1-0038","SEQID":"EPI_ISL_14514920","cat_id":"staff","type":"CD","date":44744,"category":"staff","association":"KS","highlight":{},"emphasize":"Y","dint":1656720000000,"age":"","index":37,"edges":[],"neighbors":[],"degree":0,"GNODEID":0,"dstr":"2022-07-02"},{"TAGID":"BE-1-1-0039","SEQID":"EPI_ISL_14515028","cat_id":"client","type":"CD","date":44746,"category":"client","association":"KS","highlight":{},"emphasize":"Y","dint":1656892800000,"age":"","index":38,"edges":[],"neighbors":[],"degree":0,"GNODEID":0,"dstr":"2022-07-04"},{"TAGID":"BE-1-1-0040","SEQID":"EPI_ISL_14524059","cat_id":"staff","type":"CD","date":44748,"category":"staff","association":"KS","highlight":{},"emphasize":"Y","dint":1657065600000,"age":"","index":39,"edges":[],"neighbors":[],"degree":0,"GNODEID":0,"dstr":"2022-07-06"},{"SEQID":"EPI_ISL_14524080","GNODEID":"G-2.15","TAGID":"BE-1-1-0041","cat_id":"client","type":"CD","date":44748,"category":"client","association":"KS","highlight":{},"emphasize":"Y","dint":1657065600000,"age":"","index":40,"edges":[],"neighbors":[],"degree":0,"dstr":"2022-07-06"},{"TAGID":"BE-1-1-0042","SEQID":"EPI_ISL_14524136","cat_id":"client","type":"CD","date":44748,"category":"client","association":"KS","highlight":{},"emphasize":"N","dint":1657065600000,"age":"","index":41,"edges":[],"neighbors":[],"degree":0,"GNODEID":0,"dstr":"2022-07-06"},{"TAGID":"BE-1-1-0043","SEQID":"EPI_ISL_14524121","cat_id":"client","type":"CD","date":44748,"category":"client","association":"KS","highlight":{},"emphasize":"N","dint":1657065600000,"age":"","index":42,"edges":[],"neighbors":[],"degree":0,"GNODEID":0,"dstr":"2022-07-06"},{"TAGID":"BE-1-1-0044","SEQID":"EPI_ISL_14121952","cat_id":"client","type":"CD","date":44729,"category":"client","association":"KN","highlight":{},"emphasize":"Y","dint":1655424000000,"age":"","index":43,"edges":[],"neighbors":[],"degree":0,"GNODEID":0,"dstr":"2022-06-17"},{"SEQID":"EPI_ISL_14123899","GNODEID":"G-2","TAGID":"BE-1-1-0045","cat_id":"client","type":"CD","date":44734,"category":"client","highlight":{},"emphasize":"N","dint":1655856000000,"age":"","index":44,"edges":[],"neighbors":[],"degree":0,"association":0,"dstr":"2022-06-22"},{"TAGID":"BE-1-1-0046","SEQID":"EPI_ISL_14123828","cat_id":"client","type":"CD","date":44735,"category":"client","highlight":{},"emphasize":"Y","dint":1655942400000,"age":"","index":45,"edges":[],"neighbors":[],"degree":0,"GNODEID":0,"association":0,"dstr":"2022-06-23"},{"TAGID":"BE-1-1-0047","SEQID":"EPI_ISL_14125111","cat_id":"client","type":"CD","date":44739,"category":"client","highlight":{},"emphasize":"N","dint":1656288000000,"age":"","index":46,"edges":[],"neighbors":[],"degree":0,"GNODEID":0,"association":0,"dstr":"2022-06-27"},{"TAGID":"BE-1-1-0048","SEQID":"EPI_ISL_14125110","cat_id":"staff","type":"CD","date":44739,"category":"staff","highlight":{},"emphasize":"N","dint":1656288000000,"age":"","index":47,"edges":[],"neighbors":[],"degree":0,"GNODEID":0,"association":0,"dstr":"2022-06-27"},{"TAGID":"BE-1-1-0049","SEQID":"EPI_ISL_14125099","cat_id":"client","type":"CD","date":44740,"category":"client","highlight":{},"emphasize":"Y","dint":1656374400000,"age":"","index":48,"edges":[],"neighbors":[],"degree":0,"GNODEID":0,"association":0,"dstr":"2022-06-28"},{"SEQID":"EPI_ISL_14125447","GNODEID":"G-2.10","TAGID":"BE-1-1-0050","cat_id":"client","type":"CD","date":44729,"category":"client","association":"KS","highlight":{},"emphasize":"N","dint":1655424000000,"age":"","index":49,"edges":[],"neighbors":[],"degree":0,"dstr":"2022-06-17"},{"TAGID":"BE-1-1-0051","SEQID":"EPI_ISL_14125727","cat_id":"client","type":"CD","date":44740,"category":"client","association":"TH","highlight":{},"emphasize":"Y","dint":1656374400000,"age":"","index":50,"edges":[],"neighbors":[],"degree":0,"GNODEID":0,"dstr":"2022-06-28"},{"TAGID":"BE-1-1-0052","SEQID":"EPI_ISL_14126275","cat_id":"client","type":"CD","date":44734,"category":"client","highlight":{},"emphasize":"Y","dint":1655856000000,"age":"","index":51,"edges":[],"neighbors":[],"degree":0,"GNODEID":0,"association":0,"dstr":"2022-06-22"},{"TAGID":"BE-1-1-0053","SEQID":"EPI_ISL_14127626","cat_id":"staff","type":"CD","date":44735,"category":"staff","highlight":{},"emphasize":"Y","dint":1655942400000,"age":"","index":52,"edges":[],"neighbors":[],"degree":0,"GNODEID":0,"association":0,"dstr":"2022-06-23"},{"TAGID":"BE-1-1-0054","SEQID":"EPI_ISL_14128200","cat_id":"client","type":"CD","date":44736,"category":"client","highlight":{},"emphasize":"N","dint":1656028800000,"age":"","index":53,"edges":[],"neighbors":[],"degree":0,"GNODEID":0,"association":0,"dstr":"2022-06-24"},{"TAGID":"BE-1-1-0055","SEQID":"EPI_ISL_14128180","cat_id":"client","type":"CD","date":44745,"category":"client","association":"TH","highlight":{},"emphasize":"Y","dint":1656806400000,"age":"","index":54,"edges":[],"neighbors":[],"degree":0,"GNODEID":0,"dstr":"2022-07-03"},{"SEQID":"EPI_ISL_14128171","GNODEID":"G-2.11","TAGID":"BE-1-1-0056","cat_id":"staff","type":"CD","date":44743,"category":"staff","association":"TH","highlight":{},"emphasize":"N","dint":1656633600000,"age":"","index":55,"edges":[],"neighbors":[],"degree":0,"dstr":"2022-07-01"},{"SEQID":"EPI_ISL_14128221","GNODEID":"G-2.34","TAGID":"BE-1-1-0057","cat_id":"client","type":"CD","date":44739,"category":"client","highlight":{},"emphasize":"Y","dint":1656288000000,"age":"","index":56,"edges":[],"neighbors":[],"degree":0,"association":0,"dstr":"2022-06-27"},{"TAGID":"BE-1-1-0058","SEQID":"EPI_ISL_14128256","cat_id":"staff","type":"CD","date":44740,"category":"staff","highlight":{},"emphasize":"Y","dint":1656374400000,"age":"","index":57,"edges":[],"neighbors":[],"degree":0,"GNODEID":0,"association":0,"dstr":"2022-06-28"},{"SEQID":"EPI_ISL_14128339","GNODEID":"G-4","TAGID":"BE-1-1-0059","cat_id":"client","type":"CD","date":44747,"category":"client","association":"KY","highlight":{},"emphasize":"Y","dint":1656979200000,"age":"","index":58,"edges":[],"neighbors":[],"degree":0,"dstr":"2022-07-05"},{"SEQID":"EPI_ISL_14128884","GNODEID":"G-2.8","TAGID":"BE-1-1-0060","cat_id":"staff","type":"CD","date":44741,"category":"staff","highlight":{},"emphasize":"N","dint":1656460800000,"age":"","index":59,"edges":[],"neighbors":[],"degree":0,"association":0,"dstr":"2022-06-29"},{"TAGID":"BE-1-1-0061","SEQID":"EPI_ISL_14128894","cat_id":"staff","type":"CD","date":44741,"category":"staff","highlight":{},"emphasize":"N","dint":1656460800000,"age":"","index":60,"edges":[],"neighbors":[],"degree":0,"GNODEID":0,"association":0,"dstr":"2022-06-29"},{"TAGID":"BE-1-1-0062","SEQID":"EPI_ISL_14128946","cat_id":"client","type":"CD","date":44743,"category":"client","highlight":{},"emphasize":"Y","dint":1656633600000,"age":"","index":61,"edges":[],"neighbors":[],"degree":0,"GNODEID":0,"association":0,"dstr":"2022-07-01"},{"TAGID":"BE-1-1-0063","SEQID":"EPI_ISL_14129285","cat_id":"client","type":"CD","date":44736,"category":"client","association":"KS","highlight":{},"emphasize":"N","dint":1656028800000,"age":"","index":62,"edges":[],"neighbors":[],"degree":0,"GNODEID":0,"dstr":"2022-06-24"},{"TAGID":"BE-1-1-0064","SEQID":"EPI_ISL_14129510","cat_id":"staff","type":"CD","date":44750,"category":"staff","association":"KS","highlight":{},"emphasize":"Y","dint":1657238400000,"age":"","index":63,"edges":[],"neighbors":[],"degree":0,"GNODEID":0,"dstr":"2022-07-08"},{"TAGID":"BE-1-1-0065","SEQID":"EPI_ISL_14129997","cat_id":"client","type":"CD","date":44745,"category":"client","highlight":{},"emphasize":"N","dint":1656806400000,"age":"","index":64,"edges":[],"neighbors":[],"degree":0,"GNODEID":0,"association":0,"dstr":"2022-07-03"},{"TAGID":"BE-1-1-0066","SEQID":"EPI_ISL_14130021","cat_id":"client","type":"CD","date":44746,"category":"client","highlight":{},"emphasize":"N","dint":1656892800000,"age":"","index":65,"edges":[],"neighbors":[],"degree":0,"GNODEID":0,"association":0,"dstr":"2022-07-04"},{"TAGID":"BE-1-1-0067","SEQID":"EPI_ISL_14130031","cat_id":"client","type":"CD","date":44746,"category":"client","highlight":{},"emphasize":"N","dint":1656892800000,"age":"","index":66,"edges":[],"neighbors":[],"degree":0,"GNODEID":0,"association":0,"dstr":"2022-07-04"},{"TAGID":"BE-1-1-0068","SEQID":"EPI_ISL_14129988","cat_id":"staff","type":"CD","date":44742,"category":"staff","highlight":{},"emphasize":"Y","dint":1656547200000,"age":"","index":67,"edges":[],"neighbors":[],"degree":0,"GNODEID":0,"association":0,"dstr":"2022-06-30"},{"TAGID":"BE-1-1-0069","SEQID":"EPI_ISL_14129994","cat_id":"staff","type":"CD","date":44744,"category":"staff","highlight":{},"emphasize":"Y","dint":1656720000000,"age":"","index":68,"edges":[],"neighbors":[],"degree":0,"GNODEID":0,"association":0,"dstr":"2022-07-02"},{"TAGID":"BE-1-1-0070","SEQID":"EPI_ISL_14129986","cat_id":"client","type":"CD","date":44741,"category":"client","highlight":{},"emphasize":"Y","dint":1656460800000,"age":"","index":69,"edges":[],"neighbors":[],"degree":0,"GNODEID":0,"association":0,"dstr":"2022-06-29"},{"TAGID":"BE-1-1-0071","SEQID":"EPI_ISL_14131352","cat_id":"client","type":"CD","date":44743,"category":"client","association":"KS","highlight":{},"emphasize":"N","dint":1656633600000,"age":"","index":70,"edges":[],"neighbors":[],"degree":0,"GNODEID":0,"dstr":"2022-07-01"},{"TAGID":"BE-1-1-0072","SEQID":"EPI_ISL_14131346","cat_id":"client","type":"CD","date":44743,"category":"client","association":"KS","highlight":{},"emphasize":"N","dint":1656633600000,"age":"","index":71,"edges":[],"neighbors":[],"degree":0,"GNODEID":0,"dstr":"2022-07-01"},{"SEQID":"EPI_ISL_14133420","GNODEID":"G-2.3","TAGID":"BE-1-1-0073","cat_id":"staff","type":"CD","date":44750,"category":"staff","highlight":{},"emphasize":"N","dint":1657238400000,"age":"","index":72,"edges":[],"neighbors":[],"degree":0,"association":0,"dstr":"2022-07-08"},{"SEQID":"EPI_ISL_14134976","GNODEID":"G-2.5","TAGID":"BE-1-1-0074","cat_id":"client","type":"CD","date":44747,"category":"client","association":"TH","highlight":{},"emphasize":"Y","dint":1656979200000,"age":"","index":73,"edges":[],"neighbors":[],"degree":0,"dstr":"2022-07-05"},{"SEQID":"EPI_ISL_14134973","GNODEID":"G-2.9","TAGID":"BE-1-1-0075","cat_id":"client","type":"CD","date":44747,"category":"client","association":"TH","highlight":{},"emphasize":"N","dint":1656979200000,"age":"","index":74,"edges":[],"neighbors":[],"degree":0,"dstr":"2022-07-05"},{"TAGID":"BE-1-1-0076","SEQID":"EPI_ISL_14135013","cat_id":"staff","type":"CD","date":44750,"category":"staff","association":"TH","highlight":{},"emphasize":"N","dint":1657238400000,"age":"","index":75,"edges":[],"neighbors":[],"degree":0,"GNODEID":0,"dstr":"2022-07-08"},{"TAGID":"BE-1-1-0077","SEQID":"EPI_ISL_14134979","cat_id":"staff","type":"CD","date":44747,"category":"staff","association":"TH","highlight":{},"emphasize":"Y","dint":1656979200000,"age":"","index":76,"edges":[],"neighbors":[],"degree":0,"GNODEID":0,"dstr":"2022-07-05"},{"TAGID":"BE-1-1-0078","SEQID":"EPI_ISL_14135007","cat_id":"client","type":"CD","date":44749,"category":"client","association":"TH","highlight":{},"emphasize":"N","dint":1657152000000,"age":"","index":77,"edges":[],"neighbors":[],"degree":0,"GNODEID":0,"dstr":"2022-07-07"},{"SEQID":"EPI_ISL_14134912","GNODEID":"G-2.19","TAGID":"BE-1-1-0079","cat_id":"client","type":"CD","date":44747,"category":"client","association":"TH","highlight":{},"emphasize":"Y","dint":1656979200000,"age":"","index":78,"edges":[],"neighbors":[],"degree":0,"dstr":"2022-07-05"},{"TAGID":"BE-1-1-0080","SEQID":"EPI_ISL_14137826","cat_id":"client","type":"CD","date":44739,"category":"client","highlight":{},"emphasize":"Y","dint":1656288000000,"age":"","index":79,"edges":[],"neighbors":[],"degree":0,"GNODEID":0,"association":0,"dstr":"2022-06-27"},{"SEQID":"EPI_ISL_14133403","GNODEID":"G-2.1.1.1","TAGID":"BE-1-1-0081","cat_id":"staff","type":"CD","date":44746,"category":"staff","highlight":{},"emphasize":"Y","dint":1656892800000,"age":"","index":80,"edges":[],"neighbors":[],"degree":0,"association":0,"dstr":"2022-07-04"},{"TAGID":"BE-1-1-0082","SEQID":"EPI_ISL_14133422","cat_id":"staff","type":"CD","date":44741,"category":"staff","highlight":{},"emphasize":"Y","dint":1656460800000,"age":"","index":81,"edges":[],"neighbors":[],"degree":0,"GNODEID":0,"association":0,"dstr":"2022-06-29"},{"TAGID":"BE-1-1-0083","SEQID":"EPI_ISL_14135344","cat_id":"staff","type":"CD","date":44746,"category":"staff","association":"KN","highlight":{},"emphasize":"N","dint":1656892800000,"age":"","index":82,"edges":[],"neighbors":[],"degree":0,"GNODEID":0,"dstr":"2022-07-04"},{"TAGID":"BE-1-1-0084","SEQID":"EPI_ISL_14138167","cat_id":"staff","type":"CD","date":44748,"category":"staff","association":"KS","highlight":{},"emphasize":"N","dint":1657065600000,"age":"","index":83,"edges":[],"neighbors":[],"degree":0,"GNODEID":0,"dstr":"2022-07-06"},{"SEQID":"EPI_ISL_14138166","GNODEID":"G-2.15","TAGID":"BE-1-1-0085","cat_id":"staff","type":"CD","date":44748,"category":"staff","association":"KS","highlight":{},"emphasize":"Y","dint":1657065600000,"age":"","index":84,"edges":[],"neighbors":[],"degree":0,"dstr":"2022-07-06"},{"SEQID":"EPI_ISL_14138162","GNODEID":"G-2.25","TAGID":"BE-1-1-0086","cat_id":"client","type":"CD","date":44746,"category":"client","association":"KS","highlight":{},"emphasize":"Y","dint":1656892800000,"age":"","index":85,"edges":[],"neighbors":[],"degree":0,"dstr":"2022-07-04"},{"SEQID":"EPI_ISL_14138409","GNODEID":"G-2.26","TAGID":"BE-1-1-0087","cat_id":"staff","type":"CD","date":44751,"category":"staff","association":"KY","highlight":{},"emphasize":"Y","dint":1657324800000,"age":"","index":86,"edges":[],"neighbors":[],"degree":0,"dstr":"2022-07-09"},{"SEQID":"EPI_ISL_14133424","GNODEID":"G-2.43","TAGID":"BE-1-1-0088","cat_id":"client","type":"CD","date":44744,"category":"client","highlight":{},"emphasize":"Y","dint":1656720000000,"age":"","index":87,"edges":[],"neighbors":[],"degree":0,"association":0,"dstr":"2022-07-02"},{"SEQID":"EPI_ISL_14138670","GNODEID":"G-2.1","TAGID":"BE-1-1-0089","cat_id":"staff","type":"CD","date":44741,"category":"staff","association":"KN","highlight":{},"emphasize":"Y","dint":1656460800000,"age":"","index":88,"edges":[],"neighbors":[],"degree":0,"dstr":"2022-06-29"},{"SEQID":"EPI_ISL_14139957","GNODEID":"G-2.3","TAGID":"BE-1-1-0090","cat_id":"staff","type":"CD","date":44752,"category":"staff","association":"KN","highlight":{},"emphasize":"N","dint":1657411200000,"age":"","index":89,"edges":[],"neighbors":[],"degree":0,"dstr":"2022-07-10"},{"TAGID":"BE-1-1-0091","SEQID":"EPI_ISL_14140020","cat_id":"client","type":"CD","date":44740,"category":"client","association":"KS","highlight":{},"emphasize":"N","dint":1656374400000,"age":"","index":90,"edges":[],"neighbors":[],"degree":0,"GNODEID":0,"dstr":"2022-06-28"},{"TAGID":"BE-1-1-0092","SEQID":"EPI_ISL_14140029","cat_id":"client","type":"CD","date":44741,"category":"client","association":"KN","highlight":{},"emphasize":"N","dint":1656460800000,"age":"","index":91,"edges":[],"neighbors":[],"degree":0,"GNODEID":0,"dstr":"2022-06-29"},{"TAGID":"BE-1-1-0093","SEQID":"EPI_ISL_14140036","cat_id":"staff","type":"CD","date":44741,"category":"staff","association":"KN","highlight":{},"emphasize":"N","dint":1656460800000,"age":"","index":92,"edges":[],"neighbors":[],"degree":0,"GNODEID":0,"dstr":"2022-06-29"},{"TAGID":"BE-1-1-0094","SEQID":"EPI_ISL_14140088","cat_id":"client","type":"CD","date":44742,"category":"client","association":"KN","highlight":{},"emphasize":"Y","dint":1656547200000,"age":"","index":93,"edges":[],"neighbors":[],"degree":0,"GNODEID":0,"dstr":"2022-06-30"},{"SEQID":"EPI_ISL_14140084","GNODEID":"G-2.12.1","TAGID":"BE-1-1-0095","cat_id":"staff","type":"CD","date":44742,"category":"staff","association":"KN","highlight":{},"emphasize":"Y","dint":1656547200000,"age":"","index":94,"edges":[],"neighbors":[],"degree":0,"dstr":"2022-06-30"},{"SEQID":"EPI_ISL_14140089","GNODEID":"G-2.12","TAGID":"BE-1-1-0096","cat_id":"client","type":"CD","date":44742,"category":"client","association":"KN","highlight":{},"emphasize":"Y","dint":1656547200000,"age":"","index":95,"edges":[],"neighbors":[],"degree":0,"dstr":"2022-06-30"},{"TAGID":"BE-1-1-0097","SEQID":"EPI_ISL_14140243","cat_id":"client","type":"CD","date":44745,"category":"client","association":"KS","highlight":{},"emphasize":"Y","dint":1656806400000,"age":"","index":96,"edges":[],"neighbors":[],"degree":0,"GNODEID":0,"dstr":"2022-07-03"},{"TAGID":"BE-1-1-0098","SEQID":"EPI_ISL_14140251","cat_id":"staff","type":"CD","date":44745,"category":"staff","association":"KS","highlight":{},"emphasize":"N","dint":1656806400000,"age":"","index":97,"edges":[],"neighbors":[],"degree":0,"GNODEID":0,"dstr":"2022-07-03"},{"SEQID":"EPI_ISL_14140214","GNODEID":"G-2.36","TAGID":"BE-1-1-0099","cat_id":"client","type":"CD","date":44744,"category":"client","association":"KN","highlight":{},"emphasize":"Y","dint":1656720000000,"age":"","index":98,"edges":[],"neighbors":[],"degree":0,"dstr":"2022-07-02"},{"TAGID":"BE-1-1-0100","SEQID":"EPI_ISL_14140250","cat_id":"client","type":"CD","date":44745,"category":"client","association":"KS","highlight":{},"emphasize":"Y","dint":1656806400000,"age":"","index":99,"edges":[],"neighbors":[],"degree":0,"GNODEID":0,"dstr":"2022-07-03"},{"TAGID":"BE-1-1-0101","SEQID":"EPI_ISL_14140258","cat_id":"client","type":"CD","date":44745,"category":"client","association":"KN","highlight":{},"emphasize":"N","dint":1656806400000,"age":"","index":100,"edges":[],"neighbors":[],"degree":0,"GNODEID":0,"dstr":"2022-07-03"},{"TAGID":"BE-1-1-0102","SEQID":"EPI_ISL_14140297","cat_id":"client","type":"CD","date":44745,"category":"client","association":"KS","highlight":{},"emphasize":"Y","dint":1656806400000,"age":"","index":101,"edges":[],"neighbors":[],"degree":0,"GNODEID":0,"dstr":"2022-07-03"},{"TAGID":"BE-1-1-0103","SEQID":"EPI_ISL_14140319","cat_id":"staff","type":"CD","date":44752,"category":"staff","association":"KS","highlight":{},"emphasize":"Y","dint":1657411200000,"age":"","index":102,"edges":[],"neighbors":[],"degree":0,"GNODEID":0,"dstr":"2022-07-10"},{"TAGID":"BE-1-1-0104","SEQID":"EPI_ISL_14140541","cat_id":"client","type":"CD","date":44748,"category":"client","highlight":{},"emphasize":"Y","dint":1657065600000,"age":"","index":103,"edges":[],"neighbors":[],"degree":0,"GNODEID":0,"association":0,"dstr":"2022-07-06"},{"TAGID":"BE-1-1-0105","SEQID":"EPI_ISL_14140572","cat_id":"client","type":"CD","date":44749,"category":"client","highlight":{},"emphasize":"Y","dint":1657152000000,"age":"","index":104,"edges":[],"neighbors":[],"degree":0,"GNODEID":0,"association":0,"dstr":"2022-07-07"},{"TAGID":"BE-1-1-0106","SEQID":"EPI_ISL_14140569","cat_id":"staff","type":"CD","date":44749,"category":"staff","highlight":{},"emphasize":"Y","dint":1657152000000,"age":"","index":105,"edges":[],"neighbors":[],"degree":0,"GNODEID":0,"association":0,"dstr":"2022-07-07"},{"TAGID":"BE-1-1-0107","SEQID":"EPI_ISL_14140570","cat_id":"staff","type":"CD","date":44749,"category":"staff","highlight":{},"emphasize":"N","dint":1657152000000,"age":"","index":106,"edges":[],"neighbors":[],"degree":0,"GNODEID":0,"association":0,"dstr":"2022-07-07"},{"TAGID":"BE-1-1-0108","SEQID":"EPI_ISL_14140679","cat_id":"client","type":"CD","date":44740,"category":"client","highlight":{},"emphasize":"N","dint":1656374400000,"age":"","index":107,"edges":[],"neighbors":[],"degree":0,"GNODEID":0,"association":0,"dstr":"2022-06-28"},{"TAGID":"BE-1-1-0109","SEQID":"EPI_ISL_14140735","cat_id":"staff","type":"CD","date":44748,"category":"staff","association":"TO","highlight":{},"emphasize":"Y","dint":1657065600000,"age":"","index":108,"edges":[],"neighbors":[],"degree":0,"GNODEID":0,"dstr":"2022-07-06"},{"SEQID":"EPI_ISL_14140815","GNODEID":"G-2.4","TAGID":"BE-1-1-0110","cat_id":"client","type":"CD","date":44750,"category":"client","association":"KS","highlight":{},"emphasize":"Y","dint":1657238400000,"age":"","index":109,"edges":[],"neighbors":[],"degree":0,"dstr":"2022-07-08"},{"TAGID":"BE-1-1-0111","SEQID":"EPI_ISL_14140814","cat_id":"client","type":"CD","date":44750,"category":"client","association":"KS","highlight":{},"emphasize":"Y","dint":1657238400000,"age":"","index":110,"edges":[],"neighbors":[],"degree":0,"GNODEID":0,"dstr":"2022-07-08"},{"TAGID":"BE-1-1-0112","SEQID":"EPI_ISL_14141760","cat_id":"staff","type":"CD","date":44746,"category":"staff","highlight":{},"emphasize":"Y","dint":1656892800000,"age":"","index":111,"edges":[],"neighbors":[],"degree":0,"GNODEID":0,"association":0,"dstr":"2022-07-04"},{"SEQID":"EPI_ISL_14540311","GNODEID":"G-2.39","TAGID":"BE-1-1-0113","cat_id":"staff","type":"CD","date":44741,"category":"staff","association":"KS","highlight":{},"emphasize":"Y","dint":1656460800000,"age":"","index":112,"edges":[],"neighbors":[],"degree":0,"dstr":"2022-06-29"},{"SEQID":"EPI_ISL_14540338","GNODEID":"G-2.8","TAGID":"BE-1-1-0114","cat_id":"staff","type":"CD","date":44742,"category":"staff","association":"KS","highlight":{},"emphasize":"Y","dint":1656547200000,"age":"","index":113,"edges":[],"neighbors":[],"degree":0,"dstr":"2022-06-30"},{"TAGID":"BE-1-1-0115","SEQID":"EPI_ISL_14142334","cat_id":"client","type":"CD","date":44747,"category":"client","association":"KN","highlight":{},"emphasize":"Y","dint":1656979200000,"age":"","index":114,"edges":[],"neighbors":[],"degree":0,"GNODEID":0,"dstr":"2022-07-05"},{"TAGID":"BE-1-1-0116","SEQID":"EPI_ISL_14142103","cat_id":"staff","type":"CD","date":44750,"category":"staff","association":"KS","highlight":{},"emphasize":"N","dint":1657238400000,"age":"","index":115,"edges":[],"neighbors":[],"degree":0,"GNODEID":0,"dstr":"2022-07-08"},{"TAGID":"BE-1-1-0117","SEQID":"EPI_ISL_14142274","cat_id":"client","type":"CD","date":44748,"category":"client","association":"KN","highlight":{},"emphasize":"N","dint":1657065600000,"age":"","index":116,"edges":[],"neighbors":[],"degree":0,"GNODEID":0,"dstr":"2022-07-06"},{"TAGID":"BE-1-1-0118","SEQID":"EPI_ISL_14142232","cat_id":"client","type":"CD","date":44747,"category":"client","association":"KN","highlight":{},"emphasize":"N","dint":1656979200000,"age":"","index":117,"edges":[],"neighbors":[],"degree":0,"GNODEID":0,"dstr":"2022-07-05"},{"TAGID":"BE-1-1-0119","SEQID":"EPI_ISL_14142262","cat_id":"staff","type":"CD","date":44749,"category":"staff","association":"HO","highlight":{},"emphasize":"N","dint":1657152000000,"age":"","index":118,"edges":[],"neighbors":[],"degree":0,"GNODEID":0,"dstr":"2022-07-07"},{"TAGID":"BE-1-1-0120","SEQID":"EPI_ISL_14142269","cat_id":"staff","type":"CD","date":44750,"category":"staff","association":"CS","highlight":{},"emphasize":"Y","dint":1657238400000,"age":"","index":119,"edges":[],"neighbors":[],"degree":0,"GNODEID":0,"dstr":"2022-07-08"},{"SEQID":"EPI_ISL_14142300","GNODEID":"G-2.44","TAGID":"BE-1-1-0121","cat_id":"staff","type":"CD","date":44751,"category":"staff","highlight":{},"emphasize":"N","dint":1657324800000,"age":"","index":120,"edges":[],"neighbors":[],"degree":0,"association":0,"dstr":"2022-07-09"},{"TAGID":"BE-1-1-0122","SEQID":"EPI_ISL_14142375","cat_id":"staff","type":"CD","date":44748,"category":"staff","highlight":{},"emphasize":"N","dint":1657065600000,"age":"","index":121,"edges":[],"neighbors":[],"degree":0,"GNODEID":0,"association":0,"dstr":"2022-07-06"},{"SEQID":"EPI_ISL_14540525","GNODEID":"G-2","TAGID":"BE-1-1-0123","cat_id":"staff","type":"CD","date":44743,"category":"staff","association":"KS","highlight":{},"emphasize":"Y","dint":1656633600000,"age":"","index":122,"edges":[],"neighbors":[],"degree":0,"dstr":"2022-07-01"},{"TAGID":"BE-1-1-0124","SEQID":"EPI_ISL_14540939","cat_id":"client","type":"CD","date":44764,"category":"client","association":"KS","highlight":{},"emphasize":"Y","dint":1658448000000,"age":"","index":123,"edges":[],"neighbors":[],"degree":0,"GNODEID":0,"dstr":"2022-07-22"},{"TAGID":"BE-1-1-0125","SEQID":"EPI_ISL_14541206","cat_id":"client","type":"CD","date":44747,"category":"client","association":"KS","highlight":{},"emphasize":"Y","dint":1656979200000,"age":"","index":124,"edges":[],"neighbors":[],"degree":0,"GNODEID":0,"dstr":"2022-07-05"},{"SEQID":"EPI_ISL_14541208","GNODEID":"G-2.20","TAGID":"BE-1-1-0126","cat_id":"client","type":"CD","date":44747,"category":"client","association":"KS","highlight":{},"emphasize":"Y","dint":1656979200000,"age":"","index":125,"edges":[],"neighbors":[],"degree":0,"dstr":"2022-07-05"},{"SEQID":"EPI_ISL_14541220","GNODEID":"G-2.10.2","TAGID":"BE-1-1-0127","cat_id":"client","type":"CD","date":44747,"category":"client","association":"KS","highlight":{},"emphasize":"N","dint":1656979200000,"age":"","index":126,"edges":[],"neighbors":[],"degree":0,"dstr":"2022-07-05"},{"SEQID":"EPI_ISL_14541225","GNODEID":"G-2.6","TAGID":"BE-1-1-0128","cat_id":"staff","type":"CD","date":44747,"category":"staff","association":"KS","highlight":{},"emphasize":"N","dint":1656979200000,"age":"","index":127,"edges":[],"neighbors":[],"degree":0,"dstr":"2022-07-05"},{"SEQID":"EPI_ISL_14146846","GNODEID":"G-2","TAGID":"BE-1-1-0129","cat_id":"staff","type":"CD","date":44736,"category":"staff","association":"KN","highlight":{},"emphasize":"N","dint":1656028800000,"age":"","index":128,"edges":[],"neighbors":[],"degree":0,"dstr":"2022-06-24"},{"TAGID":"BE-1-1-0130","SEQID":"EPI_ISL_14146866","cat_id":"staff","type":"CD","date":44739,"category":"staff","association":"KN","highlight":{},"emphasize":"N","dint":1656288000000,"age":"","index":129,"edges":[],"neighbors":[],"degree":0,"GNODEID":0,"dstr":"2022-06-27"},{"TAGID":"BE-1-1-0131","SEQID":"EPI_ISL_14146871","cat_id":"client","type":"CD","date":44734,"category":"client","association":"KN","highlight":{},"emphasize":"N","dint":1655856000000,"age":"","index":130,"edges":[],"neighbors":[],"degree":0,"GNODEID":0,"dstr":"2022-06-22"},{"SEQID":"EPI_ISL_14146893","GNODEID":"G-2.35","TAGID":"BE-1-1-0132","cat_id":"client","type":"CD","date":44740,"category":"client","association":"KN","highlight":{},"emphasize":"Y","dint":1656374400000,"age":"","index":131,"edges":[],"neighbors":[],"degree":0,"dstr":"2022-06-28"},{"TAGID":"BE-1-1-0133","SEQID":"EPI_ISL_14146907","cat_id":"staff","type":"CD","date":44741,"category":"staff","association":"KN","highlight":{},"emphasize":"Y","dint":1656460800000,"age":"","index":132,"edges":[],"neighbors":[],"degree":0,"GNODEID":0,"dstr":"2022-06-29"},{"TAGID":"BE-1-1-0134","SEQID":"EPI_ISL_14146942","cat_id":"staff","type":"CD","date":44742,"category":"staff","association":"KN","highlight":{},"emphasize":"N","dint":1656547200000,"age":"","index":133,"edges":[],"neighbors":[],"degree":0,"GNODEID":0,"dstr":"2022-06-30"},{"TAGID":"BE-1-1-0135","SEQID":"EPI_ISL_14146951","cat_id":"client","type":"CD","date":44743,"category":"client","association":"KN","highlight":{},"emphasize":"Y","dint":1656633600000,"age":"","index":134,"edges":[],"neighbors":[],"degree":0,"GNODEID":0,"dstr":"2022-07-01"},{"TAGID":"BE-1-1-0136","SEQID":"EPI_ISL_14146932","cat_id":"staff","type":"CD","date":44742,"category":"staff","association":"KN","highlight":{},"emphasize":"Y","dint":1656547200000,"age":"","index":135,"edges":[],"neighbors":[],"degree":0,"GNODEID":0,"dstr":"2022-06-30"},{"TAGID":"BE-1-1-0137","SEQID":"EPI_ISL_14146933","cat_id":"staff","type":"CD","date":44742,"category":"staff","association":"KN","highlight":{},"emphasize":"N","dint":1656547200000,"age":"","index":136,"edges":[],"neighbors":[],"degree":0,"GNODEID":0,"dstr":"2022-06-30"},{"TAGID":"BE-1-1-0138","SEQID":"EPI_ISL_14146953","cat_id":"client","type":"CD","date":44743,"category":"client","association":"KN","highlight":{},"emphasize":"N","dint":1656633600000,"age":"","index":137,"edges":[],"neighbors":[],"degree":0,"GNODEID":0,"dstr":"2022-07-01"},{"TAGID":"BE-1-1-0139","SEQID":"EPI_ISL_14146964","cat_id":"staff","type":"CD","date":44744,"category":"staff","association":"KN","highlight":{},"emphasize":"Y","dint":1656720000000,"age":"","index":138,"edges":[],"neighbors":[],"degree":0,"GNODEID":0,"dstr":"2022-07-02"},{"TAGID":"BE-1-1-0140","SEQID":"EPI_ISL_14147006","cat_id":"staff","type":"CD","date":44746,"category":"staff","association":"KN","highlight":{},"emphasize":"Y","dint":1656892800000,"age":"","index":139,"edges":[],"neighbors":[],"degree":0,"GNODEID":0,"dstr":"2022-07-04"},{"SEQID":"EPI_ISL_14147000","GNODEID":"G-2.7","TAGID":"BE-1-1-0141","cat_id":"client","type":"CD","date":44746,"category":"client","association":"KN","highlight":{},"emphasize":"N","dint":1656892800000,"age":"","index":140,"edges":[],"neighbors":[],"degree":0,"dstr":"2022-07-04"},{"TAGID":"BE-1-1-0142","SEQID":"EPI_ISL_14146958","cat_id":"client","type":"CD","date":44744,"category":"client","association":"KN","highlight":{},"emphasize":"N","dint":1656720000000,"age":"","index":141,"edges":[],"neighbors":[],"degree":0,"GNODEID":0,"dstr":"2022-07-02"},{"SEQID":"EPI_ISL_14147007","GNODEID":"G-2","TAGID":"BE-1-1-0143","cat_id":"client","type":"CD","date":44746,"category":"client","association":"KN","highlight":{},"emphasize":"Y","dint":1656892800000,"age":"","index":142,"edges":[],"neighbors":[],"degree":0,"dstr":"2022-07-04"},{"TAGID":"BE-1-1-0144","SEQID":"EPI_ISL_14146959","cat_id":"client","type":"CD","date":44744,"category":"client","association":"KN","highlight":{},"emphasize":"N","dint":1656720000000,"age":"","index":143,"edges":[],"neighbors":[],"degree":0,"GNODEID":0,"dstr":"2022-07-02"},{"TAGID":"BE-1-1-0145","SEQID":"EPI_ISL_14147001","cat_id":"client","type":"CD","date":44746,"category":"client","association":"KN","highlight":{},"emphasize":"Y","dint":1656892800000,"age":"","index":144,"edges":[],"neighbors":[],"degree":0,"GNODEID":0,"dstr":"2022-07-04"},{"TAGID":"BE-1-1-0146","SEQID":"EPI_ISL_14147003","cat_id":"staff","type":"CD","date":44746,"category":"staff","association":"KN","highlight":{},"emphasize":"N","dint":1656892800000,"age":"","index":145,"edges":[],"neighbors":[],"degree":0,"GNODEID":0,"dstr":"2022-07-04"},{"TAGID":"BE-1-1-0147","SEQID":"EPI_ISL_14147002","cat_id":"client","type":"CD","date":44746,"category":"client","association":"KN","highlight":{},"emphasize":"N","dint":1656892800000,"age":"","index":146,"edges":[],"neighbors":[],"degree":0,"GNODEID":0,"dstr":"2022-07-04"},{"TAGID":"BE-1-1-0148","SEQID":"EPI_ISL_14207826","cat_id":"client","type":"CD","date":44750,"category":"client","association":"KS","highlight":{},"emphasize":"N","dint":1657238400000,"age":"","index":147,"edges":[],"neighbors":[],"degree":0,"GNODEID":0,"dstr":"2022-07-08"},{"TAGID":"BE-1-1-0149","SEQID":"EPI_ISL_14208000","cat_id":"client","type":"CD","date":44751,"category":"client","association":"KS","highlight":{},"emphasize":"N","dint":1657324800000,"age":"","index":148,"edges":[],"neighbors":[],"degree":0,"GNODEID":0,"dstr":"2022-07-09"},{"TAGID":"BE-1-1-0150","SEQID":"EPI_ISL_14211006","cat_id":"client","type":"CD","date":44734,"category":"client","association":"KS","highlight":{},"emphasize":"N","dint":1655856000000,"age":"","index":149,"edges":[],"neighbors":[],"degree":0,"GNODEID":0,"dstr":"2022-06-22"},{"TAGID":"BE-1-1-0151","SEQID":"EPI_ISL_14211049","cat_id":"client","type":"CD","date":44734,"category":"client","association":"KS","highlight":{},"emphasize":"N","dint":1655856000000,"age":"","index":150,"edges":[],"neighbors":[],"degree":0,"GNODEID":0,"dstr":"2022-06-22"},{"TAGID":"BE-1-1-0152","SEQID":"EPI_ISL_14211169","cat_id":"staff","type":"CD","date":44741,"category":"staff","association":"KS","highlight":{},"emphasize":"N","dint":1656460800000,"age":"","index":151,"edges":[],"neighbors":[],"degree":0,"GNODEID":0,"dstr":"2022-06-29"},{"TAGID":"BE-1-1-0153","SEQID":"EPI_ISL_14225103","cat_id":"client","type":"CD","date":44748,"category":"client","association":"KS","highlight":{},"emphasize":"Y","dint":1657065600000,"age":"","index":152,"edges":[],"neighbors":[],"degree":0,"GNODEID":0,"dstr":"2022-07-06"},{"TAGID":"BE-1-1-0154","SEQID":"EPI_ISL_14225102","cat_id":"client","type":"CD","date":44748,"category":"client","association":"KS","highlight":{},"emphasize":"Y","dint":1657065600000,"age":"","index":153,"edges":[],"neighbors":[],"degree":0,"GNODEID":0,"dstr":"2022-07-06"},{"TAGID":"BE-1-1-0155","SEQID":"EPI_ISL_14588894","cat_id":"staff","type":"CD","date":44747,"category":"staff","association":"KS","highlight":{},"emphasize":"N","dint":1656979200000,"age":"","index":154,"edges":[],"neighbors":[],"degree":0,"GNODEID":0,"dstr":"2022-07-05"},{"TAGID":"BE-1-1-0156","SEQID":"EPI_ISL_14588879","cat_id":"staff","type":"CD","date":44747,"category":"staff","association":"KS","highlight":{},"emphasize":"Y","dint":1656979200000,"age":"","index":155,"edges":[],"neighbors":[],"degree":0,"GNODEID":0,"dstr":"2022-07-05"},{"TAGID":"BE-1-1-0157","SEQID":"EPI_ISL_14588451","cat_id":"client","type":"CD","date":44747,"category":"client","association":"KS","highlight":{},"emphasize":"N","dint":1656979200000,"age":"","index":156,"edges":[],"neighbors":[],"degree":0,"GNODEID":0,"dstr":"2022-07-05"},{"TAGID":"BE-1-1-0158","SEQID":"EPI_ISL_14588692","cat_id":"staff","type":"CD","date":44747,"category":"staff","association":"KS","highlight":{},"emphasize":"Y","dint":1656979200000,"age":"","index":157,"edges":[],"neighbors":[],"degree":0,"GNODEID":0,"dstr":"2022-07-05"},{"TAGID":"BE-1-1-0159","SEQID":"EPI_ISL_14588468","cat_id":"staff","type":"CD","date":44747,"category":"staff","association":"KS","highlight":{},"emphasize":"N","dint":1656979200000,"age":"","index":158,"edges":[],"neighbors":[],"degree":0,"GNODEID":0,"dstr":"2022-07-05"},{"TAGID":"BE-1-1-0160","SEQID":"EPI_ISL_14588490","cat_id":"client","type":"CD","date":44747,"category":"client","association":"KS","highlight":{},"emphasize":"N","dint":1656979200000,"age":"","index":159,"edges":[],"neighbors":[],"degree":0,"GNODEID":0,"dstr":"2022-07-05"},{"SEQID":"EPI_ISL_14299346","GNODEID":"G-2.33","TAGID":"BE-1-1-0161","cat_id":"staff","type":"CD","date":44751,"category":"staff","association":"KN","highlight":{},"emphasize":"Y","dint":1657324800000,"age":"","index":160,"edges":[],"neighbors":[],"degree":0,"dstr":"2022-07-09"},{"TAGID":"BE-1-1-0162","SEQID":"EPI_ISL_14299349","cat_id":"client","type":"CD","date":44751,"category":"client","association":"KN","highlight":{},"emphasize":"Y","dint":1657324800000,"age":"","index":161,"edges":[],"neighbors":[],"degree":0,"GNODEID":0,"dstr":"2022-07-09"},{"SEQID":"EPI_ISL_14299364","GNODEID":"G-2.7.1","TAGID":"BE-1-1-0163","cat_id":"staff","type":"CD","date":44751,"category":"staff","association":"KN","highlight":{},"emphasize":"N","dint":1657324800000,"age":"","index":162,"edges":[],"neighbors":[],"degree":0,"dstr":"2022-07-09"},{"TAGID":"BE-1-1-0164","SEQID":"EPI_ISL_14299369","cat_id":"staff","type":"CD","date":44751,"category":"staff","association":"KN","highlight":{},"emphasize":"N","dint":1657324800000,"age":"","index":163,"edges":[],"neighbors":[],"degree":0,"GNODEID":0,"dstr":"2022-07-09"},{"SEQID":"EPI_ISL_14299522","GNODEID":"G-2.32","TAGID":"BE-1-1-0165","cat_id":"staff","type":"CD","date":44749,"category":"staff","association":"KN","highlight":{},"emphasize":"N","dint":1657152000000,"age":"","index":164,"edges":[],"neighbors":[],"degree":0,"dstr":"2022-07-07"},{"TAGID":"BE-1-1-0166","SEQID":"EPI_ISL_14299557","cat_id":"client","type":"CD","date":44749,"category":"client","association":"KN","highlight":{},"emphasize":"N","dint":1657152000000,"age":"","index":165,"edges":[],"neighbors":[],"degree":0,"GNODEID":0,"dstr":"2022-07-07"},{"TAGID":"BE-1-1-0167","SEQID":"EPI_ISL_14299580","cat_id":"client","type":"CD","date":44750,"category":"client","association":"KN","highlight":{},"emphasize":"N","dint":1657238400000,"age":"","index":166,"edges":[],"neighbors":[],"degree":0,"GNODEID":0,"dstr":"2022-07-08"},{"TAGID":"BE-1-1-0168","SEQID":"EPI_ISL_14299525","cat_id":"client","type":"CD","date":44749,"category":"client","association":"KN","highlight":{},"emphasize":"N","dint":1657152000000,"age":"","index":167,"edges":[],"neighbors":[],"degree":0,"GNODEID":0,"dstr":"2022-07-07"},{"SEQID":"EPI_ISL_14299605","GNODEID":"G-2.2","TAGID":"BE-1-1-0169","cat_id":"client","type":"CD","date":44750,"category":"client","association":"KN","highlight":{},"emphasize":"Y","dint":1657238400000,"age":"","index":168,"edges":[],"neighbors":[],"degree":0,"dstr":"2022-07-08"},{"TAGID":"BE-1-1-0170","SEQID":"EPI_ISL_14299579","cat_id":"client","type":"CD","date":44750,"category":"client","association":"KN","highlight":{},"emphasize":"N","dint":1657238400000,"age":"","index":169,"edges":[],"neighbors":[],"degree":0,"GNODEID":0,"dstr":"2022-07-08"},{"SEQID":"EPI_ISL_14299606","GNODEID":"G-2.2","TAGID":"BE-1-1-0171","cat_id":"client","type":"CD","date":44750,"category":"client","association":"KN","highlight":{},"emphasize":"Y","dint":1657238400000,"age":"","index":170,"edges":[],"neighbors":[],"degree":0,"dstr":"2022-07-08"},{"TAGID":"BE-1-1-0172","SEQID":"EPI_ISL_14299559","cat_id":"client","type":"CD","date":44749,"category":"client","association":"KN","highlight":{},"emphasize":"N","dint":1657152000000,"age":"","index":171,"edges":[],"neighbors":[],"degree":0,"GNODEID":0,"dstr":"2022-07-07"},{"TAGID":"BE-1-1-0173","SEQID":"EPI_ISL_14301680","cat_id":"client","type":"CD","date":44743,"category":"client","association":"KN","highlight":{},"emphasize":"Y","dint":1656633600000,"age":"","index":172,"edges":[],"neighbors":[],"degree":0,"GNODEID":0,"dstr":"2022-07-01"},{"TAGID":"BE-1-1-0174","SEQID":"EPI_ISL_14301683","cat_id":"staff","type":"CD","date":44746,"category":"staff","association":"KN","highlight":{},"emphasize":"N","dint":1656892800000,"age":"","index":173,"edges":[],"neighbors":[],"degree":0,"GNODEID":0,"dstr":"2022-07-04"},{"TAGID":"BE-1-1-0175","SEQID":"EPI_ISL_14301686","cat_id":"staff","type":"CD","date":44746,"category":"staff","association":"KN","highlight":{},"emphasize":"Y","dint":1656892800000,"age":"","index":174,"edges":[],"neighbors":[],"degree":0,"GNODEID":0,"dstr":"2022-07-04"},{"TAGID":"BE-1-1-0176","SEQID":"EPI_ISL_14302571","cat_id":"staff","type":"CD","date":44747,"category":"staff","association":"KN","highlight":{},"emphasize":"Y","dint":1656979200000,"age":"","index":175,"edges":[],"neighbors":[],"degree":0,"GNODEID":0,"dstr":"2022-07-05"},{"SEQID":"EPI_ISL_14302566","GNODEID":"G-2.1.1.2","TAGID":"BE-1-1-0177","cat_id":"staff","type":"CD","date":44747,"category":"staff","association":"KN","highlight":{},"emphasize":"Y","dint":1656979200000,"age":"","index":176,"edges":[],"neighbors":[],"degree":0,"dstr":"2022-07-05"},{"TAGID":"BE-1-1-0178","SEQID":"EPI_ISL_14302557","cat_id":"client","type":"CD","date":44747,"category":"client","association":"KN","highlight":{},"emphasize":"Y","dint":1656979200000,"age":"","index":177,"edges":[],"neighbors":[],"degree":0,"GNODEID":0,"dstr":"2022-07-05"},{"TAGID":"BE-1-1-0179","SEQID":"EPI_ISL_14302556","cat_id":"client","type":"CD","date":44747,"category":"client","association":"KN","highlight":{},"emphasize":"Y","dint":1656979200000,"age":"","index":178,"edges":[],"neighbors":[],"degree":0,"GNODEID":0,"dstr":"2022-07-05"},{"TAGID":"BE-1-1-0180","SEQID":"EPI_ISL_14302558","cat_id":"staff","type":"CD","date":44747,"category":"staff","association":"KN","highlight":{},"emphasize":"Y","dint":1656979200000,"age":"","index":179,"edges":[],"neighbors":[],"degree":0,"GNODEID":0,"dstr":"2022-07-05"},{"TAGID":"BE-1-1-0181","SEQID":"EPI_ISL_14302578","cat_id":"staff","type":"CD","date":44747,"category":"staff","association":"KN","highlight":{},"emphasize":"Y","dint":1656979200000,"age":"","index":180,"edges":[],"neighbors":[],"degree":0,"GNODEID":0,"dstr":"2022-07-05"},{"TAGID":"BE-1-1-0182","SEQID":"EPI_ISL_14302581","cat_id":"staff","type":"CD","date":44747,"category":"staff","association":"KN","highlight":{},"emphasize":"Y","dint":1656979200000,"age":"","index":181,"edges":[],"neighbors":[],"degree":0,"GNODEID":0,"dstr":"2022-07-05"},{"TAGID":"BE-1-1-0183","SEQID":"EPI_ISL_14302597","cat_id":"client","type":"CD","date":44748,"category":"client","association":"KN","highlight":{},"emphasize":"Y","dint":1657065600000,"age":"","index":182,"edges":[],"neighbors":[],"degree":0,"GNODEID":0,"dstr":"2022-07-06"},{"TAGID":"BE-1-1-0184","SEQID":"EPI_ISL_14302583","cat_id":"client","type":"CD","date":44747,"category":"client","association":"KN","highlight":{},"emphasize":"N","dint":1656979200000,"age":"","index":183,"edges":[],"neighbors":[],"degree":0,"GNODEID":0,"dstr":"2022-07-05"},{"TAGID":"BE-1-1-0185","SEQID":"EPI_ISL_14302582","cat_id":"staff","type":"CD","date":44747,"category":"staff","association":"KN","highlight":{},"emphasize":"N","dint":1656979200000,"age":"","index":184,"edges":[],"neighbors":[],"degree":0,"GNODEID":0,"dstr":"2022-07-05"},{"TAGID":"BE-1-1-0186","SEQID":"EPI_ISL_14301878","cat_id":"staff","type":"CD","date":44742,"category":"staff","association":"KN","highlight":{},"emphasize":"N","dint":1656547200000,"age":"","index":185,"edges":[],"neighbors":[],"degree":0,"GNODEID":0,"dstr":"2022-06-30"},{"TAGID":"BE-1-1-0187","SEQID":"EPI_ISL_14301884","cat_id":"staff","type":"CD","date":44747,"category":"staff","association":"KN","highlight":{},"emphasize":"N","dint":1656979200000,"age":"","index":186,"edges":[],"neighbors":[],"degree":0,"GNODEID":0,"dstr":"2022-07-05"},{"TAGID":"BE-1-1-0188","SEQID":"EPI_ISL_14338630","cat_id":"client","type":"CD","date":44741,"category":"client","association":"KS","highlight":{},"emphasize":"N","dint":1656460800000,"age":"","index":187,"edges":[],"neighbors":[],"degree":0,"GNODEID":0,"dstr":"2022-06-29"},{"TAGID":"BE-1-1-0189","SEQID":"EPI_ISL_14339880","cat_id":"staff","type":"CD","date":44749,"category":"staff","association":"KS","highlight":{},"emphasize":"N","dint":1657152000000,"age":"","index":188,"edges":[],"neighbors":[],"degree":0,"GNODEID":0,"dstr":"2022-07-07"},{"TAGID":"BE-1-1-0190","SEQID":"EPI_ISL_14340833","cat_id":"client","type":"CD","date":44751,"category":"client","association":"KN","highlight":{},"emphasize":"Y","dint":1657324800000,"age":"","index":189,"edges":[],"neighbors":[],"degree":0,"GNODEID":0,"dstr":"2022-07-09"},{"SEQID":"EPI_ISL_14340831","GNODEID":"G-2.41","TAGID":"BE-1-1-0191","cat_id":"client","type":"CD","date":44750,"category":"client","association":"KN","highlight":{},"emphasize":"Y","dint":1657238400000,"age":"","index":190,"edges":[],"neighbors":[],"degree":0,"dstr":"2022-07-08"},{"SEQID":"EPI_ISL_14340818","GNODEID":"G-2.29","TAGID":"BE-1-1-0192","cat_id":"client","type":"CD","date":44747,"category":"client","association":"KN","highlight":{},"emphasize":"Y","dint":1656979200000,"age":"","index":191,"edges":[],"neighbors":[],"degree":0,"dstr":"2022-07-05"},{"TAGID":"BE-1-1-0193","SEQID":"EPI_ISL_14340815","cat_id":"client","type":"CD","date":44747,"category":"client","association":"KN","highlight":{},"emphasize":"Y","dint":1656979200000,"age":"","index":192,"edges":[],"neighbors":[],"degree":0,"GNODEID":0,"dstr":"2022-07-05"},{"TAGID":"BE-1-1-0194","SEQID":"EPI_ISL_14340814","cat_id":"client","type":"CD","date":44746,"category":"client","association":"KN","highlight":{},"emphasize":"N","dint":1656892800000,"age":"","index":193,"edges":[],"neighbors":[],"degree":0,"GNODEID":0,"dstr":"2022-07-04"},{"SEQID":"EPI_ISL_14340848","GNODEID":"G-2.28","TAGID":"BE-1-1-0195","cat_id":"client","type":"CD","date":44749,"category":"client","highlight":{},"emphasize":"Y","dint":1657152000000,"age":"","index":194,"edges":[],"neighbors":[],"degree":0,"association":0,"dstr":"2022-07-07"},{"TAGID":"BE-1-1-0196","SEQID":"EPI_ISL_14340891","cat_id":"client","type":"CD","date":44750,"category":"client","highlight":{},"emphasize":"N","dint":1657238400000,"age":"","index":195,"edges":[],"neighbors":[],"degree":0,"GNODEID":0,"association":0,"dstr":"2022-07-08"},{"SEQID":"EPI_ISL_14340917","GNODEID":"G-5","TAGID":"BE-1-1-0197","cat_id":"client","type":"CD","date":44751,"category":"client","highlight":{},"emphasize":"Y","dint":1657324800000,"age":"","index":196,"edges":[],"neighbors":[],"degree":0,"association":0,"dstr":"2022-07-09"},{"TAGID":"BE-1-1-0198","SEQID":"EPI_ISL_14340892","cat_id":"staff","type":"CD","date":44750,"category":"staff","highlight":{},"emphasize":"Y","dint":1657238400000,"age":"","index":197,"edges":[],"neighbors":[],"degree":0,"GNODEID":0,"association":0,"dstr":"2022-07-08"},{"SEQID":"EPI_ISL_14340905","GNODEID":"G-2.21","TAGID":"BE-1-1-0199","cat_id":"staff","type":"CD","date":44750,"category":"staff","highlight":{},"emphasize":"Y","dint":1657238400000,"age":"","index":198,"edges":[],"neighbors":[],"degree":0,"association":0,"dstr":"2022-07-08"},{"SEQID":"EPI_ISL_14341365","GNODEID":"G-2.30","TAGID":"BE-1-1-0200","cat_id":"staff","type":"CD","date":44746,"category":"staff","association":"KN","highlight":{},"emphasize":"N","dint":1656892800000,"age":"","index":199,"edges":[],"neighbors":[],"degree":0,"dstr":"2022-07-04"},{"TAGID":"BE-1-1-0201","SEQID":"EPI_ISL_14341361","cat_id":"staff","type":"CD","date":44746,"category":"staff","association":"KN","highlight":{},"emphasize":"N","dint":1656892800000,"age":"","index":200,"edges":[],"neighbors":[],"degree":0,"GNODEID":0,"dstr":"2022-07-04"},{"TAGID":"BE-1-1-0202","SEQID":"EPI_ISL_14341367","cat_id":"staff","type":"CD","date":44746,"category":"staff","association":"KN","highlight":{},"emphasize":"N","dint":1656892800000,"age":"","index":201,"edges":[],"neighbors":[],"degree":0,"GNODEID":0,"dstr":"2022-07-04"},{"TAGID":"BE-1-1-0203","SEQID":"EPI_ISL_14341431","cat_id":"staff","type":"CD","date":44747,"category":"staff","highlight":{},"emphasize":"N","dint":1656979200000,"age":"","index":202,"edges":[],"neighbors":[],"degree":0,"GNODEID":0,"association":0,"dstr":"2022-07-05"},{"TAGID":"BE-1-1-0204","SEQID":"EPI_ISL_14341490","cat_id":"client","type":"CD","date":44748,"category":"client","association":"KN","highlight":{},"emphasize":"N","dint":1657065600000,"age":"","index":203,"edges":[],"neighbors":[],"degree":0,"GNODEID":0,"dstr":"2022-07-06"},{"SEQID":"EPI_ISL_14341489","GNODEID":"G-2.23","TAGID":"BE-1-1-0205","cat_id":"client","type":"CD","date":44748,"category":"client","association":"KN","highlight":{},"emphasize":"N","dint":1657065600000,"age":"","index":204,"edges":[],"neighbors":[],"degree":0,"dstr":"2022-07-06"},{"SEQID":"EPI_ISL_14341541","GNODEID":"G-2.16","TAGID":"BE-1-1-0206","cat_id":"client","type":"CD","date":44749,"category":"client","association":"KN","highlight":{},"emphasize":"Y","dint":1657152000000,"age":"","index":205,"edges":[],"neighbors":[],"degree":0,"dstr":"2022-07-07"},{"TAGID":"BE-1-1-0207","SEQID":"EPI_ISL_14341581","cat_id":"staff","type":"CD","date":44750,"category":"staff","association":"KN","highlight":{},"emphasize":"N","dint":1657238400000,"age":"","index":206,"edges":[],"neighbors":[],"degree":0,"GNODEID":0,"dstr":"2022-07-08"},{"TAGID":"BE-1-1-0208","SEQID":"EPI_ISL_14341582","cat_id":"client","type":"CD","date":44750,"category":"client","highlight":{},"emphasize":"Y","dint":1657238400000,"age":"","index":207,"edges":[],"neighbors":[],"degree":0,"GNODEID":0,"association":0,"dstr":"2022-07-08"},{"TAGID":"BE-1-1-0209","SEQID":"EPI_ISL_14341705","cat_id":"client","type":"CD","date":44752,"category":"client","association":"KS","highlight":{},"emphasize":"N","dint":1657411200000,"age":"","index":208,"edges":[],"neighbors":[],"degree":0,"GNODEID":0,"dstr":"2022-07-10"},{"TAGID":"BE-1-1-0210","SEQID":"EPI_ISL_14344843","cat_id":"client","type":"CD","date":44750,"category":"client","association":"KS","highlight":{},"emphasize":"N","dint":1657238400000,"age":"","index":209,"edges":[],"neighbors":[],"degree":0,"GNODEID":0,"dstr":"2022-07-08"},{"SEQID":"EPI_ISL_14341861","GNODEID":"G-2.42","TAGID":"BE-1-1-0211","cat_id":"client","type":"CD","date":44747,"category":"client","association":"KS","highlight":{},"emphasize":"Y","dint":1656979200000,"age":"","index":210,"edges":[],"neighbors":[],"degree":0,"dstr":"2022-07-05"},{"TAGID":"BE-1-1-0212","SEQID":"EPI_ISL_14342063","cat_id":"client","type":"CD","date":44749,"category":"client","association":"KY","highlight":{},"emphasize":"Y","dint":1657152000000,"age":"","index":211,"edges":[],"neighbors":[],"degree":0,"GNODEID":0,"dstr":"2022-07-07"},{"TAGID":"BE-1-1-0213","SEQID":"EPI_ISL_14342329","cat_id":"client","type":"CD","date":44747,"category":"client","association":"KS","highlight":{},"emphasize":"Y","dint":1656979200000,"age":"","index":212,"edges":[],"neighbors":[],"degree":0,"GNODEID":0,"dstr":"2022-07-05"},{"TAGID":"BE-1-1-0214","SEQID":"EPI_ISL_14342600","cat_id":"staff","type":"CD","date":44747,"category":"staff","association":"KS","highlight":{},"emphasize":"N","dint":1656979200000,"age":"","index":213,"edges":[],"neighbors":[],"degree":0,"GNODEID":0,"dstr":"2022-07-05"},{"SEQID":"EPI_ISL_14342892","GNODEID":"G-2.27","TAGID":"BE-1-1-0215","cat_id":"client","type":"CD","date":44747,"category":"client","association":"KS","highlight":{},"emphasize":"Y","dint":1656979200000,"age":"","index":214,"edges":[],"neighbors":[],"degree":0,"dstr":"2022-07-05"},{"SEQID":"EPI_ISL_14343809","GNODEID":"G-2.17","TAGID":"BE-1-1-0216","cat_id":"client","type":"CD","date":44749,"category":"client","association":"KS","highlight":{},"emphasize":"Y","dint":1657152000000,"age":"","index":215,"edges":[],"neighbors":[],"degree":0,"dstr":"2022-07-07"},{"TAGID":"BE-1-1-0217","SEQID":"EPI_ISL_14343829","cat_id":"client","type":"CD","date":44749,"category":"client","association":"KS","highlight":{},"emphasize":"N","dint":1657152000000,"age":"","index":216,"edges":[],"neighbors":[],"degree":0,"GNODEID":0,"dstr":"2022-07-07"},{"SEQID":"EPI_ISL_14344080","GNODEID":"G-3","TAGID":"BE-1-1-0218","cat_id":"client","type":"CD","date":44750,"category":"client","association":"KS","highlight":{},"emphasize":"Y","dint":1657238400000,"age":"","index":217,"edges":[],"neighbors":[],"degree":0,"dstr":"2022-07-08"},{"TAGID":"BE-1-1-0219","SEQID":"EPI_ISL_14345146","cat_id":"client","type":"CD","date":44751,"category":"client","association":"KS","highlight":{},"emphasize":"N","dint":1657324800000,"age":"","index":218,"edges":[],"neighbors":[],"degree":0,"GNODEID":0,"dstr":"2022-07-09"},{"TAGID":"BE-1-1-0220","SEQID":"EPI_ISL_14345475","cat_id":"staff","type":"CD","date":44751,"category":"staff","association":"KS","highlight":{},"emphasize":"N","dint":1657324800000,"age":"","index":219,"edges":[],"neighbors":[],"degree":0,"GNODEID":0,"dstr":"2022-07-09"},{"TAGID":"BE-1-1-0221","SEQID":"EPI_ISL_14346434","cat_id":"staff","type":"CD","date":44750,"category":"staff","association":"TH","highlight":{},"emphasize":"N","dint":1657238400000,"age":"","index":220,"edges":[],"neighbors":[],"degree":0,"GNODEID":0,"dstr":"2022-07-08"},{"TAGID":"BE-1-1-0222","SEQID":"EPI_ISL_14346981","cat_id":"client","type":"CD","date":44752,"category":"client","association":"CS","highlight":{},"emphasize":"Y","dint":1657411200000,"age":"","index":221,"edges":[],"neighbors":[],"degree":0,"GNODEID":0,"dstr":"2022-07-10"},{"TAGID":"BE-1-1-0223","SEQID":"EPI_ISL_14346885","cat_id":"staff","type":"CD","date":44750,"category":"staff","association":"KS","highlight":{},"emphasize":"Y","dint":1657238400000,"age":"","index":222,"edges":[],"neighbors":[],"degree":0,"GNODEID":0,"dstr":"2022-07-08"},{"SEQID":"EPI_ISL_14347052","GNODEID":"G-2.31","TAGID":"BE-1-1-0224","cat_id":"client","type":"CD","date":44750,"category":"client","association":"KS","highlight":{},"emphasize":"Y","dint":1657238400000,"age":"","index":223,"edges":[],"neighbors":[],"degree":0,"dstr":"2022-07-08"},{"TAGID":"BE-1-1-0225","SEQID":"EPI_ISL_14353125","cat_id":"client","type":"CD","date":44750,"category":"client","association":"KS","highlight":{},"emphasize":"Y","dint":1657238400000,"age":"","index":224,"edges":[],"neighbors":[],"degree":0,"GNODEID":0,"dstr":"2022-07-08"},{"TAGID":"BE-1-1-0226","SEQID":"EPI_ISL_14353279","cat_id":"client","type":"CD","date":44750,"category":"client","association":"KS","highlight":{},"emphasize":"N","dint":1657238400000,"age":"","index":225,"edges":[],"neighbors":[],"degree":0,"GNODEID":0,"dstr":"2022-07-08"}],"edges":[{"LINKID":"L-1","TAG_from":"EPI_ISL_13964146","TAG_to":"EPI_ISL_13902000","label":"家族","src":-1,"dst":-1}],"epi":[{"SEQID":"EPI_ISL_13692300","GNODEID":"G-0"},{"SEQID":"REF","GNODEID":"G-1"},{"SEQID":"EPI_ISL_14146846","GNODEID":"G-2"},{"SEQID":"EPI_ISL_14123899","GNODEID":"G-2"},{"SEQID":"EPI_ISL_14147007","GNODEID":"G-2"},{"SEQID":"EPI_ISL_14540525","GNODEID":"G-2"},{"SEQID":"EPI_ISL_14138670","GNODEID":"G-2.1"},{"SEQID":"EPI_ISL_14133403","GNODEID":"G-2.1.1.1"},{"SEQID":"EPI_ISL_14302566","GNODEID":"G-2.1.1.2"},{"SEQID":"EPI_ISL_14299605","GNODEID":"G-2.2"},{"SEQID":"EPI_ISL_14299606","GNODEID":"G-2.2"},{"SEQID":"EPI_ISL_14133420","GNODEID":"G-2.3"},{"SEQID":"EPI_ISL_14139957","GNODEID":"G-2.3"},{"SEQID":"EPI_ISL_14140815","GNODEID":"G-2.4"},{"SEQID":"EPI_ISL_14134976","GNODEID":"G-2.5"},{"SEQID":"EPI_ISL_14541225","GNODEID":"G-2.6"},{"SEQID":"EPI_ISL_14147000","GNODEID":"G-2.7"},{"SEQID":"EPI_ISL_14299364","GNODEID":"G-2.7.1"},{"SEQID":"EPI_ISL_14128884","GNODEID":"G-2.8"},{"SEQID":"EPI_ISL_14540338","GNODEID":"G-2.8"},{"SEQID":"EPI_ISL_14134973","GNODEID":"G-2.9"},{"SEQID":"EPI_ISL_14125447","GNODEID":"G-2.10"},{"SEQID":"EPI_ISL_13902011","GNODEID":"G-2.10.1"},{"SEQID":"EPI_ISL_14541220","GNODEID":"G-2.10.2"},{"SEQID":"EPI_ISL_14128171","GNODEID":"G-2.11"},{"SEQID":"EPI_ISL_14140089","GNODEID":"G-2.12"},{"SEQID":"EPI_ISL_14140084","GNODEID":"G-2.12.1"},{"SEQID":"EPI_ISL_14495096","GNODEID":"G-2.12.2"},{"SEQID":"EPI_ISL_13900939","GNODEID":"G-2.13"},{"SEQID":"EPI_ISL_14510431","GNODEID":"G-2.14"},{"SEQID":"EPI_ISL_14138166","GNODEID":"G-2.15"},{"SEQID":"EPI_ISL_14524080","GNODEID":"G-2.15"},{"SEQID":"EPI_ISL_14341541","GNODEID":"G-2.16"},{"SEQID":"EPI_ISL_14343809","GNODEID":"G-2.17"},{"SEQID":"EPI_ISL_14095798","GNODEID":"G-2.18"},{"SEQID":"EPI_ISL_14134912","GNODEID":"G-2.19"},{"SEQID":"EPI_ISL_14541208","GNODEID":"G-2.20"},{"SEQID":"EPI_ISL_14340905","GNODEID":"G-2.21"},{"SEQID":"EPI_ISL_14081892","GNODEID":"G-2.22"},{"SEQID":"EPI_ISL_14341489","GNODEID":"G-2.23"},{"SEQID":"EPI_ISL_14505711","GNODEID":"G-2.24"},{"SEQID":"EPI_ISL_14138162","GNODEID":"G-2.25"},{"SEQID":"EPI_ISL_14138409","GNODEID":"G-2.26"},{"SEQID":"EPI_ISL_14342892","GNODEID":"G-2.27"},{"SEQID":"EPI_ISL_14340848","GNODEID":"G-2.28"},{"SEQID":"EPI_ISL_14340818","GNODEID":"G-2.29"},{"SEQID":"EPI_ISL_14341365","GNODEID":"G-2.30"},{"SEQID":"EPI_ISL_14347052","GNODEID":"G-2.31"},{"SEQID":"EPI_ISL_14299522","GNODEID":"G-2.32"},{"SEQID":"EPI_ISL_14299346","GNODEID":"G-2.33"},{"SEQID":"EPI_ISL_14128221","GNODEID":"G-2.34"},{"SEQID":"EPI_ISL_14146893","GNODEID":"G-2.35"},{"SEQID":"EPI_ISL_14140214","GNODEID":"G-2.36"},{"SEQID":"EPI_ISL_14017781","GNODEID":"G-2.37"},{"SEQID":"EPI_ISL_14082139","GNODEID":"G-2.38"},{"SEQID":"EPI_ISL_14540311","GNODEID":"G-2.39"},{"SEQID":"EPI_ISL_14082145","GNODEID":"G-2.40"},{"SEQID":"EPI_ISL_14340831","GNODEID":"G-2.41"},{"SEQID":"EPI_ISL_14341861","GNODEID":"G-2.42"},{"SEQID":"EPI_ISL_14133424","GNODEID":"G-2.43"},{"SEQID":"EPI_ISL_14142300","GNODEID":"G-2.44"},{"SEQID":"EPI_ISL_14344080","GNODEID":"G-3"},{"SEQID":"EPI_ISL_14128339","GNODEID":"G-4"},{"SEQID":"EPI_ISL_14340917","GNODEID":"G-5"}],"tree":[{"label":"G-0","length":0,"edges":["G-1","G-2","G-3","G-4","G-5"],"subs":0},{"label":"G-1","length":0.0224572221,"edges":[],"subs":55},{"label":"G-2","length":0.0013218352,"edges":["G-2.1","G-2.2","G-2.3","G-2.4","G-2.5","G-2.6","G-2.7","G-2.8","G-2.9","G-2.10","G-2.11","G-2.12","G-2.13","G-2.14","G-2.15","G-2.16","G-2.17","G-2.18","G-2.19","G-2.20","G-2.21","G-2.22","G-2.23","G-2.24","G-2.25","G-2.26","G-2.27","G-2.28","G-2.29","G-2.30","G-2.31","G-2.32","G-2.33","G-2.34","G-2.35","G-2.36","G-2.37","G-2.38","G-2.39","G-2.40","G-2.41","G-2.42","G-2.43","G-2.44"],"subs":3},{"label":"G-2.1","length":0.0004400086,"edges":["G-2.1.1"],"subs":1},{"label":"G-2.1.1","length":0.0013214631,"edges":["G-2.1.1.1","G-2.1.1.2"],"subs":3},{"label":"G-2.1.1.1","length":0.000440227,"edges":[],"subs":1},{"label":"G-2.1.1.2","length":0.0004401175,"edges":[],"subs":1},{"label":"G-2.2","length":0.0004401812,"edges":[],"subs":1},{"label":"G-2.3","length":0.000440353,"edges":[],"subs":1},{"label":"G-2.4","length":0.00044052429999999997,"edges":[],"subs":1},{"label":"G-2.5","length":0.0008810556000000002,"edges":[],"subs":2},{"label":"G-2.6","length":0.0013218287999999998,"edges":[],"subs":3},{"label":"G-2.7","length":0.00044099609999999996,"edges":["G-2.7.1"],"subs":1},{"label":"G-2.7.1","length":0.0004398091,"edges":[],"subs":1},{"label":"G-2.8","length":0.0008815492000000004,"edges":[],"subs":2},{"label":"G-2.9","length":0.0004415206999999999,"edges":[],"subs":1},{"label":"G-2.10","length":0.0004416087999999999,"edges":["G-2.10.1","G-2.10.2"],"subs":1},{"label":"G-2.10.1","length":0.0004398538,"edges":[],"subs":1},{"label":"G-2.10.2","length":0.0013212370999999999,"edges":[],"subs":3},{"label":"G-2.11","length":0.0008821268000000005,"edges":[],"subs":2},{"label":"G-2.12","length":0.0004421330999999999,"edges":["G-2.12.1","G-2.12.2"],"subs":1},{"label":"G-2.12.1","length":0.0004401274,"edges":[],"subs":1},{"label":"G-2.12.2","length":0.0004400717,"edges":[],"subs":1},{"label":"G-2.13","length":0.0004424716999999999,"edges":[],"subs":1},{"label":"G-2.14","length":0.0004427009999999999,"edges":[],"subs":1},{"label":"G-2.15","length":0.0004428019999999999,"edges":[],"subs":1},{"label":"G-2.16","length":0.00044296239999999984,"edges":[],"subs":1},{"label":"G-2.17","length":0.0008831601000000008,"edges":[],"subs":2},{"label":"G-2.18","length":0.00044319099999999984,"edges":[],"subs":1},{"label":"G-2.19","length":0.0008834675000000009,"edges":[],"subs":2},{"label":"G-2.20","length":0.00044354089999999984,"edges":[],"subs":1},{"label":"G-2.21","length":0.00044379669999999985,"edges":[],"subs":1},{"label":"G-2.22","length":0.00044405609999999984,"edges":[],"subs":1},{"label":"G-2.23","length":0.0004440684999999998,"edges":[],"subs":1},{"label":"G-2.24","length":0.00044438259999999977,"edges":[],"subs":1},{"label":"G-2.25","length":0.0008850327000000012,"edges":[],"subs":2},{"label":"G-2.26","length":0.0008852646000000013,"edges":[],"subs":2},{"label":"G-2.27","length":0.00044494309999999976,"edges":[],"subs":1},{"label":"G-2.28","length":0.0013253754999999982,"edges":[],"subs":3},{"label":"G-2.29","length":0.00044536619999999973,"edges":[],"subs":1},{"label":"G-2.30","length":0.0004455600999999997,"edges":[],"subs":1},{"label":"G-2.31","length":0.002210243400000005,"edges":[],"subs":5},{"label":"G-2.32","length":0.0008859863000000015,"edges":[],"subs":2},{"label":"G-2.33","length":0.0008861479000000016,"edges":[],"subs":2},{"label":"G-2.34","length":0.0004462158999999997,"edges":[],"subs":1},{"label":"G-2.35","length":0.0004465241999999997,"edges":[],"subs":1},{"label":"G-2.36","length":0.0008866860000000017,"edges":[],"subs":2},{"label":"G-2.37","length":0.00044686749999999967,"edges":[],"subs":1},{"label":"G-2.38","length":0.00044694949999999966,"edges":[],"subs":1},{"label":"G-2.39","length":0.00044702369999999965,"edges":[],"subs":1},{"label":"G-2.40","length":0.00044731329999999963,"edges":[],"subs":1},{"label":"G-2.41","length":0.00044734859999999964,"edges":[],"subs":1},{"label":"G-2.42","length":0.0004475448999999996,"edges":[],"subs":1},{"label":"G-2.43","length":0.003980183499999988,"edges":[],"subs":9},{"label":"G-2.44","length":0.00044783409999999964,"edges":[],"subs":1},{"label":"G-3","length":0.0008804632,"edges":[],"subs":2},{"label":"G-4","length":0.0013210695999999998,"edges":[],"subs":3},{"label":"G-5","length":0.0017635162,"edges":[],"subs":4}],"dist":{"period":7.501980861230612,"phase":6.501980861230612,"interval":0.00005432336751467708}}