{"nodes":[{"TAGID":"BF-1-0001","SEQID":"EPI_ISL_13425203","cat_id":"client","type":"CD","date":44715,"category":"client","association":"KS","highlight":{},"emphasize":"N","dint":1654214400000,"age":"","index":0,"edges":[],"neighbors":[],"degree":0,"GNODEID":0,"dstr":"2022-06-03"},{"SEQID":"EPI_ISL_13762869","GNODEID":"G-3.3","TAGID":"BF-1-0002","cat_id":"staff","type":"CD","date":44732,"category":"staff","association":"KS","highlight":{},"emphasize":"N","dint":1655683200000,"age":"","index":1,"edges":[],"neighbors":[],"degree":0,"dstr":"2022-06-20"},{"SEQID":"EPI_ISL_13765687","GNODEID":"G-3.2.2","TAGID":"BF-1-0003","cat_id":"staff","type":"CD","date":44732,"category":"staff","association":"KS","highlight":{},"emphasize":"Y","dint":1655683200000,"age":"","index":2,"edges":[],"neighbors":[],"degree":0,"dstr":"2022-06-20"},{"TAGID":"BF-1-0004","SEQID":"EPI_ISL_13765683","cat_id":"client","type":"CD","date":44732,"category":"client","association":"KS","highlight":{},"emphasize":"Y","dint":1655683200000,"age":"","index":3,"edges":[],"neighbors":[],"degree":0,"GNODEID":0,"dstr":"2022-06-20"},{"TAGID":"BF-1-0005","SEQID":"EPI_ISL_13765667","cat_id":"client","type":"CD","date":44732,"category":"client","association":"KS","highlight":{},"emphasize":"N","dint":1655683200000,"age":"","index":4,"edges":[],"neighbors":[],"degree":0,"GNODEID":0,"dstr":"2022-06-20"},{"TAGID":"BF-1-0006","SEQID":"EPI_ISL_13765695","cat_id":"client","type":"CD","date":44732,"category":"client","association":"KS","highlight":{},"emphasize":"N","dint":1655683200000,"age":"","index":5,"edges":[],"neighbors":[],"degree":0,"GNODEID":0,"dstr":"2022-06-20"},{"TAGID":"BF-1-0007","SEQID":"EPI_ISL_13765912","cat_id":"client","type":"CD","date":44736,"category":"client","association":"KS","highlight":{},"emphasize":"N","dint":1656028800000,"age":"","index":6,"edges":[],"neighbors":[],"degree":0,"GNODEID":0,"dstr":"2022-06-24"},{"SEQID":"EPI_ISL_13765883","GNODEID":"G-3.2.10","TAGID":"BF-1-0008","cat_id":"staff","type":"CD","date":44736,"category":"staff","association":"KS","highlight":{},"emphasize":"Y","dint":1656028800000,"age":"","index":7,"edges":[],"neighbors":[],"degree":0,"dstr":"2022-06-24"},{"TAGID":"BF-1-0009","SEQID":"EPI_ISL_13766008","cat_id":"staff","type":"CD","date":44736,"category":"staff","association":"KS","highlight":{},"emphasize":"N","dint":1656028800000,"age":"","index":8,"edges":[],"neighbors":[],"degree":0,"GNODEID":0,"dstr":"2022-06-24"},{"TAGID":"BF-1-0010","SEQID":"EPI_ISL_13765960","cat_id":"client","type":"CD","date":44736,"category":"client","association":"KS","highlight":{},"emphasize":"N","dint":1656028800000,"age":"","index":9,"edges":[],"neighbors":[],"degree":0,"GNODEID":0,"dstr":"2022-06-24"},{"TAGID":"BF-1-0011","SEQID":"EPI_ISL_13766028","cat_id":"staff","type":"CD","date":44739,"category":"staff","association":"KS","highlight":{},"emphasize":"N","dint":1656288000000,"age":"","index":10,"edges":[],"neighbors":[],"degree":0,"GNODEID":0,"dstr":"2022-06-27"},{"TAGID":"BF-1-0012","SEQID":"EPI_ISL_13503129","cat_id":"staff","type":"CD","date":44725,"category":"staff","association":"KS","highlight":{},"emphasize":"Y","dint":1655078400000,"age":"","index":11,"edges":[],"neighbors":[],"degree":0,"GNODEID":0,"dstr":"2022-06-13"},{"TAGID":"BF-1-0013","SEQID":"EPI_ISL_13503130","cat_id":"client","type":"CD","date":44725,"category":"client","association":"KS","highlight":{},"emphasize":"N","dint":1655078400000,"age":"","index":12,"edges":[],"neighbors":[],"degree":0,"GNODEID":0,"dstr":"2022-06-13"},{"SEQID":"EPI_ISL_13513738","GNODEID":"G-2","TAGID":"BF-1-0014","cat_id":"staff","type":"CD","date":44718,"category":"staff","association":"KS","highlight":{},"emphasize":"N","dint":1654473600000,"age":"","index":13,"edges":[],"neighbors":[],"degree":0,"dstr":"2022-06-06"},{"SEQID":"EPI_ISL_13513893","GNODEID":"G-2.4","TAGID":"BF-1-0015","cat_id":"staff","type":"CD","date":44725,"category":"staff","association":"KS","highlight":{},"emphasize":"Y","dint":1655078400000,"age":"","index":14,"edges":[],"neighbors":[],"degree":0,"dstr":"2022-06-13"},{"TAGID":"BF-1-0016","SEQID":"EPI_ISL_13513868","cat_id":"client","type":"CD","date":44725,"category":"client","association":"KS","highlight":{},"emphasize":"Y","dint":1655078400000,"age":"","index":15,"edges":[],"neighbors":[],"degree":0,"GNODEID":0,"dstr":"2022-06-13"},{"SEQID":"EPI_ISL_14017713","GNODEID":"G-2.1.1","TAGID":"BF-1-0017","cat_id":"client","type":"CD","date":44732,"category":"client","association":"KS","highlight":{},"emphasize":"Y","dint":1655683200000,"age":"","index":16,"edges":[],"neighbors":[],"degree":0,"dstr":"2022-06-20"},{"TAGID":"BF-1-0018","SEQID":"EPI_ISL_14017759","cat_id":"client","type":"CD","date":44727,"category":"client","association":"KS","highlight":{},"emphasize":"Y","dint":1655251200000,"age":"","index":17,"edges":[],"neighbors":[],"degree":0,"GNODEID":0,"dstr":"2022-06-15"},{"TAGID":"BF-1-0019","SEQID":"EPI_ISL_13843299","cat_id":"staff","type":"CD","date":44720,"category":"staff","association":"KS","highlight":{},"emphasize":"Y","dint":1654646400000,"age":"","index":18,"edges":[],"neighbors":[],"degree":0,"GNODEID":0,"dstr":"2022-06-08"},{"TAGID":"BF-1-0020","SEQID":"EPI_ISL_13843327","cat_id":"client","type":"CD","date":44720,"category":"client","association":"KS","highlight":{},"emphasize":"N","dint":1654646400000,"age":"","index":19,"edges":[],"neighbors":[],"degree":0,"GNODEID":0,"dstr":"2022-06-08"},{"TAGID":"BF-1-0021","SEQID":"EPI_ISL_13843525","cat_id":"staff","type":"CD","date":44723,"category":"staff","association":"KS","highlight":{},"emphasize":"N","dint":1654905600000,"age":"","index":20,"edges":[],"neighbors":[],"degree":0,"GNODEID":0,"dstr":"2022-06-11"},{"TAGID":"BF-1-0022","SEQID":"EPI_ISL_13843242","cat_id":"staff","type":"CD","date":44718,"category":"staff","association":"KS","highlight":{},"emphasize":"Y","dint":1654473600000,"age":"","index":21,"edges":[],"neighbors":[],"degree":0,"GNODEID":0,"dstr":"2022-06-06"},{"TAGID":"BF-1-0023","SEQID":"EPI_ISL_14043804","cat_id":"client","type":"CD","date":44732,"category":"client","association":"KS","highlight":{},"emphasize":"Y","dint":1655683200000,"age":"","index":22,"edges":[],"neighbors":[],"degree":0,"GNODEID":0,"dstr":"2022-06-20"},{"TAGID":"BF-1-0024","SEQID":"EPI_ISL_14044230","cat_id":"staff","type":"CD","date":44733,"category":"staff","association":"KS","highlight":{},"emphasize":"Y","dint":1655769600000,"age":"","index":23,"edges":[],"neighbors":[],"degree":0,"GNODEID":0,"dstr":"2022-06-21"},{"TAGID":"BF-1-0025","SEQID":"EPI_ISL_14044239","cat_id":"staff","type":"CD","date":44733,"category":"staff","association":"KS","highlight":{},"emphasize":"N","dint":1655769600000,"age":"","index":24,"edges":[],"neighbors":[],"degree":0,"GNODEID":0,"dstr":"2022-06-21"},{"TAGID":"BF-1-0026","SEQID":"EPI_ISL_14044316","cat_id":"client","type":"CD","date":44743,"category":"client","association":"KS","highlight":{},"emphasize":"Y","dint":1656633600000,"age":"","index":25,"edges":[],"neighbors":[],"degree":0,"GNODEID":0,"dstr":"2022-07-01"},{"TAGID":"BF-1-0027","SEQID":"EPI_ISL_13514662","cat_id":"staff","type":"CD","date":44722,"category":"staff","association":"KS","highlight":{},"emphasize":"N","dint":1654819200000,"age":"","index":26,"edges":[],"neighbors":[],"degree":0,"GNODEID":0,"dstr":"2022-06-10"},{"TAGID":"BF-1-0028","SEQID":"EPI_ISL_13514646","cat_id":"client","type":"CD","date":44725,"category":"client","association":"KS","highlight":{},"emphasize":"Y","dint":1655078400000,"age":"","index":27,"edges":[],"neighbors":[],"degree":0,"GNODEID":0,"dstr":"2022-06-13"},{"TAGID":"BF-1-0029","SEQID":"EPI_ISL_14044637","cat_id":"staff","type":"CD","date":44744,"category":"staff","association":"KS","highlight":{},"emphasize":"Y","dint":1656720000000,"age":"","index":28,"edges":[],"neighbors":[],"degree":0,"GNODEID":0,"dstr":"2022-07-02"},{"TAGID":"BF-1-0030","SEQID":"EPI_ISL_14044631","cat_id":"client","type":"CD","date":44744,"category":"client","association":"KS","highlight":{},"emphasize":"N","dint":1656720000000,"age":"","index":29,"edges":[],"neighbors":[],"degree":0,"GNODEID":0,"dstr":"2022-07-02"},{"TAGID":"BF-1-0031","SEQID":"EPI_ISL_14044632","cat_id":"client","type":"CD","date":44744,"category":"client","association":"KS","highlight":{},"emphasize":"Y","dint":1656720000000,"age":"","index":30,"edges":[],"neighbors":[],"degree":0,"GNODEID":0,"dstr":"2022-07-02"},{"TAGID":"BF-1-0032","SEQID":"EPI_ISL_14044591","cat_id":"staff","type":"CD","date":44744,"category":"staff","association":"KS","highlight":{},"emphasize":"Y","dint":1656720000000,"age":"","index":31,"edges":[],"neighbors":[],"degree":0,"GNODEID":0,"dstr":"2022-07-02"},{"TAGID":"BF-1-0033","SEQID":"EPI_ISL_14044583","cat_id":"client","type":"CD","date":44744,"category":"client","association":"KS","highlight":{},"emphasize":"N","dint":1656720000000,"age":"","index":32,"edges":[],"neighbors":[],"degree":0,"GNODEID":0,"dstr":"2022-07-02"},{"TAGID":"BF-1-0034","SEQID":"EPI_ISL_14043761","cat_id":"client","type":"CD","date":44731,"category":"client","association":"KS","highlight":{},"emphasize":"Y","dint":1655596800000,"age":"","index":33,"edges":[],"neighbors":[],"degree":0,"GNODEID":0,"dstr":"2022-06-19"},{"TAGID":"BF-1-0035","SEQID":"EPI_ISL_14043773","cat_id":"staff","type":"CD","date":44732,"category":"staff","association":"KS","highlight":{},"emphasize":"N","dint":1655683200000,"age":"","index":34,"edges":[],"neighbors":[],"degree":0,"GNODEID":0,"dstr":"2022-06-20"},{"TAGID":"BF-1-0036","SEQID":"EPI_ISL_14044416","cat_id":"client","type":"CD","date":44735,"category":"client","association":"KS","highlight":{},"emphasize":"N","dint":1655942400000,"age":"","index":35,"edges":[],"neighbors":[],"degree":0,"GNODEID":0,"dstr":"2022-06-23"},{"TAGID":"BF-1-0037","SEQID":"EPI_ISL_14043686","cat_id":"staff","type":"CD","date":44730,"category":"staff","association":"KS","highlight":{},"emphasize":"Y","dint":1655510400000,"age":"","index":36,"edges":[],"neighbors":[],"degree":0,"GNODEID":0,"dstr":"2022-06-18"},{"TAGID":"BF-1-0038","SEQID":"EPI_ISL_14044406","cat_id":"client","type":"CD","date":44735,"category":"client","association":"KS","highlight":{},"emphasize":"N","dint":1655942400000,"age":"","index":37,"edges":[],"neighbors":[],"degree":0,"GNODEID":0,"dstr":"2022-06-23"},{"TAGID":"BF-1-0039","SEQID":"EPI_ISL_14043665","cat_id":"client","type":"CD","date":44729,"category":"client","association":"KS","highlight":{},"emphasize":"N","dint":1655424000000,"age":"","index":38,"edges":[],"neighbors":[],"degree":0,"GNODEID":0,"dstr":"2022-06-17"},{"TAGID":"BF-1-0040","SEQID":"EPI_ISL_14043778","cat_id":"staff","type":"CD","date":44732,"category":"staff","association":"KS","highlight":{},"emphasize":"N","dint":1655683200000,"age":"","index":39,"edges":[],"neighbors":[],"degree":0,"GNODEID":0,"dstr":"2022-06-20"},{"TAGID":"BF-1-0041","SEQID":"EPI_ISL_14044216","cat_id":"client","type":"CD","date":44733,"category":"client","association":"KS","highlight":{},"emphasize":"Y","dint":1655769600000,"age":"","index":40,"edges":[],"neighbors":[],"degree":0,"GNODEID":0,"dstr":"2022-06-21"},{"TAGID":"BF-1-0042","SEQID":"EPI_ISL_14044215","cat_id":"client","type":"CD","date":44733,"category":"client","association":"KS","highlight":{},"emphasize":"N","dint":1655769600000,"age":"","index":41,"edges":[],"neighbors":[],"degree":0,"GNODEID":0,"dstr":"2022-06-21"},{"TAGID":"BF-1-0043","SEQID":"EPI_ISL_14044452","cat_id":"staff","type":"CD","date":44736,"category":"staff","association":"KS","highlight":{},"emphasize":"Y","dint":1656028800000,"age":"","index":42,"edges":[],"neighbors":[],"degree":0,"GNODEID":0,"dstr":"2022-06-24"},{"TAGID":"BF-1-0044","SEQID":"EPI_ISL_14044446","cat_id":"staff","type":"CD","date":44736,"category":"staff","association":"KS","highlight":{},"emphasize":"N","dint":1656028800000,"age":"","index":43,"edges":[],"neighbors":[],"degree":0,"GNODEID":0,"dstr":"2022-06-24"},{"TAGID":"BF-1-0045","SEQID":"EPI_ISL_14043805","cat_id":"client","type":"CD","date":44732,"category":"client","association":"KS","highlight":{},"emphasize":"N","dint":1655683200000,"age":"","index":44,"edges":[],"neighbors":[],"degree":0,"GNODEID":0,"dstr":"2022-06-20"},{"TAGID":"BF-1-0046","SEQID":"EPI_ISL_14044426","cat_id":"client","type":"CD","date":44735,"category":"client","association":"KS","highlight":{},"emphasize":"Y","dint":1655942400000,"age":"","index":45,"edges":[],"neighbors":[],"degree":0,"GNODEID":0,"dstr":"2022-06-23"},{"TAGID":"BF-1-0047","SEQID":"EPI_ISL_14044252","cat_id":"client","type":"CD","date":44734,"category":"client","association":"KS","highlight":{},"emphasize":"Y","dint":1655856000000,"age":"","index":46,"edges":[],"neighbors":[],"degree":0,"GNODEID":0,"dstr":"2022-06-22"},{"TAGID":"BF-1-0048","SEQID":"EPI_ISL_14044249","cat_id":"client","type":"CD","date":44734,"category":"client","association":"KS","highlight":{},"emphasize":"Y","dint":1655856000000,"age":"","index":47,"edges":[],"neighbors":[],"degree":0,"GNODEID":0,"dstr":"2022-06-22"},{"TAGID":"BF-1-0049","SEQID":"EPI_ISL_14044483","cat_id":"staff","type":"CD","date":44736,"category":"staff","association":"KS","highlight":{},"emphasize":"N","dint":1656028800000,"age":"","index":48,"edges":[],"neighbors":[],"degree":0,"GNODEID":0,"dstr":"2022-06-24"},{"TAGID":"BF-1-0050","SEQID":"EPI_ISL_14044242","cat_id":"staff","type":"CD","date":44733,"category":"staff","association":"KS","highlight":{},"emphasize":"N","dint":1655769600000,"age":"","index":49,"edges":[],"neighbors":[],"degree":0,"GNODEID":0,"dstr":"2022-06-21"},{"TAGID":"BF-1-0051","SEQID":"EPI_ISL_14044243","cat_id":"client","type":"CD","date":44733,"category":"client","association":"KS","highlight":{},"emphasize":"Y","dint":1655769600000,"age":"","index":50,"edges":[],"neighbors":[],"degree":0,"GNODEID":0,"dstr":"2022-06-21"},{"TAGID":"BF-1-0052","SEQID":"EPI_ISL_14044351","cat_id":"staff","type":"CD","date":44743,"category":"staff","association":"KS","highlight":{},"emphasize":"Y","dint":1656633600000,"age":"","index":51,"edges":[],"neighbors":[],"degree":0,"GNODEID":0,"dstr":"2022-07-01"},{"TAGID":"BF-1-0053","SEQID":"EPI_ISL_14044225","cat_id":"client","type":"CD","date":44733,"category":"client","association":"KS","highlight":{},"emphasize":"Y","dint":1655769600000,"age":"","index":52,"edges":[],"neighbors":[],"degree":0,"GNODEID":0,"dstr":"2022-06-21"},{"TAGID":"BF-1-0054","SEQID":"EPI_ISL_14044281","cat_id":"staff","type":"CD","date":44734,"category":"staff","association":"KS","highlight":{},"emphasize":"Y","dint":1655856000000,"age":"","index":53,"edges":[],"neighbors":[],"degree":0,"GNODEID":0,"dstr":"2022-06-22"},{"TAGID":"BF-1-0055","SEQID":"EPI_ISL_14044271","cat_id":"staff","type":"CD","date":44734,"category":"staff","association":"KS","highlight":{},"emphasize":"Y","dint":1655856000000,"age":"","index":54,"edges":[],"neighbors":[],"degree":0,"GNODEID":0,"dstr":"2022-06-22"},{"TAGID":"BF-1-0056","SEQID":"EPI_ISL_14081909","cat_id":"client","type":"CD","date":44746,"category":"client","association":"KS","highlight":{},"emphasize":"N","dint":1656892800000,"age":"","index":55,"edges":[],"neighbors":[],"degree":0,"GNODEID":0,"dstr":"2022-07-04"},{"TAGID":"BF-1-0057","SEQID":"EPI_ISL_14081865","cat_id":"client","type":"CD","date":44746,"category":"client","association":"KS","highlight":{},"emphasize":"Y","dint":1656892800000,"age":"","index":56,"edges":[],"neighbors":[],"degree":0,"GNODEID":0,"dstr":"2022-07-04"},{"TAGID":"BF-1-0058","SEQID":"EPI_ISL_14081976","cat_id":"staff","type":"CD","date":44743,"category":"staff","association":"KS","highlight":{},"emphasize":"N","dint":1656633600000,"age":"","index":57,"edges":[],"neighbors":[],"degree":0,"GNODEID":0,"dstr":"2022-07-01"},{"TAGID":"BF-1-0059","SEQID":"EPI_ISL_14082024","cat_id":"staff","type":"CD","date":44743,"category":"staff","association":"KS","highlight":{},"emphasize":"N","dint":1656633600000,"age":"","index":58,"edges":[],"neighbors":[],"degree":0,"GNODEID":0,"dstr":"2022-07-01"},{"TAGID":"BF-1-0060","SEQID":"EPI_ISL_14081972","cat_id":"staff","type":"CD","date":44743,"category":"staff","association":"KS","highlight":{},"emphasize":"N","dint":1656633600000,"age":"","index":59,"edges":[],"neighbors":[],"degree":0,"GNODEID":0,"dstr":"2022-07-01"},{"SEQID":"EPI_ISL_14081921","GNODEID":"G-3.2.14","TAGID":"BF-1-0061","cat_id":"staff","type":"CD","date":44746,"category":"staff","association":"KS","highlight":{},"emphasize":"N","dint":1656892800000,"age":"","index":60,"edges":[],"neighbors":[],"degree":0,"dstr":"2022-07-04"},{"TAGID":"BF-1-0062","SEQID":"EPI_ISL_14081884","cat_id":"staff","type":"CD","date":44746,"category":"staff","association":"KS","highlight":{},"emphasize":"Y","dint":1656892800000,"age":"","index":61,"edges":[],"neighbors":[],"degree":0,"GNODEID":0,"dstr":"2022-07-04"},{"TAGID":"BF-1-0063","SEQID":"EPI_ISL_14081890","cat_id":"client","type":"CD","date":44746,"category":"client","association":"KS","highlight":{},"emphasize":"N","dint":1656892800000,"age":"","index":62,"edges":[],"neighbors":[],"degree":0,"GNODEID":0,"dstr":"2022-07-04"},{"TAGID":"BF-1-0064","SEQID":"EPI_ISL_14082228","cat_id":"client","type":"CD","date":44743,"category":"client","association":"KS","highlight":{},"emphasize":"N","dint":1656633600000,"age":"","index":63,"edges":[],"neighbors":[],"degree":0,"GNODEID":0,"dstr":"2022-07-01"},{"TAGID":"BF-1-0065","SEQID":"EPI_ISL_14082225","cat_id":"client","type":"CD","date":44744,"category":"client","association":"KS","highlight":{},"emphasize":"N","dint":1656720000000,"age":"","index":64,"edges":[],"neighbors":[],"degree":0,"GNODEID":0,"dstr":"2022-07-02"},{"TAGID":"BF-1-0066","SEQID":"EPI_ISL_14082211","cat_id":"client","type":"CD","date":44743,"category":"client","association":"KS","highlight":{},"emphasize":"Y","dint":1656633600000,"age":"","index":65,"edges":[],"neighbors":[],"degree":0,"GNODEID":0,"dstr":"2022-07-01"},{"TAGID":"BF-1-0067","SEQID":"EPI_ISL_14082324","cat_id":"staff","type":"CD","date":44743,"category":"staff","association":"KS","highlight":{},"emphasize":"Y","dint":1656633600000,"age":"","index":66,"edges":[],"neighbors":[],"degree":0,"GNODEID":0,"dstr":"2022-07-01"},{"SEQID":"EPI_ISL_14082389","GNODEID":"G-2.8.1","TAGID":"BF-1-0068","cat_id":"staff","type":"CD","date":44743,"category":"staff","association":"KS","highlight":{},"emphasize":"Y","dint":1656633600000,"age":"","index":67,"edges":[],"neighbors":[],"degree":0,"dstr":"2022-07-01"},{"TAGID":"BF-1-0069","SEQID":"EPI_ISL_13900992","cat_id":"staff","type":"CD","date":44739,"category":"staff","association":"KS","highlight":{},"emphasize":"Y","dint":1656288000000,"age":"","index":68,"edges":[],"neighbors":[],"degree":0,"GNODEID":0,"dstr":"2022-06-27"},{"SEQID":"EPI_ISL_13901029","GNODEID":"G-2.2.1","TAGID":"BF-1-0070","cat_id":"staff","type":"CD","date":44739,"category":"staff","association":"KS","highlight":{},"emphasize":"N","dint":1656288000000,"age":"","index":69,"edges":[],"neighbors":[],"degree":0,"dstr":"2022-06-27"},{"TAGID":"BF-1-0071","SEQID":"EPI_ISL_13900935","cat_id":"staff","type":"CD","date":44739,"category":"staff","association":"KS","highlight":{},"emphasize":"Y","dint":1656288000000,"age":"","index":70,"edges":[],"neighbors":[],"degree":0,"GNODEID":0,"dstr":"2022-06-27"},{"TAGID":"BF-1-0072","SEQID":"EPI_ISL_13901068","cat_id":"client","type":"CD","date":44739,"category":"client","association":"KS","highlight":{},"emphasize":"Y","dint":1656288000000,"age":"","index":71,"edges":[],"neighbors":[],"degree":0,"GNODEID":0,"dstr":"2022-06-27"},{"TAGID":"BF-1-0073","SEQID":"EPI_ISL_13901072","cat_id":"client","type":"CD","date":44739,"category":"client","association":"KS","highlight":{},"emphasize":"Y","dint":1656288000000,"age":"","index":72,"edges":[],"neighbors":[],"degree":0,"GNODEID":0,"dstr":"2022-06-27"},{"TAGID":"BF-1-0074","SEQID":"EPI_ISL_13901215","cat_id":"staff","type":"CD","date":44736,"category":"staff","association":"KS","highlight":{},"emphasize":"N","dint":1656028800000,"age":"","index":73,"edges":[],"neighbors":[],"degree":0,"GNODEID":0,"dstr":"2022-06-24"},{"TAGID":"BF-1-0075","SEQID":"EPI_ISL_13902023","cat_id":"client","type":"CD","date":44739,"category":"client","association":"KS","highlight":{},"emphasize":"Y","dint":1656288000000,"age":"","index":74,"edges":[],"neighbors":[],"degree":0,"GNODEID":0,"dstr":"2022-06-27"},{"TAGID":"BF-1-0076","SEQID":"EPI_ISL_13901964","cat_id":"staff","type":"CD","date":44736,"category":"staff","association":"KS","highlight":{},"emphasize":"N","dint":1656028800000,"age":"","index":75,"edges":[],"neighbors":[],"degree":0,"GNODEID":0,"dstr":"2022-06-24"},{"TAGID":"BF-1-0077","SEQID":"EPI_ISL_13901990","cat_id":"staff","type":"CD","date":44739,"category":"staff","association":"KS","highlight":{},"emphasize":"Y","dint":1656288000000,"age":"","index":76,"edges":[],"neighbors":[],"degree":0,"GNODEID":0,"dstr":"2022-06-27"},{"TAGID":"BF-1-0078","SEQID":"EPI_ISL_14507999","cat_id":"staff","type":"CD","date":44747,"category":"staff","association":"KS","highlight":{},"emphasize":"N","dint":1656979200000,"age":"","index":77,"edges":[],"neighbors":[],"degree":0,"GNODEID":0,"dstr":"2022-07-05"},{"TAGID":"BF-1-0079","SEQID":"EPI_ISL_14508054","cat_id":"client","type":"CD","date":44747,"category":"client","association":"KS","highlight":{},"emphasize":"N","dint":1656979200000,"age":"","index":78,"edges":[],"neighbors":[],"degree":0,"GNODEID":0,"dstr":"2022-07-05"},{"TAGID":"BF-1-0080","SEQID":"EPI_ISL_14508027","cat_id":"staff","type":"CD","date":44747,"category":"staff","association":"KS","highlight":{},"emphasize":"N","dint":1656979200000,"age":"","index":79,"edges":[],"neighbors":[],"degree":0,"GNODEID":0,"dstr":"2022-07-05"},{"TAGID":"BF-1-0081","SEQID":"EPI_ISL_14508031","cat_id":"staff","type":"CD","date":44747,"category":"staff","association":"KS","highlight":{},"emphasize":"Y","dint":1656979200000,"age":"","index":80,"edges":[],"neighbors":[],"degree":0,"GNODEID":0,"dstr":"2022-07-05"},{"TAGID":"BF-1-0082","SEQID":"EPI_ISL_14508824","cat_id":"client","type":"CD","date":44748,"category":"client","association":"KS","highlight":{},"emphasize":"Y","dint":1657065600000,"age":"","index":81,"edges":[],"neighbors":[],"degree":0,"GNODEID":0,"dstr":"2022-07-06"},{"TAGID":"BF-1-0083","SEQID":"EPI_ISL_14508784","cat_id":"staff","type":"CD","date":44748,"category":"staff","association":"KS","highlight":{},"emphasize":"Y","dint":1657065600000,"age":"","index":82,"edges":[],"neighbors":[],"degree":0,"GNODEID":0,"dstr":"2022-07-06"},{"TAGID":"BF-1-0084","SEQID":"EPI_ISL_14089088","cat_id":"staff","type":"CD","date":44746,"category":"staff","association":"KS","highlight":{},"emphasize":"Y","dint":1656892800000,"age":"","index":83,"edges":[],"neighbors":[],"degree":0,"GNODEID":0,"dstr":"2022-07-04"},{"TAGID":"BF-1-0085","SEQID":"EPI_ISL_14089272","cat_id":"staff","type":"CD","date":44744,"category":"staff","association":"KS","highlight":{},"emphasize":"N","dint":1656720000000,"age":"","index":84,"edges":[],"neighbors":[],"degree":0,"GNODEID":0,"dstr":"2022-07-02"},{"TAGID":"BF-1-0086","SEQID":"EPI_ISL_14089348","cat_id":"client","type":"CD","date":44746,"category":"client","association":"KS","highlight":{},"emphasize":"Y","dint":1656892800000,"age":"","index":85,"edges":[],"neighbors":[],"degree":0,"GNODEID":0,"dstr":"2022-07-04"},{"TAGID":"BF-1-0087","SEQID":"EPI_ISL_14094191","cat_id":"staff","type":"CD","date":44746,"category":"staff","association":"KS","highlight":{},"emphasize":"Y","dint":1656892800000,"age":"","index":86,"edges":[],"neighbors":[],"degree":0,"GNODEID":0,"dstr":"2022-07-04"},{"TAGID":"BF-1-0088","SEQID":"EPI_ISL_14089496","cat_id":"client","type":"CD","date":44746,"category":"client","association":"KS","highlight":{},"emphasize":"Y","dint":1656892800000,"age":"","index":87,"edges":[],"neighbors":[],"degree":0,"GNODEID":0,"dstr":"2022-07-04"},{"TAGID":"BF-1-0089","SEQID":"EPI_ISL_14089495","cat_id":"staff","type":"CD","date":44746,"category":"staff","association":"KS","highlight":{},"emphasize":"Y","dint":1656892800000,"age":"","index":88,"edges":[],"neighbors":[],"degree":0,"GNODEID":0,"dstr":"2022-07-04"},{"TAGID":"BF-1-0090","SEQID":"EPI_ISL_14089534","cat_id":"staff","type":"CD","date":44746,"category":"staff","association":"KS","highlight":{},"emphasize":"N","dint":1656892800000,"age":"","index":89,"edges":[],"neighbors":[],"degree":0,"GNODEID":0,"dstr":"2022-07-04"},{"SEQID":"EPI_ISL_14089528","GNODEID":"G-2.5","TAGID":"BF-1-0091","cat_id":"client","type":"CD","date":44746,"category":"client","association":"KS","highlight":{},"emphasize":"N","dint":1656892800000,"age":"","index":90,"edges":[],"neighbors":[],"degree":0,"dstr":"2022-07-04"},{"TAGID":"BF-1-0092","SEQID":"EPI_ISL_14510274","cat_id":"staff","type":"CD","date":44747,"category":"staff","association":"KS","highlight":{},"emphasize":"Y","dint":1656979200000,"age":"","index":91,"edges":[],"neighbors":[],"degree":0,"GNODEID":0,"dstr":"2022-07-05"},{"TAGID":"BF-1-0093","SEQID":"EPI_ISL_14510268","cat_id":"client","type":"CD","date":44747,"category":"client","association":"KS","highlight":{},"emphasize":"Y","dint":1656979200000,"age":"","index":92,"edges":[],"neighbors":[],"degree":0,"GNODEID":0,"dstr":"2022-07-05"},{"SEQID":"EPI_ISL_14510426","GNODEID":"G-3.2.5","TAGID":"BF-1-0094","cat_id":"client","type":"CD","date":44749,"category":"client","association":"KS","highlight":{},"emphasize":"N","dint":1657152000000,"age":"","index":93,"edges":[],"neighbors":[],"degree":0,"dstr":"2022-07-07"},{"TAGID":"BF-1-0095","SEQID":"EPI_ISL_14510464","cat_id":"client","type":"CD","date":44747,"category":"client","association":"KS","highlight":{},"emphasize":"N","dint":1656979200000,"age":"","index":94,"edges":[],"neighbors":[],"degree":0,"GNODEID":0,"dstr":"2022-07-05"},{"TAGID":"BF-1-0096","SEQID":"EPI_ISL_14510851","cat_id":"staff","type":"CD","date":44748,"category":"staff","association":"KS","highlight":{},"emphasize":"Y","dint":1657065600000,"age":"","index":95,"edges":[],"neighbors":[],"degree":0,"GNODEID":0,"dstr":"2022-07-06"},{"TAGID":"BF-1-0097","SEQID":"EPI_ISL_14510878","cat_id":"staff","type":"CD","date":44748,"category":"staff","association":"KS","highlight":{},"emphasize":"N","dint":1657065600000,"age":"","index":96,"edges":[],"neighbors":[],"degree":0,"GNODEID":0,"dstr":"2022-07-06"},{"TAGID":"BF-1-0098","SEQID":"EPI_ISL_14094199","cat_id":"client","type":"CD","date":44746,"category":"client","association":"KS","highlight":{},"emphasize":"N","dint":1656892800000,"age":"","index":97,"edges":[],"neighbors":[],"degree":0,"GNODEID":0,"dstr":"2022-07-04"},{"TAGID":"BF-1-0099","SEQID":"EPI_ISL_14094203","cat_id":"staff","type":"CD","date":44743,"category":"staff","association":"KS","highlight":{},"emphasize":"N","dint":1656633600000,"age":"","index":98,"edges":[],"neighbors":[],"degree":0,"GNODEID":0,"dstr":"2022-07-01"},{"TAGID":"BF-1-0100","SEQID":"EPI_ISL_14094213","cat_id":"client","type":"CD","date":44746,"category":"client","association":"KS","highlight":{},"emphasize":"Y","dint":1656892800000,"age":"","index":99,"edges":[],"neighbors":[],"degree":0,"GNODEID":0,"dstr":"2022-07-04"},{"SEQID":"EPI_ISL_14094162","GNODEID":"G-2.6.1","TAGID":"BF-1-0101","cat_id":"client","type":"CD","date":44744,"category":"client","association":"KS","highlight":{},"emphasize":"Y","dint":1656720000000,"age":"","index":100,"edges":[],"neighbors":[],"degree":0,"dstr":"2022-07-02"},{"SEQID":"EPI_ISL_14094307","GNODEID":"G-2.12","TAGID":"BF-1-0102","cat_id":"client","type":"CD","date":44746,"category":"client","association":"KS","highlight":{},"emphasize":"Y","dint":1656892800000,"age":"","index":101,"edges":[],"neighbors":[],"degree":0,"dstr":"2022-07-04"},{"TAGID":"BF-1-0103","SEQID":"EPI_ISL_14095665","cat_id":"client","type":"CD","date":44746,"category":"client","association":"KS","highlight":{},"emphasize":"N","dint":1656892800000,"age":"","index":102,"edges":[],"neighbors":[],"degree":0,"GNODEID":0,"dstr":"2022-07-04"},{"SEQID":"EPI_ISL_14095728","GNODEID":"G-2.6","TAGID":"BF-1-0104","cat_id":"client","type":"CD","date":44746,"category":"client","association":"KS","highlight":{},"emphasize":"N","dint":1656892800000,"age":"","index":103,"edges":[],"neighbors":[],"degree":0,"dstr":"2022-07-04"},{"TAGID":"BF-1-0105","SEQID":"EPI_ISL_14095811","cat_id":"staff","type":"CD","date":44746,"category":"staff","association":"KS","highlight":{},"emphasize":"Y","dint":1656892800000,"age":"","index":104,"edges":[],"neighbors":[],"degree":0,"GNODEID":0,"dstr":"2022-07-04"},{"TAGID":"BF-1-0106","SEQID":"EPI_ISL_14095841","cat_id":"staff","type":"CD","date":44746,"category":"staff","association":"KS","highlight":{},"emphasize":"Y","dint":1656892800000,"age":"","index":105,"edges":[],"neighbors":[],"degree":0,"GNODEID":0,"dstr":"2022-07-04"},{"TAGID":"BF-1-0107","SEQID":"EPI_ISL_14514991","cat_id":"staff","type":"CD","date":44746,"category":"staff","association":"KS","highlight":{},"emphasize":"N","dint":1656892800000,"age":"","index":106,"edges":[],"neighbors":[],"degree":0,"GNODEID":0,"dstr":"2022-07-04"},{"TAGID":"BF-1-0108","SEQID":"EPI_ISL_14515029","cat_id":"staff","type":"CD","date":44746,"category":"staff","association":"KS","highlight":{},"emphasize":"Y","dint":1656892800000,"age":"","index":107,"edges":[],"neighbors":[],"degree":0,"GNODEID":0,"dstr":"2022-07-04"},{"SEQID":"EPI_ISL_14517644","GNODEID":"G-2.1.3","TAGID":"BF-1-0109","cat_id":"staff","type":"CD","date":44749,"category":"staff","association":"KS","highlight":{},"emphasize":"Y","dint":1657152000000,"age":"","index":108,"edges":[],"neighbors":[],"degree":0,"dstr":"2022-07-07"},{"TAGID":"BF-1-0110","SEQID":"EPI_ISL_14517652","cat_id":"client","type":"CD","date":44749,"category":"client","association":"KS","highlight":{},"emphasize":"N","dint":1657152000000,"age":"","index":109,"edges":[],"neighbors":[],"degree":0,"GNODEID":0,"dstr":"2022-07-07"},{"TAGID":"BF-1-0111","SEQID":"EPI_ISL_14518544","cat_id":"client","type":"CD","date":44749,"category":"client","association":"KS","highlight":{},"emphasize":"N","dint":1657152000000,"age":"","index":110,"edges":[],"neighbors":[],"degree":0,"GNODEID":0,"dstr":"2022-07-07"},{"TAGID":"BF-1-0112","SEQID":"EPI_ISL_14523769","cat_id":"client","type":"CD","date":44748,"category":"client","association":"KS","highlight":{},"emphasize":"Y","dint":1657065600000,"age":"","index":111,"edges":[],"neighbors":[],"degree":0,"GNODEID":0,"dstr":"2022-07-06"},{"SEQID":"EPI_ISL_14524164","GNODEID":"G-3.2.4.2","TAGID":"BF-1-0113","cat_id":"client","type":"CD","date":44749,"category":"client","association":"KS","highlight":{},"emphasize":"N","dint":1657152000000,"age":"","index":112,"edges":[],"neighbors":[],"degree":0,"dstr":"2022-07-07"},{"TAGID":"BF-1-0114","SEQID":"EPI_ISL_14525179","cat_id":"client","type":"CD","date":44744,"category":"client","association":"KS","highlight":{},"emphasize":"Y","dint":1656720000000,"age":"","index":113,"edges":[],"neighbors":[],"degree":0,"GNODEID":0,"dstr":"2022-07-02"},{"TAGID":"BF-1-0115","SEQID":"EPI_ISL_14114908","cat_id":"client","type":"CD","date":44714,"category":"client","association":"KS","highlight":{},"emphasize":"N","dint":1654128000000,"age":"","index":114,"edges":[],"neighbors":[],"degree":0,"GNODEID":0,"dstr":"2022-06-02"},{"SEQID":"EPI_ISL_14117442","GNODEID":"G-2","TAGID":"BF-1-0116","cat_id":"client","type":"CD","date":44714,"category":"client","association":"KS","highlight":{},"emphasize":"N","dint":1654128000000,"age":"","index":115,"edges":[],"neighbors":[],"degree":0,"dstr":"2022-06-02"},{"SEQID":"EPI_ISL_14120714","GNODEID":"G-3.2.9","TAGID":"BF-1-0117","cat_id":"staff","type":"CD","date":44729,"category":"staff","association":"KS","highlight":{},"emphasize":"N","dint":1655424000000,"age":"","index":116,"edges":[],"neighbors":[],"degree":0,"dstr":"2022-06-17"},{"TAGID":"BF-1-0118","SEQID":"EPI_ISL_14125414","cat_id":"staff","type":"CD","date":44729,"category":"staff","association":"KS","highlight":{},"emphasize":"Y","dint":1655424000000,"age":"","index":117,"edges":[],"neighbors":[],"degree":0,"GNODEID":0,"dstr":"2022-06-17"},{"TAGID":"BF-1-0119","SEQID":"EPI_ISL_14125500","cat_id":"staff","type":"CD","date":44730,"category":"staff","association":"KS","highlight":{},"emphasize":"N","dint":1655510400000,"age":"","index":118,"edges":[],"neighbors":[],"degree":0,"GNODEID":0,"dstr":"2022-06-18"},{"TAGID":"BF-1-0120","SEQID":"EPI_ISL_14534701","cat_id":"staff","type":"CD","date":44749,"category":"staff","association":"KS","highlight":{},"emphasize":"N","dint":1657152000000,"age":"","index":119,"edges":[],"neighbors":[],"degree":0,"GNODEID":0,"dstr":"2022-07-07"},{"TAGID":"BF-1-0121","SEQID":"EPI_ISL_14127094","cat_id":"client","type":"CD","date":44739,"category":"client","association":"CS","highlight":{},"emphasize":"Y","dint":1656288000000,"age":"","index":120,"edges":[],"neighbors":[],"degree":0,"GNODEID":0,"dstr":"2022-06-27"},{"TAGID":"BF-1-0122","SEQID":"EPI_ISL_14127462","cat_id":"staff","type":"CD","date":44733,"category":"staff","association":"KS","highlight":{},"emphasize":"Y","dint":1655769600000,"age":"","index":121,"edges":[],"neighbors":[],"degree":0,"GNODEID":0,"dstr":"2022-06-21"},{"SEQID":"EPI_ISL_14127517","GNODEID":"G-2.9","TAGID":"BF-1-0123","cat_id":"staff","type":"CD","date":44733,"category":"staff","association":"OK","highlight":{},"emphasize":"N","dint":1655769600000,"age":"","index":122,"edges":[],"neighbors":[],"degree":0,"dstr":"2022-06-21"},{"SEQID":"EPI_ISL_14128396","GNODEID":"G-3.2.8","TAGID":"BF-1-0124","cat_id":"client","type":"CD","date":44748,"category":"client","association":"TH","highlight":{},"emphasize":"Y","dint":1657065600000,"age":"","index":123,"edges":[],"neighbors":[],"degree":0,"dstr":"2022-07-06"},{"TAGID":"BF-1-0125","SEQID":"EPI_ISL_14129133","cat_id":"staff","type":"CD","date":44732,"category":"staff","association":"KS","highlight":{},"emphasize":"N","dint":1655683200000,"age":"","index":124,"edges":[],"neighbors":[],"degree":0,"GNODEID":0,"dstr":"2022-06-20"},{"TAGID":"BF-1-0126","SEQID":"EPI_ISL_14129177","cat_id":"staff","type":"CD","date":44733,"category":"staff","association":"KS","highlight":{},"emphasize":"N","dint":1655769600000,"age":"","index":125,"edges":[],"neighbors":[],"degree":0,"GNODEID":0,"dstr":"2022-06-21"},{"SEQID":"EPI_ISL_14129274","GNODEID":"G-2.1","TAGID":"BF-1-0127","cat_id":"client","type":"CD","date":44736,"category":"client","association":"KS","highlight":{},"emphasize":"Y","dint":1656028800000,"age":"","index":126,"edges":[],"neighbors":[],"degree":0,"dstr":"2022-06-24"},{"SEQID":"EPI_ISL_14129337","GNODEID":"G-2.8","TAGID":"BF-1-0128","cat_id":"staff","type":"CD","date":44737,"category":"staff","association":"KS","highlight":{},"emphasize":"N","dint":1656115200000,"age":"","index":127,"edges":[],"neighbors":[],"degree":0,"dstr":"2022-06-25"},{"TAGID":"BF-1-0129","SEQID":"EPI_ISL_14129309","cat_id":"client","type":"CD","date":44737,"category":"client","association":"KS","highlight":{},"emphasize":"N","dint":1656115200000,"age":"","index":128,"edges":[],"neighbors":[],"degree":0,"GNODEID":0,"dstr":"2022-06-25"},{"TAGID":"BF-1-0130","SEQID":"EPI_ISL_14129377","cat_id":"staff","type":"CD","date":44737,"category":"staff","association":"KS","highlight":{},"emphasize":"Y","dint":1656115200000,"age":"","index":129,"edges":[],"neighbors":[],"degree":0,"GNODEID":0,"dstr":"2022-06-25"},{"SEQID":"EPI_ISL_14129428","GNODEID":"G-3.2.10","TAGID":"BF-1-0131","cat_id":"staff","type":"CD","date":44738,"category":"staff","association":"KS","highlight":{},"emphasize":"Y","dint":1656201600000,"age":"","index":130,"edges":[],"neighbors":[],"degree":0,"dstr":"2022-06-26"},{"TAGID":"BF-1-0132","SEQID":"EPI_ISL_14129805","cat_id":"client","type":"CD","date":44746,"category":"client","association":"KY","highlight":{},"emphasize":"Y","dint":1656892800000,"age":"","index":131,"edges":[],"neighbors":[],"degree":0,"GNODEID":0,"dstr":"2022-07-04"},{"TAGID":"BF-1-0133","SEQID":"EPI_ISL_14129788","cat_id":"staff","type":"CD","date":44749,"category":"staff","association":"KY","highlight":{},"emphasize":"Y","dint":1657152000000,"age":"","index":132,"edges":[],"neighbors":[],"degree":0,"GNODEID":0,"dstr":"2022-07-07"},{"TAGID":"BF-1-0134","SEQID":"EPI_ISL_14129832","cat_id":"client","type":"CD","date":44743,"category":"client","association":"OK","highlight":{},"emphasize":"N","dint":1656633600000,"age":"","index":133,"edges":[],"neighbors":[],"degree":0,"GNODEID":0,"dstr":"2022-07-01"},{"TAGID":"BF-1-0135","SEQID":"EPI_ISL_14129833","cat_id":"client","type":"CD","date":44744,"category":"client","association":"OK","highlight":{},"emphasize":"N","dint":1656720000000,"age":"","index":134,"edges":[],"neighbors":[],"degree":0,"GNODEID":0,"dstr":"2022-07-02"},{"TAGID":"BF-1-0136","SEQID":"EPI_ISL_14130441","cat_id":"client","type":"CD","date":44739,"category":"client","association":"KS","highlight":{},"emphasize":"N","dint":1656288000000,"age":"","index":135,"edges":[],"neighbors":[],"degree":0,"GNODEID":0,"dstr":"2022-06-27"},{"SEQID":"EPI_ISL_14130760","GNODEID":"G-2.10","TAGID":"BF-1-0137","cat_id":"staff","type":"CD","date":44736,"category":"staff","association":"KS","highlight":{},"emphasize":"Y","dint":1656028800000,"age":"","index":136,"edges":[],"neighbors":[],"degree":0,"dstr":"2022-06-24"},{"TAGID":"BF-1-0138","SEQID":"EPI_ISL_14130626","cat_id":"staff","type":"CD","date":44732,"category":"staff","association":"KS","highlight":{},"emphasize":"Y","dint":1655683200000,"age":"","index":137,"edges":[],"neighbors":[],"degree":0,"GNODEID":0,"dstr":"2022-06-20"},{"TAGID":"BF-1-0139","SEQID":"EPI_ISL_14130855","cat_id":"client","type":"CD","date":44739,"category":"client","association":"KS","highlight":{},"emphasize":"Y","dint":1656288000000,"age":"","index":138,"edges":[],"neighbors":[],"degree":0,"GNODEID":0,"dstr":"2022-06-27"},{"SEQID":"EPI_ISL_14130763","GNODEID":"G-2.10.1","TAGID":"BF-1-0140","cat_id":"staff","type":"CD","date":44736,"category":"staff","association":"KS","highlight":{},"emphasize":"Y","dint":1656028800000,"age":"","index":139,"edges":[],"neighbors":[],"degree":0,"dstr":"2022-06-24"},{"TAGID":"BF-1-0141","SEQID":"EPI_ISL_14131593","cat_id":"staff","type":"CD","date":44739,"category":"staff","association":"KY","highlight":{},"emphasize":"Y","dint":1656288000000,"age":"","index":140,"edges":[],"neighbors":[],"degree":0,"GNODEID":0,"dstr":"2022-06-27"},{"SEQID":"EPI_ISL_14131553","GNODEID":"G-0","TAGID":"BF-1-0142","cat_id":"client","type":"CD","date":44737,"category":"client","association":"KY","highlight":{},"emphasize":"Y","dint":1656115200000,"age":"","index":141,"edges":[],"neighbors":[],"degree":0,"dstr":"2022-06-25"},{"TAGID":"BF-1-0143","SEQID":"EPI_ISL_14131554","cat_id":"staff","type":"CD","date":44736,"category":"staff","association":"KY","highlight":{},"emphasize":"N","dint":1656028800000,"age":"","index":142,"edges":[],"neighbors":[],"degree":0,"GNODEID":0,"dstr":"2022-06-24"},{"TAGID":"BF-1-0144","SEQID":"EPI_ISL_14131572","cat_id":"staff","type":"CD","date":44738,"category":"staff","association":"KY","highlight":{},"emphasize":"N","dint":1656201600000,"age":"","index":143,"edges":[],"neighbors":[],"degree":0,"GNODEID":0,"dstr":"2022-06-26"},{"TAGID":"BF-1-0145","SEQID":"EPI_ISL_14132633","cat_id":"staff","type":"CD","date":44744,"category":"staff","association":"KY","highlight":{},"emphasize":"N","dint":1656720000000,"age":"","index":144,"edges":[],"neighbors":[],"degree":0,"GNODEID":0,"dstr":"2022-07-02"},{"TAGID":"BF-1-0146","SEQID":"EPI_ISL_14133304","cat_id":"staff","type":"CD","date":44743,"category":"staff","association":"TH","highlight":{},"emphasize":"Y","dint":1656633600000,"age":"","index":145,"edges":[],"neighbors":[],"degree":0,"GNODEID":0,"dstr":"2022-07-01"},{"TAGID":"BF-1-0147","SEQID":"EPI_ISL_14133305","cat_id":"client","type":"CD","date":44743,"category":"client","association":"TH","highlight":{},"emphasize":"Y","dint":1656633600000,"age":"","index":146,"edges":[],"neighbors":[],"degree":0,"GNODEID":0,"dstr":"2022-07-01"},{"TAGID":"BF-1-0148","SEQID":"EPI_ISL_14132640","cat_id":"client","type":"CD","date":44742,"category":"client","association":"KS","highlight":{},"emphasize":"Y","dint":1656547200000,"age":"","index":147,"edges":[],"neighbors":[],"degree":0,"GNODEID":0,"dstr":"2022-06-30"},{"TAGID":"BF-1-0149","SEQID":"EPI_ISL_14135633","cat_id":"staff","type":"CD","date":44747,"category":"staff","association":"CS","highlight":{},"emphasize":"Y","dint":1656979200000,"age":"","index":148,"edges":[],"neighbors":[],"degree":0,"GNODEID":0,"dstr":"2022-07-05"},{"TAGID":"BF-1-0150","SEQID":"EPI_ISL_14135320","cat_id":"staff","type":"CD","date":44741,"category":"staff","association":"KN","highlight":{},"emphasize":"N","dint":1656460800000,"age":"","index":149,"edges":[],"neighbors":[],"degree":0,"GNODEID":0,"dstr":"2022-06-29"},{"TAGID":"BF-1-0151","SEQID":"EPI_ISL_14135401","cat_id":"client","type":"CD","date":44746,"category":"client","highlight":{},"emphasize":"Y","dint":1656892800000,"age":"","index":150,"edges":[],"neighbors":[],"degree":0,"association":0,"GNODEID":0,"dstr":"2022-07-04"},{"SEQID":"EPI_ISL_14133715","GNODEID":"G-3.2.11","TAGID":"BF-1-0152","cat_id":"client","type":"CD","date":44749,"category":"client","association":"KS","highlight":{},"emphasize":"N","dint":1657152000000,"age":"","index":151,"edges":[],"neighbors":[],"degree":0,"dstr":"2022-07-07"},{"TAGID":"BF-1-0153","SEQID":"EPI_ISL_14134939","cat_id":"client","type":"CD","date":44748,"category":"client","association":"TH","highlight":{},"emphasize":"N","dint":1657065600000,"age":"","index":152,"edges":[],"neighbors":[],"degree":0,"GNODEID":0,"dstr":"2022-07-06"},{"SEQID":"EPI_ISL_14137849","GNODEID":"G-2.3","TAGID":"BF-1-0154","cat_id":"staff","type":"CD","date":44742,"category":"staff","association":"TH","highlight":{},"emphasize":"N","dint":1656547200000,"age":"","index":153,"edges":[],"neighbors":[],"degree":0,"dstr":"2022-06-30"},{"SEQID":"EPI_ISL_14133412","GNODEID":"G-2.11.1","TAGID":"BF-1-0155","cat_id":"client","type":"CD","date":44749,"category":"client","highlight":{},"emphasize":"Y","dint":1657152000000,"age":"","index":154,"edges":[],"neighbors":[],"degree":0,"association":0,"dstr":"2022-07-07"},{"TAGID":"BF-1-0156","SEQID":"EPI_ISL_14135579","cat_id":"client","type":"CD","date":44746,"category":"client","association":"CS","highlight":{},"emphasize":"Y","dint":1656892800000,"age":"","index":155,"edges":[],"neighbors":[],"degree":0,"GNODEID":0,"dstr":"2022-07-04"},{"SEQID":"EPI_ISL_14135594","GNODEID":"G-3.2.3","TAGID":"BF-1-0157","cat_id":"staff","type":"CD","date":44747,"category":"staff","association":"CS","highlight":{},"emphasize":"N","dint":1656979200000,"age":"","index":156,"edges":[],"neighbors":[],"degree":0,"dstr":"2022-07-05"},{"SEQID":"EPI_ISL_14138229","GNODEID":"G-3.2.1","TAGID":"BF-1-0158","cat_id":"staff","type":"CD","date":44747,"category":"staff","association":"KS","highlight":{},"emphasize":"N","dint":1656979200000,"age":"","index":157,"edges":[],"neighbors":[],"degree":0,"dstr":"2022-07-05"},{"TAGID":"BF-1-0159","SEQID":"EPI_ISL_14135639","cat_id":"client","type":"CD","date":44747,"category":"client","association":"CS","highlight":{},"emphasize":"N","dint":1656979200000,"age":"","index":158,"edges":[],"neighbors":[],"degree":0,"GNODEID":0,"dstr":"2022-07-05"},{"TAGID":"BF-1-0160","SEQID":"EPI_ISL_14135653","cat_id":"client","type":"CD","date":44747,"category":"client","association":"CS","highlight":{},"emphasize":"N","dint":1656979200000,"age":"","index":159,"edges":[],"neighbors":[],"degree":0,"GNODEID":0,"dstr":"2022-07-05"},{"TAGID":"BF-1-0161","SEQID":"EPI_ISL_14135644","cat_id":"staff","type":"CD","date":44747,"category":"staff","association":"CS","highlight":{},"emphasize":"N","dint":1656979200000,"age":"","index":160,"edges":[],"neighbors":[],"degree":0,"GNODEID":0,"dstr":"2022-07-05"},{"TAGID":"BF-1-0162","SEQID":"EPI_ISL_14135648","cat_id":"staff","type":"CD","date":44747,"category":"staff","association":"CS","highlight":{},"emphasize":"N","dint":1656979200000,"age":"","index":161,"edges":[],"neighbors":[],"degree":0,"GNODEID":0,"dstr":"2022-07-05"},{"TAGID":"BF-1-0163","SEQID":"EPI_ISL_14138492","cat_id":"staff","type":"CD","date":44747,"category":"staff","association":"TH","highlight":{},"emphasize":"Y","dint":1656979200000,"age":"","index":162,"edges":[],"neighbors":[],"degree":0,"GNODEID":0,"dstr":"2022-07-05"},{"TAGID":"BF-1-0164","SEQID":"EPI_ISL_14138560","cat_id":"staff","type":"CD","date":44741,"category":"staff","association":"TH","highlight":{},"emphasize":"N","dint":1656460800000,"age":"","index":163,"edges":[],"neighbors":[],"degree":0,"GNODEID":0,"dstr":"2022-06-29"},{"TAGID":"BF-1-0165","SEQID":"EPI_ISL_14138700","cat_id":"client","type":"CD","date":44749,"category":"client","association":"CS","highlight":{},"emphasize":"Y","dint":1657152000000,"age":"","index":164,"edges":[],"neighbors":[],"degree":0,"GNODEID":0,"dstr":"2022-07-07"},{"TAGID":"BF-1-0166","SEQID":"EPI_ISL_14138724","cat_id":"client","type":"CD","date":44752,"category":"client","association":"CS","highlight":{},"emphasize":"Y","dint":1657411200000,"age":"","index":165,"edges":[],"neighbors":[],"degree":0,"GNODEID":0,"dstr":"2022-07-10"},{"TAGID":"BF-1-0167","SEQID":"EPI_ISL_14138725","cat_id":"staff","type":"CD","date":44752,"category":"staff","association":"CS","highlight":{},"emphasize":"N","dint":1657411200000,"age":"","index":166,"edges":[],"neighbors":[],"degree":0,"GNODEID":0,"dstr":"2022-07-10"},{"TAGID":"BF-1-0168","SEQID":"EPI_ISL_14139639","cat_id":"staff","type":"CD","date":44747,"category":"staff","association":"KY","highlight":{},"emphasize":"N","dint":1656979200000,"age":"","index":167,"edges":[],"neighbors":[],"degree":0,"GNODEID":0,"dstr":"2022-07-05"},{"TAGID":"BF-1-0169","SEQID":"EPI_ISL_14139917","cat_id":"staff","type":"CD","date":44746,"category":"staff","association":"KY","highlight":{},"emphasize":"N","dint":1656892800000,"age":"","index":168,"edges":[],"neighbors":[],"degree":0,"GNODEID":0,"dstr":"2022-07-04"},{"TAGID":"BF-1-0170","SEQID":"EPI_ISL_14140097","cat_id":"staff","type":"CD","date":44742,"category":"staff","association":"KS","highlight":{},"emphasize":"Y","dint":1656547200000,"age":"","index":169,"edges":[],"neighbors":[],"degree":0,"GNODEID":0,"dstr":"2022-06-30"},{"SEQID":"EPI_ISL_14140202","GNODEID":"G-2.7","TAGID":"BF-1-0171","cat_id":"staff","type":"CD","date":44744,"category":"staff","association":"KS","highlight":{},"emphasize":"Y","dint":1656720000000,"age":"","index":170,"edges":[],"neighbors":[],"degree":0,"dstr":"2022-07-02"},{"TAGID":"BF-1-0172","SEQID":"EPI_ISL_14140206","cat_id":"client","type":"CD","date":44744,"category":"client","association":"KN","highlight":{},"emphasize":"N","dint":1656720000000,"age":"","index":171,"edges":[],"neighbors":[],"degree":0,"GNODEID":0,"dstr":"2022-07-02"},{"TAGID":"BF-1-0173","SEQID":"EPI_ISL_14140219","cat_id":"client","type":"CD","date":44744,"category":"client","association":"KS","highlight":{},"emphasize":"Y","dint":1656720000000,"age":"","index":172,"edges":[],"neighbors":[],"degree":0,"GNODEID":0,"dstr":"2022-07-02"},{"SEQID":"EPI_ISL_14140626","GNODEID":"G-3.1","TAGID":"BF-1-0174","cat_id":"client","type":"CD","date":44739,"category":"client","highlight":{},"emphasize":"N","dint":1656288000000,"age":"","index":173,"edges":[],"neighbors":[],"degree":0,"association":0,"dstr":"2022-06-27"},{"TAGID":"BF-1-0175","SEQID":"EPI_ISL_14140788","cat_id":"staff","type":"CD","date":44749,"category":"staff","association":"KS","highlight":{},"emphasize":"Y","dint":1657152000000,"age":"","index":174,"edges":[],"neighbors":[],"degree":0,"GNODEID":0,"dstr":"2022-07-07"},{"TAGID":"BF-1-0176","SEQID":"EPI_ISL_14141604","cat_id":"client","type":"CD","date":44749,"category":"client","association":"TH","highlight":{},"emphasize":"Y","dint":1657152000000,"age":"","index":175,"edges":[],"neighbors":[],"degree":0,"GNODEID":0,"dstr":"2022-07-07"},{"SEQID":"EPI_ISL_14540359","GNODEID":"G-2.13.1","TAGID":"BF-1-0177","cat_id":"client","type":"CD","date":44743,"category":"client","association":"KS","highlight":{},"emphasize":"N","dint":1656633600000,"age":"","index":176,"edges":[],"neighbors":[],"degree":0,"dstr":"2022-07-01"},{"SEQID":"EPI_ISL_14540347","GNODEID":"G-2.12.1","TAGID":"BF-1-0178","cat_id":"staff","type":"CD","date":44743,"category":"staff","association":"KS","highlight":{},"emphasize":"N","dint":1656633600000,"age":"","index":177,"edges":[],"neighbors":[],"degree":0,"dstr":"2022-07-01"},{"SEQID":"EPI_ISL_14540397","GNODEID":"G-2.1","TAGID":"BF-1-0179","cat_id":"staff","type":"CD","date":44741,"category":"staff","association":"KS","highlight":{},"emphasize":"N","dint":1656460800000,"age":"","index":178,"edges":[],"neighbors":[],"degree":0,"dstr":"2022-06-29"},{"TAGID":"BF-1-0180","SEQID":"EPI_ISL_14142164","cat_id":"client","type":"CD","date":44746,"category":"client","association":"KS","highlight":{},"emphasize":"N","dint":1656892800000,"age":"","index":179,"edges":[],"neighbors":[],"degree":0,"GNODEID":0,"dstr":"2022-07-04"},{"TAGID":"BF-1-0181","SEQID":"EPI_ISL_14142192","cat_id":"client","type":"CD","date":44747,"category":"client","association":"KS","highlight":{},"emphasize":"N","dint":1656979200000,"age":"","index":180,"edges":[],"neighbors":[],"degree":0,"GNODEID":0,"dstr":"2022-07-05"},{"SEQID":"EPI_ISL_14540496","GNODEID":"G-3.2","TAGID":"BF-1-0182","cat_id":"staff","type":"CD","date":44742,"category":"staff","association":"KS","highlight":{},"emphasize":"Y","dint":1656547200000,"age":"","index":181,"edges":[],"neighbors":[],"degree":0,"dstr":"2022-06-30"},{"TAGID":"BF-1-0183","SEQID":"EPI_ISL_14540510","cat_id":"client","type":"CD","date":44743,"category":"client","association":"KS","highlight":{},"emphasize":"Y","dint":1656633600000,"age":"","index":182,"edges":[],"neighbors":[],"degree":0,"GNODEID":0,"dstr":"2022-07-01"},{"SEQID":"EPI_ISL_14540490","GNODEID":"G-2.2","TAGID":"BF-1-0184","cat_id":"client","type":"CD","date":44743,"category":"client","association":"KS","highlight":{},"emphasize":"Y","dint":1656633600000,"age":"","index":183,"edges":[],"neighbors":[],"degree":0,"dstr":"2022-07-01"},{"TAGID":"BF-1-0185","SEQID":"EPI_ISL_14142223","cat_id":"staff","type":"CD","date":44748,"category":"staff","highlight":{},"emphasize":"N","dint":1657065600000,"age":"","index":184,"edges":[],"neighbors":[],"degree":0,"association":0,"GNODEID":0,"dstr":"2022-07-06"},{"SEQID":"EPI_ISL_14540533","GNODEID":"G-2.13","TAGID":"BF-1-0186","cat_id":"client","type":"CD","date":44744,"category":"client","association":"KS","highlight":{},"emphasize":"Y","dint":1656720000000,"age":"","index":185,"edges":[],"neighbors":[],"degree":0,"dstr":"2022-07-02"},{"TAGID":"BF-1-0187","SEQID":"EPI_ISL_14540698","cat_id":"staff","type":"CD","date":44744,"category":"staff","association":"KS","highlight":{},"emphasize":"N","dint":1656720000000,"age":"","index":186,"edges":[],"neighbors":[],"degree":0,"GNODEID":0,"dstr":"2022-07-02"},{"TAGID":"BF-1-0188","SEQID":"EPI_ISL_14540666","cat_id":"client","type":"CD","date":44746,"category":"client","association":"KS","highlight":{},"emphasize":"Y","dint":1656892800000,"age":"","index":187,"edges":[],"neighbors":[],"degree":0,"GNODEID":0,"dstr":"2022-07-04"},{"TAGID":"BF-1-0189","SEQID":"EPI_ISL_14541483","cat_id":"client","type":"CD","date":44746,"category":"client","association":"KS","highlight":{},"emphasize":"N","dint":1656892800000,"age":"","index":188,"edges":[],"neighbors":[],"degree":0,"GNODEID":0,"dstr":"2022-07-04"},{"SEQID":"EPI_ISL_14541495","GNODEID":"G-3.2.13","TAGID":"BF-1-0190","cat_id":"staff","type":"CD","date":44743,"category":"staff","association":"KS","highlight":{},"emphasize":"N","dint":1656633600000,"age":"","index":189,"edges":[],"neighbors":[],"degree":0,"dstr":"2022-07-01"},{"SEQID":"EPI_ISL_14146892","GNODEID":"G-2.11","TAGID":"BF-1-0191","cat_id":"staff","type":"CD","date":44740,"category":"staff","association":"KN","highlight":{},"emphasize":"Y","dint":1656374400000,"age":"","index":190,"edges":[],"neighbors":[],"degree":0,"dstr":"2022-06-28"},{"SEQID":"EPI_ISL_14146891","GNODEID":"G-2.11.2","TAGID":"BF-1-0192","cat_id":"staff","type":"CD","date":44740,"category":"staff","association":"KN","highlight":{},"emphasize":"Y","dint":1656374400000,"age":"","index":191,"edges":[],"neighbors":[],"degree":0,"dstr":"2022-06-28"},{"TAGID":"BF-1-0193","SEQID":"EPI_ISL_14146989","cat_id":"client","type":"CD","date":44746,"category":"client","association":"KN","highlight":{},"emphasize":"N","dint":1656892800000,"age":"","index":192,"edges":[],"neighbors":[],"degree":0,"GNODEID":0,"dstr":"2022-07-04"},{"TAGID":"BF-1-0194","SEQID":"EPI_ISL_14207878","cat_id":"client","type":"CD","date":44750,"category":"client","association":"KS","highlight":{},"emphasize":"N","dint":1657238400000,"age":"","index":193,"edges":[],"neighbors":[],"degree":0,"GNODEID":0,"dstr":"2022-07-08"},{"TAGID":"BF-1-0195","SEQID":"EPI_ISL_14207837","cat_id":"staff","type":"CD","date":44750,"category":"staff","association":"KS","highlight":{},"emphasize":"N","dint":1657238400000,"age":"","index":194,"edges":[],"neighbors":[],"degree":0,"GNODEID":0,"dstr":"2022-07-08"},{"TAGID":"BF-1-0196","SEQID":"EPI_ISL_14207838","cat_id":"staff","type":"CD","date":44750,"category":"staff","association":"KS","highlight":{},"emphasize":"Y","dint":1657238400000,"age":"","index":195,"edges":[],"neighbors":[],"degree":0,"GNODEID":0,"dstr":"2022-07-08"},{"TAGID":"BF-1-0197","SEQID":"EPI_ISL_14207916","cat_id":"staff","type":"CD","date":44751,"category":"staff","association":"KS","highlight":{},"emphasize":"Y","dint":1657324800000,"age":"","index":196,"edges":[],"neighbors":[],"degree":0,"GNODEID":0,"dstr":"2022-07-09"},{"TAGID":"BF-1-0198","SEQID":"EPI_ISL_14207943","cat_id":"client","type":"CD","date":44751,"category":"client","association":"KS","highlight":{},"emphasize":"N","dint":1657324800000,"age":"","index":197,"edges":[],"neighbors":[],"degree":0,"GNODEID":0,"dstr":"2022-07-09"},{"TAGID":"BF-1-0199","SEQID":"EPI_ISL_14207981","cat_id":"client","type":"CD","date":44751,"category":"client","association":"KS","highlight":{},"emphasize":"N","dint":1657324800000,"age":"","index":198,"edges":[],"neighbors":[],"degree":0,"GNODEID":0,"dstr":"2022-07-09"},{"TAGID":"BF-1-0200","SEQID":"EPI_ISL_14208015","cat_id":"client","type":"CD","date":44752,"category":"client","association":"KS","highlight":{},"emphasize":"Y","dint":1657411200000,"age":"","index":199,"edges":[],"neighbors":[],"degree":0,"GNODEID":0,"dstr":"2022-07-10"},{"TAGID":"BF-1-0201","SEQID":"EPI_ISL_14584361","cat_id":"client","type":"CD","date":44743,"category":"client","association":"KS","highlight":{},"emphasize":"Y","dint":1656633600000,"age":"","index":200,"edges":[],"neighbors":[],"degree":0,"GNODEID":0,"dstr":"2022-07-01"},{"SEQID":"EPI_ISL_14585927","GNODEID":"G-2","TAGID":"BF-1-0202","cat_id":"client","type":"CD","date":44739,"category":"client","association":"TH","highlight":{},"emphasize":"N","dint":1656288000000,"age":"","index":201,"edges":[],"neighbors":[],"degree":0,"dstr":"2022-06-27"},{"SEQID":"EPI_ISL_14585939","GNODEID":"G-2","TAGID":"BF-1-0203","cat_id":"staff","type":"CD","date":44740,"category":"staff","association":"TH","highlight":{},"emphasize":"N","dint":1656374400000,"age":"","index":202,"edges":[],"neighbors":[],"degree":0,"dstr":"2022-06-28"},{"SEQID":"EPI_ISL_14585940","GNODEID":"G-2","TAGID":"BF-1-0204","cat_id":"client","type":"CD","date":44740,"category":"client","association":"TH","highlight":{},"emphasize":"Y","dint":1656374400000,"age":"","index":203,"edges":[],"neighbors":[],"degree":0,"dstr":"2022-06-28"},{"TAGID":"BF-1-0205","SEQID":"EPI_ISL_14211132","cat_id":"client","type":"CD","date":44734,"category":"client","association":"KS","highlight":{},"emphasize":"Y","dint":1655856000000,"age":"","index":204,"edges":[],"neighbors":[],"degree":0,"GNODEID":0,"dstr":"2022-06-22"},{"TAGID":"BF-1-0206","SEQID":"EPI_ISL_14211077","cat_id":"staff","type":"CD","date":44734,"category":"staff","association":"KS","highlight":{},"emphasize":"N","dint":1655856000000,"age":"","index":205,"edges":[],"neighbors":[],"degree":0,"GNODEID":0,"dstr":"2022-06-22"},{"TAGID":"BF-1-0207","SEQID":"EPI_ISL_14211060","cat_id":"staff","type":"CD","date":44734,"category":"staff","association":"KS","highlight":{},"emphasize":"Y","dint":1655856000000,"age":"","index":206,"edges":[],"neighbors":[],"degree":0,"GNODEID":0,"dstr":"2022-06-22"},{"TAGID":"BF-1-0208","SEQID":"EPI_ISL_14211107","cat_id":"client","type":"CD","date":44734,"category":"client","association":"KS","highlight":{},"emphasize":"N","dint":1655856000000,"age":"","index":207,"edges":[],"neighbors":[],"degree":0,"GNODEID":0,"dstr":"2022-06-22"},{"TAGID":"BF-1-0209","SEQID":"EPI_ISL_14211189","cat_id":"staff","type":"CD","date":44741,"category":"staff","association":"KS","highlight":{},"emphasize":"N","dint":1656460800000,"age":"","index":208,"edges":[],"neighbors":[],"degree":0,"GNODEID":0,"dstr":"2022-06-29"},{"TAGID":"BF-1-0210","SEQID":"EPI_ISL_14211160","cat_id":"staff","type":"CD","date":44741,"category":"staff","association":"KS","highlight":{},"emphasize":"Y","dint":1656460800000,"age":"","index":209,"edges":[],"neighbors":[],"degree":0,"GNODEID":0,"dstr":"2022-06-29"},{"TAGID":"BF-1-0211","SEQID":"EPI_ISL_14211251","cat_id":"staff","type":"CD","date":44741,"category":"staff","association":"KS","highlight":{},"emphasize":"N","dint":1656460800000,"age":"","index":210,"edges":[],"neighbors":[],"degree":0,"GNODEID":0,"dstr":"2022-06-29"},{"TAGID":"BF-1-0212","SEQID":"EPI_ISL_14588531","cat_id":"client","type":"CD","date":44747,"category":"client","association":"KS","highlight":{},"emphasize":"Y","dint":1656979200000,"age":"","index":211,"edges":[],"neighbors":[],"degree":0,"GNODEID":0,"dstr":"2022-07-05"},{"TAGID":"BF-1-0213","SEQID":"EPI_ISL_14588758","cat_id":"staff","type":"CD","date":44747,"category":"staff","association":"KS","highlight":{},"emphasize":"Y","dint":1656979200000,"age":"","index":212,"edges":[],"neighbors":[],"degree":0,"GNODEID":0,"dstr":"2022-07-05"},{"TAGID":"BF-1-0214","SEQID":"EPI_ISL_14588770","cat_id":"client","type":"CD","date":44747,"category":"client","association":"KS","highlight":{},"emphasize":"N","dint":1656979200000,"age":"","index":213,"edges":[],"neighbors":[],"degree":0,"GNODEID":0,"dstr":"2022-07-05"},{"TAGID":"BF-1-0215","SEQID":"EPI_ISL_14214775","cat_id":"client","type":"CD","date":44745,"category":"client","association":"KS","highlight":{},"emphasize":"Y","dint":1656806400000,"age":"","index":214,"edges":[],"neighbors":[],"degree":0,"GNODEID":0,"dstr":"2022-07-03"},{"TAGID":"BF-1-0216","SEQID":"EPI_ISL_14214790","cat_id":"staff","type":"CD","date":44745,"category":"staff","association":"KS","highlight":{},"emphasize":"Y","dint":1656806400000,"age":"","index":215,"edges":[],"neighbors":[],"degree":0,"GNODEID":0,"dstr":"2022-07-03"},{"TAGID":"BF-1-0217","SEQID":"EPI_ISL_14214826","cat_id":"client","type":"CD","date":44745,"category":"client","association":"KS","highlight":{},"emphasize":"N","dint":1656806400000,"age":"","index":216,"edges":[],"neighbors":[],"degree":0,"GNODEID":0,"dstr":"2022-07-03"},{"TAGID":"BF-1-0218","SEQID":"EPI_ISL_14224928","cat_id":"client","type":"CD","date":44746,"category":"client","association":"KS","highlight":{},"emphasize":"N","dint":1656892800000,"age":"","index":217,"edges":[],"neighbors":[],"degree":0,"GNODEID":0,"dstr":"2022-07-04"},{"TAGID":"BF-1-0219","SEQID":"EPI_ISL_14224973","cat_id":"client","type":"CD","date":44746,"category":"client","association":"KS","highlight":{},"emphasize":"N","dint":1656892800000,"age":"","index":218,"edges":[],"neighbors":[],"degree":0,"GNODEID":0,"dstr":"2022-07-04"},{"TAGID":"BF-1-0220","SEQID":"EPI_ISL_14225020","cat_id":"staff","type":"CD","date":44747,"category":"staff","association":"KS","highlight":{},"emphasize":"N","dint":1656979200000,"age":"","index":219,"edges":[],"neighbors":[],"degree":0,"GNODEID":0,"dstr":"2022-07-05"},{"TAGID":"BF-1-0221","SEQID":"EPI_ISL_14225165","cat_id":"client","type":"CD","date":44748,"category":"client","association":"KS","highlight":{},"emphasize":"Y","dint":1657065600000,"age":"","index":220,"edges":[],"neighbors":[],"degree":0,"GNODEID":0,"dstr":"2022-07-06"},{"TAGID":"BF-1-0222","SEQID":"EPI_ISL_14225093","cat_id":"staff","type":"CD","date":44748,"category":"staff","association":"KS","highlight":{},"emphasize":"N","dint":1657065600000,"age":"","index":221,"edges":[],"neighbors":[],"degree":0,"GNODEID":0,"dstr":"2022-07-06"},{"TAGID":"BF-1-0223","SEQID":"EPI_ISL_14588873","cat_id":"client","type":"CD","date":44747,"category":"client","association":"KS","highlight":{},"emphasize":"N","dint":1656979200000,"age":"","index":222,"edges":[],"neighbors":[],"degree":0,"GNODEID":0,"dstr":"2022-07-05"},{"TAGID":"BF-1-0224","SEQID":"EPI_ISL_14588658","cat_id":"staff","type":"CD","date":44747,"category":"staff","association":"KS","highlight":{},"emphasize":"Y","dint":1656979200000,"age":"","index":223,"edges":[],"neighbors":[],"degree":0,"GNODEID":0,"dstr":"2022-07-05"},{"TAGID":"BF-1-0225","SEQID":"EPI_ISL_14588708","cat_id":"staff","type":"CD","date":44747,"category":"staff","association":"KS","highlight":{},"emphasize":"Y","dint":1656979200000,"age":"","index":224,"edges":[],"neighbors":[],"degree":0,"GNODEID":0,"dstr":"2022-07-05"},{"TAGID":"BF-1-0226","SEQID":"EPI_ISL_14588711","cat_id":"staff","type":"CD","date":44747,"category":"staff","association":"KS","highlight":{},"emphasize":"Y","dint":1656979200000,"age":"","index":225,"edges":[],"neighbors":[],"degree":0,"GNODEID":0,"dstr":"2022-07-05"},{"TAGID":"BF-1-0227","SEQID":"EPI_ISL_14588736","cat_id":"staff","type":"CD","date":44747,"category":"staff","association":"KS","highlight":{},"emphasize":"N","dint":1656979200000,"age":"","index":226,"edges":[],"neighbors":[],"degree":0,"GNODEID":0,"dstr":"2022-07-05"},{"SEQID":"EPI_ISL_14585971","GNODEID":"G-3.2","TAGID":"BF-1-0228","cat_id":"staff","type":"CD","date":44750,"category":"staff","association":"TH","highlight":{},"emphasize":"Y","dint":1657238400000,"age":"","index":227,"edges":[],"neighbors":[],"degree":0,"dstr":"2022-07-08"},{"SEQID":"EPI_ISL_14584356","GNODEID":"G-3.2","TAGID":"BF-1-0229","cat_id":"client","type":"CD","date":44740,"category":"client","association":"KS","highlight":{},"emphasize":"Y","dint":1656374400000,"age":"","index":228,"edges":[],"neighbors":[],"degree":0,"dstr":"2022-06-28"},{"TAGID":"BF-1-0230","SEQID":"EPI_ISL_14299595","cat_id":"client","type":"CD","date":44750,"category":"client","association":"KN","highlight":{},"emphasize":"Y","dint":1657238400000,"age":"","index":229,"edges":[],"neighbors":[],"degree":0,"GNODEID":0,"dstr":"2022-07-08"},{"TAGID":"BF-1-0231","SEQID":"EPI_ISL_14302548","cat_id":"client","type":"CD","date":44747,"category":"client","association":"KN","highlight":{},"emphasize":"Y","dint":1656979200000,"age":"","index":230,"edges":[],"neighbors":[],"degree":0,"GNODEID":0,"dstr":"2022-07-05"},{"TAGID":"BF-1-0232","SEQID":"EPI_ISL_14338666","cat_id":"client","type":"CD","date":44741,"category":"client","association":"KS","highlight":{},"emphasize":"Y","dint":1656460800000,"age":"","index":231,"edges":[],"neighbors":[],"degree":0,"GNODEID":0,"dstr":"2022-06-29"},{"SEQID":"EPI_ISL_14338668","GNODEID":"G-2.1.2","TAGID":"BF-1-0233","cat_id":"staff","type":"CD","date":44741,"category":"staff","association":"KS","highlight":{},"emphasize":"N","dint":1656460800000,"age":"","index":232,"edges":[],"neighbors":[],"degree":0,"dstr":"2022-06-29"},{"SEQID":"EPI_ISL_14338685","GNODEID":"G-3.2.15","TAGID":"BF-1-0234","cat_id":"staff","type":"CD","date":44747,"category":"staff","association":"KS","highlight":{},"emphasize":"Y","dint":1656979200000,"age":"","index":233,"edges":[],"neighbors":[],"degree":0,"dstr":"2022-07-05"},{"TAGID":"BF-1-0235","SEQID":"EPI_ISL_14339828","cat_id":"staff","type":"CD","date":44747,"category":"staff","association":"KS","highlight":{},"emphasize":"N","dint":1656979200000,"age":"","index":234,"edges":[],"neighbors":[],"degree":0,"GNODEID":0,"dstr":"2022-07-05"},{"TAGID":"BF-1-0236","SEQID":"EPI_ISL_14339863","cat_id":"client","type":"CD","date":44748,"category":"client","association":"KS","highlight":{},"emphasize":"Y","dint":1657065600000,"age":"","index":235,"edges":[],"neighbors":[],"degree":0,"GNODEID":0,"dstr":"2022-07-06"},{"TAGID":"BF-1-0237","SEQID":"EPI_ISL_14339843","cat_id":"client","type":"CD","date":44748,"category":"client","association":"KS","highlight":{},"emphasize":"N","dint":1657065600000,"age":"","index":236,"edges":[],"neighbors":[],"degree":0,"GNODEID":0,"dstr":"2022-07-06"},{"TAGID":"BF-1-0238","SEQID":"EPI_ISL_14340026","cat_id":"staff","type":"CD","date":44747,"category":"staff","association":"KS","highlight":{},"emphasize":"Y","dint":1656979200000,"age":"","index":237,"edges":[],"neighbors":[],"degree":0,"GNODEID":0,"dstr":"2022-07-05"},{"SEQID":"EPI_ISL_14340187","GNODEID":"G-2.13","TAGID":"BF-1-0239","cat_id":"staff","type":"CD","date":44750,"category":"staff","association":"OK","highlight":{},"emphasize":"Y","dint":1657238400000,"age":"","index":238,"edges":[],"neighbors":[],"degree":0,"dstr":"2022-07-08"},{"TAGID":"BF-1-0240","SEQID":"EPI_ISL_14340241","cat_id":"client","type":"CD","date":44750,"category":"client","association":"KS","highlight":{},"emphasize":"Y","dint":1657238400000,"age":"","index":239,"edges":[],"neighbors":[],"degree":0,"GNODEID":0,"dstr":"2022-07-08"},{"TAGID":"BF-1-0241","SEQID":"EPI_ISL_14340247","cat_id":"staff","type":"CD","date":44752,"category":"staff","association":"TH","highlight":{},"emphasize":"Y","dint":1657411200000,"age":"","index":240,"edges":[],"neighbors":[],"degree":0,"GNODEID":0,"dstr":"2022-07-10"},{"TAGID":"BF-1-0242","SEQID":"EPI_ISL_14340468","cat_id":"staff","type":"CD","date":44750,"category":"staff","association":"CS","highlight":{},"emphasize":"Y","dint":1657238400000,"age":"","index":241,"edges":[],"neighbors":[],"degree":0,"GNODEID":0,"dstr":"2022-07-08"},{"TAGID":"BF-1-0243","SEQID":"EPI_ISL_14340501","cat_id":"staff","type":"CD","date":44750,"category":"staff","association":"CS","highlight":{},"emphasize":"Y","dint":1657238400000,"age":"","index":242,"edges":[],"neighbors":[],"degree":0,"GNODEID":0,"dstr":"2022-07-08"},{"TAGID":"BF-1-0244","SEQID":"EPI_ISL_14340500","cat_id":"client","type":"CD","date":44748,"category":"client","association":"CS","highlight":{},"emphasize":"Y","dint":1657065600000,"age":"","index":243,"edges":[],"neighbors":[],"degree":0,"GNODEID":0,"dstr":"2022-07-06"},{"SEQID":"EPI_ISL_14340962","GNODEID":"G-3.4.1","TAGID":"BF-1-0245","cat_id":"client","type":"CD","date":44750,"category":"client","association":"KS","highlight":{},"emphasize":"N","dint":1657238400000,"age":"","index":244,"edges":[],"neighbors":[],"degree":0,"dstr":"2022-07-08"},{"SEQID":"EPI_ISL_14341222","GNODEID":"G-3.2.6","TAGID":"BF-1-0246","cat_id":"staff","type":"CD","date":44752,"category":"staff","highlight":{},"emphasize":"N","dint":1657411200000,"age":"","index":245,"edges":[],"neighbors":[],"degree":0,"association":0,"dstr":"2022-07-10"},{"TAGID":"BF-1-0247","SEQID":"EPI_ISL_14341537","cat_id":"staff","type":"CD","date":44749,"category":"staff","association":"KN","highlight":{},"emphasize":"Y","dint":1657152000000,"age":"","index":246,"edges":[],"neighbors":[],"degree":0,"GNODEID":0,"dstr":"2022-07-07"},{"SEQID":"EPI_ISL_14341668","GNODEID":"G-3.2.12","TAGID":"BF-1-0248","cat_id":"client","type":"CD","date":44751,"category":"client","association":"KS","highlight":{},"emphasize":"N","dint":1657324800000,"age":"","index":247,"edges":[],"neighbors":[],"degree":0,"dstr":"2022-07-09"},{"SEQID":"EPI_ISL_14341735","GNODEID":"G-3.2.7","TAGID":"BF-1-0249","cat_id":"client","type":"CD","date":44744,"category":"client","association":"KN","highlight":{},"emphasize":"Y","dint":1656720000000,"age":"","index":248,"edges":[],"neighbors":[],"degree":0,"dstr":"2022-07-02"},{"TAGID":"BF-1-0250","SEQID":"EPI_ISL_14341724","cat_id":"staff","type":"CD","date":44752,"category":"staff","association":"KS","highlight":{},"emphasize":"N","dint":1657411200000,"age":"","index":249,"edges":[],"neighbors":[],"degree":0,"GNODEID":0,"dstr":"2022-07-10"},{"TAGID":"BF-1-0251","SEQID":"EPI_ISL_14341859","cat_id":"client","type":"CD","date":44747,"category":"client","association":"KS","highlight":{},"emphasize":"N","dint":1656979200000,"age":"","index":250,"edges":[],"neighbors":[],"degree":0,"GNODEID":0,"dstr":"2022-07-05"},{"TAGID":"BF-1-0252","SEQID":"EPI_ISL_14342022","cat_id":"client","type":"CD","date":44746,"category":"client","association":"KY","highlight":{},"emphasize":"Y","dint":1656892800000,"age":"","index":251,"edges":[],"neighbors":[],"degree":0,"GNODEID":0,"dstr":"2022-07-04"},{"TAGID":"BF-1-0253","SEQID":"EPI_ISL_14342045","cat_id":"client","type":"CD","date":44747,"category":"client","association":"KY","highlight":{},"emphasize":"Y","dint":1656979200000,"age":"","index":252,"edges":[],"neighbors":[],"degree":0,"GNODEID":0,"dstr":"2022-07-05"},{"TAGID":"BF-1-0254","SEQID":"EPI_ISL_14342040","cat_id":"staff","type":"CD","date":44747,"category":"staff","association":"KY","highlight":{},"emphasize":"N","dint":1656979200000,"age":"","index":253,"edges":[],"neighbors":[],"degree":0,"GNODEID":0,"dstr":"2022-07-05"},{"TAGID":"BF-1-0255","SEQID":"EPI_ISL_14342044","cat_id":"staff","type":"CD","date":44747,"category":"staff","association":"KY","highlight":{},"emphasize":"Y","dint":1656979200000,"age":"","index":254,"edges":[],"neighbors":[],"degree":0,"GNODEID":0,"dstr":"2022-07-05"},{"TAGID":"BF-1-0256","SEQID":"EPI_ISL_14342285","cat_id":"client","type":"CD","date":44747,"category":"client","association":"KS","highlight":{},"emphasize":"N","dint":1656979200000,"age":"","index":255,"edges":[],"neighbors":[],"degree":0,"GNODEID":0,"dstr":"2022-07-05"},{"TAGID":"BF-1-0257","SEQID":"EPI_ISL_14342331","cat_id":"client","type":"CD","date":44747,"category":"client","association":"KS","highlight":{},"emphasize":"N","dint":1656979200000,"age":"","index":256,"edges":[],"neighbors":[],"degree":0,"GNODEID":0,"dstr":"2022-07-05"},{"SEQID":"EPI_ISL_14342296","GNODEID":"G-3.2.4.1","TAGID":"BF-1-0258","cat_id":"staff","type":"CD","date":44747,"category":"staff","association":"KS","highlight":{},"emphasize":"N","dint":1656979200000,"age":"","index":257,"edges":[],"neighbors":[],"degree":0,"dstr":"2022-07-05"},{"TAGID":"BF-1-0259","SEQID":"EPI_ISL_14342293","cat_id":"staff","type":"CD","date":44747,"category":"staff","association":"KS","highlight":{},"emphasize":"N","dint":1656979200000,"age":"","index":258,"edges":[],"neighbors":[],"degree":0,"GNODEID":0,"dstr":"2022-07-05"},{"TAGID":"BF-1-0260","SEQID":"EPI_ISL_14342635","cat_id":"client","type":"CD","date":44747,"category":"client","association":"KS","highlight":{},"emphasize":"N","dint":1656979200000,"age":"","index":259,"edges":[],"neighbors":[],"degree":0,"GNODEID":0,"dstr":"2022-07-05"},{"TAGID":"BF-1-0261","SEQID":"EPI_ISL_14342648","cat_id":"staff","type":"CD","date":44747,"category":"staff","association":"KS","highlight":{},"emphasize":"N","dint":1656979200000,"age":"","index":260,"edges":[],"neighbors":[],"degree":0,"GNODEID":0,"dstr":"2022-07-05"},{"TAGID":"BF-1-0262","SEQID":"EPI_ISL_14342574","cat_id":"staff","type":"CD","date":44747,"category":"staff","association":"KS","highlight":{},"emphasize":"N","dint":1656979200000,"age":"","index":261,"edges":[],"neighbors":[],"degree":0,"GNODEID":0,"dstr":"2022-07-05"},{"TAGID":"BF-1-0263","SEQID":"EPI_ISL_14342632","cat_id":"client","type":"CD","date":44747,"category":"client","association":"KS","highlight":{},"emphasize":"Y","dint":1656979200000,"age":"","index":262,"edges":[],"neighbors":[],"degree":0,"GNODEID":0,"dstr":"2022-07-05"},{"TAGID":"BF-1-0264","SEQID":"EPI_ISL_14342893","cat_id":"client","type":"CD","date":44747,"category":"client","association":"KS","highlight":{},"emphasize":"Y","dint":1656979200000,"age":"","index":263,"edges":[],"neighbors":[],"degree":0,"GNODEID":0,"dstr":"2022-07-05"},{"TAGID":"BF-1-0265","SEQID":"EPI_ISL_14342929","cat_id":"staff","type":"CD","date":44747,"category":"staff","association":"KS","highlight":{},"emphasize":"N","dint":1656979200000,"age":"","index":264,"edges":[],"neighbors":[],"degree":0,"GNODEID":0,"dstr":"2022-07-05"},{"TAGID":"BF-1-0266","SEQID":"EPI_ISL_14343327","cat_id":"staff","type":"CD","date":44749,"category":"staff","association":"KS","highlight":{},"emphasize":"Y","dint":1657152000000,"age":"","index":265,"edges":[],"neighbors":[],"degree":0,"GNODEID":0,"dstr":"2022-07-07"},{"TAGID":"BF-1-0267","SEQID":"EPI_ISL_14343304","cat_id":"staff","type":"CD","date":44749,"category":"staff","association":"KS","highlight":{},"emphasize":"Y","dint":1657152000000,"age":"","index":266,"edges":[],"neighbors":[],"degree":0,"GNODEID":0,"dstr":"2022-07-07"},{"TAGID":"BF-1-0268","SEQID":"EPI_ISL_14343331","cat_id":"staff","type":"CD","date":44749,"category":"staff","association":"KS","highlight":{},"emphasize":"Y","dint":1657152000000,"age":"","index":267,"edges":[],"neighbors":[],"degree":0,"GNODEID":0,"dstr":"2022-07-07"},{"TAGID":"BF-1-0269","SEQID":"EPI_ISL_14343864","cat_id":"client","type":"CD","date":44750,"category":"client","association":"TO","highlight":{},"emphasize":"N","dint":1657238400000,"age":"","index":268,"edges":[],"neighbors":[],"degree":0,"GNODEID":0,"dstr":"2022-07-08"},{"TAGID":"BF-1-0270","SEQID":"EPI_ISL_14344318","cat_id":"client","type":"CD","date":44750,"category":"client","association":"KS","highlight":{},"emphasize":"Y","dint":1657238400000,"age":"","index":269,"edges":[],"neighbors":[],"degree":0,"GNODEID":0,"dstr":"2022-07-08"},{"TAGID":"BF-1-0271","SEQID":"EPI_ISL_14344860","cat_id":"staff","type":"CD","date":44751,"category":"staff","association":"KS","highlight":{},"emphasize":"Y","dint":1657324800000,"age":"","index":270,"edges":[],"neighbors":[],"degree":0,"GNODEID":0,"dstr":"2022-07-09"},{"TAGID":"BF-1-0272","SEQID":"EPI_ISL_14345110","cat_id":"client","type":"CD","date":44751,"category":"client","association":"KS","highlight":{},"emphasize":"N","dint":1657324800000,"age":"","index":271,"edges":[],"neighbors":[],"degree":0,"GNODEID":0,"dstr":"2022-07-09"},{"TAGID":"BF-1-0273","SEQID":"EPI_ISL_14345315","cat_id":"client","type":"CD","date":44751,"category":"client","association":"KS","highlight":{},"emphasize":"Y","dint":1657324800000,"age":"","index":272,"edges":[],"neighbors":[],"degree":0,"GNODEID":0,"dstr":"2022-07-09"},{"SEQID":"EPI_ISL_14345499","GNODEID":"G-3.2.4","TAGID":"BF-1-0274","cat_id":"staff","type":"CD","date":44751,"category":"staff","association":"KS","highlight":{},"emphasize":"N","dint":1657324800000,"age":"","index":273,"edges":[],"neighbors":[],"degree":0,"dstr":"2022-07-09"},{"TAGID":"BF-1-0275","SEQID":"EPI_ISL_14345968","cat_id":"client","type":"CD","date":44751,"category":"client","association":"KS","highlight":{},"emphasize":"N","dint":1657324800000,"age":"","index":274,"edges":[],"neighbors":[],"degree":0,"GNODEID":0,"dstr":"2022-07-09"},{"TAGID":"BF-1-0276","SEQID":"EPI_ISL_14346138","cat_id":"client","type":"CD","date":44750,"category":"client","association":"KS","highlight":{},"emphasize":"Y","dint":1657238400000,"age":"","index":275,"edges":[],"neighbors":[],"degree":0,"GNODEID":0,"dstr":"2022-07-08"},{"TAGID":"BF-1-0277","SEQID":"EPI_ISL_14346113","cat_id":"staff","type":"CD","date":44750,"category":"staff","association":"KS","highlight":{},"emphasize":"N","dint":1657238400000,"age":"","index":276,"edges":[],"neighbors":[],"degree":0,"GNODEID":0,"dstr":"2022-07-08"},{"TAGID":"BF-1-0278","SEQID":"EPI_ISL_14346116","cat_id":"staff","type":"CD","date":44750,"category":"staff","association":"KS","highlight":{},"emphasize":"N","dint":1657238400000,"age":"","index":277,"edges":[],"neighbors":[],"degree":0,"GNODEID":0,"dstr":"2022-07-08"},{"TAGID":"BF-1-0279","SEQID":"EPI_ISL_14346821","cat_id":"staff","type":"CD","date":44744,"category":"staff","association":"CS","highlight":{},"emphasize":"N","dint":1656720000000,"age":"","index":278,"edges":[],"neighbors":[],"degree":0,"GNODEID":0,"dstr":"2022-07-02"},{"TAGID":"BF-1-0280","SEQID":"EPI_ISL_14346497","cat_id":"client","type":"CD","date":44751,"category":"client","association":"KS","highlight":{},"emphasize":"N","dint":1657324800000,"age":"","index":279,"edges":[],"neighbors":[],"degree":0,"GNODEID":0,"dstr":"2022-07-09"},{"TAGID":"BF-1-0281","SEQID":"EPI_ISL_14346535","cat_id":"staff","type":"CD","date":44751,"category":"staff","association":"KS","highlight":{},"emphasize":"N","dint":1657324800000,"age":"","index":280,"edges":[],"neighbors":[],"degree":0,"GNODEID":0,"dstr":"2022-07-09"},{"TAGID":"BF-1-0282","SEQID":"EPI_ISL_14346820","cat_id":"staff","type":"CD","date":44744,"category":"staff","association":"CS","highlight":{},"emphasize":"Y","dint":1656720000000,"age":"","index":281,"edges":[],"neighbors":[],"degree":0,"GNODEID":0,"dstr":"2022-07-02"},{"TAGID":"BF-1-0283","SEQID":"EPI_ISL_14346825","cat_id":"staff","type":"CD","date":44744,"category":"staff","association":"CS","highlight":{},"emphasize":"N","dint":1656720000000,"age":"","index":282,"edges":[],"neighbors":[],"degree":0,"GNODEID":0,"dstr":"2022-07-02"},{"TAGID":"BF-1-0284","SEQID":"EPI_ISL_14346933","cat_id":"client","type":"CD","date":44750,"category":"client","association":"KS","highlight":{},"emphasize":"Y","dint":1657238400000,"age":"","index":283,"edges":[],"neighbors":[],"degree":0,"GNODEID":0,"dstr":"2022-07-08"},{"TAGID":"BF-1-0285","SEQID":"EPI_ISL_14347080","cat_id":"staff","type":"CD","date":44750,"category":"staff","association":"KS","highlight":{},"emphasize":"Y","dint":1657238400000,"age":"","index":284,"edges":[],"neighbors":[],"degree":0,"GNODEID":0,"dstr":"2022-07-08"},{"TAGID":"BF-1-0286","SEQID":"EPI_ISL_14347328","cat_id":"client","type":"CD","date":44744,"category":"client","association":"CS","highlight":{},"emphasize":"Y","dint":1656720000000,"age":"","index":285,"edges":[],"neighbors":[],"degree":0,"GNODEID":0,"dstr":"2022-07-02"},{"SEQID":"EPI_ISL_14347282","GNODEID":"G-3.4","TAGID":"BF-1-0287","cat_id":"staff","type":"CD","date":44750,"category":"staff","association":"KS","highlight":{},"emphasize":"N","dint":1657238400000,"age":"","index":286,"edges":[],"neighbors":[],"degree":0,"dstr":"2022-07-08"},{"TAGID":"BF-1-0288","SEQID":"EPI_ISL_14347329","cat_id":"client","type":"CD","date":44744,"category":"client","association":"CS","highlight":{},"emphasize":"Y","dint":1656720000000,"age":"","index":287,"edges":[],"neighbors":[],"degree":0,"GNODEID":0,"dstr":"2022-07-02"},{"TAGID":"BF-1-0289","SEQID":"EPI_ISL_14347254","cat_id":"client","type":"CD","date":44743,"category":"client","association":"CS","highlight":{},"emphasize":"N","dint":1656633600000,"age":"","index":288,"edges":[],"neighbors":[],"degree":0,"GNODEID":0,"dstr":"2022-07-01"},{"TAGID":"BF-1-0290","SEQID":"EPI_ISL_14347248","cat_id":"staff","type":"CD","date":44742,"category":"staff","association":"CS","highlight":{},"emphasize":"Y","dint":1656547200000,"age":"","index":289,"edges":[],"neighbors":[],"degree":0,"GNODEID":0,"dstr":"2022-06-30"},{"TAGID":"BF-1-0291","SEQID":"EPI_ISL_14348912","cat_id":"staff","type":"CD","date":44750,"category":"staff","association":"TO","highlight":{},"emphasize":"N","dint":1657238400000,"age":"","index":290,"edges":[],"neighbors":[],"degree":0,"GNODEID":0,"dstr":"2022-07-08"},{"TAGID":"BF-1-0292","SEQID":"EPI_ISL_14352806","cat_id":"client","type":"CD","date":44750,"category":"client","association":"KS","highlight":{},"emphasize":"N","dint":1657238400000,"age":"","index":291,"edges":[],"neighbors":[],"degree":0,"GNODEID":0,"dstr":"2022-07-08"},{"TAGID":"BF-1-0293","SEQID":"EPI_ISL_14352980","cat_id":"staff","type":"CD","date":44751,"category":"staff","association":"KS","highlight":{},"emphasize":"N","dint":1657324800000,"age":"","index":292,"edges":[],"neighbors":[],"degree":0,"GNODEID":0,"dstr":"2022-07-09"},{"TAGID":"BF-1-0294","SEQID":"EPI_ISL_14352926","cat_id":"client","type":"CD","date":44751,"category":"client","association":"KS","highlight":{},"emphasize":"N","dint":1657324800000,"age":"","index":293,"edges":[],"neighbors":[],"degree":0,"GNODEID":0,"dstr":"2022-07-09"},{"TAGID":"BF-1-0295","SEQID":"EPI_ISL_14352954","cat_id":"client","type":"CD","date":44751,"category":"client","association":"KS","highlight":{},"emphasize":"N","dint":1657324800000,"age":"","index":294,"edges":[],"neighbors":[],"degree":0,"GNODEID":0,"dstr":"2022-07-09"},{"TAGID":"BF-1-0296","SEQID":"EPI_ISL_14352963","cat_id":"staff","type":"CD","date":44750,"category":"staff","association":"KS","highlight":{},"emphasize":"Y","dint":1657238400000,"age":"","index":295,"edges":[],"neighbors":[],"degree":0,"GNODEID":0,"dstr":"2022-07-08"},{"TAGID":"BF-1-0297","SEQID":"EPI_ISL_14353068","cat_id":"staff","type":"CD","date":44751,"category":"staff","association":"KS","highlight":{},"emphasize":"N","dint":1657324800000,"age":"","index":296,"edges":[],"neighbors":[],"degree":0,"GNODEID":0,"dstr":"2022-07-09"},{"TAGID":"BF-1-0298","SEQID":"EPI_ISL_14353045","cat_id":"staff","type":"CD","date":44750,"category":"staff","association":"KS","highlight":{},"emphasize":"Y","dint":1657238400000,"age":"","index":297,"edges":[],"neighbors":[],"degree":0,"GNODEID":0,"dstr":"2022-07-08"},{"TAGID":"BF-1-0299","SEQID":"EPI_ISL_14353048","cat_id":"staff","type":"CD","date":44750,"category":"staff","association":"KS","highlight":{},"emphasize":"Y","dint":1657238400000,"age":"","index":298,"edges":[],"neighbors":[],"degree":0,"GNODEID":0,"dstr":"2022-07-08"},{"TAGID":"BF-1-0300","SEQID":"EPI_ISL_14353157","cat_id":"staff","type":"CD","date":44750,"category":"staff","association":"KS","highlight":{},"emphasize":"Y","dint":1657238400000,"age":"","index":299,"edges":[],"neighbors":[],"degree":0,"GNODEID":0,"dstr":"2022-07-08"},{"TAGID":"BF-1-0301","SEQID":"EPI_ISL_14353180","cat_id":"client","type":"CD","date":44750,"category":"client","association":"KS","highlight":{},"emphasize":"Y","dint":1657238400000,"age":"","index":300,"edges":[],"neighbors":[],"degree":0,"GNODEID":0,"dstr":"2022-07-08"},{"SEQID":"EPI_ISL_14353267","GNODEID":"G-3.2.11","TAGID":"BF-1-0302","cat_id":"staff","type":"CD","date":44750,"category":"staff","association":"KS","highlight":{},"emphasize":"Y","dint":1657238400000,"age":"","index":301,"edges":[],"neighbors":[],"degree":0,"dstr":"2022-07-08"}],"edges":[{"LINKID":"L-1","TAG_from":"EPI_ISL_13425203","TAG_to":"EPI_ISL_13762869","label":"家族","src":-1,"dst":-1}],"epi":[{"SEQID":"EPI_ISL_14131553","GNODEID":"G-0"},{"SEQID":"REF","GNODEID":"G-1"},{"SEQID":"EPI_ISL_13513738","GNODEID":"G-2"},{"SEQID":"EPI_ISL_14585939","GNODEID":"G-2"},{"SEQID":"EPI_ISL_14585927","GNODEID":"G-2"},{"SEQID":"EPI_ISL_14585940","GNODEID":"G-2"},{"SEQID":"EPI_ISL_14117442","GNODEID":"G-2"},{"SEQID":"EPI_ISL_14129274","GNODEID":"G-2.1"},{"SEQID":"EPI_ISL_14540397","GNODEID":"G-2.1"},{"SEQID":"EPI_ISL_14017713","GNODEID":"G-2.1.1"},{"SEQID":"EPI_ISL_14338668","GNODEID":"G-2.1.2"},{"SEQID":"EPI_ISL_14517644","GNODEID":"G-2.1.3"},{"SEQID":"EPI_ISL_14540490","GNODEID":"G-2.2"},{"SEQID":"EPI_ISL_13901029","GNODEID":"G-2.2.1"},{"SEQID":"EPI_ISL_14137849","GNODEID":"G-2.3"},{"SEQID":"EPI_ISL_13513893","GNODEID":"G-2.4"},{"SEQID":"EPI_ISL_14089528","GNODEID":"G-2.5"},{"SEQID":"EPI_ISL_14095728","GNODEID":"G-2.6"},{"SEQID":"EPI_ISL_14094162","GNODEID":"G-2.6.1"},{"SEQID":"EPI_ISL_14140202","GNODEID":"G-2.7"},{"SEQID":"EPI_ISL_14129337","GNODEID":"G-2.8"},{"SEQID":"EPI_ISL_14082389","GNODEID":"G-2.8.1"},{"SEQID":"EPI_ISL_14127517","GNODEID":"G-2.9"},{"SEQID":"EPI_ISL_14130760","GNODEID":"G-2.10"},{"SEQID":"EPI_ISL_14130763","GNODEID":"G-2.10.1"},{"SEQID":"EPI_ISL_14146892","GNODEID":"G-2.11"},{"SEQID":"EPI_ISL_14133412","GNODEID":"G-2.11.1"},{"SEQID":"EPI_ISL_14146891","GNODEID":"G-2.11.2"},{"SEQID":"EPI_ISL_14094307","GNODEID":"G-2.12"},{"SEQID":"EPI_ISL_14540347","GNODEID":"G-2.12.1"},{"SEQID":"EPI_ISL_14340187","GNODEID":"G-2.13"},{"SEQID":"EPI_ISL_14540533","GNODEID":"G-2.13"},{"SEQID":"EPI_ISL_14540359","GNODEID":"G-2.13.1"},{"SEQID":"EPI_ISL_14140626","GNODEID":"G-3.1"},{"SEQID":"EPI_ISL_14584356","GNODEID":"G-3.2"},{"SEQID":"EPI_ISL_14540496","GNODEID":"G-3.2"},{"SEQID":"EPI_ISL_14585971","GNODEID":"G-3.2"},{"SEQID":"EPI_ISL_14138229","GNODEID":"G-3.2.1"},{"SEQID":"EPI_ISL_13765687","GNODEID":"G-3.2.2"},{"SEQID":"EPI_ISL_14135594","GNODEID":"G-3.2.3"},{"SEQID":"EPI_ISL_14345499","GNODEID":"G-3.2.4"},{"SEQID":"EPI_ISL_14342296","GNODEID":"G-3.2.4.1"},{"SEQID":"EPI_ISL_14524164","GNODEID":"G-3.2.4.2"},{"SEQID":"EPI_ISL_14510426","GNODEID":"G-3.2.5"},{"SEQID":"EPI_ISL_14341222","GNODEID":"G-3.2.6"},{"SEQID":"EPI_ISL_14341735","GNODEID":"G-3.2.7"},{"SEQID":"EPI_ISL_14128396","GNODEID":"G-3.2.8"},{"SEQID":"EPI_ISL_14120714","GNODEID":"G-3.2.9"},{"SEQID":"EPI_ISL_13765883","GNODEID":"G-3.2.10"},{"SEQID":"EPI_ISL_14129428","GNODEID":"G-3.2.10"},{"SEQID":"EPI_ISL_14133715","GNODEID":"G-3.2.11"},{"SEQID":"EPI_ISL_14353267","GNODEID":"G-3.2.11"},{"SEQID":"EPI_ISL_14341668","GNODEID":"G-3.2.12"},{"SEQID":"EPI_ISL_14541495","GNODEID":"G-3.2.13"},{"SEQID":"EPI_ISL_14081921","GNODEID":"G-3.2.14"},{"SEQID":"EPI_ISL_14338685","GNODEID":"G-3.2.15"},{"SEQID":"EPI_ISL_13762869","GNODEID":"G-3.3"},{"SEQID":"EPI_ISL_14347282","GNODEID":"G-3.4"},{"SEQID":"EPI_ISL_14340962","GNODEID":"G-3.4.1"}],"tree":[{"label":"G-0","length":0,"edges":["G-1","G-2","G-3"],"subs":0},{"label":"G-1","length":0.0214199829,"edges":[],"subs":60},{"label":"G-2","length":0.0003706365,"edges":["G-2.1","G-2.2","G-2.3","G-2.4","G-2.5","G-2.6","G-2.7","G-2.8","G-2.9","G-2.10","G-2.11","G-2.12","G-2.13"],"subs":1},{"label":"G-2.1","length":0.0003706123,"edges":["G-2.1.1","G-2.1.2","G-2.1.3"],"subs":1},{"label":"G-2.1.1","length":0.0003707433,"edges":[],"subs":1},{"label":"G-2.1.2","length":0.0007453469999999999,"edges":[],"subs":2},{"label":"G-2.1.3","length":0.0003724737,"edges":[],"subs":1},{"label":"G-2.2","length":0.0003742083,"edges":["G-2.2.1"],"subs":1},{"label":"G-2.2.1","length":0.0011151465,"edges":[],"subs":3},{"label":"G-2.3","length":0.00037425379999999996,"edges":[],"subs":1},{"label":"G-2.4","length":0.00037628559999999995,"edges":[],"subs":1},{"label":"G-2.5","length":0.00037629499999999996,"edges":[],"subs":1},{"label":"G-2.6","length":0.0003772047,"edges":["G-2.6.1"],"subs":1},{"label":"G-2.6.1","length":0.0003715044,"edges":[],"subs":1},{"label":"G-2.7","length":0.00037719489999999995,"edges":[],"subs":1},{"label":"G-2.8","length":0.00037613809999999996,"edges":["G-2.8.1"],"subs":1},{"label":"G-2.8.1","length":0.0003713304,"edges":[],"subs":1},{"label":"G-2.9","length":0.0003762339,"edges":[],"subs":1},{"label":"G-2.10","length":0.00037719470000000004,"edges":["G-2.10.1"],"subs":1},{"label":"G-2.10.1","length":0.0003713311,"edges":[],"subs":1},{"label":"G-2.11","length":0.0003772153,"edges":["G-2.11.1","G-2.11.2"],"subs":1},{"label":"G-2.11.1","length":0.0003714173,"edges":[],"subs":1},{"label":"G-2.11.2","length":0.0003724337,"edges":[],"subs":1},{"label":"G-2.12","length":0.0003761551,"edges":["G-2.12.1"],"subs":1},{"label":"G-2.12.1","length":0.0003712454,"edges":[],"subs":1},{"label":"G-2.13","length":0.00037630480000000005,"edges":["G-2.13.1"],"subs":1},{"label":"G-2.13.1","length":0.0003715368,"edges":[],"subs":1},{"label":"G-3","length":0.0003725024,"edges":["G-3.1","G-3.2","G-3.3","G-3.4"],"subs":1},{"label":"G-3.1","length":0.0003715653,"edges":[],"subs":1},{"label":"G-3.2","length":0.0003727338,"edges":["G-3.2.1","G-3.2.2","G-3.2.3","G-3.2.4","G-3.2.5","G-3.2.6","G-3.2.7","G-3.2.8","G-3.2.9","G-3.2.10","G-3.2.11","G-3.2.12","G-3.2.13","G-3.2.14","G-3.2.15"],"subs":1},{"label":"G-3.2.1","length":0.000373819,"edges":[],"subs":1},{"label":"G-3.2.2","length":0.00037467779999999997,"edges":[],"subs":1},{"label":"G-3.2.3","length":0.0003767008,"edges":[],"subs":1},{"label":"G-3.2.4","length":0.0003778123,"edges":["G-3.2.4.1","G-3.2.4.2"],"subs":1},{"label":"G-3.2.4.1","length":0.0007452224,"edges":[],"subs":2},{"label":"G-3.2.4.2","length":0.00037307029999999997,"edges":[],"subs":1},{"label":"G-3.2.5","length":0.00037866329999999994,"edges":[],"subs":1},{"label":"G-3.2.6","length":0.0003797816,"edges":[],"subs":1},{"label":"G-3.2.7","length":0.00038155929999999995,"edges":[],"subs":1},{"label":"G-3.2.8","length":0.00038276989999999996,"edges":[],"subs":1},{"label":"G-3.2.9","length":0.00038349979999999993,"edges":[],"subs":1},{"label":"G-3.2.10","length":0.0003846037999999999,"edges":[],"subs":1},{"label":"G-3.2.11","length":0.0003847242999999999,"edges":[],"subs":1},{"label":"G-3.2.12","length":0.0003729909,"edges":[],"subs":1},{"label":"G-3.2.13","length":0.000372767,"edges":[],"subs":1},{"label":"G-3.2.14","length":0.0007494706999999999,"edges":[],"subs":2},{"label":"G-3.2.15","length":0.0014951852,"edges":[],"subs":4},{"label":"G-3.3","length":0.0007452666,"edges":[],"subs":2},{"label":"G-3.4","length":0.0022377210000000002,"edges":["G-3.4.1"],"subs":6},{"label":"G-3.4.1","length":0.0003712271,"edges":[],"subs":1}],"dist":{"period":7.429860645846091,"phase":6.429860645846091,"interval":0.00004775231585127201}}