{"nodes":[{"TAGID":"BF-5-0001","SEQID":"EPI_ISL_13762815","cat_id":"client","type":"CD","date":44732,"age":"34","sex":"女","category":"client","association":"KS","highlight":{},"emphasize":"Y","dint":1655683200000,"index":0,"edges":[],"neighbors":[],"degree":0,"GNODEID":0,"dstr":"2022-06-20"},{"TAGID":"BF-5-0002","SEQID":"EPI_ISL_13762839","cat_id":"staff","type":"CD","date":44732,"age":"45","sex":"女","category":"staff","association":"KS","highlight":{},"emphasize":"N","dint":1655683200000,"index":1,"edges":[],"neighbors":[],"degree":0,"GNODEID":0,"dstr":"2022-06-20"},{"TAGID":"BF-5-0003","SEQID":"EPI_ISL_13762865","cat_id":"staff","type":"CD","date":44732,"age":"50","sex":"女","category":"staff","association":"KS","highlight":{},"emphasize":"Y","dint":1655683200000,"index":2,"edges":[],"neighbors":[],"degree":0,"GNODEID":0,"dstr":"2022-06-20"},{"TAGID":"BF-5-0004","SEQID":"EPI_ISL_13765563","cat_id":"client","type":"CD","date":44732,"age":"81","sex":"男","category":"client","association":"KS","highlight":{},"emphasize":"Y","dint":1655683200000,"index":3,"edges":[],"neighbors":[],"degree":0,"GNODEID":0,"dstr":"2022-06-20"},{"TAGID":"BF-5-0005","SEQID":"EPI_ISL_13765659","cat_id":"staff","type":"CD","date":44732,"age":"49","sex":"女","category":"staff","association":"KS","highlight":{},"emphasize":"Y","dint":1655683200000,"index":4,"edges":[],"neighbors":[],"degree":0,"GNODEID":0,"dstr":"2022-06-20"},{"TAGID":"BF-5-0006","SEQID":"EPI_ISL_13765660","cat_id":"staff","type":"CD","date":44732,"age":"18","sex":"女","category":"staff","association":"KS","highlight":{},"emphasize":"Y","dint":1655683200000,"index":5,"edges":[],"neighbors":[],"degree":0,"GNODEID":0,"dstr":"2022-06-20"},{"TAGID":"BF-5-0007","SEQID":"EPI_ISL_13765747","cat_id":"staff","type":"CD","date":44736,"age":"16","sex":"男","category":"staff","association":"KS","highlight":{},"emphasize":"Y","dint":1656028800000,"index":6,"edges":[],"neighbors":[],"degree":0,"GNODEID":0,"dstr":"2022-06-24"},{"SEQID":"EPI_ISL_13765760","GNODEID":"G-2.1.3.12","TAGID":"BF-5-0008","cat_id":"client","type":"CD","date":44736,"age":"68","sex":"女","category":"client","association":"KS","highlight":{},"emphasize":"N","dint":1656028800000,"index":7,"edges":[],"neighbors":[],"degree":0,"dstr":"2022-06-24"},{"SEQID":"EPI_ISL_13765752","GNODEID":"G-2.1.3.10.1","TAGID":"BF-5-0009","cat_id":"staff","type":"CD","date":44739,"age":"61","sex":"女","category":"staff","association":"KS","highlight":{},"emphasize":"N","dint":1656288000000,"index":8,"edges":[],"neighbors":[],"degree":0,"dstr":"2022-06-27"},{"TAGID":"BF-5-0010","SEQID":"EPI_ISL_13765914","cat_id":"client","type":"CD","date":44736,"age":"17","sex":"男","category":"client","association":"KS","highlight":{},"emphasize":"N","dint":1656028800000,"index":9,"edges":[],"neighbors":[],"degree":0,"GNODEID":0,"dstr":"2022-06-24"},{"TAGID":"BF-5-0011","SEQID":"EPI_ISL_13765887","cat_id":"client","type":"CD","date":44739,"age":"17","sex":"男","category":"client","association":"KS","highlight":{},"emphasize":"Y","dint":1656288000000,"index":10,"edges":[],"neighbors":[],"degree":0,"GNODEID":0,"dstr":"2022-06-27"},{"TAGID":"BF-5-0012","SEQID":"EPI_ISL_13765950","cat_id":"client","type":"CD","date":44739,"age":"68","sex":"男","category":"client","association":"KS","highlight":{},"emphasize":"N","dint":1656288000000,"index":11,"edges":[],"neighbors":[],"degree":0,"GNODEID":0,"dstr":"2022-06-27"},{"SEQID":"EPI_ISL_13765910","GNODEID":"G-2.1.3.20","TAGID":"BF-5-0013","cat_id":"client","type":"CD","date":44736,"age":"28","sex":"女","category":"client","association":"KS","highlight":{},"emphasize":"N","dint":1656028800000,"index":12,"edges":[],"neighbors":[],"degree":0,"dstr":"2022-06-24"},{"TAGID":"BF-5-0014","SEQID":"EPI_ISL_13765939","cat_id":"staff","type":"CD","date":44739,"age":"17","sex":"男","category":"staff","association":"KS","highlight":{},"emphasize":"Y","dint":1656288000000,"index":13,"edges":[],"neighbors":[],"degree":0,"GNODEID":0,"dstr":"2022-06-27"},{"TAGID":"BF-5-0015","SEQID":"EPI_ISL_13765927","cat_id":"client","type":"CD","date":44739,"age":"35","sex":"女","category":"client","association":"KS","highlight":{},"emphasize":"N","dint":1656288000000,"index":14,"edges":[],"neighbors":[],"degree":0,"GNODEID":0,"dstr":"2022-06-27"},{"SEQID":"EPI_ISL_13766009","GNODEID":"G-2.1.3.13","TAGID":"BF-5-0016","cat_id":"client","type":"CD","date":44736,"age":"36","sex":"女","category":"client","association":"KS","highlight":{},"emphasize":"Y","dint":1656028800000,"index":15,"edges":[],"neighbors":[],"degree":0,"dstr":"2022-06-24"},{"TAGID":"BF-5-0017","SEQID":"EPI_ISL_13765979","cat_id":"client","type":"CD","date":44736,"age":"46","sex":"女","category":"client","association":"KS","highlight":{},"emphasize":"N","dint":1656028800000,"index":16,"edges":[],"neighbors":[],"degree":0,"GNODEID":0,"dstr":"2022-06-24"},{"TAGID":"BF-5-0018","SEQID":"EPI_ISL_13765981","cat_id":"staff","type":"CD","date":44736,"age":"31","sex":"男","category":"staff","association":"KS","highlight":{},"emphasize":"Y","dint":1656028800000,"index":17,"edges":[],"neighbors":[],"degree":0,"GNODEID":0,"dstr":"2022-06-24"},{"TAGID":"BF-5-0019","SEQID":"EPI_ISL_13766023","cat_id":"client","type":"CD","date":44739,"age":"34","sex":"女","category":"client","association":"KS","highlight":{},"emphasize":"Y","dint":1656288000000,"index":18,"edges":[],"neighbors":[],"degree":0,"GNODEID":0,"dstr":"2022-06-27"},{"TAGID":"BF-5-0020","SEQID":"EPI_ISL_13949987","cat_id":"staff","type":"CD","date":44731,"age":"8","sex":"男","category":"staff","highlight":{},"emphasize":"Y","dint":1655596800000,"index":19,"edges":[],"neighbors":[],"degree":0,"association":0,"GNODEID":0,"dstr":"2022-06-19"},{"SEQID":"EPI_ISL_13950098","GNODEID":"G-2.1","TAGID":"BF-5-0021","cat_id":"staff","type":"CD","date":44739,"age":"77","sex":"男","category":"staff","highlight":{},"emphasize":"Y","dint":1656288000000,"index":20,"edges":[],"neighbors":[],"degree":0,"association":0,"dstr":"2022-06-27"},{"SEQID":"EPI_ISL_13964092","GNODEID":"G-2.1.3.14","TAGID":"BF-5-0022","cat_id":"client","type":"CD","date":44741,"age":"50","sex":"女","category":"client","association":"KS","highlight":{},"emphasize":"N","dint":1656460800000,"index":21,"edges":[],"neighbors":[],"degree":0,"dstr":"2022-06-29"},{"TAGID":"BF-5-0023","SEQID":"EPI_ISL_14017763","cat_id":"client","type":"CD","date":44727,"age":"35","sex":"女","category":"client","association":"KS","highlight":{},"emphasize":"Y","dint":1655251200000,"index":22,"edges":[],"neighbors":[],"degree":0,"GNODEID":0,"dstr":"2022-06-15"},{"TAGID":"BF-5-0024","SEQID":"EPI_ISL_14017778","cat_id":"client","type":"CD","date":44729,"age":"31","sex":"女","category":"client","association":"KS","highlight":{},"emphasize":"Y","dint":1655424000000,"index":23,"edges":[],"neighbors":[],"degree":0,"GNODEID":0,"dstr":"2022-06-17"},{"SEQID":"EPI_ISL_14017823","GNODEID":"G-2.1.3.4","TAGID":"BF-5-0025","cat_id":"client","type":"CD","date":44729,"age":"63","sex":"男","category":"client","association":"KS","highlight":{},"emphasize":"N","dint":1655424000000,"index":24,"edges":[],"neighbors":[],"degree":0,"dstr":"2022-06-17"},{"TAGID":"BF-5-0026","SEQID":"EPI_ISL_14017911","cat_id":"client","type":"CD","date":44727,"age":"25","sex":"男","category":"client","association":"KS","highlight":{},"emphasize":"N","dint":1655251200000,"index":25,"edges":[],"neighbors":[],"degree":0,"GNODEID":0,"dstr":"2022-06-15"},{"SEQID":"EPI_ISL_14017894","GNODEID":"G-2.2","TAGID":"BF-5-0027","cat_id":"staff","type":"CD","date":44727,"age":"2","sex":"女","category":"staff","association":"KS","highlight":{},"emphasize":"Y","dint":1655251200000,"index":26,"edges":[],"neighbors":[],"degree":0,"dstr":"2022-06-15"},{"SEQID":"EPI_ISL_14017893","GNODEID":"G-2.1.3","TAGID":"BF-5-0028","cat_id":"client","type":"CD","date":44732,"age":"11","sex":"女","category":"client","association":"KS","highlight":{},"emphasize":"Y","dint":1655683200000,"index":27,"edges":[],"neighbors":[],"degree":0,"dstr":"2022-06-20"},{"SEQID":"EPI_ISL_14018006","GNODEID":"G-2.2.3","TAGID":"BF-5-0029","cat_id":"staff","type":"CD","date":44732,"age":"31","sex":"男","category":"staff","association":"KS","highlight":{},"emphasize":"N","dint":1655683200000,"index":28,"edges":[],"neighbors":[],"degree":0,"dstr":"2022-06-20"},{"TAGID":"BF-5-0030","SEQID":"EPI_ISL_13843512","cat_id":"client","type":"CD","date":44723,"age":"74","sex":"男","category":"client","association":"KS","highlight":{},"emphasize":"N","dint":1654905600000,"index":29,"edges":[],"neighbors":[],"degree":0,"GNODEID":0,"dstr":"2022-06-11"},{"TAGID":"BF-5-0031","SEQID":"EPI_ISL_13843510","cat_id":"client","type":"CD","date":44723,"age":"89","sex":"男","category":"client","association":"KS","highlight":{},"emphasize":"N","dint":1654905600000,"index":30,"edges":[],"neighbors":[],"degree":0,"GNODEID":0,"dstr":"2022-06-11"},{"TAGID":"BF-5-0032","SEQID":"EPI_ISL_13843692","cat_id":"staff","type":"CD","date":44725,"age":"31","sex":"男","category":"staff","association":"KS","highlight":{},"emphasize":"Y","dint":1655078400000,"index":31,"edges":[],"neighbors":[],"degree":0,"GNODEID":0,"dstr":"2022-06-13"},{"TAGID":"BF-5-0033","SEQID":"EPI_ISL_13843740","cat_id":"client","type":"CD","date":44726,"age":"69","sex":"男","category":"client","association":"KS","highlight":{},"emphasize":"N","dint":1655164800000,"index":32,"edges":[],"neighbors":[],"degree":0,"GNODEID":0,"dstr":"2022-06-14"},{"TAGID":"BF-5-0034","SEQID":"EPI_ISL_13843753","cat_id":"client","type":"CD","date":44727,"age":"20","sex":"女","category":"client","association":"KS","highlight":{},"emphasize":"Y","dint":1655251200000,"index":33,"edges":[],"neighbors":[],"degree":0,"GNODEID":0,"dstr":"2022-06-15"},{"TAGID":"BF-5-0035","SEQID":"EPI_ISL_13843763","cat_id":"staff","type":"CD","date":44727,"age":"76","sex":"女","category":"staff","association":"KS","highlight":{},"emphasize":"Y","dint":1655251200000,"index":34,"edges":[],"neighbors":[],"degree":0,"GNODEID":0,"dstr":"2022-06-15"},{"TAGID":"BF-5-0036","SEQID":"EPI_ISL_13843828","cat_id":"client","type":"CD","date":44728,"age":"8","sex":"女","category":"client","association":"KS","highlight":{},"emphasize":"Y","dint":1655337600000,"index":35,"edges":[],"neighbors":[],"degree":0,"GNODEID":0,"dstr":"2022-06-16"},{"TAGID":"BF-5-0037","SEQID":"EPI_ISL_13843824","cat_id":"client","type":"CD","date":44728,"age":"100","sex":"女","category":"client","association":"KS","highlight":{},"emphasize":"N","dint":1655337600000,"index":36,"edges":[],"neighbors":[],"degree":0,"GNODEID":0,"dstr":"2022-06-16"},{"TAGID":"BF-5-0038","SEQID":"EPI_ISL_13843812","cat_id":"staff","type":"CD","date":44728,"age":"35","sex":"男","category":"staff","association":"KS","highlight":{},"emphasize":"Y","dint":1655337600000,"index":37,"edges":[],"neighbors":[],"degree":0,"GNODEID":0,"dstr":"2022-06-16"},{"TAGID":"BF-5-0039","SEQID":"EPI_ISL_13844536","cat_id":"client","type":"CD","date":44732,"age":"39","sex":"男","category":"client","association":"KS","highlight":{},"emphasize":"N","dint":1655683200000,"index":38,"edges":[],"neighbors":[],"degree":0,"GNODEID":0,"dstr":"2022-06-20"},{"TAGID":"BF-5-0040","SEQID":"EPI_ISL_13844534","cat_id":"client","type":"CD","date":44732,"age":"90","sex":"男","category":"client","association":"KS","highlight":{},"emphasize":"Y","dint":1655683200000,"index":39,"edges":[],"neighbors":[],"degree":0,"GNODEID":0,"dstr":"2022-06-20"},{"TAGID":"BF-5-0041","SEQID":"EPI_ISL_13844517","cat_id":"staff","type":"CD","date":44728,"age":"71","sex":"女","category":"staff","association":"KS","highlight":{},"emphasize":"Y","dint":1655337600000,"index":40,"edges":[],"neighbors":[],"degree":0,"GNODEID":0,"dstr":"2022-06-16"},{"TAGID":"BF-5-0042","SEQID":"EPI_ISL_14044265","cat_id":"staff","type":"CD","date":44734,"age":"44","sex":"男","category":"staff","association":"KS","highlight":{},"emphasize":"Y","dint":1655856000000,"index":41,"edges":[],"neighbors":[],"degree":0,"GNODEID":0,"dstr":"2022-06-22"},{"TAGID":"BF-5-0043","SEQID":"EPI_ISL_14044343","cat_id":"client","type":"CD","date":44743,"age":"24","sex":"男","category":"client","association":"KS","highlight":{},"emphasize":"Y","dint":1656633600000,"index":42,"edges":[],"neighbors":[],"degree":0,"GNODEID":0,"dstr":"2022-07-01"},{"TAGID":"BF-5-0044","SEQID":"EPI_ISL_14044384","cat_id":"staff","type":"CD","date":44743,"age":"27","sex":"女","category":"staff","association":"KS","highlight":{},"emphasize":"Y","dint":1656633600000,"index":43,"edges":[],"neighbors":[],"degree":0,"GNODEID":0,"dstr":"2022-07-01"},{"TAGID":"BF-5-0045","SEQID":"EPI_ISL_14044397","cat_id":"staff","type":"CD","date":44735,"age":"46","sex":"男","category":"staff","association":"KS","highlight":{},"emphasize":"Y","dint":1655942400000,"index":44,"edges":[],"neighbors":[],"degree":0,"GNODEID":0,"dstr":"2022-06-23"},{"TAGID":"BF-5-0046","SEQID":"EPI_ISL_14044443","cat_id":"client","type":"CD","date":44736,"age":"25","sex":"男","category":"client","association":"KS","highlight":{},"emphasize":"Y","dint":1656028800000,"index":45,"edges":[],"neighbors":[],"degree":0,"GNODEID":0,"dstr":"2022-06-24"},{"TAGID":"BF-5-0047","SEQID":"EPI_ISL_14047519","cat_id":"client","type":"CD","date":44743,"age":"57","sex":"男","category":"client","association":"KS","highlight":{},"emphasize":"N","dint":1656633600000,"index":46,"edges":[],"neighbors":[],"degree":0,"GNODEID":0,"dstr":"2022-07-01"},{"TAGID":"BF-5-0048","SEQID":"EPI_ISL_14047515","cat_id":"client","type":"CD","date":44743,"age":"20","sex":"男","category":"client","association":"KS","highlight":{},"emphasize":"N","dint":1656633600000,"index":47,"edges":[],"neighbors":[],"degree":0,"GNODEID":0,"dstr":"2022-07-01"},{"TAGID":"BF-5-0049","SEQID":"EPI_ISL_14047567","cat_id":"staff","type":"CD","date":44743,"age":"49","sex":"女","category":"staff","association":"KS","highlight":{},"emphasize":"N","dint":1656633600000,"index":48,"edges":[],"neighbors":[],"degree":0,"GNODEID":0,"dstr":"2022-07-01"},{"TAGID":"BF-5-0050","SEQID":"EPI_ISL_14047550","cat_id":"client","type":"CD","date":44743,"age":"2","sex":"女","category":"client","association":"KS","highlight":{},"emphasize":"Y","dint":1656633600000,"index":49,"edges":[],"neighbors":[],"degree":0,"GNODEID":0,"dstr":"2022-07-01"},{"TAGID":"BF-5-0051","SEQID":"EPI_ISL_14047535","cat_id":"client","type":"CD","date":44743,"age":"18","sex":"女","category":"client","association":"KS","highlight":{},"emphasize":"N","dint":1656633600000,"index":50,"edges":[],"neighbors":[],"degree":0,"GNODEID":0,"dstr":"2022-07-01"},{"TAGID":"BF-5-0052","SEQID":"EPI_ISL_14044530","cat_id":"staff","type":"CD","date":44743,"age":"29","sex":"女","category":"staff","association":"KS","highlight":{},"emphasize":"Y","dint":1656633600000,"index":51,"edges":[],"neighbors":[],"degree":0,"GNODEID":0,"dstr":"2022-07-01"},{"TAGID":"BF-5-0053","SEQID":"EPI_ISL_14044505","cat_id":"client","type":"CD","date":44743,"age":"11","sex":"男","category":"client","association":"KS","highlight":{},"emphasize":"Y","dint":1656633600000,"index":52,"edges":[],"neighbors":[],"degree":0,"GNODEID":0,"dstr":"2022-07-01"},{"TAGID":"BF-5-0054","SEQID":"EPI_ISL_14044551","cat_id":"staff","type":"CD","date":44743,"age":"54","sex":"男","category":"staff","association":"KS","highlight":{},"emphasize":"Y","dint":1656633600000,"index":53,"edges":[],"neighbors":[],"degree":0,"GNODEID":0,"dstr":"2022-07-01"},{"TAGID":"BF-5-0055","SEQID":"EPI_ISL_14044542","cat_id":"staff","type":"CD","date":44743,"age":"17","sex":"女","category":"staff","association":"KS","highlight":{},"emphasize":"N","dint":1656633600000,"index":54,"edges":[],"neighbors":[],"degree":0,"GNODEID":0,"dstr":"2022-07-01"},{"TAGID":"BF-5-0056","SEQID":"EPI_ISL_14043716","cat_id":"staff","type":"CD","date":44730,"age":"49","sex":"男","category":"staff","association":"KS","highlight":{},"emphasize":"Y","dint":1655510400000,"index":55,"edges":[],"neighbors":[],"degree":0,"GNODEID":0,"dstr":"2022-06-18"},{"TAGID":"BF-5-0057","SEQID":"EPI_ISL_14043762","cat_id":"client","type":"CD","date":44731,"age":"49","sex":"男","category":"client","association":"KS","highlight":{},"emphasize":"N","dint":1655596800000,"index":56,"edges":[],"neighbors":[],"degree":0,"GNODEID":0,"dstr":"2022-06-19"},{"TAGID":"BF-5-0058","SEQID":"EPI_ISL_14043748","cat_id":"staff","type":"CD","date":44731,"age":"25","sex":"女","category":"staff","association":"KS","highlight":{},"emphasize":"N","dint":1655596800000,"index":57,"edges":[],"neighbors":[],"degree":0,"GNODEID":0,"dstr":"2022-06-19"},{"TAGID":"BF-5-0059","SEQID":"EPI_ISL_14044417","cat_id":"client","type":"CD","date":44735,"age":"18","sex":"女","category":"client","association":"KS","highlight":{},"emphasize":"N","dint":1655942400000,"index":58,"edges":[],"neighbors":[],"degree":0,"GNODEID":0,"dstr":"2022-06-23"},{"TAGID":"BF-5-0060","SEQID":"EPI_ISL_14043683","cat_id":"client","type":"CD","date":44730,"age":"12","sex":"男","category":"client","association":"KS","highlight":{},"emphasize":"N","dint":1655510400000,"index":59,"edges":[],"neighbors":[],"degree":0,"GNODEID":0,"dstr":"2022-06-18"},{"TAGID":"BF-5-0061","SEQID":"EPI_ISL_14044408","cat_id":"staff","type":"CD","date":44735,"age":"41","sex":"男","category":"staff","association":"KS","highlight":{},"emphasize":"Y","dint":1655942400000,"index":60,"edges":[],"neighbors":[],"degree":0,"GNODEID":0,"dstr":"2022-06-23"},{"TAGID":"BF-5-0062","SEQID":"EPI_ISL_14043798","cat_id":"staff","type":"CD","date":44732,"age":"47","sex":"女","category":"staff","association":"KS","highlight":{},"emphasize":"Y","dint":1655683200000,"index":61,"edges":[],"neighbors":[],"degree":0,"GNODEID":0,"dstr":"2022-06-20"},{"TAGID":"BF-5-0063","SEQID":"EPI_ISL_14044404","cat_id":"client","type":"CD","date":44735,"age":"52","sex":"女","category":"client","association":"KS","highlight":{},"emphasize":"Y","dint":1655942400000,"index":62,"edges":[],"neighbors":[],"degree":0,"GNODEID":0,"dstr":"2022-06-23"},{"TAGID":"BF-5-0064","SEQID":"EPI_ISL_14043672","cat_id":"staff","type":"CD","date":44729,"age":"50","sex":"男","category":"staff","association":"KS","highlight":{},"emphasize":"Y","dint":1655424000000,"index":63,"edges":[],"neighbors":[],"degree":0,"GNODEID":0,"dstr":"2022-06-17"},{"TAGID":"BF-5-0065","SEQID":"EPI_ISL_14043667","cat_id":"client","type":"CD","date":44729,"age":"14","sex":"男","category":"client","association":"KS","highlight":{},"emphasize":"N","dint":1655424000000,"index":64,"edges":[],"neighbors":[],"degree":0,"GNODEID":0,"dstr":"2022-06-17"},{"TAGID":"BF-5-0066","SEQID":"EPI_ISL_14043663","cat_id":"staff","type":"CD","date":44729,"age":"55","sex":"男","category":"staff","association":"KS","highlight":{},"emphasize":"N","dint":1655424000000,"index":65,"edges":[],"neighbors":[],"degree":0,"GNODEID":0,"dstr":"2022-06-17"},{"TAGID":"BF-5-0067","SEQID":"EPI_ISL_14043777","cat_id":"client","type":"CD","date":44732,"age":"17","sex":"男","category":"client","association":"KS","highlight":{},"emphasize":"N","dint":1655683200000,"index":66,"edges":[],"neighbors":[],"degree":0,"GNODEID":0,"dstr":"2022-06-20"},{"TAGID":"BF-5-0068","SEQID":"EPI_ISL_14043774","cat_id":"client","type":"CD","date":44732,"age":"59","sex":"女","category":"client","association":"KS","highlight":{},"emphasize":"N","dint":1655683200000,"index":67,"edges":[],"neighbors":[],"degree":0,"GNODEID":0,"dstr":"2022-06-20"},{"TAGID":"BF-5-0069","SEQID":"EPI_ISL_14044447","cat_id":"client","type":"CD","date":44736,"age":"29","sex":"女","category":"client","association":"KS","highlight":{},"emphasize":"Y","dint":1656028800000,"index":68,"edges":[],"neighbors":[],"degree":0,"GNODEID":0,"dstr":"2022-06-24"},{"TAGID":"BF-5-0070","SEQID":"EPI_ISL_14044206","cat_id":"client","type":"CD","date":44733,"age":"53","sex":"女","category":"client","association":"KS","highlight":{},"emphasize":"N","dint":1655769600000,"index":69,"edges":[],"neighbors":[],"degree":0,"GNODEID":0,"dstr":"2022-06-21"},{"TAGID":"BF-5-0071","SEQID":"EPI_ISL_14044441","cat_id":"client","type":"CD","date":44736,"age":"66","sex":"男","category":"client","association":"KS","highlight":{},"emphasize":"Y","dint":1656028800000,"index":70,"edges":[],"neighbors":[],"degree":0,"GNODEID":0,"dstr":"2022-06-24"},{"TAGID":"BF-5-0072","SEQID":"EPI_ISL_14044325","cat_id":"client","type":"CD","date":44743,"age":"31","sex":"男","category":"client","association":"KS","highlight":{},"emphasize":"Y","dint":1656633600000,"index":71,"edges":[],"neighbors":[],"degree":0,"GNODEID":0,"dstr":"2022-07-01"},{"TAGID":"BF-5-0073","SEQID":"EPI_ISL_14044442","cat_id":"staff","type":"CD","date":44736,"age":"5","sex":"女","category":"staff","association":"KS","highlight":{},"emphasize":"N","dint":1656028800000,"index":72,"edges":[],"neighbors":[],"degree":0,"GNODEID":0,"dstr":"2022-06-24"},{"TAGID":"BF-5-0074","SEQID":"EPI_ISL_14044437","cat_id":"staff","type":"CD","date":44735,"age":"43","sex":"男","category":"staff","association":"KS","highlight":{},"emphasize":"Y","dint":1655942400000,"index":73,"edges":[],"neighbors":[],"degree":0,"GNODEID":0,"dstr":"2022-06-23"},{"TAGID":"BF-5-0075","SEQID":"EPI_ISL_14044430","cat_id":"client","type":"CD","date":44735,"age":"54","sex":"女","category":"client","association":"KS","highlight":{},"emphasize":"Y","dint":1655942400000,"index":74,"edges":[],"neighbors":[],"degree":0,"GNODEID":0,"dstr":"2022-06-23"},{"TAGID":"BF-5-0076","SEQID":"EPI_ISL_14044307","cat_id":"staff","type":"CD","date":44743,"age":"24","sex":"女","category":"staff","association":"KS","highlight":{},"emphasize":"Y","dint":1656633600000,"index":75,"edges":[],"neighbors":[],"degree":0,"GNODEID":0,"dstr":"2022-07-01"},{"TAGID":"BF-5-0077","SEQID":"EPI_ISL_14044302","cat_id":"client","type":"CD","date":44743,"age":"72","sex":"男","category":"client","association":"KS","highlight":{},"emphasize":"Y","dint":1656633600000,"index":76,"edges":[],"neighbors":[],"degree":0,"GNODEID":0,"dstr":"2022-07-01"},{"TAGID":"BF-5-0078","SEQID":"EPI_ISL_14044420","cat_id":"client","type":"CD","date":44735,"age":"50","sex":"女","category":"client","association":"KS","highlight":{},"emphasize":"Y","dint":1655942400000,"index":77,"edges":[],"neighbors":[],"degree":0,"GNODEID":0,"dstr":"2022-06-23"},{"TAGID":"BF-5-0079","SEQID":"EPI_ISL_14044498","cat_id":"client","type":"CD","date":44743,"age":"31","sex":"男","category":"client","association":"KS","highlight":{},"emphasize":"Y","dint":1656633600000,"index":78,"edges":[],"neighbors":[],"degree":0,"GNODEID":0,"dstr":"2022-07-01"},{"TAGID":"BF-5-0080","SEQID":"EPI_ISL_14044494","cat_id":"staff","type":"CD","date":44743,"age":"90","sex":"女","category":"staff","association":"KS","highlight":{},"emphasize":"Y","dint":1656633600000,"index":79,"edges":[],"neighbors":[],"degree":0,"GNODEID":0,"dstr":"2022-07-01"},{"TAGID":"BF-5-0081","SEQID":"EPI_ISL_14044245","cat_id":"staff","type":"CD","date":44734,"age":"67","sex":"男","category":"staff","association":"KS","highlight":{},"emphasize":"Y","dint":1655856000000,"index":80,"edges":[],"neighbors":[],"degree":0,"GNODEID":0,"dstr":"2022-06-22"},{"TAGID":"BF-5-0082","SEQID":"EPI_ISL_14044246","cat_id":"staff","type":"CD","date":44734,"age":"38","sex":"女","category":"staff","association":"KS","highlight":{},"emphasize":"N","dint":1655856000000,"index":81,"edges":[],"neighbors":[],"degree":0,"GNODEID":0,"dstr":"2022-06-22"},{"TAGID":"BF-5-0083","SEQID":"EPI_ISL_14044480","cat_id":"staff","type":"CD","date":44736,"age":"18","sex":"女","category":"staff","association":"KS","highlight":{},"emphasize":"Y","dint":1656028800000,"index":82,"edges":[],"neighbors":[],"degree":0,"GNODEID":0,"dstr":"2022-06-24"},{"TAGID":"BF-5-0084","SEQID":"EPI_ISL_14044238","cat_id":"client","type":"CD","date":44733,"age":"37","sex":"男","category":"client","association":"KS","highlight":{},"emphasize":"N","dint":1655769600000,"index":83,"edges":[],"neighbors":[],"degree":0,"GNODEID":0,"dstr":"2022-06-21"},{"TAGID":"BF-5-0085","SEQID":"EPI_ISL_14044235","cat_id":"staff","type":"CD","date":44733,"age":"26","sex":"女","category":"staff","association":"KS","highlight":{},"emphasize":"N","dint":1655769600000,"index":84,"edges":[],"neighbors":[],"degree":0,"GNODEID":0,"dstr":"2022-06-21"},{"TAGID":"BF-5-0086","SEQID":"EPI_ISL_14044237","cat_id":"staff","type":"CD","date":44733,"age":"7","sex":"男","category":"staff","association":"KS","highlight":{},"emphasize":"N","dint":1655769600000,"index":85,"edges":[],"neighbors":[],"degree":0,"GNODEID":0,"dstr":"2022-06-21"},{"TAGID":"BF-5-0087","SEQID":"EPI_ISL_14044354","cat_id":"client","type":"CD","date":44743,"age":"17","sex":"男","category":"client","association":"KS","highlight":{},"emphasize":"N","dint":1656633600000,"index":86,"edges":[],"neighbors":[],"degree":0,"GNODEID":0,"dstr":"2022-07-01"},{"TAGID":"BF-5-0088","SEQID":"EPI_ISL_14044223","cat_id":"staff","type":"CD","date":44733,"age":"69","sex":"女","category":"staff","association":"KS","highlight":{},"emphasize":"N","dint":1655769600000,"index":87,"edges":[],"neighbors":[],"degree":0,"GNODEID":0,"dstr":"2022-06-21"},{"TAGID":"BF-5-0089","SEQID":"EPI_ISL_14044289","cat_id":"client","type":"CD","date":44734,"age":"62","sex":"女","category":"client","association":"KS","highlight":{},"emphasize":"Y","dint":1655856000000,"index":88,"edges":[],"neighbors":[],"degree":0,"GNODEID":0,"dstr":"2022-06-22"},{"TAGID":"BF-5-0090","SEQID":"EPI_ISL_14044272","cat_id":"client","type":"CD","date":44734,"age":"38","sex":"男","category":"client","association":"KS","highlight":{},"emphasize":"Y","dint":1655856000000,"index":89,"edges":[],"neighbors":[],"degree":0,"GNODEID":0,"dstr":"2022-06-22"},{"TAGID":"BF-5-0091","SEQID":"EPI_ISL_14043806","cat_id":"staff","type":"CD","date":44732,"age":"74","sex":"男","category":"staff","association":"KS","highlight":{},"emphasize":"N","dint":1655683200000,"index":90,"edges":[],"neighbors":[],"degree":0,"GNODEID":0,"dstr":"2022-06-20"},{"TAGID":"BF-5-0092","SEQID":"EPI_ISL_14081951","cat_id":"staff","type":"CD","date":44743,"age":"27","sex":"女","category":"staff","association":"KS","highlight":{},"emphasize":"N","dint":1656633600000,"index":91,"edges":[],"neighbors":[],"degree":0,"GNODEID":0,"dstr":"2022-07-01"},{"SEQID":"EPI_ISL_14081986","GNODEID":"G-2.1.3.5","TAGID":"BF-5-0093","cat_id":"client","type":"CD","date":44743,"age":"37","sex":"男","category":"client","association":"KS","highlight":{},"emphasize":"N","dint":1656633600000,"index":92,"edges":[],"neighbors":[],"degree":0,"dstr":"2022-07-01"},{"TAGID":"BF-5-0094","SEQID":"EPI_ISL_14081977","cat_id":"client","type":"CD","date":44743,"age":"44","sex":"女","category":"client","association":"KS","highlight":{},"emphasize":"N","dint":1656633600000,"index":93,"edges":[],"neighbors":[],"degree":0,"GNODEID":0,"dstr":"2022-07-01"},{"TAGID":"BF-5-0095","SEQID":"EPI_ISL_14081946","cat_id":"client","type":"CD","date":44743,"age":"44","sex":"女","category":"client","association":"KS","highlight":{},"emphasize":"N","dint":1656633600000,"index":94,"edges":[],"neighbors":[],"degree":0,"GNODEID":0,"dstr":"2022-07-01"},{"TAGID":"BF-5-0096","SEQID":"EPI_ISL_14081941","cat_id":"staff","type":"CD","date":44743,"age":"45","sex":"女","category":"staff","association":"KS","highlight":{},"emphasize":"N","dint":1656633600000,"index":95,"edges":[],"neighbors":[],"degree":0,"GNODEID":0,"dstr":"2022-07-01"},{"SEQID":"EPI_ISL_14082083","GNODEID":"G-2.1.3.17","TAGID":"BF-5-0097","cat_id":"client","type":"CD","date":44743,"age":"71","sex":"女","category":"client","association":"KS","highlight":{},"emphasize":"Y","dint":1656633600000,"index":96,"edges":[],"neighbors":[],"degree":0,"dstr":"2022-07-01"},{"TAGID":"BF-5-0098","SEQID":"EPI_ISL_14082159","cat_id":"client","type":"CD","date":44743,"age":"10","sex":"男","category":"client","association":"KS","highlight":{},"emphasize":"N","dint":1656633600000,"index":97,"edges":[],"neighbors":[],"degree":0,"GNODEID":0,"dstr":"2022-07-01"},{"TAGID":"BF-5-0099","SEQID":"EPI_ISL_14082051","cat_id":"staff","type":"CD","date":44743,"age":"74","sex":"女","category":"staff","association":"KS","highlight":{},"emphasize":"Y","dint":1656633600000,"index":98,"edges":[],"neighbors":[],"degree":0,"GNODEID":0,"dstr":"2022-07-01"},{"TAGID":"BF-5-0100","SEQID":"EPI_ISL_14082041","cat_id":"client","type":"CD","date":44743,"age":"0","sex":"男","category":"client","association":"KS","highlight":{},"emphasize":"Y","dint":1656633600000,"index":99,"edges":[],"neighbors":[],"degree":0,"GNODEID":0,"dstr":"2022-07-01"},{"TAGID":"BF-5-0101","SEQID":"EPI_ISL_14082162","cat_id":"client","type":"CD","date":44743,"age":"8","sex":"女","category":"client","association":"KS","highlight":{},"emphasize":"N","dint":1656633600000,"index":100,"edges":[],"neighbors":[],"degree":0,"GNODEID":0,"dstr":"2022-07-01"},{"TAGID":"BF-5-0102","SEQID":"EPI_ISL_14082065","cat_id":"staff","type":"CD","date":44743,"age":"26","sex":"女","category":"staff","association":"KS","highlight":{},"emphasize":"Y","dint":1656633600000,"index":101,"edges":[],"neighbors":[],"degree":0,"GNODEID":0,"dstr":"2022-07-01"},{"TAGID":"BF-5-0103","SEQID":"EPI_ISL_14082186","cat_id":"staff","type":"CD","date":44743,"age":"22","sex":"女","category":"staff","association":"KS","highlight":{},"emphasize":"Y","dint":1656633600000,"index":102,"edges":[],"neighbors":[],"degree":0,"GNODEID":0,"dstr":"2022-07-01"},{"TAGID":"BF-5-0104","SEQID":"EPI_ISL_13901006","cat_id":"staff","type":"CD","date":44739,"age":"52","sex":"女","category":"staff","association":"KS","highlight":{},"emphasize":"Y","dint":1656288000000,"index":103,"edges":[],"neighbors":[],"degree":0,"GNODEID":0,"dstr":"2022-06-27"},{"TAGID":"BF-5-0105","SEQID":"EPI_ISL_13901158","cat_id":"staff","type":"CD","date":44739,"age":"81","sex":"女","category":"staff","association":"KS","highlight":{},"emphasize":"N","dint":1656288000000,"index":104,"edges":[],"neighbors":[],"degree":0,"GNODEID":0,"dstr":"2022-06-27"},{"TAGID":"BF-5-0106","SEQID":"EPI_ISL_13901107","cat_id":"client","type":"CD","date":44739,"age":"32","sex":"男","category":"client","association":"KS","highlight":{},"emphasize":"N","dint":1656288000000,"index":105,"edges":[],"neighbors":[],"degree":0,"GNODEID":0,"dstr":"2022-06-27"},{"TAGID":"BF-5-0107","SEQID":"EPI_ISL_13900956","cat_id":"client","type":"CD","date":44739,"age":"38","sex":"女","category":"client","association":"KS","highlight":{},"emphasize":"N","dint":1656288000000,"index":106,"edges":[],"neighbors":[],"degree":0,"GNODEID":0,"dstr":"2022-06-27"},{"SEQID":"EPI_ISL_13901044","GNODEID":"G-2.2.2","TAGID":"BF-5-0108","cat_id":"staff","type":"CD","date":44739,"age":"60","sex":"男","category":"staff","association":"KS","highlight":{},"emphasize":"N","dint":1656288000000,"index":107,"edges":[],"neighbors":[],"degree":0,"dstr":"2022-06-27"},{"TAGID":"BF-5-0109","SEQID":"EPI_ISL_13901047","cat_id":"client","type":"CD","date":44739,"age":"36","sex":"男","category":"client","association":"KS","highlight":{},"emphasize":"Y","dint":1656288000000,"index":108,"edges":[],"neighbors":[],"degree":0,"GNODEID":0,"dstr":"2022-06-27"},{"TAGID":"BF-5-0110","SEQID":"EPI_ISL_13900937","cat_id":"staff","type":"CD","date":44739,"age":"25","sex":"女","category":"staff","association":"KS","highlight":{},"emphasize":"N","dint":1656288000000,"index":109,"edges":[],"neighbors":[],"degree":0,"GNODEID":0,"dstr":"2022-06-27"},{"TAGID":"BF-5-0111","SEQID":"EPI_ISL_13901026","cat_id":"staff","type":"CD","date":44739,"age":"20","sex":"女","category":"staff","association":"KS","highlight":{},"emphasize":"Y","dint":1656288000000,"index":110,"edges":[],"neighbors":[],"degree":0,"GNODEID":0,"dstr":"2022-06-27"},{"SEQID":"EPI_ISL_13901011","GNODEID":"G-2.1.2","TAGID":"BF-5-0112","cat_id":"staff","type":"CD","date":44739,"age":"44","sex":"男","category":"staff","association":"KS","highlight":{},"emphasize":"Y","dint":1656288000000,"index":111,"edges":[],"neighbors":[],"degree":0,"dstr":"2022-06-27"},{"TAGID":"BF-5-0113","SEQID":"EPI_ISL_13901012","cat_id":"staff","type":"CD","date":44739,"age":"23","sex":"女","category":"staff","association":"KS","highlight":{},"emphasize":"N","dint":1656288000000,"index":112,"edges":[],"neighbors":[],"degree":0,"GNODEID":0,"dstr":"2022-06-27"},{"TAGID":"BF-5-0114","SEQID":"EPI_ISL_13901163","cat_id":"client","type":"CD","date":44739,"age":"18","sex":"女","category":"client","association":"KS","highlight":{},"emphasize":"N","dint":1656288000000,"index":113,"edges":[],"neighbors":[],"degree":0,"GNODEID":0,"dstr":"2022-06-27"},{"TAGID":"BF-5-0115","SEQID":"EPI_ISL_13901060","cat_id":"staff","type":"CD","date":44739,"age":"18","sex":"女","category":"staff","association":"KS","highlight":{},"emphasize":"N","dint":1656288000000,"index":114,"edges":[],"neighbors":[],"degree":0,"GNODEID":0,"dstr":"2022-06-27"},{"TAGID":"BF-5-0116","SEQID":"EPI_ISL_13901083","cat_id":"client","type":"CD","date":44739,"age":"75","sex":"女","category":"client","association":"KS","highlight":{},"emphasize":"Y","dint":1656288000000,"index":115,"edges":[],"neighbors":[],"degree":0,"GNODEID":0,"dstr":"2022-06-27"},{"TAGID":"BF-5-0117","SEQID":"EPI_ISL_13901972","cat_id":"client","type":"CD","date":44739,"age":"16","sex":"女","category":"client","association":"KS","highlight":{},"emphasize":"N","dint":1656288000000,"index":116,"edges":[],"neighbors":[],"degree":0,"GNODEID":0,"dstr":"2022-06-27"},{"SEQID":"EPI_ISL_13901995","GNODEID":"G-2.1.3.8.1","TAGID":"BF-5-0118","cat_id":"client","type":"CD","date":44739,"age":"26","sex":"女","category":"client","association":"KS","highlight":{},"emphasize":"Y","dint":1656288000000,"index":117,"edges":[],"neighbors":[],"degree":0,"dstr":"2022-06-27"},{"TAGID":"BF-5-0119","SEQID":"EPI_ISL_13901958","cat_id":"staff","type":"CD","date":44739,"age":"38","sex":"男","category":"staff","association":"KS","highlight":{},"emphasize":"N","dint":1656288000000,"index":118,"edges":[],"neighbors":[],"degree":0,"GNODEID":0,"dstr":"2022-06-27"},{"TAGID":"BF-5-0120","SEQID":"EPI_ISL_13901970","cat_id":"client","type":"CD","date":44739,"age":"22","sex":"男","category":"client","association":"KS","highlight":{},"emphasize":"Y","dint":1656288000000,"index":119,"edges":[],"neighbors":[],"degree":0,"GNODEID":0,"dstr":"2022-06-27"},{"TAGID":"BF-5-0121","SEQID":"EPI_ISL_14094215","cat_id":"client","type":"CD","date":44743,"age":"75","sex":"女","category":"client","association":"KS","highlight":{},"emphasize":"Y","dint":1656633600000,"index":120,"edges":[],"neighbors":[],"degree":0,"GNODEID":0,"dstr":"2022-07-01"},{"TAGID":"BF-5-0122","SEQID":"EPI_ISL_14115355","cat_id":"client","type":"CD","date":44724,"age":"78","sex":"男","category":"client","highlight":{},"emphasize":"Y","dint":1654992000000,"index":121,"edges":[],"neighbors":[],"degree":0,"association":0,"GNODEID":0,"dstr":"2022-06-12"},{"SEQID":"EPI_ISL_14117644","GNODEID":"G-2.1.3.3","TAGID":"BF-5-0123","cat_id":"staff","type":"CD","date":44728,"age":"33","sex":"女","category":"staff","association":"TH","highlight":{},"emphasize":"N","dint":1655337600000,"index":122,"edges":[],"neighbors":[],"degree":0,"dstr":"2022-06-16"},{"SEQID":"EPI_ISL_14120627","GNODEID":"G-2.1.3","TAGID":"BF-5-0124","cat_id":"client","type":"CD","date":44725,"age":"11","sex":"女","category":"client","association":"KS","highlight":{},"emphasize":"Y","dint":1655078400000,"index":123,"edges":[],"neighbors":[],"degree":0,"dstr":"2022-06-13"},{"TAGID":"BF-5-0125","SEQID":"EPI_ISL_14120651","cat_id":"staff","type":"CD","date":44726,"age":"39","sex":"女","category":"staff","association":"KS","highlight":{},"emphasize":"N","dint":1655164800000,"index":124,"edges":[],"neighbors":[],"degree":0,"GNODEID":0,"dstr":"2022-06-14"},{"TAGID":"BF-5-0126","SEQID":"EPI_ISL_14120707","cat_id":"staff","type":"CD","date":44729,"age":"35","sex":"女","category":"staff","association":"KS","highlight":{},"emphasize":"N","dint":1655424000000,"index":125,"edges":[],"neighbors":[],"degree":0,"GNODEID":0,"dstr":"2022-06-17"},{"TAGID":"BF-5-0127","SEQID":"EPI_ISL_14121176","cat_id":"staff","type":"CD","date":44728,"age":"90","sex":"女","category":"staff","association":"KS","highlight":{},"emphasize":"Y","dint":1655337600000,"index":126,"edges":[],"neighbors":[],"degree":0,"GNODEID":0,"dstr":"2022-06-16"},{"SEQID":"EPI_ISL_14122075","GNODEID":"G-2.2","TAGID":"BF-5-0128","cat_id":"staff","type":"CD","date":44730,"age":"2","sex":"男","category":"staff","association":"KS","highlight":{},"emphasize":"N","dint":1655510400000,"index":127,"edges":[],"neighbors":[],"degree":0,"dstr":"2022-06-18"},{"SEQID":"EPI_ISL_14123829","GNODEID":"G-2.1.3.24","TAGID":"BF-5-0129","cat_id":"client","type":"CD","date":44735,"age":"48","sex":"男","category":"client","highlight":{},"emphasize":"N","dint":1655942400000,"index":128,"edges":[],"neighbors":[],"degree":0,"association":0,"dstr":"2022-06-23"},{"TAGID":"BF-5-0130","SEQID":"EPI_ISL_14124863","cat_id":"client","type":"CD","date":44742,"age":"62","sex":"女","category":"client","association":"KS","highlight":{},"emphasize":"Y","dint":1656547200000,"index":129,"edges":[],"neighbors":[],"degree":0,"GNODEID":0,"dstr":"2022-06-30"},{"TAGID":"BF-5-0131","SEQID":"EPI_ISL_14125071","cat_id":"client","type":"CD","date":44737,"age":"25","sex":"女","category":"client","highlight":{},"emphasize":"Y","dint":1656115200000,"index":130,"edges":[],"neighbors":[],"degree":0,"association":0,"GNODEID":0,"dstr":"2022-06-25"},{"TAGID":"BF-5-0132","SEQID":"EPI_ISL_14125022","cat_id":"staff","type":"CD","date":44737,"age":"25","sex":"女","category":"staff","association":"TH","highlight":{},"emphasize":"Y","dint":1656115200000,"index":131,"edges":[],"neighbors":[],"degree":0,"GNODEID":0,"dstr":"2022-06-25"},{"TAGID":"BF-5-0133","SEQID":"EPI_ISL_14125023","cat_id":"staff","type":"CD","date":44738,"age":"84","sex":"男","category":"staff","association":"TH","highlight":{},"emphasize":"Y","dint":1656201600000,"index":132,"edges":[],"neighbors":[],"degree":0,"GNODEID":0,"dstr":"2022-06-26"},{"TAGID":"BF-5-0134","SEQID":"EPI_ISL_14125018","cat_id":"staff","type":"CD","date":44735,"age":"19","sex":"女","category":"staff","association":"TH","highlight":{},"emphasize":"Y","dint":1655942400000,"index":133,"edges":[],"neighbors":[],"degree":0,"GNODEID":0,"dstr":"2022-06-23"},{"TAGID":"BF-5-0135","SEQID":"EPI_ISL_14125025","cat_id":"staff","type":"CD","date":44735,"age":"31","sex":"女","category":"staff","highlight":{},"emphasize":"N","dint":1655942400000,"index":134,"edges":[],"neighbors":[],"degree":0,"association":0,"GNODEID":0,"dstr":"2022-06-23"},{"TAGID":"BF-5-0136","SEQID":"EPI_ISL_14125477","cat_id":"staff","type":"CD","date":44730,"age":"41","sex":"女","category":"staff","association":"KS","highlight":{},"emphasize":"Y","dint":1655510400000,"index":135,"edges":[],"neighbors":[],"degree":0,"GNODEID":0,"dstr":"2022-06-18"},{"TAGID":"BF-5-0137","SEQID":"EPI_ISL_14125709","cat_id":"staff","type":"CD","date":44739,"age":"36","sex":"女","category":"staff","association":"TH","highlight":{},"emphasize":"N","dint":1656288000000,"index":136,"edges":[],"neighbors":[],"degree":0,"GNODEID":0,"dstr":"2022-06-27"},{"TAGID":"BF-5-0138","SEQID":"EPI_ISL_14125710","cat_id":"staff","type":"CD","date":44739,"age":"57","sex":"男","category":"staff","association":"TH","highlight":{},"emphasize":"Y","dint":1656288000000,"index":137,"edges":[],"neighbors":[],"degree":0,"GNODEID":0,"dstr":"2022-06-27"},{"SEQID":"EPI_ISL_14125866","GNODEID":"G-2.1.3.4","TAGID":"BF-5-0139","cat_id":"staff","type":"CD","date":44737,"age":"41","sex":"女","category":"staff","association":"TO","highlight":{},"emphasize":"Y","dint":1656115200000,"index":138,"edges":[],"neighbors":[],"degree":0,"dstr":"2022-06-25"},{"TAGID":"BF-5-0140","SEQID":"EPI_ISL_14125992","cat_id":"client","type":"CD","date":44734,"age":"70","sex":"男","category":"client","association":"KS","highlight":{},"emphasize":"N","dint":1655856000000,"index":139,"edges":[],"neighbors":[],"degree":0,"GNODEID":0,"dstr":"2022-06-22"},{"TAGID":"BF-5-0141","SEQID":"EPI_ISL_14126174","cat_id":"staff","type":"CD","date":44728,"age":"72","sex":"男","category":"staff","association":"KS","highlight":{},"emphasize":"Y","dint":1655337600000,"index":140,"edges":[],"neighbors":[],"degree":0,"GNODEID":0,"dstr":"2022-06-16"},{"TAGID":"BF-5-0142","SEQID":"EPI_ISL_14126184","cat_id":"client","type":"CD","date":44732,"age":"86","sex":"男","category":"client","association":"KS","highlight":{},"emphasize":"N","dint":1655683200000,"index":141,"edges":[],"neighbors":[],"degree":0,"GNODEID":0,"dstr":"2022-06-20"},{"TAGID":"BF-5-0143","SEQID":"EPI_ISL_14126209","cat_id":"client","type":"CD","date":44739,"age":"61","sex":"男","category":"client","association":"TH","highlight":{},"emphasize":"N","dint":1656288000000,"index":142,"edges":[],"neighbors":[],"degree":0,"GNODEID":0,"dstr":"2022-06-27"},{"SEQID":"EPI_ISL_14126214","GNODEID":"G-3","TAGID":"BF-5-0144","cat_id":"client","type":"CD","date":44741,"age":"58","sex":"男","category":"client","association":"TH","highlight":{},"emphasize":"N","dint":1656460800000,"index":143,"edges":[],"neighbors":[],"degree":0,"dstr":"2022-06-29"},{"TAGID":"BF-5-0145","SEQID":"EPI_ISL_14126257","cat_id":"client","type":"CD","date":44740,"age":"19","sex":"女","category":"client","association":"TH","highlight":{},"emphasize":"N","dint":1656374400000,"index":144,"edges":[],"neighbors":[],"degree":0,"GNODEID":0,"dstr":"2022-06-28"},{"TAGID":"BF-5-0146","SEQID":"EPI_ISL_14126500","cat_id":"client","type":"CD","date":44742,"age":"92","sex":"男","category":"client","association":"KS","highlight":{},"emphasize":"Y","dint":1656547200000,"index":145,"edges":[],"neighbors":[],"degree":0,"GNODEID":0,"dstr":"2022-06-30"},{"SEQID":"EPI_ISL_14126496","GNODEID":"G-2.1.3.25","TAGID":"BF-5-0147","cat_id":"client","type":"CD","date":44741,"age":"87","sex":"男","category":"client","association":"KS","highlight":{},"emphasize":"Y","dint":1656460800000,"index":146,"edges":[],"neighbors":[],"degree":0,"dstr":"2022-06-29"},{"TAGID":"BF-5-0148","SEQID":"EPI_ISL_14126497","cat_id":"staff","type":"CD","date":44741,"age":"3","sex":"女","category":"staff","association":"KS","highlight":{},"emphasize":"Y","dint":1656460800000,"index":147,"edges":[],"neighbors":[],"degree":0,"GNODEID":0,"dstr":"2022-06-29"},{"TAGID":"BF-5-0149","SEQID":"EPI_ISL_14127358","cat_id":"staff","type":"CD","date":44734,"age":"79","sex":"女","category":"staff","association":"KS","highlight":{},"emphasize":"Y","dint":1655856000000,"index":148,"edges":[],"neighbors":[],"degree":0,"GNODEID":0,"dstr":"2022-06-22"},{"TAGID":"BF-5-0150","SEQID":"EPI_ISL_14127405","cat_id":"client","type":"CD","date":44735,"age":"35","sex":"女","category":"client","association":"KS","highlight":{},"emphasize":"Y","dint":1655942400000,"index":149,"edges":[],"neighbors":[],"degree":0,"GNODEID":0,"dstr":"2022-06-23"},{"TAGID":"BF-5-0151","SEQID":"EPI_ISL_14127431","cat_id":"staff","type":"CD","date":44737,"age":"35","sex":"女","category":"staff","association":"KS","highlight":{},"emphasize":"Y","dint":1656115200000,"index":150,"edges":[],"neighbors":[],"degree":0,"GNODEID":0,"dstr":"2022-06-25"},{"SEQID":"EPI_ISL_14127421","GNODEID":"G-2.1.3.9","TAGID":"BF-5-0152","cat_id":"client","type":"CD","date":44736,"age":"7","sex":"女","category":"client","association":"KS","highlight":{},"emphasize":"N","dint":1656028800000,"index":151,"edges":[],"neighbors":[],"degree":0,"dstr":"2022-06-24"},{"TAGID":"BF-5-0153","SEQID":"EPI_ISL_14127486","cat_id":"client","type":"CD","date":44733,"age":"47","sex":"女","category":"client","association":"KS","highlight":{},"emphasize":"Y","dint":1655769600000,"index":152,"edges":[],"neighbors":[],"degree":0,"GNODEID":0,"dstr":"2022-06-21"},{"SEQID":"EPI_ISL_14127640","GNODEID":"G-2.1.3.26","TAGID":"BF-5-0154","cat_id":"staff","type":"CD","date":44735,"age":"70","sex":"女","category":"staff","association":"KY","highlight":{},"emphasize":"N","dint":1655942400000,"index":153,"edges":[],"neighbors":[],"degree":0,"dstr":"2022-06-23"},{"TAGID":"BF-5-0155","SEQID":"EPI_ISL_14127849","cat_id":"client","type":"CD","date":44738,"age":"4","sex":"女","category":"client","association":"KS","highlight":{},"emphasize":"N","dint":1656201600000,"index":154,"edges":[],"neighbors":[],"degree":0,"GNODEID":0,"dstr":"2022-06-26"},{"TAGID":"BF-5-0156","SEQID":"EPI_ISL_14128169","cat_id":"client","type":"CD","date":44741,"age":"93","sex":"女","category":"client","association":"TH","highlight":{},"emphasize":"Y","dint":1656460800000,"index":155,"edges":[],"neighbors":[],"degree":0,"GNODEID":0,"dstr":"2022-06-29"},{"TAGID":"BF-5-0157","SEQID":"EPI_ISL_14128168","cat_id":"client","type":"CD","date":44741,"age":"43","sex":"女","category":"client","association":"TH","highlight":{},"emphasize":"Y","dint":1656460800000,"index":156,"edges":[],"neighbors":[],"degree":0,"GNODEID":0,"dstr":"2022-06-29"},{"TAGID":"BF-5-0158","SEQID":"EPI_ISL_14128172","cat_id":"client","type":"CD","date":44743,"age":"90","sex":"女","category":"client","association":"TH","highlight":{},"emphasize":"Y","dint":1656633600000,"index":157,"edges":[],"neighbors":[],"degree":0,"GNODEID":0,"dstr":"2022-07-01"},{"TAGID":"BF-5-0159","SEQID":"EPI_ISL_14128613","cat_id":"staff","type":"CD","date":44736,"age":"48","sex":"女","category":"staff","association":"KS","highlight":{},"emphasize":"Y","dint":1656028800000,"index":158,"edges":[],"neighbors":[],"degree":0,"GNODEID":0,"dstr":"2022-06-24"},{"TAGID":"BF-5-0160","SEQID":"EPI_ISL_14128579","cat_id":"client","type":"CD","date":44735,"age":"20","sex":"女","category":"client","association":"KS","highlight":{},"emphasize":"N","dint":1655942400000,"index":159,"edges":[],"neighbors":[],"degree":0,"GNODEID":0,"dstr":"2022-06-23"},{"TAGID":"BF-5-0161","SEQID":"EPI_ISL_14129045","cat_id":"staff","type":"CD","date":44733,"age":"65","sex":"女","category":"staff","association":"KS","highlight":{},"emphasize":"N","dint":1655769600000,"index":160,"edges":[],"neighbors":[],"degree":0,"GNODEID":0,"dstr":"2022-06-21"},{"TAGID":"BF-5-0162","SEQID":"EPI_ISL_14129176","cat_id":"client","type":"CD","date":44733,"age":"78","sex":"男","category":"client","association":"KS","highlight":{},"emphasize":"Y","dint":1655769600000,"index":161,"edges":[],"neighbors":[],"degree":0,"GNODEID":0,"dstr":"2022-06-21"},{"TAGID":"BF-5-0163","SEQID":"EPI_ISL_14129204","cat_id":"client","type":"CD","date":44733,"age":"28","sex":"男","category":"client","association":"KS","highlight":{},"emphasize":"Y","dint":1655769600000,"index":162,"edges":[],"neighbors":[],"degree":0,"GNODEID":0,"dstr":"2022-06-21"},{"TAGID":"BF-5-0164","SEQID":"EPI_ISL_14129149","cat_id":"client","type":"CD","date":44732,"age":"63","sex":"女","category":"client","association":"KS","highlight":{},"emphasize":"Y","dint":1655683200000,"index":163,"edges":[],"neighbors":[],"degree":0,"GNODEID":0,"dstr":"2022-06-20"},{"SEQID":"EPI_ISL_14129148","GNODEID":"G-2.1.3.20","TAGID":"BF-5-0165","cat_id":"staff","type":"CD","date":44732,"age":"21","sex":"男","category":"staff","association":"KS","highlight":{},"emphasize":"N","dint":1655683200000,"index":164,"edges":[],"neighbors":[],"degree":0,"dstr":"2022-06-20"},{"TAGID":"BF-5-0166","SEQID":"EPI_ISL_14129233","cat_id":"client","type":"CD","date":44735,"age":"15","sex":"女","category":"client","association":"KS","highlight":{},"emphasize":"N","dint":1655942400000,"index":165,"edges":[],"neighbors":[],"degree":0,"GNODEID":0,"dstr":"2022-06-23"},{"TAGID":"BF-5-0167","SEQID":"EPI_ISL_14129221","cat_id":"client","type":"CD","date":44735,"age":"71","sex":"女","category":"client","association":"KS","highlight":{},"emphasize":"Y","dint":1655942400000,"index":166,"edges":[],"neighbors":[],"degree":0,"GNODEID":0,"dstr":"2022-06-23"},{"TAGID":"BF-5-0168","SEQID":"EPI_ISL_14129312","cat_id":"staff","type":"CD","date":44737,"age":"50","sex":"女","category":"staff","association":"KS","highlight":{},"emphasize":"Y","dint":1656115200000,"index":167,"edges":[],"neighbors":[],"degree":0,"GNODEID":0,"dstr":"2022-06-25"},{"TAGID":"BF-5-0169","SEQID":"EPI_ISL_14129409","cat_id":"staff","type":"CD","date":44738,"age":"22","sex":"男","category":"staff","association":"KS","highlight":{},"emphasize":"Y","dint":1656201600000,"index":168,"edges":[],"neighbors":[],"degree":0,"GNODEID":0,"dstr":"2022-06-26"},{"TAGID":"BF-5-0170","SEQID":"EPI_ISL_14129473","cat_id":"staff","type":"CD","date":44743,"age":"83","sex":"女","category":"staff","association":"KS","highlight":{},"emphasize":"Y","dint":1656633600000,"index":169,"edges":[],"neighbors":[],"degree":0,"GNODEID":0,"dstr":"2022-07-01"},{"TAGID":"BF-5-0171","SEQID":"EPI_ISL_14129481","cat_id":"client","type":"CD","date":44743,"age":"61","sex":"男","category":"client","association":"KS","highlight":{},"emphasize":"N","dint":1656633600000,"index":170,"edges":[],"neighbors":[],"degree":0,"GNODEID":0,"dstr":"2022-07-01"},{"TAGID":"BF-5-0172","SEQID":"EPI_ISL_14129467","cat_id":"client","type":"CD","date":44740,"age":"87","sex":"男","category":"client","association":"TO","highlight":{},"emphasize":"N","dint":1656374400000,"index":171,"edges":[],"neighbors":[],"degree":0,"GNODEID":0,"dstr":"2022-06-28"},{"TAGID":"BF-5-0173","SEQID":"EPI_ISL_14129927","cat_id":"staff","type":"CD","date":44741,"age":"12","sex":"女","category":"staff","highlight":{},"emphasize":"N","dint":1656460800000,"index":172,"edges":[],"neighbors":[],"degree":0,"association":0,"GNODEID":0,"dstr":"2022-06-29"},{"SEQID":"EPI_ISL_14129968","GNODEID":"G-2.1.3.24.1","TAGID":"BF-5-0174","cat_id":"client","type":"CD","date":44739,"age":"57","sex":"女","category":"client","highlight":{},"emphasize":"Y","dint":1656288000000,"index":173,"edges":[],"neighbors":[],"degree":0,"association":0,"dstr":"2022-06-27"},{"TAGID":"BF-5-0175","SEQID":"EPI_ISL_14130175","cat_id":"staff","type":"CD","date":44742,"age":"25","sex":"女","category":"staff","association":"CS","highlight":{},"emphasize":"N","dint":1656547200000,"index":174,"edges":[],"neighbors":[],"degree":0,"GNODEID":0,"dstr":"2022-06-30"},{"TAGID":"BF-5-0176","SEQID":"EPI_ISL_14130361","cat_id":"staff","type":"CD","date":44740,"age":"86","sex":"女","category":"staff","association":"TO","highlight":{},"emphasize":"Y","dint":1656374400000,"index":175,"edges":[],"neighbors":[],"degree":0,"GNODEID":0,"dstr":"2022-06-28"},{"SEQID":"EPI_ISL_14130360","GNODEID":"G-2.1.3.10.1","TAGID":"BF-5-0177","cat_id":"client","type":"CD","date":44740,"age":"87","sex":"女","category":"client","association":"TO","highlight":{},"emphasize":"N","dint":1656374400000,"index":176,"edges":[],"neighbors":[],"degree":0,"dstr":"2022-06-28"},{"TAGID":"BF-5-0178","SEQID":"EPI_ISL_14130440","cat_id":"client","type":"CD","date":44737,"age":"75","sex":"男","category":"client","association":"KS","highlight":{},"emphasize":"N","dint":1656115200000,"index":177,"edges":[],"neighbors":[],"degree":0,"GNODEID":0,"dstr":"2022-06-25"},{"TAGID":"BF-5-0179","SEQID":"EPI_ISL_14130449","cat_id":"staff","type":"CD","date":44739,"age":"13","sex":"女","category":"staff","association":"KS","highlight":{},"emphasize":"Y","dint":1656288000000,"index":178,"edges":[],"neighbors":[],"degree":0,"GNODEID":0,"dstr":"2022-06-27"},{"TAGID":"BF-5-0180","SEQID":"EPI_ISL_14130390","cat_id":"client","type":"CD","date":44742,"age":"95","sex":"男","category":"client","association":"TO","highlight":{},"emphasize":"N","dint":1656547200000,"index":179,"edges":[],"neighbors":[],"degree":0,"GNODEID":0,"dstr":"2022-06-30"},{"SEQID":"EPI_ISL_14130507","GNODEID":"G-2.1.3.22","TAGID":"BF-5-0181","cat_id":"staff","type":"CD","date":44742,"age":"26","sex":"男","category":"staff","association":"KS","highlight":{},"emphasize":"N","dint":1656547200000,"index":180,"edges":[],"neighbors":[],"degree":0,"dstr":"2022-06-30"},{"TAGID":"BF-5-0182","SEQID":"EPI_ISL_14130426","cat_id":"client","type":"CD","date":44743,"age":"42","sex":"女","category":"client","association":"KS","highlight":{},"emphasize":"N","dint":1656633600000,"index":181,"edges":[],"neighbors":[],"degree":0,"GNODEID":0,"dstr":"2022-07-01"},{"TAGID":"BF-5-0183","SEQID":"EPI_ISL_14130478","cat_id":"staff","type":"CD","date":44741,"age":"57","sex":"男","category":"staff","association":"KS","highlight":{},"emphasize":"Y","dint":1656460800000,"index":182,"edges":[],"neighbors":[],"degree":0,"GNODEID":0,"dstr":"2022-06-29"},{"TAGID":"BF-5-0184","SEQID":"EPI_ISL_14130784","cat_id":"staff","type":"CD","date":44736,"age":"97","sex":"男","category":"staff","association":"KS","highlight":{},"emphasize":"N","dint":1656028800000,"index":183,"edges":[],"neighbors":[],"degree":0,"GNODEID":0,"dstr":"2022-06-24"},{"TAGID":"BF-5-0185","SEQID":"EPI_ISL_14130642","cat_id":"staff","type":"CD","date":44733,"age":"25","sex":"男","category":"staff","association":"KS","highlight":{},"emphasize":"N","dint":1655769600000,"index":184,"edges":[],"neighbors":[],"degree":0,"GNODEID":0,"dstr":"2022-06-21"},{"TAGID":"BF-5-0186","SEQID":"EPI_ISL_14130633","cat_id":"staff","type":"CD","date":44733,"age":"88","sex":"男","category":"staff","association":"KS","highlight":{},"emphasize":"N","dint":1655769600000,"index":185,"edges":[],"neighbors":[],"degree":0,"GNODEID":0,"dstr":"2022-06-21"},{"TAGID":"BF-5-0187","SEQID":"EPI_ISL_14130825","cat_id":"client","type":"CD","date":44736,"age":"74","sex":"男","category":"client","association":"KS","highlight":{},"emphasize":"Y","dint":1656028800000,"index":186,"edges":[],"neighbors":[],"degree":0,"GNODEID":0,"dstr":"2022-06-24"},{"TAGID":"BF-5-0188","SEQID":"EPI_ISL_14130843","cat_id":"client","type":"CD","date":44739,"age":"16","sex":"男","category":"client","association":"KS","highlight":{},"emphasize":"N","dint":1656288000000,"index":187,"edges":[],"neighbors":[],"degree":0,"GNODEID":0,"dstr":"2022-06-27"},{"SEQID":"EPI_ISL_14130885","GNODEID":"G-2.1.3.18","TAGID":"BF-5-0189","cat_id":"staff","type":"CD","date":44739,"age":"28","sex":"女","category":"staff","association":"KS","highlight":{},"emphasize":"Y","dint":1656288000000,"index":188,"edges":[],"neighbors":[],"degree":0,"dstr":"2022-06-27"},{"TAGID":"BF-5-0190","SEQID":"EPI_ISL_14130888","cat_id":"client","type":"CD","date":44739,"age":"94","sex":"女","category":"client","association":"KS","highlight":{},"emphasize":"Y","dint":1656288000000,"index":189,"edges":[],"neighbors":[],"degree":0,"GNODEID":0,"dstr":"2022-06-27"},{"SEQID":"EPI_ISL_14130897","GNODEID":"G-2.1.3.8","TAGID":"BF-5-0191","cat_id":"client","type":"CD","date":44739,"age":"56","sex":"女","category":"client","association":"KS","highlight":{},"emphasize":"N","dint":1656288000000,"index":190,"edges":[],"neighbors":[],"degree":0,"dstr":"2022-06-27"},{"SEQID":"EPI_ISL_14130988","GNODEID":"G-2.1.3.15","TAGID":"BF-5-0192","cat_id":"client","type":"CD","date":44740,"age":"54","sex":"男","category":"client","association":"KS","highlight":{},"emphasize":"Y","dint":1656374400000,"index":191,"edges":[],"neighbors":[],"degree":0,"dstr":"2022-06-28"},{"TAGID":"BF-5-0193","SEQID":"EPI_ISL_14130996","cat_id":"client","type":"CD","date":44740,"age":"76","sex":"女","category":"client","association":"KS","highlight":{},"emphasize":"Y","dint":1656374400000,"index":192,"edges":[],"neighbors":[],"degree":0,"GNODEID":0,"dstr":"2022-06-28"},{"TAGID":"BF-5-0194","SEQID":"EPI_ISL_14131015","cat_id":"staff","type":"CD","date":44740,"age":"69","sex":"女","category":"staff","association":"KS","highlight":{},"emphasize":"Y","dint":1656374400000,"index":193,"edges":[],"neighbors":[],"degree":0,"GNODEID":0,"dstr":"2022-06-28"},{"SEQID":"EPI_ISL_14131072","GNODEID":"G-2.1.3.2","TAGID":"BF-5-0195","cat_id":"staff","type":"CD","date":44741,"age":"43","sex":"男","category":"staff","association":"KS","highlight":{},"emphasize":"Y","dint":1656460800000,"index":194,"edges":[],"neighbors":[],"degree":0,"dstr":"2022-06-29"},{"TAGID":"BF-5-0196","SEQID":"EPI_ISL_14131064","cat_id":"staff","type":"CD","date":44741,"age":"39","sex":"男","category":"staff","association":"KS","highlight":{},"emphasize":"N","dint":1656460800000,"index":195,"edges":[],"neighbors":[],"degree":0,"GNODEID":0,"dstr":"2022-06-29"},{"TAGID":"BF-5-0197","SEQID":"EPI_ISL_14131103","cat_id":"client","type":"CD","date":44741,"age":"21","sex":"男","category":"client","association":"KS","highlight":{},"emphasize":"Y","dint":1656460800000,"index":196,"edges":[],"neighbors":[],"degree":0,"GNODEID":0,"dstr":"2022-06-29"},{"SEQID":"EPI_ISL_14131113","GNODEID":"G-2.1.3.19","TAGID":"BF-5-0198","cat_id":"client","type":"CD","date":44742,"age":"15","sex":"女","category":"client","association":"KS","highlight":{},"emphasize":"Y","dint":1656547200000,"index":197,"edges":[],"neighbors":[],"degree":0,"dstr":"2022-06-30"},{"TAGID":"BF-5-0199","SEQID":"EPI_ISL_14131237","cat_id":"staff","type":"CD","date":44742,"age":"76","sex":"女","category":"staff","association":"KS","highlight":{},"emphasize":"Y","dint":1656547200000,"index":198,"edges":[],"neighbors":[],"degree":0,"GNODEID":0,"dstr":"2022-06-30"},{"TAGID":"BF-5-0200","SEQID":"EPI_ISL_14131260","cat_id":"staff","type":"CD","date":44743,"age":"76","sex":"男","category":"staff","association":"KS","highlight":{},"emphasize":"Y","dint":1656633600000,"index":199,"edges":[],"neighbors":[],"degree":0,"GNODEID":0,"dstr":"2022-07-01"},{"TAGID":"BF-5-0201","SEQID":"EPI_ISL_14131250","cat_id":"client","type":"CD","date":44742,"age":"96","sex":"女","category":"client","association":"KS","highlight":{},"emphasize":"N","dint":1656547200000,"index":200,"edges":[],"neighbors":[],"degree":0,"GNODEID":0,"dstr":"2022-06-30"},{"TAGID":"BF-5-0202","SEQID":"EPI_ISL_14131287","cat_id":"staff","type":"CD","date":44743,"age":"38","sex":"女","category":"staff","association":"KS","highlight":{},"emphasize":"Y","dint":1656633600000,"index":201,"edges":[],"neighbors":[],"degree":0,"GNODEID":0,"dstr":"2022-07-01"},{"TAGID":"BF-5-0203","SEQID":"EPI_ISL_14131299","cat_id":"client","type":"CD","date":44743,"age":"90","sex":"男","category":"client","association":"KS","highlight":{},"emphasize":"N","dint":1656633600000,"index":202,"edges":[],"neighbors":[],"degree":0,"GNODEID":0,"dstr":"2022-07-01"},{"TAGID":"BF-5-0204","SEQID":"EPI_ISL_14131413","cat_id":"staff","type":"CD","date":44743,"age":"11","sex":"女","category":"staff","association":"KS","highlight":{},"emphasize":"Y","dint":1656633600000,"index":203,"edges":[],"neighbors":[],"degree":0,"GNODEID":0,"dstr":"2022-07-01"},{"SEQID":"EPI_ISL_14131407","GNODEID":"G-2.1.3.21","TAGID":"BF-5-0205","cat_id":"staff","type":"CD","date":44743,"age":"7","sex":"男","category":"staff","association":"KS","highlight":{},"emphasize":"Y","dint":1656633600000,"index":204,"edges":[],"neighbors":[],"degree":0,"dstr":"2022-07-01"},{"TAGID":"BF-5-0206","SEQID":"EPI_ISL_14131329","cat_id":"client","type":"CD","date":44743,"age":"78","sex":"女","category":"client","association":"KS","highlight":{},"emphasize":"N","dint":1656633600000,"index":205,"edges":[],"neighbors":[],"degree":0,"GNODEID":0,"dstr":"2022-07-01"},{"TAGID":"BF-5-0207","SEQID":"EPI_ISL_14129472","cat_id":"client","type":"CD","date":44743,"age":"86","sex":"男","category":"client","association":"KS","highlight":{},"emphasize":"N","dint":1656633600000,"index":206,"edges":[],"neighbors":[],"degree":0,"GNODEID":0,"dstr":"2022-07-01"},{"TAGID":"BF-5-0208","SEQID":"EPI_ISL_14133285","cat_id":"staff","type":"CD","date":44743,"age":"57","sex":"女","category":"staff","association":"KS","highlight":{},"emphasize":"Y","dint":1656633600000,"index":207,"edges":[],"neighbors":[],"degree":0,"GNODEID":0,"dstr":"2022-07-01"},{"SEQID":"EPI_ISL_14137196","GNODEID":"G-2.1.3.10","TAGID":"BF-5-0209","cat_id":"staff","type":"CD","date":44742,"age":"10","sex":"男","category":"staff","association":"KS","highlight":{},"emphasize":"Y","dint":1656547200000,"index":208,"edges":[],"neighbors":[],"degree":0,"dstr":"2022-06-30"},{"SEQID":"EPI_ISL_14133645","GNODEID":"G-2.1.3.4.1","TAGID":"BF-5-0210","cat_id":"staff","type":"CD","date":44741,"age":"76","sex":"男","category":"staff","association":"HO","highlight":{},"emphasize":"N","dint":1656460800000,"index":209,"edges":[],"neighbors":[],"degree":0,"dstr":"2022-06-29"},{"TAGID":"BF-5-0211","SEQID":"EPI_ISL_14137244","cat_id":"client","type":"CD","date":44739,"age":"80","sex":"男","category":"client","association":"TO","highlight":{},"emphasize":"Y","dint":1656288000000,"index":210,"edges":[],"neighbors":[],"degree":0,"GNODEID":0,"dstr":"2022-06-27"},{"TAGID":"BF-5-0212","SEQID":"EPI_ISL_14134864","cat_id":"client","type":"CD","date":44742,"age":"49","sex":"女","category":"client","association":"KS","highlight":{},"emphasize":"N","dint":1656547200000,"index":211,"edges":[],"neighbors":[],"degree":0,"GNODEID":0,"dstr":"2022-06-30"},{"TAGID":"BF-5-0213","SEQID":"EPI_ISL_14135302","cat_id":"client","type":"CD","date":44741,"age":"86","sex":"女","category":"client","association":"KN","highlight":{},"emphasize":"Y","dint":1656460800000,"index":212,"edges":[],"neighbors":[],"degree":0,"GNODEID":0,"dstr":"2022-06-29"},{"SEQID":"EPI_ISL_14137335","GNODEID":"G-2.1.3.10.1.1","TAGID":"BF-5-0214","cat_id":"staff","type":"CD","date":44740,"age":"87","sex":"女","category":"staff","association":"TO","highlight":{},"emphasize":"N","dint":1656374400000,"index":213,"edges":[],"neighbors":[],"degree":0,"dstr":"2022-06-28"},{"TAGID":"BF-5-0215","SEQID":"EPI_ISL_14137838","cat_id":"staff","type":"CD","date":44743,"age":"37","sex":"男","category":"staff","association":"KS","highlight":{},"emphasize":"Y","dint":1656633600000,"index":214,"edges":[],"neighbors":[],"degree":0,"GNODEID":0,"dstr":"2022-07-01"},{"TAGID":"BF-5-0216","SEQID":"EPI_ISL_14137842","cat_id":"client","type":"CD","date":44742,"age":"17","sex":"女","category":"client","association":"TH","highlight":{},"emphasize":"Y","dint":1656547200000,"index":215,"edges":[],"neighbors":[],"degree":0,"GNODEID":0,"dstr":"2022-06-30"},{"TAGID":"BF-5-0217","SEQID":"EPI_ISL_14137846","cat_id":"client","type":"CD","date":44739,"age":"14","sex":"男","category":"client","association":"KS","highlight":{},"emphasize":"Y","dint":1656288000000,"index":216,"edges":[],"neighbors":[],"degree":0,"GNODEID":0,"dstr":"2022-06-27"},{"TAGID":"BF-5-0218","SEQID":"EPI_ISL_14137609","cat_id":"client","type":"CD","date":44743,"age":"18","sex":"男","category":"client","association":"KS","highlight":{},"emphasize":"N","dint":1656633600000,"index":217,"edges":[],"neighbors":[],"degree":0,"GNODEID":0,"dstr":"2022-07-01"},{"TAGID":"BF-5-0219","SEQID":"EPI_ISL_14137877","cat_id":"client","type":"CD","date":44742,"age":"25","sex":"男","category":"client","association":"OK","highlight":{},"emphasize":"N","dint":1656547200000,"index":218,"edges":[],"neighbors":[],"degree":0,"GNODEID":0,"dstr":"2022-06-30"},{"SEQID":"EPI_ISL_14137620","GNODEID":"G-2.1.3.17","TAGID":"BF-5-0220","cat_id":"staff","type":"CD","date":44743,"age":"98","sex":"女","category":"staff","association":"KS","highlight":{},"emphasize":"Y","dint":1656633600000,"index":219,"edges":[],"neighbors":[],"degree":0,"dstr":"2022-07-01"},{"SEQID":"EPI_ISL_14137896","GNODEID":"G-2.1.3.23","TAGID":"BF-5-0221","cat_id":"staff","type":"CD","date":44743,"age":"32","sex":"女","category":"staff","association":"TH","highlight":{},"emphasize":"Y","dint":1656633600000,"index":220,"edges":[],"neighbors":[],"degree":0,"dstr":"2022-07-01"},{"TAGID":"BF-5-0222","SEQID":"EPI_ISL_14137400","cat_id":"staff","type":"CD","date":44741,"age":"50","sex":"男","category":"staff","association":"KS","highlight":{},"emphasize":"N","dint":1656460800000,"index":221,"edges":[],"neighbors":[],"degree":0,"GNODEID":0,"dstr":"2022-06-29"},{"TAGID":"BF-5-0223","SEQID":"EPI_ISL_14137319","cat_id":"client","type":"CD","date":44739,"age":"57","sex":"女","category":"client","association":"KS","highlight":{},"emphasize":"Y","dint":1656288000000,"index":222,"edges":[],"neighbors":[],"degree":0,"GNODEID":0,"dstr":"2022-06-27"},{"TAGID":"BF-5-0224","SEQID":"EPI_ISL_14137310","cat_id":"client","type":"CD","date":44739,"age":"29","sex":"男","category":"client","association":"KS","highlight":{},"emphasize":"Y","dint":1656288000000,"index":223,"edges":[],"neighbors":[],"degree":0,"GNODEID":0,"dstr":"2022-06-27"},{"TAGID":"BF-5-0225","SEQID":"EPI_ISL_14137323","cat_id":"staff","type":"CD","date":44739,"age":"95","sex":"女","category":"staff","association":"KS","highlight":{},"emphasize":"N","dint":1656288000000,"index":224,"edges":[],"neighbors":[],"degree":0,"GNODEID":0,"dstr":"2022-06-27"},{"TAGID":"BF-5-0226","SEQID":"EPI_ISL_14137466","cat_id":"staff","type":"CD","date":44740,"age":"70","sex":"女","category":"staff","association":"KS","highlight":{},"emphasize":"N","dint":1656374400000,"index":225,"edges":[],"neighbors":[],"degree":0,"GNODEID":0,"dstr":"2022-06-28"},{"TAGID":"BF-5-0227","SEQID":"EPI_ISL_14137125","cat_id":"staff","type":"CD","date":44742,"age":"98","sex":"男","category":"staff","association":"KS","highlight":{},"emphasize":"Y","dint":1656547200000,"index":226,"edges":[],"neighbors":[],"degree":0,"GNODEID":0,"dstr":"2022-06-30"},{"TAGID":"BF-5-0228","SEQID":"EPI_ISL_14138012","cat_id":"client","type":"CD","date":44739,"age":"89","sex":"男","category":"client","association":"TH","highlight":{},"emphasize":"N","dint":1656288000000,"index":227,"edges":[],"neighbors":[],"degree":0,"GNODEID":0,"dstr":"2022-06-27"},{"TAGID":"BF-5-0229","SEQID":"EPI_ISL_14137153","cat_id":"staff","type":"CD","date":44742,"age":"12","sex":"男","category":"staff","association":"TO","highlight":{},"emphasize":"Y","dint":1656547200000,"index":228,"edges":[],"neighbors":[],"degree":0,"GNODEID":0,"dstr":"2022-06-30"},{"TAGID":"BF-5-0230","SEQID":"EPI_ISL_14137294","cat_id":"client","type":"CD","date":44739,"age":"19","sex":"女","category":"client","association":"KS","highlight":{},"emphasize":"Y","dint":1656288000000,"index":229,"edges":[],"neighbors":[],"degree":0,"GNODEID":0,"dstr":"2022-06-27"},{"TAGID":"BF-5-0231","SEQID":"EPI_ISL_14138043","cat_id":"client","type":"CD","date":44742,"age":"53","sex":"女","category":"client","association":"KY","highlight":{},"emphasize":"Y","dint":1656547200000,"index":230,"edges":[],"neighbors":[],"degree":0,"GNODEID":0,"dstr":"2022-06-30"},{"SEQID":"EPI_ISL_14138062","GNODEID":"G-2.1.3.1","TAGID":"BF-5-0232","cat_id":"staff","type":"CD","date":44742,"age":"77","sex":"男","category":"staff","association":"CS","highlight":{},"emphasize":"N","dint":1656547200000,"index":231,"edges":[],"neighbors":[],"degree":0,"dstr":"2022-06-30"},{"TAGID":"BF-5-0233","SEQID":"EPI_ISL_14138064","cat_id":"staff","type":"CD","date":44742,"age":"99","sex":"男","category":"staff","association":"KY","highlight":{},"emphasize":"Y","dint":1656547200000,"index":232,"edges":[],"neighbors":[],"degree":0,"GNODEID":0,"dstr":"2022-06-30"},{"TAGID":"BF-5-0234","SEQID":"EPI_ISL_14133473","cat_id":"client","type":"CD","date":44743,"age":"31","sex":"女","category":"client","association":"CS","highlight":{},"emphasize":"N","dint":1656633600000,"index":233,"edges":[],"neighbors":[],"degree":0,"GNODEID":0,"dstr":"2022-07-01"},{"TAGID":"BF-5-0235","SEQID":"EPI_ISL_14133615","cat_id":"client","type":"CD","date":44741,"age":"76","sex":"男","category":"client","association":"KS","highlight":{},"emphasize":"Y","dint":1656460800000,"index":234,"edges":[],"neighbors":[],"degree":0,"GNODEID":0,"dstr":"2022-06-29"},{"TAGID":"BF-5-0236","SEQID":"EPI_ISL_14138144","cat_id":"staff","type":"CD","date":44740,"age":"55","sex":"女","category":"staff","association":"TO","highlight":{},"emphasize":"N","dint":1656374400000,"index":235,"edges":[],"neighbors":[],"degree":0,"GNODEID":0,"dstr":"2022-06-28"},{"TAGID":"BF-5-0237","SEQID":"EPI_ISL_14138141","cat_id":"client","type":"CD","date":44740,"age":"78","sex":"男","category":"client","association":"TO","highlight":{},"emphasize":"N","dint":1656374400000,"index":236,"edges":[],"neighbors":[],"degree":0,"GNODEID":0,"dstr":"2022-06-28"},{"TAGID":"BF-5-0238","SEQID":"EPI_ISL_14138557","cat_id":"staff","type":"CD","date":44740,"age":"38","sex":"男","category":"staff","association":"TH","highlight":{},"emphasize":"Y","dint":1656374400000,"index":237,"edges":[],"neighbors":[],"degree":0,"GNODEID":0,"dstr":"2022-06-28"},{"TAGID":"BF-5-0239","SEQID":"EPI_ISL_14138896","cat_id":"staff","type":"CD","date":44743,"age":"52","sex":"男","category":"staff","association":"TO","highlight":{},"emphasize":"N","dint":1656633600000,"index":238,"edges":[],"neighbors":[],"degree":0,"GNODEID":0,"dstr":"2022-07-01"},{"TAGID":"BF-5-0240","SEQID":"EPI_ISL_14138897","cat_id":"client","type":"CD","date":44743,"age":"87","sex":"女","category":"client","association":"TO","highlight":{},"emphasize":"N","dint":1656633600000,"index":239,"edges":[],"neighbors":[],"degree":0,"GNODEID":0,"dstr":"2022-07-01"},{"TAGID":"BF-5-0241","SEQID":"EPI_ISL_14138880","cat_id":"client","type":"CD","date":44742,"age":"19","sex":"男","category":"client","association":"TO","highlight":{},"emphasize":"Y","dint":1656547200000,"index":240,"edges":[],"neighbors":[],"degree":0,"GNODEID":0,"dstr":"2022-06-30"},{"SEQID":"EPI_ISL_14138898","GNODEID":"G-2.1.3.5.1","TAGID":"BF-5-0242","cat_id":"staff","type":"CD","date":44743,"age":"39","sex":"男","category":"staff","association":"TO","highlight":{},"emphasize":"N","dint":1656633600000,"index":241,"edges":[],"neighbors":[],"degree":0,"dstr":"2022-07-01"},{"TAGID":"BF-5-0243","SEQID":"EPI_ISL_14140006","cat_id":"client","type":"CD","date":44741,"age":"50","sex":"女","category":"client","association":"KS","highlight":{},"emphasize":"N","dint":1656460800000,"index":242,"edges":[],"neighbors":[],"degree":0,"GNODEID":0,"dstr":"2022-06-29"},{"TAGID":"BF-5-0244","SEQID":"EPI_ISL_14140047","cat_id":"staff","type":"CD","date":44741,"age":"47","sex":"女","category":"staff","association":"KS","highlight":{},"emphasize":"Y","dint":1656460800000,"index":243,"edges":[],"neighbors":[],"degree":0,"GNODEID":0,"dstr":"2022-06-29"},{"TAGID":"BF-5-0245","SEQID":"EPI_ISL_14140071","cat_id":"staff","type":"CD","date":44741,"age":"97","sex":"女","category":"staff","association":"KS","highlight":{},"emphasize":"Y","dint":1656460800000,"index":244,"edges":[],"neighbors":[],"degree":0,"GNODEID":0,"dstr":"2022-06-29"},{"TAGID":"BF-5-0246","SEQID":"EPI_ISL_14140091","cat_id":"client","type":"CD","date":44742,"age":"67","sex":"女","category":"client","association":"KN","highlight":{},"emphasize":"N","dint":1656547200000,"index":245,"edges":[],"neighbors":[],"degree":0,"GNODEID":0,"dstr":"2022-06-30"},{"SEQID":"EPI_ISL_14140143","GNODEID":"G-2.1.3.13.1","TAGID":"BF-5-0247","cat_id":"staff","type":"CD","date":44743,"age":"44","sex":"男","category":"staff","association":"KN","highlight":{},"emphasize":"N","dint":1656633600000,"index":246,"edges":[],"neighbors":[],"degree":0,"dstr":"2022-07-01"},{"TAGID":"BF-5-0248","SEQID":"EPI_ISL_14140161","cat_id":"staff","type":"CD","date":44743,"age":"88","sex":"女","category":"staff","association":"KS","highlight":{},"emphasize":"N","dint":1656633600000,"index":247,"edges":[],"neighbors":[],"degree":0,"GNODEID":0,"dstr":"2022-07-01"},{"SEQID":"EPI_ISL_14140634","GNODEID":"G-2.2.1","TAGID":"BF-5-0249","cat_id":"client","type":"CD","date":44739,"age":"27","sex":"女","category":"client","association":"KS","highlight":{},"emphasize":"N","dint":1656288000000,"index":248,"edges":[],"neighbors":[],"degree":0,"dstr":"2022-06-27"},{"TAGID":"BF-5-0250","SEQID":"EPI_ISL_14140660","cat_id":"client","type":"CD","date":44740,"age":"17","sex":"女","category":"client","association":"KS","highlight":{},"emphasize":"N","dint":1656374400000,"index":249,"edges":[],"neighbors":[],"degree":0,"GNODEID":0,"dstr":"2022-06-28"},{"TAGID":"BF-5-0251","SEQID":"EPI_ISL_14140689","cat_id":"staff","type":"CD","date":44740,"age":"55","sex":"男","category":"staff","association":"KS","highlight":{},"emphasize":"N","dint":1656374400000,"index":250,"edges":[],"neighbors":[],"degree":0,"GNODEID":0,"dstr":"2022-06-28"},{"TAGID":"BF-5-0252","SEQID":"EPI_ISL_14540332","cat_id":"client","type":"CD","date":44741,"age":"7","sex":"女","category":"client","association":"KS","highlight":{},"emphasize":"N","dint":1656460800000,"index":251,"edges":[],"neighbors":[],"degree":0,"GNODEID":0,"dstr":"2022-06-29"},{"TAGID":"BF-5-0253","SEQID":"EPI_ISL_14540259","cat_id":"staff","type":"CD","date":44742,"age":"56","sex":"男","category":"staff","association":"KS","highlight":{},"emphasize":"N","dint":1656547200000,"index":252,"edges":[],"neighbors":[],"degree":0,"GNODEID":0,"dstr":"2022-06-30"},{"TAGID":"BF-5-0254","SEQID":"EPI_ISL_14540268","cat_id":"client","type":"CD","date":44742,"age":"25","sex":"女","category":"client","association":"KS","highlight":{},"emphasize":"Y","dint":1656547200000,"index":253,"edges":[],"neighbors":[],"degree":0,"GNODEID":0,"dstr":"2022-06-30"},{"SEQID":"EPI_ISL_14540274","GNODEID":"G-2.1","TAGID":"BF-5-0255","cat_id":"staff","type":"CD","date":44742,"age":"16","sex":"女","category":"staff","association":"KS","highlight":{},"emphasize":"Y","dint":1656547200000,"index":254,"edges":[],"neighbors":[],"degree":0,"dstr":"2022-06-30"},{"TAGID":"BF-5-0256","SEQID":"EPI_ISL_14540316","cat_id":"staff","type":"CD","date":44741,"age":"38","sex":"女","category":"staff","association":"KS","highlight":{},"emphasize":"Y","dint":1656460800000,"index":255,"edges":[],"neighbors":[],"degree":0,"GNODEID":0,"dstr":"2022-06-29"},{"TAGID":"BF-5-0257","SEQID":"EPI_ISL_14540282","cat_id":"client","type":"CD","date":44742,"age":"28","sex":"男","category":"client","association":"KS","highlight":{},"emphasize":"Y","dint":1656547200000,"index":256,"edges":[],"neighbors":[],"degree":0,"GNODEID":0,"dstr":"2022-06-30"},{"SEQID":"EPI_ISL_14540323","GNODEID":"G-2.1.3.11","TAGID":"BF-5-0258","cat_id":"client","type":"CD","date":44741,"age":"33","sex":"男","category":"client","association":"KS","highlight":{},"emphasize":"N","dint":1656460800000,"index":257,"edges":[],"neighbors":[],"degree":0,"dstr":"2022-06-29"},{"TAGID":"BF-5-0259","SEQID":"EPI_ISL_14540292","cat_id":"staff","type":"CD","date":44741,"age":"51","sex":"男","category":"staff","association":"KS","highlight":{},"emphasize":"N","dint":1656460800000,"index":258,"edges":[],"neighbors":[],"degree":0,"GNODEID":0,"dstr":"2022-06-29"},{"TAGID":"BF-5-0260","SEQID":"EPI_ISL_14540360","cat_id":"staff","type":"CD","date":44743,"age":"17","sex":"男","category":"staff","association":"KS","highlight":{},"emphasize":"Y","dint":1656633600000,"index":259,"edges":[],"neighbors":[],"degree":0,"GNODEID":0,"dstr":"2022-07-01"},{"SEQID":"EPI_ISL_14540391","GNODEID":"G-2.1.1","TAGID":"BF-5-0261","cat_id":"staff","type":"CD","date":44743,"age":"43","sex":"男","category":"staff","association":"KS","highlight":{},"emphasize":"Y","dint":1656633600000,"index":260,"edges":[],"neighbors":[],"degree":0,"dstr":"2022-07-01"},{"TAGID":"BF-5-0262","SEQID":"EPI_ISL_14540491","cat_id":"staff","type":"CD","date":44743,"age":"46","sex":"女","category":"staff","association":"KS","highlight":{},"emphasize":"Y","dint":1656633600000,"index":261,"edges":[],"neighbors":[],"degree":0,"GNODEID":0,"dstr":"2022-07-01"},{"TAGID":"BF-5-0263","SEQID":"EPI_ISL_14540461","cat_id":"staff","type":"CD","date":44743,"age":"36","sex":"女","category":"staff","association":"KS","highlight":{},"emphasize":"N","dint":1656633600000,"index":262,"edges":[],"neighbors":[],"degree":0,"GNODEID":0,"dstr":"2022-07-01"},{"SEQID":"EPI_ISL_14540455","GNODEID":"G-2.1.3.6","TAGID":"BF-5-0264","cat_id":"client","type":"CD","date":44742,"age":"27","sex":"男","category":"client","association":"KS","highlight":{},"emphasize":"Y","dint":1656547200000,"index":263,"edges":[],"neighbors":[],"degree":0,"dstr":"2022-06-30"},{"TAGID":"BF-5-0265","SEQID":"EPI_ISL_14540953","cat_id":"staff","type":"CD","date":44743,"age":"51","sex":"女","category":"staff","association":"KS","highlight":{},"emphasize":"N","dint":1656633600000,"index":264,"edges":[],"neighbors":[],"degree":0,"GNODEID":0,"dstr":"2022-07-01"},{"SEQID":"EPI_ISL_14541257","GNODEID":"G-2.2.4","TAGID":"BF-5-0266","cat_id":"client","type":"CD","date":44743,"age":"11","sex":"男","category":"client","association":"KS","highlight":{},"emphasize":"N","dint":1656633600000,"index":265,"edges":[],"neighbors":[],"degree":0,"dstr":"2022-07-01"},{"TAGID":"BF-5-0267","SEQID":"EPI_ISL_14146851","cat_id":"client","type":"CD","date":44738,"age":"25","sex":"女","category":"client","association":"KN","highlight":{},"emphasize":"N","dint":1656201600000,"index":266,"edges":[],"neighbors":[],"degree":0,"GNODEID":0,"dstr":"2022-06-26"},{"TAGID":"BF-5-0268","SEQID":"EPI_ISL_14161103","cat_id":"client","type":"CD","date":44735,"age":"97","sex":"男","category":"client","association":"KS","highlight":{},"emphasize":"Y","dint":1655942400000,"index":267,"edges":[],"neighbors":[],"degree":0,"GNODEID":0,"dstr":"2022-06-23"},{"TAGID":"BF-5-0269","SEQID":"EPI_ISL_14161117","cat_id":"client","type":"CD","date":44739,"age":"46","sex":"女","category":"client","association":"KS","highlight":{},"emphasize":"N","dint":1656288000000,"index":268,"edges":[],"neighbors":[],"degree":0,"GNODEID":0,"dstr":"2022-06-27"},{"TAGID":"BF-5-0270","SEQID":"EPI_ISL_14211021","cat_id":"staff","type":"CD","date":44734,"age":"37","sex":"男","category":"staff","association":"KS","highlight":{},"emphasize":"N","dint":1655856000000,"index":269,"edges":[],"neighbors":[],"degree":0,"GNODEID":0,"dstr":"2022-06-22"},{"SEQID":"EPI_ISL_14211037","GNODEID":"G-2.1.3.22","TAGID":"BF-5-0271","cat_id":"client","type":"CD","date":44734,"age":"65","sex":"男","category":"client","association":"KS","highlight":{},"emphasize":"Y","dint":1655856000000,"index":270,"edges":[],"neighbors":[],"degree":0,"dstr":"2022-06-22"},{"TAGID":"BF-5-0272","SEQID":"EPI_ISL_14210971","cat_id":"client","type":"CD","date":44734,"age":"22","sex":"男","category":"client","association":"KS","highlight":{},"emphasize":"N","dint":1655856000000,"index":271,"edges":[],"neighbors":[],"degree":0,"GNODEID":0,"dstr":"2022-06-22"},{"TAGID":"BF-5-0273","SEQID":"EPI_ISL_14211026","cat_id":"staff","type":"CD","date":44734,"age":"26","sex":"女","category":"staff","association":"KS","highlight":{},"emphasize":"N","dint":1655856000000,"index":272,"edges":[],"neighbors":[],"degree":0,"GNODEID":0,"dstr":"2022-06-22"},{"TAGID":"BF-5-0274","SEQID":"EPI_ISL_14211028","cat_id":"staff","type":"CD","date":44734,"age":"23","sex":"女","category":"staff","association":"KS","highlight":{},"emphasize":"Y","dint":1655856000000,"index":273,"edges":[],"neighbors":[],"degree":0,"GNODEID":0,"dstr":"2022-06-22"},{"TAGID":"BF-5-0275","SEQID":"EPI_ISL_14210989","cat_id":"client","type":"CD","date":44734,"age":"26","sex":"男","category":"client","association":"KS","highlight":{},"emphasize":"Y","dint":1655856000000,"index":274,"edges":[],"neighbors":[],"degree":0,"GNODEID":0,"dstr":"2022-06-22"},{"TAGID":"BF-5-0276","SEQID":"EPI_ISL_14211045","cat_id":"client","type":"CD","date":44734,"age":"43","sex":"女","category":"client","association":"KS","highlight":{},"emphasize":"N","dint":1655856000000,"index":275,"edges":[],"neighbors":[],"degree":0,"GNODEID":0,"dstr":"2022-06-22"},{"TAGID":"BF-5-0277","SEQID":"EPI_ISL_14211038","cat_id":"client","type":"CD","date":44734,"age":"18","sex":"男","category":"client","association":"KS","highlight":{},"emphasize":"Y","dint":1655856000000,"index":276,"edges":[],"neighbors":[],"degree":0,"GNODEID":0,"dstr":"2022-06-22"},{"SEQID":"EPI_ISL_14211128","GNODEID":"G-2.1.3.22.1","TAGID":"BF-5-0278","cat_id":"staff","type":"CD","date":44734,"age":"77","sex":"女","category":"staff","association":"KS","highlight":{},"emphasize":"N","dint":1655856000000,"index":277,"edges":[],"neighbors":[],"degree":0,"dstr":"2022-06-22"},{"TAGID":"BF-5-0279","SEQID":"EPI_ISL_14211139","cat_id":"client","type":"CD","date":44741,"age":"26","sex":"女","category":"client","association":"KS","highlight":{},"emphasize":"Y","dint":1656460800000,"index":278,"edges":[],"neighbors":[],"degree":0,"GNODEID":0,"dstr":"2022-06-29"},{"TAGID":"BF-5-0280","SEQID":"EPI_ISL_14211117","cat_id":"staff","type":"CD","date":44734,"age":"50","sex":"男","category":"staff","association":"KS","highlight":{},"emphasize":"Y","dint":1655856000000,"index":279,"edges":[],"neighbors":[],"degree":0,"GNODEID":0,"dstr":"2022-06-22"},{"TAGID":"BF-5-0281","SEQID":"EPI_ISL_14211148","cat_id":"client","type":"CD","date":44741,"age":"39","sex":"男","category":"client","association":"KS","highlight":{},"emphasize":"Y","dint":1656460800000,"index":280,"edges":[],"neighbors":[],"degree":0,"GNODEID":0,"dstr":"2022-06-29"},{"TAGID":"BF-5-0282","SEQID":"EPI_ISL_14211191","cat_id":"staff","type":"CD","date":44741,"age":"95","sex":"女","category":"staff","association":"KS","highlight":{},"emphasize":"N","dint":1656460800000,"index":281,"edges":[],"neighbors":[],"degree":0,"GNODEID":0,"dstr":"2022-06-29"},{"TAGID":"BF-5-0283","SEQID":"EPI_ISL_14211178","cat_id":"staff","type":"CD","date":44741,"age":"15","sex":"女","category":"staff","association":"KS","highlight":{},"emphasize":"Y","dint":1656460800000,"index":282,"edges":[],"neighbors":[],"degree":0,"GNODEID":0,"dstr":"2022-06-29"},{"TAGID":"BF-5-0284","SEQID":"EPI_ISL_14211181","cat_id":"client","type":"CD","date":44741,"age":"22","sex":"男","category":"client","association":"KS","highlight":{},"emphasize":"N","dint":1656460800000,"index":283,"edges":[],"neighbors":[],"degree":0,"GNODEID":0,"dstr":"2022-06-29"},{"TAGID":"BF-5-0285","SEQID":"EPI_ISL_14211203","cat_id":"staff","type":"CD","date":44741,"age":"17","sex":"男","category":"staff","association":"KS","highlight":{},"emphasize":"Y","dint":1656460800000,"index":284,"edges":[],"neighbors":[],"degree":0,"GNODEID":0,"dstr":"2022-06-29"},{"TAGID":"BF-5-0286","SEQID":"EPI_ISL_14211265","cat_id":"client","type":"CD","date":44741,"age":"51","sex":"男","category":"client","association":"KS","highlight":{},"emphasize":"Y","dint":1656460800000,"index":285,"edges":[],"neighbors":[],"degree":0,"GNODEID":0,"dstr":"2022-06-29"},{"TAGID":"BF-5-0287","SEQID":"EPI_ISL_14259753","cat_id":"client","type":"CD","date":44741,"age":"75","sex":"女","category":"client","association":"KS","highlight":{},"emphasize":"Y","dint":1656460800000,"index":286,"edges":[],"neighbors":[],"degree":0,"GNODEID":0,"dstr":"2022-06-29"},{"TAGID":"BF-5-0288","SEQID":"EPI_ISL_14259750","cat_id":"client","type":"CD","date":44741,"age":"64","sex":"女","category":"client","association":"KS","highlight":{},"emphasize":"N","dint":1656460800000,"index":287,"edges":[],"neighbors":[],"degree":0,"GNODEID":0,"dstr":"2022-06-29"},{"SEQID":"EPI_ISL_14644918","GNODEID":"G-2.1.3.13","TAGID":"BF-5-0289","cat_id":"staff","type":"CD","date":44743,"age":"59","sex":"女","category":"staff","association":"CS","highlight":{},"emphasize":"N","dint":1656633600000,"index":288,"edges":[],"neighbors":[],"degree":0,"dstr":"2022-07-01"},{"TAGID":"BF-5-0290","SEQID":"EPI_ISL_14338523","cat_id":"client","type":"CD","date":44741,"age":"28","sex":"女","category":"client","association":"KS","highlight":{},"emphasize":"N","dint":1656460800000,"index":289,"edges":[],"neighbors":[],"degree":0,"GNODEID":0,"dstr":"2022-06-29"},{"TAGID":"BF-5-0291","SEQID":"EPI_ISL_14338564","cat_id":"client","type":"CD","date":44741,"age":"34","sex":"女","category":"client","association":"KS","highlight":{},"emphasize":"N","dint":1656460800000,"index":290,"edges":[],"neighbors":[],"degree":0,"GNODEID":0,"dstr":"2022-06-29"},{"TAGID":"BF-5-0292","SEQID":"EPI_ISL_14338568","cat_id":"staff","type":"CD","date":44741,"age":"22","sex":"女","category":"staff","association":"KS","highlight":{},"emphasize":"N","dint":1656460800000,"index":291,"edges":[],"neighbors":[],"degree":0,"GNODEID":0,"dstr":"2022-06-29"},{"TAGID":"BF-5-0293","SEQID":"EPI_ISL_14338580","cat_id":"staff","type":"CD","date":44741,"age":"21","sex":"女","category":"staff","association":"KS","highlight":{},"emphasize":"N","dint":1656460800000,"index":292,"edges":[],"neighbors":[],"degree":0,"GNODEID":0,"dstr":"2022-06-29"},{"TAGID":"BF-5-0294","SEQID":"EPI_ISL_14338586","cat_id":"staff","type":"CD","date":44741,"age":"18","sex":"男","category":"staff","association":"KS","highlight":{},"emphasize":"N","dint":1656460800000,"index":293,"edges":[],"neighbors":[],"degree":0,"GNODEID":0,"dstr":"2022-06-29"},{"SEQID":"EPI_ISL_14338635","GNODEID":"G-2.1.3.5.2","TAGID":"BF-5-0295","cat_id":"client","type":"CD","date":44741,"age":"55","sex":"男","category":"client","association":"KS","highlight":{},"emphasize":"Y","dint":1656460800000,"index":294,"edges":[],"neighbors":[],"degree":0,"dstr":"2022-06-29"},{"TAGID":"BF-5-0296","SEQID":"EPI_ISL_14338616","cat_id":"client","type":"CD","date":44741,"age":"44","sex":"女","category":"client","association":"KS","highlight":{},"emphasize":"Y","dint":1656460800000,"index":295,"edges":[],"neighbors":[],"degree":0,"GNODEID":0,"dstr":"2022-06-29"},{"TAGID":"BF-5-0297","SEQID":"EPI_ISL_14338656","cat_id":"client","type":"CD","date":44741,"age":"26","sex":"女","category":"client","association":"KS","highlight":{},"emphasize":"N","dint":1656460800000,"index":296,"edges":[],"neighbors":[],"degree":0,"GNODEID":0,"dstr":"2022-06-29"},{"SEQID":"EPI_ISL_14338665","GNODEID":"G-2.1.3.16","TAGID":"BF-5-0298","cat_id":"client","type":"CD","date":44741,"age":"34","sex":"男","category":"client","association":"KS","highlight":{},"emphasize":"Y","dint":1656460800000,"index":297,"edges":[],"neighbors":[],"degree":0,"dstr":"2022-06-29"}],"edges":[{"LINKID":"L-1","TAG_from":"EPI_ISL_13425203","TAG_to":"EPI_ISL_13762869","label":"家族","src":-1,"dst":-1}],"epi":[{"SEQID":"REF","GNODEID":"G-1"},{"SEQID":"EPI_ISL_14540274","GNODEID":"G-2.1"},{"SEQID":"EPI_ISL_13950098","GNODEID":"G-2.1"},{"SEQID":"EPI_ISL_14540391","GNODEID":"G-2.1.1"},{"SEQID":"EPI_ISL_13901011","GNODEID":"G-2.1.2"},{"SEQID":"EPI_ISL_14017893","GNODEID":"G-2.1.3"},{"SEQID":"EPI_ISL_14120627","GNODEID":"G-2.1.3"},{"SEQID":"EPI_ISL_14138062","GNODEID":"G-2.1.3.1"},{"SEQID":"EPI_ISL_14131072","GNODEID":"G-2.1.3.2"},{"SEQID":"EPI_ISL_14117644","GNODEID":"G-2.1.3.3"},{"SEQID":"EPI_ISL_14017823","GNODEID":"G-2.1.3.4"},{"SEQID":"EPI_ISL_14125866","GNODEID":"G-2.1.3.4"},{"SEQID":"EPI_ISL_14133645","GNODEID":"G-2.1.3.4.1"},{"SEQID":"EPI_ISL_14081986","GNODEID":"G-2.1.3.5"},{"SEQID":"EPI_ISL_14138898","GNODEID":"G-2.1.3.5.1"},{"SEQID":"EPI_ISL_14338635","GNODEID":"G-2.1.3.5.2"},{"SEQID":"EPI_ISL_14540455","GNODEID":"G-2.1.3.6"},{"SEQID":"EPI_ISL_14540436","GNODEID":"G-2.1.3.7"},{"SEQID":"EPI_ISL_14130897","GNODEID":"G-2.1.3.8"},{"SEQID":"EPI_ISL_13901995","GNODEID":"G-2.1.3.8.1"},{"SEQID":"EPI_ISL_14127421","GNODEID":"G-2.1.3.9"},{"SEQID":"EPI_ISL_14137196","GNODEID":"G-2.1.3.10"},{"SEQID":"EPI_ISL_13765752","GNODEID":"G-2.1.3.10.1"},{"SEQID":"EPI_ISL_14130360","GNODEID":"G-2.1.3.10.1"},{"SEQID":"EPI_ISL_14137335","GNODEID":"G-2.1.3.10.1.1"},{"SEQID":"EPI_ISL_14540323","GNODEID":"G-2.1.3.11"},{"SEQID":"EPI_ISL_13765760","GNODEID":"G-2.1.3.12"},{"SEQID":"EPI_ISL_13766009","GNODEID":"G-2.1.3.13"},{"SEQID":"EPI_ISL_14644918","GNODEID":"G-2.1.3.13"},{"SEQID":"EPI_ISL_14140143","GNODEID":"G-2.1.3.13.1"},{"SEQID":"EPI_ISL_13964092","GNODEID":"G-2.1.3.14"},{"SEQID":"EPI_ISL_14130988","GNODEID":"G-2.1.3.15"},{"SEQID":"EPI_ISL_14338665","GNODEID":"G-2.1.3.16"},{"SEQID":"EPI_ISL_14082083","GNODEID":"G-2.1.3.17"},{"SEQID":"EPI_ISL_14137620","GNODEID":"G-2.1.3.17"},{"SEQID":"EPI_ISL_14130885","GNODEID":"G-2.1.3.18"},{"SEQID":"EPI_ISL_14131113","GNODEID":"G-2.1.3.19"},{"SEQID":"EPI_ISL_13765910","GNODEID":"G-2.1.3.20"},{"SEQID":"EPI_ISL_14129148","GNODEID":"G-2.1.3.20"},{"SEQID":"EPI_ISL_14131407","GNODEID":"G-2.1.3.21"},{"SEQID":"EPI_ISL_14130507","GNODEID":"G-2.1.3.22"},{"SEQID":"EPI_ISL_14211037","GNODEID":"G-2.1.3.22"},{"SEQID":"EPI_ISL_14211128","GNODEID":"G-2.1.3.22.1"},{"SEQID":"EPI_ISL_14137896","GNODEID":"G-2.1.3.23"},{"SEQID":"EPI_ISL_14123829","GNODEID":"G-2.1.3.24"},{"SEQID":"EPI_ISL_14129968","GNODEID":"G-2.1.3.24.1"},{"SEQID":"EPI_ISL_14126496","GNODEID":"G-2.1.3.25"},{"SEQID":"EPI_ISL_14127640","GNODEID":"G-2.1.3.26"},{"SEQID":"EPI_ISL_14017894","GNODEID":"G-2.2"},{"SEQID":"EPI_ISL_14122075","GNODEID":"G-2.2"},{"SEQID":"EPI_ISL_14140634","GNODEID":"G-2.2.1"},{"SEQID":"EPI_ISL_13901044","GNODEID":"G-2.2.2"},{"SEQID":"EPI_ISL_14018006","GNODEID":"G-2.2.3"},{"SEQID":"EPI_ISL_14541257","GNODEID":"G-2.2.4"},{"SEQID":"EPI_ISL_14126214","GNODEID":"G-3"}],"tree":[{"label":"G-0","length":0,"edges":["G-1","G-2","G-3"],"subs":0},{"label":"G-1","length":0.0240782629,"edges":[],"subs":66},{"label":"G-2","length":0.0011952182,"edges":["G-2.1","G-2.2"],"subs":3},{"label":"G-2.1","length":0.0007566735,"edges":["G-2.1.1","G-2.1.2","G-2.1.3"],"subs":2},{"label":"G-2.1.1","length":0.0003787682,"edges":[],"subs":1},{"label":"G-2.1.2","length":0.0003795529,"edges":[],"subs":1},{"label":"G-2.1.3","length":0.00038059450000000006,"edges":["G-2.1.3.1","G-2.1.3.2","G-2.1.3.3","G-2.1.3.4","G-2.1.3.5","G-2.1.3.6","G-2.1.3.7","G-2.1.3.8","G-2.1.3.9","G-2.1.3.10","G-2.1.3.11","G-2.1.3.12","G-2.1.3.13","G-2.1.3.14","G-2.1.3.15","G-2.1.3.16","G-2.1.3.17","G-2.1.3.18","G-2.1.3.19","G-2.1.3.20","G-2.1.3.21","G-2.1.3.22","G-2.1.3.23","G-2.1.3.24","G-2.1.3.25","G-2.1.3.26"],"subs":1},{"label":"G-2.1.3.1","length":0.0003789225,"edges":[],"subs":1},{"label":"G-2.1.3.2","length":0.00038064040000000004,"edges":[],"subs":1},{"label":"G-2.1.3.3","length":0.0003813689000000001,"edges":[],"subs":1},{"label":"G-2.1.3.4","length":0.00038203850000000013,"edges":["G-2.1.3.4.1"],"subs":1},{"label":"G-2.1.3.4.1","length":0.000378,"edges":[],"subs":1},{"label":"G-2.1.3.5","length":0.00038275260000000013,"edges":["G-2.1.3.5.1","G-2.1.3.5.2"],"subs":1},{"label":"G-2.1.3.5.1","length":0.00037909040000000003,"edges":[],"subs":1},{"label":"G-2.1.3.5.2","length":0.0003790541,"edges":[],"subs":1},{"label":"G-2.1.3.6","length":0.0003833586000000002,"edges":[],"subs":1},{"label":"G-2.1.3.7","length":0.0003840943000000002,"edges":[],"subs":1},{"label":"G-2.1.3.8","length":0.0003843009000000002,"edges":["G-2.1.3.8.1"],"subs":1},{"label":"G-2.1.3.8.1","length":0.0003778685,"edges":[],"subs":1},{"label":"G-2.1.3.9","length":0.0003848446000000002,"edges":[],"subs":1},{"label":"G-2.1.3.10","length":0.00038735190000000033,"edges":["G-2.1.3.10.1"],"subs":1},{"label":"G-2.1.3.10.1","length":0.0007561377,"edges":["G-2.1.3.10.1.1"],"subs":2},{"label":"G-2.1.3.10.1.1","length":0.0011440704,"edges":[],"subs":3},{"label":"G-2.1.3.11","length":0.0003867825000000003,"edges":[],"subs":1},{"label":"G-2.1.3.12","length":0.00038681710000000027,"edges":[],"subs":1},{"label":"G-2.1.3.13","length":0.00038697490000000025,"edges":["G-2.1.3.13.1"],"subs":1},{"label":"G-2.1.3.13.1","length":0.0003768503,"edges":[],"subs":1},{"label":"G-2.1.3.14","length":0.0015450772999999994,"edges":[],"subs":4},{"label":"G-2.1.3.15","length":0.0003865394000000002,"edges":[],"subs":1},{"label":"G-2.1.3.16","length":0.0003871805000000002,"edges":[],"subs":1},{"label":"G-2.1.3.17","length":0.00038364140000000013,"edges":[],"subs":1},{"label":"G-2.1.3.18","length":0.0003839927000000001,"edges":[],"subs":1},{"label":"G-2.1.3.19","length":0.00038537100000000013,"edges":[],"subs":1},{"label":"G-2.1.3.20","length":0.0003819895,"edges":[],"subs":1},{"label":"G-2.1.3.21","length":0.00038148760000000006,"edges":[],"subs":1},{"label":"G-2.1.3.22","length":0.0007664719,"edges":["G-2.1.3.22.1"],"subs":2},{"label":"G-2.1.3.22.1","length":0.0007669329,"edges":[],"subs":2},{"label":"G-2.1.3.23","length":0.0003807039,"edges":[],"subs":1},{"label":"G-2.1.3.24","length":0.00037989729999999997,"edges":["G-2.1.3.24.1"],"subs":1},{"label":"G-2.1.3.24.1","length":0.0003787112,"edges":[],"subs":1},{"label":"G-2.1.3.25","length":0.0003806141,"edges":[],"subs":1},{"label":"G-2.1.3.26","length":0.0003803468,"edges":[],"subs":1},{"label":"G-2.2","length":0.0003856822,"edges":["G-2.2.1","G-2.2.2","G-2.2.3","G-2.2.4"],"subs":1},{"label":"G-2.2.1","length":0.0011434644,"edges":[],"subs":3},{"label":"G-2.2.2","length":0.0007616799999999999,"edges":[],"subs":2},{"label":"G-2.2.3","length":0.0011544124999999998,"edges":[],"subs":3},{"label":"G-2.2.4","length":0.0007625207999999999,"edges":[],"subs":2},{"label":"G-3","length":0.0003393262,"edges":[],"subs":1}],"dist":{"period":6.486103276285782,"phase":5.486103276285782,"interval":0.00005616107455968689}}