{
    "fileList":[
        {
            "file" : "ay_29.json",
            "name" : "AY.29"
        },
        {
            "file" : "ay_29_1.json",
            "name" : "AY.29.1"
        },
        {
            "file" : "ay_75_3.json",
            "name" : "AY.75.3"
        },
        {
            "file" : "b_1.json",
            "name" : "B.1"
        },
        {
            "file" : "b_1_1.json",
            "name" : "B.1.1"
        },
        {
            "file" : "b_1_1_214.json",
            "name" : "B.1.1.214"
        },
        {
            "file" : "b_1_1_284.json",
            "name" : "B.1.1.284"
        },
        {
            "file" : "b_1_1_7.json",
            "name" : "B.1.1.7"
        },
        {
            "file" : "b_1_617_2.json",
            "name" : "B.1.617.2"
        },
        {
            "file" : "ba_1.json",
            "name" : "BA.1"
        },
        {
            "file" : "ba_1_1.json",
            "name" : "BA.1.1"
        },
        {
            "file" : "ba_1_1_2.json",
            "name" : "BA.1.1.2"
        },
        {
            "file" : "ba_1_15.json",
            "name" : "BA.1.15"
        },
        {
            "file" : "ba_2.json",
            "name" : "BA.2"
        },
        {
            "file" : "ba_2_10.json",
            "name" : "BA.2.10"
        },
        {
            "file" : "ba_2_10_1.json",
            "name" : "BA.2.10.1"
        },
        {
            "file" : "ba_2_10_2.json",
            "name" : "BA.2.10.2"
        },
        {
            "file" : "ba_2_12_1.json",
            "name" : "BA.2.12.1"
        },
        {
            "file" : "ba_2_18.json",
            "name" : "BA.2.18"
        },
        {
            "file" : "ba_2_24.json",
            "name" : "BA.2.24"
        },
        {
            "file" : "ba_2_29.json",
            "name" : "BA.2.29"
        },
        {
            "file" : "ba_2_3.json",
            "name" : "BA.2.3"
        },
        {
            "file" : "ba_2_3_1.json",
            "name" : "BA.2.3.1"
        },
        {
            "file" : "ba_2_3_11.json",
            "name" : "BA.2.3.11"
        },
        {
            "file" : "ba_2_3_13.json",
            "name" : "BA.2.3.13"
        },
        {
            "file" : "ba_2_3_18.json",
            "name" : "BA.2.3.18"
        },
        {
            "file" : "ba_2_3_2.json",
            "name" : "BA.2.3.2"
        },
        {
            "file" : "ba_4_1.json",
            "name" : "BA.4.1"
        },
        {
            "file" : "ba_5.json",
            "name" : "BA.5"
        },
        {
            "file" : "ba_5_1.json",
            "name" : "BA.5.1"
        },
        {
            "file" : "ba_5_2.json",
            "name" : "BA.5.2"
        },
        {
            "file" : "ba_5_2_1.json",
            "name" : "BA.5.2.1"
        },
        {
            "file" : "ba_5_3_1.json",
            "name" : "BA.5.3.1"
        },
        {
            "file" : "ba_5_5.json",
            "name" : "BA.5.5"
        },
        {
            "file" : "bc_1.json",
            "name" : "BC.1"
        },
        {
            "file" : "be_1.json",
            "name" : "BE.1"
        },
        {
            "file" : "be_1_1.json",
            "name" : "BE.1.1"
        },
        {
            "file" : "bf_1.json",
            "name" : "BF.1"
        },
        {
            "file" : "bf_5.json",
            "name" : "BF.5"
        },
        {
            "file" : "r_1.json",
            "name" : "R.1"
        }
    ]
}