{"nodes":[{"SEQID":"EPI_ISL_1927447","GNODEID":"G-3.2","TAGID":"R-1-0001","cat_id":"staff","type":"SD","date":44197,"category":"staff","association":"KS","highlight":{},"emphasize":"N","dint":1609459200000,"age":"","index":0,"edges":[],"neighbors":[],"degree":0,"dstr":"2021-01-01"},{"SEQID":"EPI_ISL_3183913","GNODEID":"G-5.1","TAGID":"R-1-0002","cat_id":"client","type":"SD","date":44197,"category":"client","association":"TO","highlight":{},"emphasize":"N","dint":1609459200000,"age":"","index":1,"edges":[],"neighbors":[],"degree":0,"dstr":"2021-01-01"},{"TAGID":"R-1-0003","SEQID":"EPI_ISL_3183914","cat_id":"staff","type":"SD","date":44197,"category":"staff","association":"TO","highlight":{},"emphasize":"N","dint":1609459200000,"age":"","index":2,"edges":[],"neighbors":[],"degree":0,"GNODEID":0,"dstr":"2021-01-01"},{"SEQID":"EPI_ISL_3183915","GNODEID":"G-5.2","TAGID":"R-1-0004","cat_id":"client","type":"SD","date":44197,"category":"client","association":"TO","highlight":{},"emphasize":"N","dint":1609459200000,"age":"","index":3,"edges":[],"neighbors":[],"degree":0,"dstr":"2021-01-01"},{"SEQID":"EPI_ISL_3183916","GNODEID":"G-9","TAGID":"R-1-0005","cat_id":"client","type":"SD","date":44197,"category":"client","association":"TO","highlight":{},"emphasize":"Y","dint":1609459200000,"age":"","index":4,"edges":[],"neighbors":[],"degree":0,"dstr":"2021-01-01"},{"SEQID":"EPI_ISL_3183917","GNODEID":"G-5","TAGID":"R-1-0006","cat_id":"client","type":"SD","date":44197,"category":"client","association":"TO","highlight":{},"emphasize":"Y","dint":1609459200000,"age":"","index":5,"edges":[],"neighbors":[],"degree":0,"dstr":"2021-01-01"},{"TAGID":"R-1-0007","SEQID":"EPI_ISL_3183918","cat_id":"staff","type":"SD","date":44197,"category":"staff","association":"TO","highlight":{},"emphasize":"N","dint":1609459200000,"age":"","index":6,"edges":[],"neighbors":[],"degree":0,"GNODEID":0,"dstr":"2021-01-01"},{"TAGID":"R-1-0008","SEQID":"EPI_ISL_3183919","cat_id":"staff","type":"SD","date":44197,"category":"staff","association":"TO","highlight":{},"emphasize":"Y","dint":1609459200000,"age":"","index":7,"edges":[],"neighbors":[],"degree":0,"GNODEID":0,"dstr":"2021-01-01"},{"TAGID":"R-1-0009","SEQID":"EPI_ISL_3183920","cat_id":"staff","type":"SD","date":44197,"category":"staff","association":"TO","highlight":{},"emphasize":"Y","dint":1609459200000,"age":"","index":8,"edges":[],"neighbors":[],"degree":0,"GNODEID":0,"dstr":"2021-01-01"},{"TAGID":"R-1-0010","SEQID":"EPI_ISL_3183921","cat_id":"staff","type":"SD","date":44197,"category":"staff","association":"TO","highlight":{},"emphasize":"Y","dint":1609459200000,"age":"","index":9,"edges":[],"neighbors":[],"degree":0,"GNODEID":0,"dstr":"2021-01-01"},{"TAGID":"R-1-0011","SEQID":"EPI_ISL_3183922","cat_id":"client","type":"SD","date":44197,"category":"client","association":"TO","highlight":{},"emphasize":"N","dint":1609459200000,"age":"","index":10,"edges":[],"neighbors":[],"degree":0,"GNODEID":0,"dstr":"2021-01-01"},{"TAGID":"R-1-0012","SEQID":"EPI_ISL_3182398","cat_id":"client","type":"SD","date":44197,"category":"client","association":"TO","highlight":{},"emphasize":"N","dint":1609459200000,"age":"","index":11,"edges":[],"neighbors":[],"degree":0,"GNODEID":0,"dstr":"2021-01-01"},{"SEQID":"EPI_ISL_3894717","GNODEID":"G-12.3.3","TAGID":"R-1-0013","cat_id":"staff","type":"SD","date":44197,"category":"staff","association":"KS","highlight":{},"emphasize":"Y","dint":1609459200000,"age":"","index":12,"edges":[],"neighbors":[],"degree":0,"dstr":"2021-01-01"},{"SEQID":"EPI_ISL_1358210","GNODEID":"G-12.1","TAGID":"R-1-0014","cat_id":"client","type":"SD","date":44197,"category":"client","highlight":{},"emphasize":"Y","dint":1609459200000,"age":"","association":0,"index":13,"edges":[],"neighbors":[],"degree":0,"dstr":"2021-01-01"},{"SEQID":"EPI_ISL_1358211","GNODEID":"G-12.1","TAGID":"R-1-0015","cat_id":"staff","type":"SD","date":44197,"category":"staff","highlight":{},"emphasize":"Y","dint":1609459200000,"age":"","association":0,"index":14,"edges":[],"neighbors":[],"degree":0,"dstr":"2021-01-01"},{"SEQID":"EPI_ISL_1358213","GNODEID":"G-0","TAGID":"R-1-0016","cat_id":"staff","type":"SD","date":44197,"category":"staff","highlight":{},"emphasize":"N","dint":1609459200000,"age":"","association":0,"index":15,"edges":[],"neighbors":[],"degree":0,"dstr":"2021-01-01"},{"TAGID":"R-1-0017","SEQID":"EPI_ISL_1431725","cat_id":"client","type":"SD","date":44182,"category":"client","highlight":{},"emphasize":"N","dint":1608163200000,"age":"","association":0,"index":16,"edges":[],"neighbors":[],"degree":0,"GNODEID":0,"dstr":"2020-12-17"},{"SEQID":"EPI_ISL_736897","GNODEID":"G-7","TAGID":"R-1-0018","cat_id":"client","type":"SD","date":44175,"category":"client","highlight":{},"emphasize":"Y","dint":1607558400000,"age":"","association":0,"index":17,"edges":[],"neighbors":[],"degree":0,"dstr":"2020-12-10"},{"SEQID":"EPI_ISL_895013","GNODEID":"G-3.1","TAGID":"R-1-0019","cat_id":"client","type":"SD","date":44166,"category":"client","association":"KS","highlight":{},"emphasize":"Y","dint":1606780800000,"age":"","index":18,"edges":[],"neighbors":[],"degree":0,"dstr":"2020-12-01"},{"TAGID":"R-1-0020","SEQID":"EPI_ISL_1131172","cat_id":"client","type":"SD","date":44189,"category":"client","association":"KS","highlight":{},"emphasize":"N","dint":1608768000000,"age":"","index":19,"edges":[],"neighbors":[],"degree":0,"GNODEID":0,"dstr":"2020-12-24"},{"TAGID":"R-1-0021","SEQID":"EPI_ISL_1131173","cat_id":"client","type":"SD","date":44190,"category":"client","association":"KS","highlight":{},"emphasize":"Y","dint":1608854400000,"age":"","index":20,"edges":[],"neighbors":[],"degree":0,"GNODEID":0,"dstr":"2020-12-25"},{"SEQID":"EPI_ISL_1131164","GNODEID":"G-3.2","TAGID":"R-1-0022","cat_id":"staff","type":"SD","date":44166,"category":"staff","association":"KS","highlight":{},"emphasize":"N","dint":1606780800000,"age":"","index":21,"edges":[],"neighbors":[],"degree":0,"dstr":"2020-12-01"},{"SEQID":"EPI_ISL_1131165","GNODEID":"G-3","TAGID":"R-1-0023","cat_id":"client","type":"SD","date":44166,"category":"client","association":"KS","highlight":{},"emphasize":"Y","dint":1606780800000,"age":"","index":22,"edges":[],"neighbors":[],"degree":0,"dstr":"2020-12-01"},{"TAGID":"R-1-0024","SEQID":"EPI_ISL_1131167","cat_id":"staff","type":"SD","date":44168,"category":"staff","association":"KS","highlight":{},"emphasize":"Y","dint":1606953600000,"age":"","index":23,"edges":[],"neighbors":[],"degree":0,"GNODEID":0,"dstr":"2020-12-03"},{"TAGID":"R-1-0025","SEQID":"EPI_ISL_1131168","cat_id":"client","type":"SD","date":44172,"category":"client","association":"KS","highlight":{},"emphasize":"Y","dint":1607299200000,"age":"","index":24,"edges":[],"neighbors":[],"degree":0,"GNODEID":0,"dstr":"2020-12-07"},{"TAGID":"R-1-0026","SEQID":"EPI_ISL_1131169","cat_id":"client","type":"SD","date":44173,"category":"client","association":"KS","highlight":{},"emphasize":"Y","dint":1607385600000,"age":"","index":25,"edges":[],"neighbors":[],"degree":0,"GNODEID":0,"dstr":"2020-12-08"},{"SEQID":"EPI_ISL_1131170","GNODEID":"G-3.1","TAGID":"R-1-0027","cat_id":"client","type":"SD","date":44173,"category":"client","association":"KS","highlight":{},"emphasize":"Y","dint":1607385600000,"age":"","index":26,"edges":[],"neighbors":[],"degree":0,"dstr":"2020-12-08"},{"TAGID":"R-1-0028","SEQID":"EPI_ISL_1131171","cat_id":"staff","type":"SD","date":44176,"category":"staff","association":"KS","highlight":{},"emphasize":"N","dint":1607644800000,"age":"","index":27,"edges":[],"neighbors":[],"degree":0,"GNODEID":0,"dstr":"2020-12-11"},{"TAGID":"R-1-0029","SEQID":"EPI_ISL_1123466","cat_id":"client","type":"SD","date":44194,"category":"client","association":"KS","highlight":{},"emphasize":"N","dint":1609200000000,"age":"","index":28,"edges":[],"neighbors":[],"degree":0,"GNODEID":0,"dstr":"2020-12-29"},{"SEQID":"EPI_ISL_1123468","GNODEID":"G-0","TAGID":"R-1-0030","cat_id":"client","type":"SD","date":44197,"category":"client","association":"TH","highlight":{},"emphasize":"Y","dint":1609459200000,"age":"","index":29,"edges":[],"neighbors":[],"degree":0,"dstr":"2021-01-01"},{"TAGID":"R-1-0031","SEQID":"EPI_ISL_1127164","cat_id":"client","type":"SD","date":44198,"category":"client","association":"KS","highlight":{},"emphasize":"Y","dint":1609545600000,"age":"","index":30,"edges":[],"neighbors":[],"degree":0,"GNODEID":0,"dstr":"2021-01-02"},{"SEQID":"EPI_ISL_1127165","GNODEID":"G-8","TAGID":"R-1-0032","cat_id":"staff","type":"SD","date":44199,"category":"staff","association":"KS","highlight":{},"emphasize":"Y","dint":1609632000000,"age":"","index":31,"edges":[],"neighbors":[],"degree":0,"dstr":"2021-01-03"},{"TAGID":"R-1-0033","SEQID":"EPI_ISL_1425721","cat_id":"staff","type":"SD","date":44193,"category":"staff","association":"KS","highlight":{},"emphasize":"N","dint":1609113600000,"age":"","index":32,"edges":[],"neighbors":[],"degree":0,"GNODEID":0,"dstr":"2020-12-28"},{"TAGID":"R-1-0034","SEQID":"EPI_ISL_1425722","cat_id":"client","type":"SD","date":44194,"category":"client","association":"KS","highlight":{},"emphasize":"N","dint":1609200000000,"age":"","index":33,"edges":[],"neighbors":[],"degree":0,"GNODEID":0,"dstr":"2020-12-29"},{"SEQID":"EPI_ISL_1425724","GNODEID":"G-2","TAGID":"R-1-0035","cat_id":"staff","type":"SD","date":44194,"category":"staff","association":"KS","highlight":{},"emphasize":"Y","dint":1609200000000,"age":"","index":34,"edges":[],"neighbors":[],"degree":0,"dstr":"2020-12-29"},{"TAGID":"R-1-0036","SEQID":"EPI_ISL_1427699","cat_id":"staff","type":"SD","date":44194,"category":"staff","association":"KS","highlight":{},"emphasize":"Y","dint":1609200000000,"age":"","index":35,"edges":[],"neighbors":[],"degree":0,"GNODEID":0,"dstr":"2020-12-29"},{"SEQID":"EPI_ISL_1430818","GNODEID":"G-10","TAGID":"R-1-0037","cat_id":"client","type":"SD","date":44199,"category":"client","association":"KS","highlight":{},"emphasize":"Y","dint":1609632000000,"age":"","index":36,"edges":[],"neighbors":[],"degree":0,"dstr":"2021-01-03"},{"TAGID":"R-1-0038","SEQID":"EPI_ISL_1430819","cat_id":"staff","type":"SD","date":44199,"category":"staff","association":"KS","highlight":{},"emphasize":"N","dint":1609632000000,"age":"","index":37,"edges":[],"neighbors":[],"degree":0,"GNODEID":0,"dstr":"2021-01-03"},{"SEQID":"EPI_ISL_1431724","GNODEID":"G-3.1","TAGID":"R-1-0039","cat_id":"client","type":"SD","date":44190,"category":"client","association":"KS","highlight":{},"emphasize":"Y","dint":1608854400000,"age":"","index":38,"edges":[],"neighbors":[],"degree":0,"dstr":"2020-12-25"},{"SEQID":"EPI_ISL_1431735","GNODEID":"G-2.1","TAGID":"R-1-0040","cat_id":"staff","type":"SD","date":44194,"category":"staff","association":"KS","highlight":{},"emphasize":"Y","dint":1609200000000,"age":"","index":39,"edges":[],"neighbors":[],"degree":0,"dstr":"2020-12-29"},{"SEQID":"EPI_ISL_1431765","GNODEID":"G-12","TAGID":"R-1-0041","cat_id":"staff","type":"SD","date":44198,"category":"staff","association":"KS","highlight":{},"emphasize":"Y","dint":1609545600000,"age":"","index":40,"edges":[],"neighbors":[],"degree":0,"dstr":"2021-01-02"},{"TAGID":"R-1-0042","SEQID":"EPI_ISL_1431766","cat_id":"client","type":"SD","date":44198,"category":"client","association":"KS","highlight":{},"emphasize":"N","dint":1609545600000,"age":"","index":41,"edges":[],"neighbors":[],"degree":0,"GNODEID":0,"dstr":"2021-01-02"},{"SEQID":"EPI_ISL_1431807","GNODEID":"G-12.3","TAGID":"R-1-0043","cat_id":"staff","type":"SD","date":44193,"category":"staff","association":"KS","highlight":{},"emphasize":"N","dint":1609113600000,"age":"","index":42,"edges":[],"neighbors":[],"degree":0,"dstr":"2020-12-28"},{"SEQID":"EPI_ISL_1123472","GNODEID":"G-3.1.1","TAGID":"R-1-0044","cat_id":"client","type":"SD","date":44197,"category":"client","association":"KS","highlight":{},"emphasize":"Y","dint":1609459200000,"age":"","index":43,"edges":[],"neighbors":[],"degree":0,"dstr":"2021-01-01"},{"SEQID":"EPI_ISL_1041946","GNODEID":"G-12.3.5","TAGID":"R-1-0045","cat_id":"client","type":"SD","date":44197,"category":"client","association":"KS","highlight":{},"emphasize":"Y","dint":1609459200000,"age":"","index":44,"edges":[],"neighbors":[],"degree":0,"dstr":"2021-01-01"},{"TAGID":"R-1-0046","SEQID":"EPI_ISL_1041947","cat_id":"staff","type":"SD","date":44197,"category":"staff","association":"KS","highlight":{},"emphasize":"Y","dint":1609459200000,"age":"","index":45,"edges":[],"neighbors":[],"degree":0,"GNODEID":0,"dstr":"2021-01-01"},{"SEQID":"EPI_ISL_1041945","GNODEID":"G-2","TAGID":"R-1-0047","cat_id":"client","type":"SD","date":44197,"category":"client","association":"KS","highlight":{},"emphasize":"N","dint":1609459200000,"age":"","index":46,"edges":[],"neighbors":[],"degree":0,"dstr":"2021-01-01"},{"SEQID":"EPI_ISL_1041948","GNODEID":"G-12.3.6","TAGID":"R-1-0048","cat_id":"staff","type":"SD","date":44197,"category":"staff","association":"KS","highlight":{},"emphasize":"N","dint":1609459200000,"age":"","index":47,"edges":[],"neighbors":[],"degree":0,"dstr":"2021-01-01"},{"SEQID":"EPI_ISL_1072983","GNODEID":"G-6","TAGID":"R-1-0049","cat_id":"staff","type":"SD","date":44197,"category":"staff","association":"KS","highlight":{},"emphasize":"Y","dint":1609459200000,"age":"","index":48,"edges":[],"neighbors":[],"degree":0,"dstr":"2021-01-01"},{"TAGID":"R-1-0050","SEQID":"EPI_ISL_1072984","cat_id":"staff","type":"SD","date":44197,"category":"staff","association":"KS","highlight":{},"emphasize":"Y","dint":1609459200000,"age":"","index":49,"edges":[],"neighbors":[],"degree":0,"GNODEID":0,"dstr":"2021-01-01"},{"TAGID":"R-1-0051","SEQID":"EPI_ISL_1072967","cat_id":"client","type":"SD","date":44197,"category":"client","association":"KS","highlight":{},"emphasize":"Y","dint":1609459200000,"age":"","index":50,"edges":[],"neighbors":[],"degree":0,"GNODEID":0,"dstr":"2021-01-01"},{"TAGID":"R-1-0052","SEQID":"EPI_ISL_1072968","cat_id":"client","type":"SD","date":44197,"category":"client","association":"KS","highlight":{},"emphasize":"Y","dint":1609459200000,"age":"","index":51,"edges":[],"neighbors":[],"degree":0,"GNODEID":0,"dstr":"2021-01-01"},{"TAGID":"R-1-0053","SEQID":"EPI_ISL_1072972","cat_id":"client","type":"SD","date":44197,"category":"client","association":"KS","highlight":{},"emphasize":"N","dint":1609459200000,"age":"","index":52,"edges":[],"neighbors":[],"degree":0,"GNODEID":0,"dstr":"2021-01-01"},{"TAGID":"R-1-0054","SEQID":"EPI_ISL_1072973","cat_id":"client","type":"SD","date":44197,"category":"client","association":"KS","highlight":{},"emphasize":"Y","dint":1609459200000,"age":"","index":53,"edges":[],"neighbors":[],"degree":0,"GNODEID":0,"dstr":"2021-01-01"},{"TAGID":"R-1-0055","SEQID":"EPI_ISL_1072977","cat_id":"client","type":"SD","date":44197,"category":"client","association":"KS","highlight":{},"emphasize":"Y","dint":1609459200000,"age":"","index":54,"edges":[],"neighbors":[],"degree":0,"GNODEID":0,"dstr":"2021-01-01"},{"TAGID":"R-1-0056","SEQID":"EPI_ISL_1072978","cat_id":"staff","type":"SD","date":44197,"category":"staff","association":"KS","highlight":{},"emphasize":"Y","dint":1609459200000,"age":"","index":55,"edges":[],"neighbors":[],"degree":0,"GNODEID":0,"dstr":"2021-01-01"},{"SEQID":"EPI_ISL_1078594","GNODEID":"G-12.2","TAGID":"R-1-0057","cat_id":"staff","type":"SD","date":44197,"category":"staff","association":"KS","highlight":{},"emphasize":"Y","dint":1609459200000,"age":"","index":56,"edges":[],"neighbors":[],"degree":0,"dstr":"2021-01-01"},{"SEQID":"EPI_ISL_1078597","GNODEID":"G-12","TAGID":"R-1-0058","cat_id":"staff","type":"SD","date":44197,"category":"staff","association":"KS","highlight":{},"emphasize":"N","dint":1609459200000,"age":"","index":57,"edges":[],"neighbors":[],"degree":0,"dstr":"2021-01-01"},{"SEQID":"EPI_ISL_1129230","GNODEID":"G-12.3.1","TAGID":"R-1-0059","cat_id":"staff","type":"SD","date":44197,"category":"staff","association":"KS","highlight":{},"emphasize":"N","dint":1609459200000,"age":"","index":58,"edges":[],"neighbors":[],"degree":0,"dstr":"2021-01-01"},{"TAGID":"R-1-0060","SEQID":"EPI_ISL_1129231","cat_id":"staff","type":"SD","date":44197,"category":"staff","association":"KS","highlight":{},"emphasize":"Y","dint":1609459200000,"age":"","index":59,"edges":[],"neighbors":[],"degree":0,"GNODEID":0,"dstr":"2021-01-01"},{"TAGID":"R-1-0061","SEQID":"EPI_ISL_1129235","cat_id":"staff","type":"SD","date":44197,"category":"staff","association":"KS","highlight":{},"emphasize":"N","dint":1609459200000,"age":"","index":60,"edges":[],"neighbors":[],"degree":0,"GNODEID":0,"dstr":"2021-01-01"},{"TAGID":"R-1-0062","SEQID":"EPI_ISL_1129236","cat_id":"client","type":"SD","date":44197,"category":"client","association":"KS","highlight":{},"emphasize":"Y","dint":1609459200000,"age":"","index":61,"edges":[],"neighbors":[],"degree":0,"GNODEID":0,"dstr":"2021-01-01"},{"SEQID":"EPI_ISL_1127105","GNODEID":"G-12.3","TAGID":"R-1-0063","cat_id":"client","type":"SD","date":44197,"category":"client","association":"KS","highlight":{},"emphasize":"Y","dint":1609459200000,"age":"","index":62,"edges":[],"neighbors":[],"degree":0,"dstr":"2021-01-01"},{"TAGID":"R-1-0064","SEQID":"EPI_ISL_1131166","cat_id":"client","type":"SD","date":44167,"category":"client","association":"KS","highlight":{},"emphasize":"Y","dint":1606867200000,"age":"","index":63,"edges":[],"neighbors":[],"degree":0,"GNODEID":0,"dstr":"2020-12-02"},{"SEQID":"EPI_ISL_1927453","GNODEID":"G-12.4","TAGID":"R-1-0065","cat_id":"client","type":"SD","date":44197,"category":"client","association":"TH","highlight":{},"emphasize":"N","dint":1609459200000,"age":"","index":64,"edges":[],"neighbors":[],"degree":0,"dstr":"2021-01-01"},{"TAGID":"R-1-0066","SEQID":"EPI_ISL_1927454","cat_id":"staff","type":"SD","date":44197,"category":"staff","association":"TH","highlight":{},"emphasize":"N","dint":1609459200000,"age":"","index":65,"edges":[],"neighbors":[],"degree":0,"GNODEID":0,"dstr":"2021-01-01"},{"TAGID":"R-1-0067","SEQID":"EPI_ISL_1927491","cat_id":"staff","type":"SD","date":44198,"category":"staff","association":"OK","highlight":{},"emphasize":"Y","dint":1609545600000,"age":"","index":66,"edges":[],"neighbors":[],"degree":0,"GNODEID":0,"dstr":"2021-01-02"},{"TAGID":"R-1-0068","SEQID":"EPI_ISL_1927492","cat_id":"client","type":"SD","date":44198,"category":"client","association":"OK","highlight":{},"emphasize":"Y","dint":1609545600000,"age":"","index":67,"edges":[],"neighbors":[],"degree":0,"GNODEID":0,"dstr":"2021-01-02"},{"TAGID":"R-1-0069","SEQID":"EPI_ISL_1927494","cat_id":"staff","type":"SD","date":44198,"category":"staff","association":"OK","highlight":{},"emphasize":"N","dint":1609545600000,"age":"","index":68,"edges":[],"neighbors":[],"degree":0,"GNODEID":0,"dstr":"2021-01-02"},{"SEQID":"EPI_ISL_1927448","GNODEID":"G-0","TAGID":"R-1-0070","cat_id":"client","type":"SD","date":44197,"category":"client","highlight":{},"emphasize":"Y","dint":1609459200000,"age":"","association":0,"index":69,"edges":[],"neighbors":[],"degree":0,"dstr":"2021-01-01"},{"SEQID":"EPI_ISL_1927450","GNODEID":"G-4","TAGID":"R-1-0071","cat_id":"staff","type":"SD","date":44197,"category":"staff","association":"KS","highlight":{},"emphasize":"Y","dint":1609459200000,"age":"","index":70,"edges":[],"neighbors":[],"degree":0,"dstr":"2021-01-01"},{"SEQID":"EPI_ISL_1927451","GNODEID":"G-11","TAGID":"R-1-0072","cat_id":"staff","type":"SD","date":44197,"category":"staff","association":"TO","highlight":{},"emphasize":"Y","dint":1609459200000,"age":"","index":71,"edges":[],"neighbors":[],"degree":0,"dstr":"2021-01-01"},{"TAGID":"R-1-0073","SEQID":"EPI_ISL_1927456","cat_id":"client","type":"SD","date":44197,"category":"client","association":"TH","highlight":{},"emphasize":"Y","dint":1609459200000,"age":"","index":72,"edges":[],"neighbors":[],"degree":0,"GNODEID":0,"dstr":"2021-01-01"},{"TAGID":"R-1-0074","SEQID":"EPI_ISL_1927457","cat_id":"staff","type":"SD","date":44197,"category":"staff","association":"TH","highlight":{},"emphasize":"N","dint":1609459200000,"age":"","index":73,"edges":[],"neighbors":[],"degree":0,"GNODEID":0,"dstr":"2021-01-01"},{"SEQID":"EPI_ISL_1927459","GNODEID":"G-12.1","TAGID":"R-1-0075","cat_id":"staff","type":"SD","date":44197,"category":"staff","association":"TH","highlight":{},"emphasize":"Y","dint":1609459200000,"age":"","index":74,"edges":[],"neighbors":[],"degree":0,"dstr":"2021-01-01"},{"SEQID":"EPI_ISL_1927488","GNODEID":"G-12.3.4","TAGID":"R-1-0076","cat_id":"staff","type":"SD","date":44198,"category":"staff","association":"OK","highlight":{},"emphasize":"N","dint":1609545600000,"age":"","index":75,"edges":[],"neighbors":[],"degree":0,"dstr":"2021-01-02"},{"TAGID":"R-1-0077","SEQID":"EPI_ISL_1927490","cat_id":"staff","type":"SD","date":44198,"category":"staff","association":"OK","highlight":{},"emphasize":"N","dint":1609545600000,"age":"","index":76,"edges":[],"neighbors":[],"degree":0,"GNODEID":0,"dstr":"2021-01-02"},{"SEQID":"EPI_ISL_1931784","GNODEID":"G-13","TAGID":"R-1-0078","cat_id":"staff","type":"SD","date":44197,"category":"staff","association":"KS","highlight":{},"emphasize":"N","dint":1609459200000,"age":"","index":77,"edges":[],"neighbors":[],"degree":0,"dstr":"2021-01-01"},{"SEQID":"EPI_ISL_1932734","GNODEID":"G-12.3.2.1","TAGID":"R-1-0079","cat_id":"staff","type":"SD","date":44197,"category":"staff","association":"KS","highlight":{},"emphasize":"N","dint":1609459200000,"age":"","index":78,"edges":[],"neighbors":[],"degree":0,"dstr":"2021-01-01"},{"SEQID":"EPI_ISL_1932735","GNODEID":"G-12.3.2","TAGID":"R-1-0080","cat_id":"client","type":"SD","date":44197,"category":"client","association":"KS","highlight":{},"emphasize":"N","dint":1609459200000,"age":"","index":79,"edges":[],"neighbors":[],"degree":0,"dstr":"2021-01-01"},{"SEQID":"EPI_ISL_1932736","GNODEID":"G-12.3.2.2","TAGID":"R-1-0081","cat_id":"staff","type":"SD","date":44197,"category":"staff","association":"KS","highlight":{},"emphasize":"Y","dint":1609459200000,"age":"","index":80,"edges":[],"neighbors":[],"degree":0,"dstr":"2021-01-01"},{"SEQID":"EPI_ISL_1932832","GNODEID":"G-12.3.4.1","TAGID":"R-1-0082","cat_id":"staff","type":"SD","date":44197,"category":"staff","association":"OK","highlight":{},"emphasize":"N","dint":1609459200000,"age":"","index":81,"edges":[],"neighbors":[],"degree":0,"dstr":"2021-01-01"}],"edges":[{"LINKID":"L-1","TAG_from":"EPI_ISL_1927447","TAG_to":"EPI_ISL_3183913","label":"家族","src":-1,"dst":-1}],"epi":[{"SEQID":"EPI_ISL_1358213","GNODEID":"G-0"},{"SEQID":"EPI_ISL_1123468","GNODEID":"G-0"},{"SEQID":"EPI_ISL_1927448","GNODEID":"G-0"},{"SEQID":"REF","GNODEID":"G-1"},{"SEQID":"EPI_ISL_1041945","GNODEID":"G-2"},{"SEQID":"EPI_ISL_1425724","GNODEID":"G-2"},{"SEQID":"EPI_ISL_1431735","GNODEID":"G-2.1"},{"SEQID":"EPI_ISL_1131165","GNODEID":"G-3"},{"SEQID":"EPI_ISL_1131170","GNODEID":"G-3.1"},{"SEQID":"EPI_ISL_895013","GNODEID":"G-3.1"},{"SEQID":"EPI_ISL_1431724","GNODEID":"G-3.1"},{"SEQID":"EPI_ISL_1123472","GNODEID":"G-3.1.1"},{"SEQID":"EPI_ISL_1131164","GNODEID":"G-3.2"},{"SEQID":"EPI_ISL_1927447","GNODEID":"G-3.2"},{"SEQID":"EPI_ISL_1927450","GNODEID":"G-4"},{"SEQID":"EPI_ISL_3183917","GNODEID":"G-5"},{"SEQID":"EPI_ISL_3183913","GNODEID":"G-5.1"},{"SEQID":"EPI_ISL_3183915","GNODEID":"G-5.2"},{"SEQID":"EPI_ISL_1072983","GNODEID":"G-6"},{"SEQID":"EPI_ISL_736897","GNODEID":"G-7"},{"SEQID":"EPI_ISL_1127165","GNODEID":"G-8"},{"SEQID":"EPI_ISL_3183916","GNODEID":"G-9"},{"SEQID":"EPI_ISL_1430818","GNODEID":"G-10"},{"SEQID":"EPI_ISL_1927451","GNODEID":"G-11"},{"SEQID":"EPI_ISL_1078597","GNODEID":"G-12"},{"SEQID":"EPI_ISL_1431765","GNODEID":"G-12"},{"SEQID":"EPI_ISL_1358210","GNODEID":"G-12.1"},{"SEQID":"EPI_ISL_1927459","GNODEID":"G-12.1"},{"SEQID":"EPI_ISL_1358211","GNODEID":"G-12.1"},{"SEQID":"EPI_ISL_1078594","GNODEID":"G-12.2"},{"SEQID":"EPI_ISL_1127105","GNODEID":"G-12.3"},{"SEQID":"EPI_ISL_1431807","GNODEID":"G-12.3"},{"SEQID":"EPI_ISL_1129230","GNODEID":"G-12.3.1"},{"SEQID":"EPI_ISL_1932735","GNODEID":"G-12.3.2"},{"SEQID":"EPI_ISL_1932734","GNODEID":"G-12.3.2.1"},{"SEQID":"EPI_ISL_1932736","GNODEID":"G-12.3.2.2"},{"SEQID":"EPI_ISL_3894717","GNODEID":"G-12.3.3"},{"SEQID":"EPI_ISL_1927488","GNODEID":"G-12.3.4"},{"SEQID":"EPI_ISL_1932832","GNODEID":"G-12.3.4.1"},{"SEQID":"EPI_ISL_1041946","GNODEID":"G-12.3.5"},{"SEQID":"EPI_ISL_1041948","GNODEID":"G-12.3.6"},{"SEQID":"EPI_ISL_1927453","GNODEID":"G-12.4"},{"SEQID":"EPI_ISL_1931784","GNODEID":"G-13"}],"tree":[{"label":"G-0","length":0,"edges":["G-1","G-2","G-3","G-4","G-5","G-6","G-7","G-8","G-9","G-10","G-11","G-12","G-12.1","G-12.2","G-12.3","G-12.3.1","G-12.3.2","G-12.3.2.1","G-12.3.2.2","G-12.3.3","G-12.3.4","G-12.3.4.1","G-12.3.5","G-12.3.6","G-12.4","G-13"],"subs":0},{"label":"G-1","length":0.0024894434,"edges":[],"subs":17},{"label":"G-2","length":0.00029155800000000003,"edges":["G-2.1"],"subs":2},{"label":"G-2.1","length":0.0001456707,"edges":[],"subs":1},{"label":"G-3","length":0.00014564439999999998,"edges":["G-3.1","G-3.2"],"subs":1},{"label":"G-3.1","length":0.0001454971,"edges":["G-3.1.1"],"subs":1},{"label":"G-3.1.1","length":0.0001454456,"edges":[],"subs":1},{"label":"G-3.2","length":0.0001455169,"edges":[],"subs":1},{"label":"G-4","length":0.0004370856000000001,"edges":[],"subs":3},{"label":"G-5","length":0.0001464979,"edges":["G-5.1","G-5.2"],"subs":1},{"label":"G-5.1","length":0.0001464344,"edges":[],"subs":1},{"label":"G-5.2","length":0.0005855916,"edges":[],"subs":4},{"label":"G-6","length":0.00043972880000000007,"edges":[],"subs":3},{"label":"G-7","length":0.00014670139999999998,"edges":[],"subs":1},{"label":"G-8","length":0.0001467408,"edges":[],"subs":1},{"label":"G-9","length":0.0005870298999999999,"edges":[],"subs":4},{"label":"G-10","length":0.0001470472,"edges":[],"subs":1},{"label":"G-11","length":0.00044089720000000017,"edges":[],"subs":3},{"label":"G-12","length":0.00029432170000000024,"edges":["G-12.1","G-12.2","G-12.3","G-12.4"],"subs":2},{"label":"G-12.1","length":0.000146956,"edges":[],"subs":1},{"label":"G-12.2","length":0.00044152070000000006,"edges":[],"subs":3},{"label":"G-12.3","length":0.0001472647,"edges":["G-12.3.1","G-12.3.2","G-12.3.3","G-12.3.4","G-12.3.5","G-12.3.6"],"subs":1},{"label":"G-12.3.1","length":0.0001471407,"edges":[],"subs":1},{"label":"G-12.3.2","length":0.00014729969999999998,"edges":["G-12.3.2.1","G-12.3.2.2"],"subs":1},{"label":"G-12.3.2.1","length":0.00014720829999999998,"edges":[],"subs":1},{"label":"G-12.3.2.2","length":0.0001471891,"edges":[],"subs":1},{"label":"G-12.3.3","length":0.0008846646,"edges":[],"subs":6},{"label":"G-12.3.4","length":0.00014781969999999998,"edges":["G-12.3.4.1"],"subs":1},{"label":"G-12.3.4.1","length":0.0008856788,"edges":[],"subs":6},{"label":"G-12.3.5","length":0.0001479612,"edges":[],"subs":1},{"label":"G-12.3.6","length":0.0001479415,"edges":[],"subs":1},{"label":"G-12.4","length":0.000147251,"edges":[],"subs":1},{"label":"G-13","length":0.0002941823000000002,"edges":[],"subs":2}],"dist":{"period":22.592197824338108,"phase":21.592197824338108,"interval":0.000006304369667318982}}